# Blender 5.1.2
# www.blender.org
mtllib left_controller.mtl
o l_0all
v -0.001366 0.009109 -0.077538
v -0.001426 0.009270 -0.076505
v 0.002166 0.008983 -0.076067
v 0.002329 0.008814 -0.077085
v -0.027541 0.005196 -0.067602
v -0.026867 0.005467 -0.066848
v -0.023948 0.006631 -0.069547
v -0.024537 0.006394 -0.070379
v -0.035131 -0.003730 -0.047695
v -0.034244 -0.003209 -0.047499
v -0.034173 -0.001620 -0.050974
v -0.035057 -0.002095 -0.051270
v -0.030061 0.003858 -0.064544
v -0.029317 0.004166 -0.063876
v -0.032064 0.002424 -0.061305
v -0.031263 0.002772 -0.060727
v -0.033544 0.000939 -0.057982
v -0.032702 0.001329 -0.057498
v -0.034523 -0.000554 -0.054668
v -0.033653 -0.000122 -0.054276
v -0.017473 -0.015214 -0.023532
v -0.017082 -0.014371 -0.024014
v -0.020502 -0.013501 -0.025734
v -0.020992 -0.014319 -0.025302
v -0.013835 -0.015900 -0.022225
v -0.013545 -0.015038 -0.022743
v -0.010224 -0.016375 -0.021377
v -0.010036 -0.015500 -0.021919
v -0.029995 -0.010415 -0.033356
v -0.029253 -0.009707 -0.033562
v -0.031311 -0.008151 -0.036854
v -0.032113 -0.008814 -0.036743
v -0.032838 -0.006517 -0.040343
v -0.033684 -0.007134 -0.040332
v -0.033812 -0.004855 -0.043925
v -0.034686 -0.005423 -0.044018
v -0.020622 0.007619 -0.071882
v -0.021115 0.007411 -0.072781
v -0.016979 0.008401 -0.073782
v -0.017368 0.008215 -0.074736
v -0.013126 0.008956 -0.075200
v -0.013404 0.008786 -0.076195
v -0.005294 0.009221 -0.077575
v -0.005244 0.009379 -0.076541
v -0.009341 0.009119 -0.077138
v -0.009177 0.009280 -0.076117
v -0.027383 -0.011890 -0.030272
v -0.026714 -0.011140 -0.030565
v -0.024346 -0.013202 -0.027565
v -0.023762 -0.012416 -0.027933
v 0.002119 0.006941 -0.077046
v -0.001464 0.007250 -0.077481
v -0.020671 -0.006061 -0.071488
v -0.020417 -0.010894 -0.070885
v -0.021851 -0.011619 -0.069521
v -0.027127 -0.017541 -0.057449
v -0.027164 -0.018656 -0.055008
v -0.023584 -0.012755 -0.067341
v -0.024957 -0.014009 -0.065008
v -0.025995 -0.015218 -0.062585
v -0.026716 -0.016317 -0.060144
v -0.016750 -0.026456 -0.038514
v -0.014158 -0.027115 -0.037211
v -0.011478 -0.027621 -0.036248
v -0.008884 -0.027964 -0.035635
v -0.024941 -0.022402 -0.046941
v -0.023381 -0.023581 -0.044447
v -0.026098 -0.021164 -0.049585
v -0.026836 -0.019904 -0.052299
v -0.019866 -0.002254 -0.072463
v -0.018493 0.000869 -0.073572
v -0.016455 0.003195 -0.074789
v -0.012974 0.005294 -0.076158
v -0.005144 0.007198 -0.077522
v -0.009090 0.006741 -0.077098
v -0.021457 -0.024667 -0.042175
v -0.019220 -0.025634 -0.040181
v -0.015413 -0.022869 -0.072033
v -0.013894 -0.026507 -0.072033
v -0.015560 -0.026746 -0.070719
v -0.018687 -0.020024 -0.070193
v -0.020114 -0.020835 -0.068414
v -0.017117 -0.026869 -0.069177
v -0.021257 -0.021508 -0.066711
v -0.018125 -0.026928 -0.067982
v -0.022268 -0.021953 -0.064785
v -0.019066 -0.027054 -0.066721
v -0.019831 -0.027206 -0.065439
v -0.023153 -0.022280 -0.062881
v -0.022006 -0.024657 -0.063317
v -0.023858 -0.022353 -0.061103
v -0.025282 -0.020898 -0.058681
v -0.004197 -0.031286 -0.072961
v -0.002729 -0.031480 -0.072770
v -0.002986 -0.032839 -0.072008
v -0.004327 -0.032681 -0.072116
v -0.011805 -0.030752 -0.071308
v -0.013182 -0.031053 -0.070234
v -0.014004 -0.031258 -0.069493
v -0.014782 -0.031618 -0.068506
v -0.005731 -0.031058 -0.073045
v -0.005654 -0.032610 -0.072057
v -0.006775 -0.032750 -0.071825
v -0.007282 -0.030816 -0.072918
v -0.007880 -0.032911 -0.071470
v -0.008814 -0.030620 -0.072629
v -0.003339 -0.034246 -0.070862
v -0.004461 -0.034125 -0.070981
v -0.009942 -0.033368 -0.070374
v -0.011066 -0.033688 -0.069561
v -0.008933 -0.033126 -0.070982
v -0.007413 -0.034340 -0.070353
v -0.005644 -0.034095 -0.070881
v -0.006605 -0.034157 -0.070705
v -0.003727 -0.035584 -0.069411
v -0.004713 -0.035449 -0.069556
v -0.008124 -0.034751 -0.069778
v -0.005690 -0.035283 -0.069666
v -0.006715 -0.035077 -0.069733
v -0.026602 -0.020071 -0.053760
v -0.026613 -0.020358 -0.052308
v -0.026363 -0.020169 -0.055597
v -0.025946 -0.020316 -0.057138
v -0.017412 -0.029461 -0.067172
v -0.004150 -0.030230 -0.073492
v -0.002585 -0.030679 -0.073153
v -0.005843 -0.029592 -0.073743
v -0.007648 -0.028732 -0.073834
v -0.009683 -0.027631 -0.073651
v -0.017623 -0.019375 -0.071260
v -0.011961 -0.026191 -0.073256
v -0.019314 -0.015364 -0.070792
v -0.010362 -0.030608 -0.072076
v 0.004131 0.008724 -0.075605
v 0.004276 0.008492 -0.076467
v 0.023201 0.001595 -0.061036
v 0.024941 0.000003 -0.057648
v 0.025772 -0.000429 -0.058143
v 0.024045 0.001206 -0.061574
v 0.024808 -0.007841 -0.040501
v 0.023369 -0.009285 -0.037268
v 0.024144 -0.009981 -0.037169
v 0.025624 -0.008495 -0.040495
v 0.025915 -0.001659 -0.054068
v 0.026763 -0.002135 -0.054454
v 0.026347 -0.003304 -0.050497
v 0.027208 -0.003827 -0.050779
v 0.026276 -0.004891 -0.047025
v 0.027135 -0.005460 -0.047207
v 0.025759 -0.006388 -0.043726
v 0.026603 -0.007000 -0.043813
v 0.001255 -0.015796 -0.021870
v -0.002648 -0.015893 -0.021451
v -0.002623 -0.016780 -0.020895
v 0.001392 -0.016680 -0.021327
v -0.006463 -0.015785 -0.021485
v -0.006548 -0.016669 -0.020931
v 0.016050 -0.013146 -0.028444
v 0.012723 -0.014134 -0.026108
v 0.013192 -0.014970 -0.025687
v 0.016614 -0.013953 -0.028090
v 0.018970 -0.011981 -0.031143
v 0.019618 -0.012755 -0.030867
v 0.021421 -0.010680 -0.034117
v 0.022140 -0.011416 -0.033927
v 0.009081 -0.014915 -0.024208
v 0.009444 -0.015774 -0.023733
v 0.005217 -0.015472 -0.022787
v 0.005468 -0.016347 -0.022270
v 0.004551 0.006569 -0.076476
v 0.005828 0.006354 -0.076170
v 0.005512 0.006108 -0.076235
v 0.004394 0.006765 -0.076522
v 0.019842 -0.011557 -0.061503
v 0.020471 -0.007212 -0.062973
v 0.023303 -0.000160 -0.062240
v 0.017390 -0.022146 -0.049739
v 0.016300 -0.023240 -0.047290
v 0.018585 -0.016847 -0.059781
v 0.018392 -0.015841 -0.061062
v 0.018661 -0.018408 -0.057455
v 0.018517 -0.019840 -0.054837
v 0.018111 -0.021045 -0.052183
v -0.000458 -0.028174 -0.035621
v -0.003416 -0.028248 -0.035303
v -0.006307 -0.028166 -0.035329
v 0.010753 -0.026166 -0.040602
v 0.008233 -0.026915 -0.038833
v 0.012966 -0.025284 -0.042648
v 0.014824 -0.024298 -0.044902
v 0.021228 0.001117 -0.065539
v 0.023044 -0.000277 -0.062590
v 0.019411 -0.002438 -0.066360
v 0.017593 0.000009 -0.068865
v 0.018684 0.002523 -0.068479
v 0.015161 0.002085 -0.071210
v 0.015770 0.003777 -0.071064
v 0.012582 0.004838 -0.073213
v 0.012284 0.003721 -0.073248
v 0.008999 0.005085 -0.074956
v 0.009130 0.005714 -0.074945
v 0.005473 -0.027507 -0.037393
v 0.002544 -0.027929 -0.036316
v 0.011517 -0.026077 -0.065468
v 0.009908 -0.029976 -0.064680
v 0.009252 -0.029357 -0.066475
v 0.014066 -0.024251 -0.062311
v 0.013811 -0.023642 -0.063444
v 0.014343 -0.025056 -0.060568
v 0.010458 -0.030332 -0.062995
v 0.014497 -0.025724 -0.058416
v 0.011014 -0.030492 -0.061321
v 0.011387 -0.030485 -0.059772
v 0.014591 -0.026190 -0.056328
v 0.013267 -0.028230 -0.056775
v 0.015370 -0.025185 -0.051462
v 0.014593 -0.026409 -0.054275
v -0.001216 -0.031548 -0.072459
v -0.001662 -0.032962 -0.071693
v 0.008381 -0.028606 -0.068242
v 0.005869 -0.032853 -0.067373
v 0.005221 -0.032466 -0.068431
v 0.006433 -0.033393 -0.066110
v 0.006907 -0.033905 -0.064654
v 0.000197 -0.031614 -0.072045
v -0.000592 -0.033217 -0.071248
v 0.001643 -0.031675 -0.071404
v 0.000457 -0.033513 -0.070540
v 0.003008 -0.031839 -0.070482
v 0.001331 -0.033957 -0.069759
v -0.002214 -0.034399 -0.070544
v 0.003436 -0.035218 -0.066986
v 0.002834 -0.034676 -0.068091
v 0.002164 -0.034444 -0.068807
v 0.000219 -0.035145 -0.068998
v -0.001314 -0.034573 -0.070159
v -0.000366 -0.034815 -0.069597
v -0.002678 -0.035636 -0.069211
v 0.000910 -0.035638 -0.068126
v -0.001765 -0.035691 -0.068981
v -0.000714 -0.035688 -0.068691
v 0.014530 -0.024697 -0.045002
v 0.015073 -0.024467 -0.046359
v 0.015459 -0.024580 -0.048170
v 0.015571 -0.024695 -0.049766
v 0.009329 -0.032311 -0.062430
v -0.000975 -0.030866 -0.072756
v 0.000495 -0.030891 -0.072303
v 0.002165 -0.030794 -0.071687
v 0.004072 -0.030343 -0.070790
v 0.016418 -0.019762 -0.061620
v 0.006098 -0.029736 -0.069772
v 0.004269 -0.032151 -0.069478
v -0.015764 -0.026856 -0.039894
v -0.013411 -0.027455 -0.038711
v -0.010978 -0.027913 -0.037836
v -0.008623 -0.028225 -0.037280
v -0.023490 -0.023100 -0.047699
v -0.022027 -0.024167 -0.045444
v -0.024653 -0.021985 -0.050062
v -0.020233 -0.025190 -0.043297
v -0.018089 -0.026094 -0.041436
v -0.022371 -0.023789 -0.060577
v -0.023682 -0.022158 -0.058660
v -0.004030 -0.035830 -0.067841
v -0.004963 -0.035709 -0.067984
v -0.005854 -0.035550 -0.068059
v -0.006954 -0.035316 -0.068148
v -0.008349 -0.034965 -0.068213
v -0.025339 -0.020940 -0.053774
v -0.025294 -0.021155 -0.052377
v -0.024965 -0.021048 -0.055765
v -0.024479 -0.021429 -0.057147
v -0.021084 -0.025678 -0.062204
v -0.016813 -0.030313 -0.065765
v -0.019244 -0.027889 -0.063971
v -0.010949 -0.034040 -0.067955
v -0.014381 -0.032155 -0.067011
v -0.003659 -0.028483 -0.036979
v -0.000974 -0.028416 -0.037267
v -0.006283 -0.028409 -0.037003
v 0.006977 -0.027288 -0.040175
v 0.009427 -0.026595 -0.041797
v 0.011662 -0.025754 -0.043758
v 0.004410 -0.027810 -0.038876
v 0.001752 -0.028193 -0.037898
v 0.011107 -0.029301 -0.056607
v 0.009584 -0.031187 -0.058977
v 0.013577 -0.026014 -0.051954
v 0.012469 -0.027480 -0.054286
v -0.003096 -0.035886 -0.067660
v -0.002148 -0.035939 -0.067429
v -0.000958 -0.035941 -0.067071
v 0.000490 -0.035842 -0.066543
v 0.013354 -0.025118 -0.045708
v 0.013886 -0.024986 -0.047279
v 0.014048 -0.025141 -0.049048
v 0.013975 -0.025450 -0.050457
v 0.007805 -0.033063 -0.061534
v 0.005661 -0.034476 -0.063613
v 0.002387 -0.035526 -0.065697
v -0.014618 -0.026305 -0.041159
v -0.012465 -0.026797 -0.040200
v -0.010285 -0.027189 -0.039459
v -0.008204 -0.027453 -0.038990
v -0.021960 -0.022875 -0.048268
v -0.020586 -0.023872 -0.046161
v -0.023044 -0.021881 -0.050398
v -0.018909 -0.024799 -0.044223
v -0.016937 -0.025635 -0.042501
v -0.021208 -0.023511 -0.059801
v -0.022364 -0.022208 -0.058212
v -0.004193 -0.034776 -0.066613
v -0.005063 -0.034682 -0.066731
v -0.005931 -0.034542 -0.066820
v -0.006993 -0.034332 -0.066892
v -0.008208 -0.033974 -0.066939
v -0.023732 -0.020935 -0.053697
v -0.023642 -0.021120 -0.052462
v -0.023494 -0.021079 -0.055586
v -0.023092 -0.021462 -0.056885
v -0.019803 -0.025372 -0.061356
v -0.015765 -0.029874 -0.064863
v -0.017985 -0.027543 -0.063093
v -0.010767 -0.033013 -0.066676
v -0.013508 -0.031479 -0.065867
v -0.003817 -0.027692 -0.038701
v -0.001306 -0.027662 -0.038900
v -0.006107 -0.027622 -0.038733
v 0.006164 -0.026768 -0.041216
v 0.008227 -0.026185 -0.042668
v 0.010216 -0.025441 -0.044378
v 0.003709 -0.027257 -0.040084
v 0.001221 -0.027535 -0.039309
v 0.010178 -0.028894 -0.056432
v 0.008663 -0.030696 -0.058752
v 0.012495 -0.025740 -0.051809
v 0.011518 -0.027136 -0.054156
v -0.003296 -0.034876 -0.066437
v -0.002441 -0.034913 -0.066250
v -0.001344 -0.034865 -0.065895
v 0.000067 -0.034840 -0.065443
v 0.011668 -0.024817 -0.046299
v 0.012127 -0.024769 -0.047536
v 0.012516 -0.024886 -0.048969
v 0.012664 -0.025155 -0.050319
v 0.006860 -0.032405 -0.060970
v 0.004746 -0.033619 -0.062848
v 0.001809 -0.034586 -0.064676
v 0.002138 0.005536 -0.076765
v -0.001155 0.005820 -0.077162
v -0.018801 -0.006410 -0.071656
v -0.018567 -0.010850 -0.071102
v -0.016800 -0.000043 -0.073571
v -0.018061 -0.002912 -0.072552
v -0.014927 0.002094 -0.074689
v -0.011729 0.004023 -0.075947
v -0.004535 0.005772 -0.077200
v -0.008161 0.005352 -0.076811
v -0.003620 -0.028531 -0.073515
v -0.002185 -0.029027 -0.073186
v -0.005145 -0.027888 -0.073753
v -0.006836 -0.027238 -0.073811
v -0.008706 -0.026226 -0.073644
v -0.016000 -0.018642 -0.071447
v -0.013970 -0.021851 -0.072157
v -0.010798 -0.024903 -0.073281
v -0.017554 -0.014956 -0.071017
v 0.005254 0.004771 -0.076014
v 0.018435 -0.011464 -0.062492
v 0.018998 -0.007467 -0.063831
v 0.017088 -0.015395 -0.062078
v 0.018032 -0.003084 -0.066952
v 0.016354 -0.000833 -0.069247
v 0.014120 0.001074 -0.071400
v 0.008458 0.003830 -0.074842
v 0.011477 0.002578 -0.073273
v 0.010772 -0.024799 -0.066125
v 0.012879 -0.022562 -0.064266
v -0.000706 -0.029199 -0.072821
v 0.000655 -0.029285 -0.072386
v 0.002180 -0.029133 -0.071840
v 0.003932 -0.028719 -0.071015
v 0.015274 -0.018998 -0.062590
v 0.005768 -0.028098 -0.070118
v 0.007890 -0.027122 -0.068674
v 0.003406 0.005241 -0.073121
v 0.003454 0.007199 -0.072225
v 0.020324 -0.000920 -0.060553
v 0.022992 -0.000161 -0.062352
v 0.021193 0.001225 -0.065286
v 0.018639 0.002648 -0.068262
v 0.017858 0.000666 -0.063890
v 0.004465 0.006663 -0.076285
v 0.005897 0.006472 -0.075944
v 0.006165 0.004923 -0.072573
v 0.012520 0.004975 -0.073023
v 0.009083 0.005848 -0.074750
v 0.009241 0.004163 -0.071074
v 0.012114 0.003246 -0.069224
v 0.015715 0.003910 -0.070865
v 0.015170 0.002060 -0.066793
v 0.020373 0.001098 -0.059629
v 0.017906 0.002670 -0.062973
v 0.006214 0.006926 -0.071657
v 0.009289 0.006138 -0.070170
v 0.012162 0.005240 -0.068312
v 0.015218 0.004062 -0.065877
v 0.021216 0.003394 -0.064729
v 0.007567 0.008274 -0.074675
v 0.011370 0.007362 -0.072954
v 0.015184 0.006196 -0.070561
v 0.018334 0.004912 -0.067899
v -0.003715 -0.026992 -0.038859
v -0.006005 -0.026922 -0.038891
v -0.010183 -0.026488 -0.039617
v -0.012363 -0.026096 -0.040358
v -0.014516 -0.025605 -0.041317
v -0.001204 -0.026961 -0.039058
v 0.001324 -0.026835 -0.039468
v -0.016834 -0.024935 -0.042659
v -0.018807 -0.024099 -0.044381
v 0.003811 -0.026556 -0.040242
v -0.020484 -0.023172 -0.046319
v 0.006266 -0.026068 -0.041374
v -0.021858 -0.022175 -0.048426
v 0.008329 -0.025485 -0.042826
v -0.022942 -0.021181 -0.050557
v 0.010318 -0.024740 -0.044536
v -0.023540 -0.020420 -0.052620
v 0.011770 -0.024117 -0.046457
v -0.023629 -0.020235 -0.053855
v 0.012229 -0.024069 -0.047694
v -0.023392 -0.020379 -0.055744
v 0.012618 -0.024186 -0.049127
v -0.022990 -0.020762 -0.057043
v 0.012766 -0.024455 -0.050477
v -0.022262 -0.021508 -0.058370
v 0.012597 -0.025040 -0.051967
v 0.011621 -0.026436 -0.054314
v -0.021105 -0.022811 -0.059959
v 0.010280 -0.028194 -0.056591
v -0.019701 -0.024672 -0.061515
v -0.017883 -0.026843 -0.063251
v 0.008765 -0.029996 -0.058910
v -0.015663 -0.029174 -0.065021
v 0.006962 -0.031705 -0.061128
v -0.013406 -0.030779 -0.066025
v 0.004848 -0.032919 -0.063006
v 0.001911 -0.033886 -0.064834
v -0.010664 -0.032313 -0.066835
v -0.008105 -0.033273 -0.067097
v 0.000169 -0.034140 -0.065601
v -0.001242 -0.034165 -0.066053
v -0.006891 -0.033632 -0.067050
v -0.002339 -0.034213 -0.066408
v -0.005829 -0.033842 -0.066978
v -0.004961 -0.033981 -0.066889
v -0.003194 -0.034176 -0.066595
v 0.052709 0.040958 -0.052338
v 0.053687 0.042637 -0.052639
v 0.057784 0.040096 -0.056592
v 0.060337 0.033246 -0.060865
v 0.051751 0.039213 -0.052056
v 0.050343 0.036326 -0.051125
v 0.059586 0.031050 -0.060575
v 0.054752 0.028232 -0.054875
v 0.049421 0.033010 -0.050036
v 0.048839 0.029752 -0.048594
v 0.050854 0.025089 -0.048720
v 0.048606 0.026612 -0.046827
v 0.050225 0.024233 -0.047296
v 0.048729 0.023651 -0.044766
v 0.050165 0.022854 -0.046069
v 0.050758 0.021456 -0.045569
v 0.062361 0.036987 -0.061649
v 0.061984 0.032191 -0.062895
v 0.066134 0.033996 -0.066674
v 0.061223 0.031413 -0.062338
v 0.061829 0.031036 -0.063103
v 0.063404 0.031020 -0.064729
v 0.065322 0.028681 -0.067906
v 0.062388 0.029914 -0.064006
v 0.062531 0.028425 -0.064472
v 0.063657 0.024432 -0.066473
v 0.062289 0.026877 -0.064366
v 0.061633 0.025469 -0.063529
v 0.062767 0.021235 -0.064893
v 0.060824 0.024747 -0.062339
v 0.062430 0.018869 -0.063454
v 0.059644 0.020476 -0.059526
v 0.062109 0.015000 -0.060537
v 0.059218 0.017233 -0.056469
v 0.056951 0.019035 -0.053641
v 0.057061 0.022009 -0.055858
v 0.062379 0.012260 -0.057951
v 0.059250 0.014776 -0.053457
v 0.056983 0.016550 -0.050961
v 0.063060 0.009463 -0.054557
v 0.059669 0.012210 -0.049926
v 0.056353 0.014520 -0.046148
v 0.069582 0.030822 -0.072141
v 0.072241 0.027981 -0.077143
v 0.069767 0.024178 -0.076105
v 0.067213 0.026949 -0.071214
v 0.074503 0.024882 -0.082753
v 0.072100 0.021137 -0.081582
v 0.076642 0.010802 -0.101054
v 0.075723 0.014274 -0.094363
v 0.078067 0.017890 -0.095806
v 0.078898 0.014359 -0.102638
v 0.076532 0.021529 -0.088934
v 0.074152 0.017841 -0.087643
v 0.079358 0.010716 -0.109787
v 0.076846 0.007253 -0.108082
v 0.075341 0.000654 -0.121608
v 0.076394 0.003984 -0.114712
v 0.078945 0.007336 -0.116628
v 0.077667 0.003938 -0.123720
v 0.072095 -0.004711 -0.133113
v 0.073743 -0.002119 -0.127535
v 0.076285 0.001066 -0.129790
v 0.074470 -0.001543 -0.135444
v 0.071978 -0.004285 -0.141530
v 0.069486 -0.007339 -0.139002
v 0.065304 -0.009383 -0.153358
v 0.062997 -0.012326 -0.150565
v 0.066504 -0.010068 -0.145185
v 0.068826 -0.007028 -0.147784
v 0.061138 -0.011674 -0.158961
v 0.056429 -0.013839 -0.164451
v 0.054414 -0.016707 -0.161435
v 0.059007 -0.014599 -0.156089
v 0.051880 -0.015534 -0.168965
v 0.046489 -0.017181 -0.173590
v 0.044684 -0.020007 -0.170437
v 0.049900 -0.018360 -0.165856
v 0.040473 -0.018722 -0.178162
v 0.034478 -0.019823 -0.181850
v 0.032940 -0.022589 -0.178508
v 0.038745 -0.021438 -0.174769
v 0.027792 -0.020803 -0.185468
v 0.026470 -0.023585 -0.182104
v 0.014854 -0.021817 -0.190715
v 0.013704 -0.024513 -0.187124
v 0.020365 -0.024136 -0.184727
v 0.021596 -0.021416 -0.188236
v 0.006445 -0.023964 -0.190016
v 0.007221 -0.021981 -0.192949
v 0.003011 -0.023285 -0.191599
v 0.000980 -0.021836 -0.194205
v 0.000175 -0.023099 -0.192627
v -0.006504 -0.021378 -0.195485
v -0.003675 -0.022760 -0.193621
v -0.007070 -0.022426 -0.194115
v -0.012409 -0.021631 -0.194726
v -0.012240 -0.020876 -0.195950
v -0.005774 -0.023675 -0.192316
v -0.003399 -0.023604 -0.192259
v -0.008072 -0.024054 -0.191942
v -0.009944 -0.023233 -0.192827
v -0.010164 -0.024801 -0.191155
v -0.012828 -0.022610 -0.193254
v -0.013258 -0.023861 -0.191882
v -0.013790 -0.025240 -0.190614
v -0.011925 -0.025925 -0.190074
v -0.014261 -0.026836 -0.189306
v -0.013298 -0.027399 -0.188848
v -0.016611 -0.024070 -0.191695
v -0.017536 -0.025577 -0.190333
v -0.014484 -0.028191 -0.188250
v -0.014260 -0.029158 -0.187624
v -0.019214 -0.030750 -0.186924
v -0.014889 -0.031280 -0.186425
v -0.018844 -0.028801 -0.188016
v -0.019391 -0.032801 -0.185975
v -0.014989 -0.032851 -0.185701
v -0.012587 -0.040086 -0.183657
v -0.015705 -0.038059 -0.184135
v -0.014962 -0.042216 -0.183585
v -0.009510 -0.042800 -0.183168
v -0.009635 -0.043937 -0.183154
v -0.015473 -0.045265 -0.183633
v -0.004945 -0.044051 -0.182516
v -0.009794 -0.045940 -0.183157
v -0.003112 -0.046252 -0.182278
v -0.014561 -0.020668 -0.196084
v -0.014709 -0.021314 -0.194925
v 0.004184 -0.046459 -0.180709
v -0.000694 -0.043605 -0.181794
v 0.003093 -0.041694 -0.181109
v 0.003719 -0.043026 -0.180795
v 0.011529 -0.041735 -0.178551
v 0.011489 -0.046288 -0.178548
v 0.018532 -0.045869 -0.175958
v 0.018218 -0.041436 -0.176087
v 0.024283 -0.040841 -0.173389
v 0.024705 -0.045230 -0.173147
v 0.031414 -0.044272 -0.169564
v 0.030784 -0.039902 -0.169899
v 0.037351 -0.043137 -0.165823
v 0.036602 -0.038735 -0.166120
v 0.042453 -0.037365 -0.161931
v 0.043119 -0.041681 -0.161482
v 0.048751 -0.039985 -0.156698
v 0.047764 -0.035675 -0.157236
v 0.052285 -0.034009 -0.152789
v 0.053364 -0.038305 -0.152199
v 0.058148 -0.036191 -0.146793
v 0.056837 -0.031892 -0.147433
v 0.065602 -0.031438 -0.135460
v 0.064250 -0.027323 -0.136480
v 0.060864 -0.029624 -0.141908
v 0.062222 -0.033832 -0.141075
v 0.068868 -0.028709 -0.129206
v 0.071414 -0.026000 -0.123172
v 0.069954 -0.022000 -0.124448
v 0.067433 -0.024645 -0.130349
v 0.073235 -0.023398 -0.117532
v 0.071781 -0.019451 -0.118912
v 0.074167 -0.013293 -0.106043
v 0.073175 -0.016642 -0.112964
v 0.074835 -0.020565 -0.111485
v 0.075933 -0.017138 -0.104380
v 0.074473 -0.006476 -0.092377
v 0.074685 -0.010031 -0.099407
v 0.076361 -0.013749 -0.097517
v 0.076049 -0.010099 -0.090317
v 0.073473 -0.002937 -0.076682
v 0.072036 0.000550 -0.078977
v 0.073507 -0.003014 -0.085715
v 0.074964 -0.006556 -0.083525
v 0.069149 0.003492 -0.064942
v 0.067805 0.006887 -0.067398
v 0.070017 0.003864 -0.072873
v 0.071400 0.000428 -0.070490
v 0.066506 0.006362 -0.059881
v 0.065169 0.009676 -0.062495
v 0.053509 0.016352 -0.043206
v 0.053576 0.018126 -0.046113
v 0.053607 0.018940 -0.047447
v 0.054204 0.019300 -0.048951
v 0.052902 0.019171 -0.046463
v 0.049609 0.019819 -0.041571
v 0.050255 0.018347 -0.040181
v 0.052456 0.018629 -0.044697
v 0.049096 0.021425 -0.042966
v 0.051762 0.020130 -0.045680
v 0.005650 -0.026864 -0.187284
v 0.012816 -0.028077 -0.183887
v 0.006774 -0.028509 -0.185593
v 0.007397 -0.030474 -0.184014
v 0.012339 -0.031171 -0.182038
v 0.007536 -0.032514 -0.182776
v 0.011941 -0.034525 -0.180455
v 0.007315 -0.034498 -0.181894
v 0.006764 -0.036501 -0.181295
v 0.011642 -0.038036 -0.179203
v 0.018187 -0.037736 -0.176749
v 0.018586 -0.032514 -0.178754
v 0.024186 -0.037162 -0.174110
v 0.024515 -0.031933 -0.176077
v 0.030834 -0.030958 -0.172559
v 0.030599 -0.036226 -0.170648
v 0.036308 -0.035048 -0.166874
v 0.036497 -0.029795 -0.168830
v 0.042386 -0.028435 -0.164652
v 0.042204 -0.033693 -0.162704
v 0.047322 -0.032049 -0.158151
v 0.047434 -0.026833 -0.160200
v 0.051869 -0.025169 -0.155777
v 0.051831 -0.030400 -0.153739
v 0.056335 -0.028321 -0.148473
v 0.056376 -0.023128 -0.150585
v 0.060273 -0.026064 -0.142991
v 0.063648 -0.023814 -0.137667
v 0.063702 -0.018688 -0.139910
v 0.060299 -0.020898 -0.145162
v 0.066831 -0.021171 -0.131604
v 0.066864 -0.016064 -0.133890
v 0.072696 -0.008197 -0.116788
v 0.071128 -0.010951 -0.122634
v 0.071192 -0.016054 -0.120318
v 0.072691 -0.013276 -0.114406
v 0.069304 -0.013458 -0.128088
v 0.069299 -0.018552 -0.125770
v 0.073981 -0.001735 -0.103580
v 0.073628 -0.004940 -0.110067
v 0.073603 -0.009977 -0.107603
v 0.073990 -0.006743 -0.101058
v 0.073763 -0.003237 -0.094126
v 0.073736 0.001751 -0.096703
v 0.071356 0.008656 -0.083531
v 0.072872 0.005153 -0.090138
v 0.072857 0.000185 -0.087530
v 0.071363 0.003712 -0.080871
v 0.067003 0.014885 -0.072185
v 0.069258 0.011908 -0.077572
v 0.069416 0.006993 -0.074817
v 0.067160 0.009993 -0.069397
v 0.064496 0.017238 -0.067156
v 0.064525 0.012739 -0.064580
v 0.005866 -0.038441 -0.180984
v 0.004631 -0.040205 -0.180941
v 0.068029 0.019880 -0.074519
v 0.065468 0.022622 -0.069691
v 0.072277 0.013622 -0.085936
v 0.070260 0.016888 -0.079929
v 0.074753 0.006690 -0.099140
v 0.073720 0.010116 -0.092567
v 0.074920 0.003203 -0.106048
v 0.073495 -0.003271 -0.119311
v 0.074576 -0.000011 -0.112541
v 0.070301 -0.008576 -0.130682
v 0.071970 -0.006023 -0.125176
v 0.067702 -0.011156 -0.136472
v 0.061272 -0.016055 -0.147841
v 0.064708 -0.013837 -0.142562
v 0.057360 -0.018298 -0.153286
v 0.052844 -0.020369 -0.158541
v 0.048355 -0.021993 -0.162897
v 0.043300 -0.023637 -0.167433
v 0.037407 -0.025029 -0.171677
v 0.031712 -0.026190 -0.175411
v 0.025351 -0.027171 -0.178952
v 0.019319 -0.027690 -0.181489
v -0.020445 -0.044947 -0.184497
v -0.020286 -0.045138 -0.185062
v -0.018509 -0.045664 -0.184776
v -0.018560 -0.045401 -0.184199
v -0.021932 -0.044575 -0.185559
v -0.022099 -0.044391 -0.185022
v -0.023896 -0.043730 -0.186373
v -0.024028 -0.043539 -0.185895
v -0.025681 -0.042480 -0.187032
v -0.025476 -0.042647 -0.187541
v -0.026999 -0.041160 -0.189006
v -0.027202 -0.040991 -0.188486
v -0.028135 -0.039405 -0.190702
v -0.028376 -0.039120 -0.190234
v -0.028238 -0.038755 -0.189741
v -0.028944 -0.036852 -0.191291
v -0.029021 -0.037114 -0.191800
v -0.028846 -0.037412 -0.192252
v -0.029244 -0.034888 -0.193277
v -0.029024 -0.035102 -0.193726
v -0.029059 -0.032596 -0.194459
v -0.028788 -0.032797 -0.194891
v -0.028498 -0.030319 -0.195296
v -0.028179 -0.030487 -0.195821
v -0.027486 -0.027943 -0.195928
v -0.027227 -0.028314 -0.196463
v -0.025946 -0.025612 -0.196461
v -0.025632 -0.025965 -0.196928
v -0.024092 -0.023782 -0.196633
v -0.023932 -0.024138 -0.197138
v -0.022044 -0.022294 -0.196669
v -0.021911 -0.022603 -0.197192
v -0.020129 -0.021456 -0.196626
v -0.019941 -0.021738 -0.197125
v -0.017731 -0.020791 -0.196650
v -0.017636 -0.021107 -0.197119
v -0.016079 -0.020629 -0.196652
v -0.016012 -0.020991 -0.197147
v -0.020458 -0.044482 -0.184150
v -0.018688 -0.044910 -0.183886
v -0.023982 -0.043138 -0.185497
v -0.025610 -0.042158 -0.186609
v -0.027044 -0.040723 -0.188020
v -0.022102 -0.043963 -0.184627
v -0.026132 -0.037098 -0.187596
v -0.026765 -0.034292 -0.189149
v -0.029247 -0.034601 -0.192815
v -0.026633 -0.031555 -0.190510
v -0.029057 -0.032441 -0.193925
v -0.026017 -0.029131 -0.191674
v -0.028463 -0.030188 -0.194685
v -0.024994 -0.027100 -0.192677
v -0.027387 -0.027678 -0.195364
v -0.023383 -0.024908 -0.193586
v -0.025694 -0.025354 -0.195778
v -0.021641 -0.023161 -0.194354
v -0.024005 -0.023531 -0.196177
v -0.020681 -0.022471 -0.194701
v -0.021829 -0.022120 -0.196179
v -0.018951 -0.021786 -0.194939
v -0.020104 -0.021310 -0.196136
v -0.017270 -0.021222 -0.195137
v -0.017735 -0.020731 -0.196121
v -0.015967 -0.021224 -0.195025
v -0.016128 -0.020622 -0.196130
v -0.024734 -0.039494 -0.186100
v -0.023078 -0.041272 -0.185037
v -0.021173 -0.042714 -0.184219
v -0.019303 -0.042822 -0.183830
v -0.017560 -0.042686 -0.183729
v -0.018588 -0.040467 -0.183863
v -0.019063 -0.037936 -0.184357
v -0.019402 -0.035115 -0.185117
v -0.021895 -0.038442 -0.184872
v -0.022846 -0.035762 -0.185849
v -0.023109 -0.033032 -0.186962
v -0.022978 -0.030804 -0.188028
v -0.015299 -0.034589 -0.185040
v -0.022486 -0.028669 -0.189173
v -0.021649 -0.026694 -0.190360
v -0.018352 -0.027166 -0.189105
v -0.019022 -0.023380 -0.192878
v -0.020469 -0.024889 -0.191664
v -0.015864 -0.023115 -0.192721
v -0.017605 -0.022328 -0.193688
v -0.015163 -0.022146 -0.193800
v -0.016611 -0.021931 -0.194095
v -0.020781 -0.040654 -0.184259
v -0.014524 -0.020733 -0.196577
v -0.014536 -0.021010 -0.197133
v -0.012210 -0.021245 -0.197022
v -0.012217 -0.020967 -0.196469
v 0.054129 0.042950 -0.052499
v 0.054878 0.042940 -0.052408
v 0.058874 0.040506 -0.056188
v 0.058391 0.040411 -0.056497
v 0.052040 0.043992 -0.050673
v 0.052358 0.044168 -0.050182
v 0.062896 0.037320 -0.061555
v 0.063427 0.037392 -0.061278
v 0.067247 0.034377 -0.066337
v 0.066727 0.034322 -0.066577
v 0.070648 0.031216 -0.071792
v 0.070159 0.031161 -0.072023
v 0.072813 0.028296 -0.077073
v 0.075698 0.025211 -0.082504
v 0.077743 0.021825 -0.088744
v 0.077136 0.021813 -0.088919
v 0.075140 0.025192 -0.082681
v 0.073285 0.028334 -0.076880
v 0.079361 0.018141 -0.095685
v 0.078732 0.018149 -0.095826
v 0.080197 0.014564 -0.102607
v 0.079594 0.014600 -0.102685
v 0.080552 0.010843 -0.109937
v 0.079977 0.010911 -0.109945
v 0.078872 0.003988 -0.124022
v 0.078271 0.004102 -0.123944
v 0.079506 0.007532 -0.116798
v 0.080027 0.007459 -0.116813
v 0.075440 -0.001502 -0.135820
v 0.074959 -0.001381 -0.135699
v 0.076806 0.001234 -0.130027
v 0.077331 0.001120 -0.130122
v 0.072897 -0.004261 -0.141955
v 0.069700 -0.007041 -0.148294
v 0.069251 -0.006879 -0.148082
v 0.072447 -0.004136 -0.141817
v 0.066085 -0.009394 -0.153885
v 0.065752 -0.009265 -0.153711
v 0.061980 -0.011807 -0.159719
v 0.061598 -0.011607 -0.159414
v 0.052224 -0.015429 -0.169370
v 0.056826 -0.013743 -0.164862
v 0.057199 -0.013930 -0.165142
v 0.052591 -0.015628 -0.169675
v 0.041149 -0.018917 -0.179065
v 0.035110 -0.020061 -0.182852
v 0.034816 -0.019810 -0.182440
v 0.040819 -0.018663 -0.178659
v 0.028293 -0.021000 -0.186438
v 0.022040 -0.021637 -0.189267
v 0.021819 -0.021369 -0.188786
v 0.028073 -0.020773 -0.186041
v 0.015217 -0.022053 -0.191796
v 0.015044 -0.021786 -0.191307
v 0.001287 -0.021886 -0.194935
v 0.001527 -0.022147 -0.195395
v -0.006258 -0.021733 -0.196510
v -0.006400 -0.021456 -0.195992
v 0.007576 -0.022020 -0.193635
v 0.007880 -0.022246 -0.194009
v 0.051764 0.043606 -0.050936
v 0.050554 0.044530 -0.049097
v 0.050685 0.044597 -0.048344
v 0.048671 0.044835 -0.046416
v 0.049139 0.044817 -0.046267
v 0.049550 0.044723 -0.047808
v 0.047597 0.044538 -0.044424
v 0.048002 0.044556 -0.043973
v 0.046477 0.043872 -0.042158
v 0.047012 0.043827 -0.041693
v 0.045576 0.042447 -0.039372
v 0.046067 0.042219 -0.038876
v 0.045053 0.040503 -0.037138
v 0.045512 0.040514 -0.036951
v 0.044586 0.038246 -0.035370
v 0.045121 0.038222 -0.035240
v 0.044272 0.035272 -0.033971
v 0.044775 0.035257 -0.033865
v 0.044178 0.031799 -0.033250
v 0.044690 0.031771 -0.033152
v 0.044323 0.028582 -0.033376
v 0.044832 0.028703 -0.033201
v 0.044887 0.025408 -0.034120
v 0.045335 0.025582 -0.033949
v 0.045796 0.023100 -0.035192
v 0.046260 0.023124 -0.035036
v 0.046978 0.021081 -0.036519
v 0.047425 0.021263 -0.036246
v 0.048023 0.019920 -0.037533
v 0.048544 0.020061 -0.037218
v 0.049112 0.019054 -0.038461
v 0.049564 0.019231 -0.038075
v 0.050299 0.044203 -0.049471
v 0.049189 0.044449 -0.048134
v 0.048050 0.044340 -0.046669
v 0.048334 0.044722 -0.046593
v 0.047308 0.044426 -0.044753
v 0.047195 0.044102 -0.045067
v 0.045313 0.042354 -0.039845
v 0.046215 0.043660 -0.042459
v 0.044673 0.040410 -0.037458
v 0.044149 0.038095 -0.035786
v 0.043839 0.035190 -0.034274
v 0.043651 0.034886 -0.035012
v 0.043543 0.031693 -0.034324
v 0.043756 0.031701 -0.033569
v 0.043990 0.037836 -0.036380
v 0.044454 0.040086 -0.038039
v 0.045160 0.042024 -0.040287
v 0.046097 0.043408 -0.042733
v 0.047276 0.042616 -0.046524
v 0.048959 0.043487 -0.048395
v 0.049198 0.041967 -0.049262
v 0.047720 0.041094 -0.047896
v 0.050071 0.042983 -0.049776
v 0.050163 0.042102 -0.050128
v 0.050417 0.040991 -0.050599
v 0.049748 0.040514 -0.050162
v 0.051484 0.042095 -0.051212
v 0.051130 0.041076 -0.051199
v 0.050630 0.040202 -0.050970
v 0.049692 0.038584 -0.050421
v 0.048067 0.035474 -0.048958
v 0.048798 0.036969 -0.049706
v 0.047718 0.038014 -0.048532
v 0.048831 0.039477 -0.049498
v 0.046362 0.039883 -0.046428
v 0.045896 0.041618 -0.044540
v 0.047043 0.031642 -0.047170
v 0.047507 0.033670 -0.048162
v 0.046055 0.034539 -0.046490
v 0.046786 0.036414 -0.047531
v 0.044356 0.036534 -0.043542
v 0.045230 0.038321 -0.044977
v 0.043906 0.038228 -0.040800
v 0.044801 0.040216 -0.042662
v 0.046814 0.029587 -0.046135
v 0.046823 0.027545 -0.045076
v 0.047065 0.025551 -0.044013
v 0.045834 0.026171 -0.042495
v 0.045439 0.028342 -0.043413
v 0.047522 0.023634 -0.042959
v 0.046516 0.024080 -0.041681
v 0.045171 0.024739 -0.039362
v 0.044262 0.027181 -0.039699
v 0.047440 0.022096 -0.040976
v 0.046425 0.022452 -0.039281
v 0.045947 0.022618 -0.038054
v 0.044557 0.025135 -0.037189
v 0.047892 0.020625 -0.039588
v 0.046935 0.021460 -0.038764
v 0.046522 0.021249 -0.036896
v 0.047600 0.020114 -0.037876
v 0.048836 0.019149 -0.038939
v 0.048522 0.020309 -0.040346
v 0.048171 0.021816 -0.041918
v 0.045543 0.022749 -0.036140
v 0.044459 0.025302 -0.034973
v 0.043783 0.028434 -0.034324
v 0.043664 0.027920 -0.037048
v 0.043192 0.030793 -0.037363
v 0.043123 0.033616 -0.038152
v 0.043406 0.036258 -0.039401
v 0.045601 0.022873 -0.035478
v 0.044578 0.025378 -0.034326
v 0.043981 0.028495 -0.033703
v 0.043591 0.032203 -0.041222
v 0.043728 0.029699 -0.040320
v 0.045355 0.030542 -0.044423
v 0.043841 0.034601 -0.042382
v 0.045587 0.032715 -0.045502
v 0.050763 0.018050 -0.039851
v 0.051273 0.018142 -0.039549
v -0.015487 -0.045790 -0.183958
v -0.015350 -0.046142 -0.184536
v -0.009515 -0.046704 -0.183972
v -0.009733 -0.046404 -0.183430
v -0.002796 -0.046711 -0.182631
v -0.002598 -0.047012 -0.183043
v 0.004360 -0.047165 -0.181576
v 0.004216 -0.046883 -0.181118
v 0.011697 -0.047033 -0.179376
v 0.011581 -0.046799 -0.178904
v 0.018725 -0.046396 -0.176320
v 0.018912 -0.046624 -0.176727
v 0.025168 -0.045988 -0.173901
v 0.024932 -0.045746 -0.173477
v 0.038028 -0.043895 -0.166523
v 0.043750 -0.042418 -0.162153
v 0.043355 -0.042151 -0.161720
v 0.037560 -0.043567 -0.165987
v 0.049454 -0.040618 -0.157144
v 0.054087 -0.038927 -0.152618
v 0.053728 -0.038756 -0.152367
v 0.049010 -0.040414 -0.156847
v 0.058878 -0.036810 -0.147203
v 0.063014 -0.034387 -0.141343
v 0.062601 -0.034231 -0.141135
v 0.058544 -0.036651 -0.146970
v 0.066585 -0.032027 -0.135750
v 0.066054 -0.031852 -0.135532
v 0.069753 -0.029221 -0.129364
v 0.069251 -0.029085 -0.129220
v 0.073577 -0.023739 -0.117484
v 0.071741 -0.026346 -0.123138
v 0.072289 -0.026486 -0.123281
v 0.074221 -0.023879 -0.117604
v 0.075224 -0.020896 -0.111406
v 0.075692 -0.020975 -0.111447
v 0.076381 -0.017459 -0.104267
v 0.076898 -0.017535 -0.104290
v 0.076869 -0.014054 -0.097357
v 0.077398 -0.014102 -0.097321
v 0.077084 -0.010397 -0.090012
v 0.076569 -0.010377 -0.090101
v 0.074622 -0.003166 -0.076210
v 0.074023 -0.003183 -0.076393
v 0.075583 -0.006823 -0.083262
v 0.076198 -0.006834 -0.083130
v 0.070172 0.003313 -0.064404
v 0.069637 0.003276 -0.064612
v 0.071982 0.000203 -0.070153
v 0.072589 0.000225 -0.069958
v 0.055611 0.015126 -0.044484
v 0.056101 0.015242 -0.044129
v 0.059957 0.012170 -0.049292
v 0.060268 0.012284 -0.048987
v 0.063912 0.009448 -0.053733
v 0.063477 0.009364 -0.054009
v 0.067039 0.006165 -0.059500
v 0.067531 0.006220 -0.059267
v 0.031680 -0.044750 -0.169809
v 0.046850 -0.017119 -0.174078
v -0.000663 -0.023931 -0.191578
v 0.001863 -0.024563 -0.190452
v 0.004018 -0.025549 -0.188952
v -0.014440 -0.036620 -0.184417
v 0.047175 -0.017338 -0.174434
v 0.032030 -0.045037 -0.170294
v 0.024694 -0.033679 -0.193220
v 0.031889 -0.032905 -0.189822
v 0.030601 -0.042435 -0.185032
v 0.023346 -0.043155 -0.188336
v 0.015278 -0.043566 -0.191237
v 0.007845 -0.043806 -0.193356
v 0.008527 -0.039135 -0.195940
v 0.016625 -0.034128 -0.196195
v 0.037879 -0.041404 -0.181102
v 0.039218 -0.031906 -0.185942
v 0.050497 -0.038632 -0.172330
v 0.044100 -0.040177 -0.177054
v 0.045580 -0.030702 -0.181905
v 0.051841 -0.029127 -0.177154
v 0.056914 -0.036792 -0.167010
v 0.058186 -0.027286 -0.171852
v 0.067246 -0.032473 -0.155750
v 0.062056 -0.034880 -0.161803
v 0.063626 -0.025296 -0.166487
v 0.068657 -0.023039 -0.160697
v 0.082185 -0.021069 -0.129196
v 0.079585 -0.024169 -0.136038
v 0.080823 -0.014660 -0.140883
v 0.083277 -0.011737 -0.134431
v 0.085701 -0.008555 -0.127472
v 0.084446 -0.018052 -0.122608
v 0.088933 0.002015 -0.105601
v 0.088588 0.005853 -0.098052
v 0.087312 -0.003511 -0.092928
v 0.087776 -0.007645 -0.101036
v 0.087335 -0.005233 -0.120440
v 0.086000 -0.014779 -0.115804
v 0.088451 -0.001706 -0.113131
v 0.087180 -0.011021 -0.108592
v 0.082405 0.008143 -0.071001
v 0.084811 0.004355 -0.077919
v 0.086094 0.013900 -0.082680
v 0.083775 0.017711 -0.075692
v 0.081154 0.021161 -0.069503
v 0.079825 0.011667 -0.064653
v 0.070169 0.031288 -0.052178
v 0.065417 0.034559 -0.046901
v 0.064002 0.025070 -0.042059
v 0.069026 0.021722 -0.047426
v 0.078066 0.024466 -0.063722
v 0.076622 0.015103 -0.058639
v 0.087607 0.010097 -0.089857
v 0.086335 0.000499 -0.085199
v 0.075681 -0.027228 -0.143133
v 0.071867 -0.029870 -0.149377
v 0.073074 -0.020525 -0.154554
v 0.077061 -0.017811 -0.148124
v 0.072916 0.018507 -0.052821
v 0.074334 0.027949 -0.057752
v 0.058597 0.033401 -0.038687
v 0.059435 0.027872 -0.037363
v 0.059859 0.038187 -0.041540
v 0.030454 -0.042948 -0.184602
v 0.023207 -0.043640 -0.187849
v 0.015098 -0.044123 -0.190902
v 0.007741 -0.044324 -0.193007
v 0.037556 -0.041965 -0.180813
v 0.050283 -0.039144 -0.171914
v 0.043884 -0.040689 -0.176640
v 0.056671 -0.037294 -0.166583
v 0.066972 -0.033004 -0.155388
v 0.061740 -0.035302 -0.161345
v 0.084163 -0.018573 -0.122229
v 0.081862 -0.021630 -0.128907
v 0.086989 -0.004072 -0.092639
v 0.087458 -0.008189 -0.100712
v 0.085672 -0.015363 -0.115463
v 0.086792 -0.011790 -0.108291
v 0.079550 0.011080 -0.064402
v 0.082082 0.007581 -0.070712
v 0.063784 0.024431 -0.041897
v 0.068780 0.021098 -0.047242
v 0.076322 0.014507 -0.058414
v 0.086012 -0.000062 -0.084910
v 0.071595 -0.030401 -0.149014
v 0.075406 -0.027751 -0.142756
v 0.084509 0.003756 -0.077698
v 0.072656 0.017871 -0.052664
v 0.059192 0.027382 -0.037213
v 0.079262 -0.024730 -0.135748
v 0.026009 -0.046208 -0.175441
v 0.019526 -0.046891 -0.178398
v 0.012266 -0.047305 -0.180976
v 0.004963 -0.047410 -0.183145
v 0.033002 -0.045287 -0.171748
v 0.044906 -0.042689 -0.163443
v 0.039059 -0.044091 -0.167832
v 0.050653 -0.040925 -0.158449
v 0.060358 -0.036942 -0.148371
v 0.055462 -0.039162 -0.153798
v 0.076035 -0.023806 -0.118126
v 0.073965 -0.026610 -0.123943
v 0.079079 -0.010004 -0.090087
v 0.079405 -0.013715 -0.097578
v 0.077821 -0.020809 -0.111952
v 0.078966 -0.017275 -0.104670
v 0.071836 0.003865 -0.063968
v 0.074403 0.000746 -0.069648
v 0.057420 0.015996 -0.043415
v 0.061768 0.013020 -0.048214
v 0.069098 0.006821 -0.058661
v 0.078090 -0.006482 -0.083026
v 0.064576 -0.034543 -0.142418
v 0.068196 -0.032097 -0.136615
v 0.076488 -0.002628 -0.075977
v 0.065432 0.010136 -0.053010
v 0.052637 0.018794 -0.038783
v 0.071457 -0.029362 -0.130226
v 0.024652 -0.032951 -0.193200
v 0.031807 -0.032208 -0.189876
v 0.009199 -0.034246 -0.198345
v 0.009133 -0.033551 -0.198400
v 0.016676 -0.033464 -0.196279
v 0.039159 -0.031237 -0.186045
v 0.045492 -0.030038 -0.182026
v 0.051725 -0.028480 -0.177316
v 0.058090 -0.026587 -0.171905
v 0.063490 -0.024614 -0.166584
v 0.068457 -0.022383 -0.160863
v 0.080640 -0.014080 -0.141195
v 0.083132 -0.011129 -0.134679
v 0.088771 0.002567 -0.105963
v 0.088417 0.006475 -0.098277
v 0.085510 -0.007944 -0.127726
v 0.087129 -0.004598 -0.120648
v 0.085901 0.014480 -0.082994
v 0.083531 0.018279 -0.076044
v 0.070031 0.031820 -0.052578
v 0.065272 0.035089 -0.047300
v 0.080921 0.021725 -0.069859
v 0.072905 -0.019853 -0.154680
v 0.076823 -0.017153 -0.148295
v 0.088174 -0.001103 -0.113423
v 0.087325 0.010719 -0.090112
v 0.077869 0.025026 -0.064078
v 0.074162 0.028483 -0.058154
v 0.059684 0.038580 -0.042075
v 0.022732 -0.022686 -0.190432
v 0.029099 -0.022013 -0.187448
v 0.008470 -0.023202 -0.195139
v 0.015652 -0.023081 -0.193044
v 0.035987 -0.021033 -0.183721
v 0.042086 -0.019909 -0.179911
v 0.048212 -0.018420 -0.175366
v 0.053746 -0.016734 -0.170582
v 0.058381 -0.014943 -0.165823
v 0.063047 -0.012803 -0.160359
v 0.074701 -0.004851 -0.141659
v 0.077003 -0.002345 -0.135944
v 0.082088 0.010218 -0.109629
v 0.081725 0.014023 -0.102149
v 0.079098 0.000565 -0.129612
v 0.080618 0.003666 -0.123047
v 0.079422 0.021287 -0.088286
v 0.077338 0.024741 -0.081950
v 0.064629 0.037331 -0.060173
v 0.060090 0.040454 -0.055129
v 0.074822 0.028012 -0.076088
v 0.067349 -0.010447 -0.154559
v 0.071089 -0.007943 -0.148719
v 0.081724 0.006880 -0.116365
v 0.080849 0.017760 -0.094938
v 0.072104 0.030976 -0.070892
v 0.068585 0.034180 -0.065424
v 0.055921 0.042955 -0.051128
v 0.000583 -0.044244 -0.194476
v 0.000778 -0.043790 -0.194940
v -0.002185 -0.047251 -0.184672
v 0.002213 -0.034127 -0.199917
v 0.002285 -0.033406 -0.199878
v 0.001781 -0.023077 -0.196616
v -0.003392 -0.033135 -0.200803
v -0.005886 -0.022698 -0.197840
v -0.008517 -0.032714 -0.201397
v -0.012179 -0.022182 -0.198282
v -0.005637 -0.043910 -0.195401
v -0.009363 -0.046887 -0.185675
v -0.015269 -0.046499 -0.186095
v -0.014181 -0.043200 -0.196375
v -0.010325 -0.043591 -0.195978
v -0.018279 -0.045969 -0.186317
v -0.016321 -0.042922 -0.196545
v -0.020987 -0.045180 -0.186891
v -0.018550 -0.042553 -0.196649
v -0.023388 -0.044243 -0.187686
v -0.020101 -0.042143 -0.196790
v -0.024849 -0.042850 -0.189133
v -0.021735 -0.041317 -0.197154
v -0.026227 -0.041383 -0.190583
v -0.027198 -0.039672 -0.192012
v -0.022833 -0.040211 -0.197669
v -0.023423 -0.039068 -0.198196
v -0.027848 -0.037755 -0.193589
v -0.023633 -0.037818 -0.198787
v -0.027965 -0.035557 -0.194905
v -0.027702 -0.033492 -0.195980
v -0.023443 -0.036187 -0.199631
v -0.027158 -0.031118 -0.196993
v -0.023114 -0.035058 -0.200182
v -0.026019 -0.028797 -0.197635
v -0.022478 -0.034002 -0.200696
v -0.024693 -0.026783 -0.197986
v -0.021572 -0.033133 -0.201175
v -0.023190 -0.025209 -0.198181
v -0.020488 -0.032537 -0.201506
v -0.021498 -0.023898 -0.198232
v -0.019309 -0.032183 -0.201734
v -0.019249 -0.022807 -0.198256
v -0.018024 -0.032071 -0.201833
v -0.017219 -0.022200 -0.198222
v -0.016736 -0.032086 -0.201900
v -0.014892 -0.032180 -0.201887
v -0.014933 -0.022096 -0.198336
v -0.012815 -0.032336 -0.201772
v -0.003581 -0.033848 -0.200865
v -0.008541 -0.033484 -0.201425
v -0.012887 -0.032988 -0.201769
v -0.005447 -0.043469 -0.195851
v -0.010135 -0.043187 -0.196447
v -0.014092 -0.042829 -0.196803
v -0.016211 -0.042574 -0.196966
v -0.018295 -0.042171 -0.197159
v -0.019790 -0.041756 -0.197302
v -0.021293 -0.040974 -0.197652
v -0.022197 -0.040011 -0.198072
v -0.022709 -0.039023 -0.198547
v -0.022939 -0.037921 -0.199098
v -0.022844 -0.036390 -0.199848
v -0.022568 -0.035362 -0.200379
v -0.022023 -0.034477 -0.200858
v -0.021206 -0.033721 -0.201288
v -0.020283 -0.033165 -0.201576
v -0.019224 -0.032803 -0.201783
v -0.017996 -0.032667 -0.201871
v -0.015028 -0.032851 -0.201877
v -0.016778 -0.032734 -0.201882
v -0.011033 -0.040569 -0.198059
v -0.011687 -0.039444 -0.198621
v -0.018271 -0.037377 -0.199640
v -0.011352 -0.036899 -0.199898
v -0.007665 -0.035249 -0.200520
v -0.009122 -0.035309 -0.200602
v -0.010420 -0.035883 -0.200358
v -0.009968 -0.041316 -0.197572
v -0.008578 -0.041694 -0.197298
v -0.002547 -0.042002 -0.196407
v -0.001493 -0.035666 -0.199781
v -0.011802 -0.038262 -0.199258
v 0.000092 -0.041233 -0.196563
v 0.001380 -0.039032 -0.197538
v 0.001252 -0.037189 -0.198551
v 0.000701 -0.036556 -0.198985
v -0.000257 -0.035901 -0.199453
v -0.001122 -0.041802 -0.196348
v 0.000993 -0.040252 -0.196936
v -0.007596 -0.034463 -0.198999
v -0.009071 -0.034610 -0.198798
v -0.010198 -0.035122 -0.198432
v -0.010970 -0.035996 -0.197954
v -0.010723 -0.039503 -0.196262
v -0.009804 -0.040267 -0.195974
v -0.008363 -0.040801 -0.195835
v -0.002467 -0.041655 -0.195937
v -0.011372 -0.037113 -0.197369
v -0.011267 -0.038510 -0.196699
v 0.000670 -0.036563 -0.198700
v -0.000434 -0.035715 -0.199013
v 0.001117 -0.037175 -0.198441
v -0.001155 -0.041548 -0.196104
v 0.000001 -0.041043 -0.196453
v -0.001501 -0.035368 -0.199095
v 0.000882 -0.040157 -0.196963
v 0.001225 -0.039017 -0.197549
v -0.008303 -0.035504 -0.198428
v -0.008934 -0.035532 -0.198359
v -0.001227 -0.036444 -0.198591
v -0.009906 -0.036199 -0.197948
v -0.009497 -0.035776 -0.198191
v -0.009436 -0.039467 -0.196393
v -0.009918 -0.039079 -0.196540
v -0.008833 -0.039665 -0.196349
v -0.001765 -0.040673 -0.196479
v -0.010204 -0.037130 -0.197467
v -0.010259 -0.037989 -0.197042
v -0.000423 -0.036758 -0.198509
v 0.000114 -0.037386 -0.198249
v 0.000241 -0.038160 -0.197882
v -0.000911 -0.040587 -0.196595
v -0.000235 -0.040126 -0.196880
v 0.000200 -0.039145 -0.197398
v 0.025320 -0.046014 -0.174078
v 0.018967 -0.046685 -0.176929
v 0.011820 -0.047084 -0.179604
v 0.004483 -0.047276 -0.181843
v 0.032140 -0.045101 -0.170443
v 0.043894 -0.042526 -0.162264
v 0.038136 -0.043944 -0.166704
v 0.049595 -0.040774 -0.157307
v 0.059127 -0.036931 -0.147317
v 0.054287 -0.039069 -0.152746
v 0.074498 -0.024047 -0.117620
v 0.072471 -0.026702 -0.123360
v 0.077309 -0.010458 -0.089946
v 0.077714 -0.014165 -0.097267
v 0.075971 -0.021109 -0.111483
v 0.077253 -0.017643 -0.104324
v 0.070412 0.003309 -0.064303
v 0.072809 0.000238 -0.069834
v 0.056320 0.015262 -0.044003
v 0.060424 0.012317 -0.048804
v 0.067716 0.006246 -0.059137
v 0.076466 -0.006909 -0.083075
v 0.063247 -0.034555 -0.141491
v 0.066827 -0.032167 -0.135806
v 0.074847 -0.003157 -0.076073
v 0.064076 0.009467 -0.053578
v 0.051460 0.018166 -0.039392
v 0.069935 -0.029409 -0.129451
v 0.022260 -0.021642 -0.189493
v 0.028449 -0.020973 -0.186565
v 0.008222 -0.022203 -0.194232
v 0.015351 -0.022046 -0.192080
v 0.035232 -0.019997 -0.182872
v 0.041267 -0.018872 -0.179076
v 0.047390 -0.017399 -0.174563
v 0.052756 -0.015716 -0.169830
v 0.057368 -0.014014 -0.165256
v 0.062109 -0.011901 -0.159827
v 0.073470 -0.004084 -0.141338
v 0.075787 -0.001586 -0.135769
v 0.080603 0.010792 -0.109890
v 0.080332 0.014559 -0.102462
v 0.077793 0.001269 -0.129569
v 0.079285 0.004346 -0.123059
v 0.077944 0.021673 -0.088921
v 0.075968 0.025085 -0.082639
v 0.063549 0.037463 -0.061210
v 0.059072 0.040537 -0.056105
v 0.073526 0.028283 -0.076906
v 0.066277 -0.009616 -0.154203
v 0.069885 -0.007156 -0.148377
v 0.080310 0.007509 -0.116501
v 0.079438 0.018212 -0.095423
v 0.070840 0.031207 -0.071779
v 0.067416 0.034393 -0.066322
v 0.055033 0.042968 -0.052309
v -0.002579 -0.047098 -0.183313
v 0.001607 -0.022103 -0.195740
v -0.006207 -0.021687 -0.196927
v -0.012141 -0.021266 -0.197351
v -0.009510 -0.046761 -0.184319
v -0.015359 -0.046213 -0.184816
v -0.018481 -0.045586 -0.185067
v -0.021492 -0.044775 -0.185627
v -0.023874 -0.043946 -0.186422
v -0.025419 -0.042710 -0.187681
v -0.026976 -0.041215 -0.189212
v -0.028018 -0.039488 -0.190786
v -0.028777 -0.037500 -0.192462
v -0.028961 -0.035145 -0.193904
v -0.028747 -0.032899 -0.195015
v -0.028204 -0.030525 -0.196028
v -0.027064 -0.028204 -0.196670
v -0.025517 -0.025965 -0.197087
v -0.023848 -0.024229 -0.197230
v -0.021876 -0.022858 -0.197272
v -0.019797 -0.021909 -0.197214
v -0.017476 -0.021350 -0.197265
v -0.014943 -0.021180 -0.197348
v 0.053461 0.044046 -0.048977
v 0.058539 0.039204 -0.041229
v 0.051875 0.044442 -0.047260
v 0.057045 0.039875 -0.040096
v 0.050385 0.044579 -0.045229
v 0.055964 0.040103 -0.038961
v 0.049191 0.044252 -0.043059
v 0.048306 0.043431 -0.040764
v 0.055048 0.040049 -0.037987
v 0.054095 0.039259 -0.036467
v 0.047556 0.041880 -0.038332
v 0.047034 0.040222 -0.036493
v 0.053486 0.038397 -0.035308
v 0.053164 0.037056 -0.034410
v 0.046625 0.038054 -0.034851
v 0.046335 0.035292 -0.033671
v 0.052907 0.035370 -0.033646
v 0.053021 0.034102 -0.033308
v 0.046215 0.031985 -0.033032
v 0.053279 0.033094 -0.033204
v 0.046303 0.028913 -0.033047
v 0.053732 0.031949 -0.033247
v 0.046762 0.026098 -0.033599
v 0.054485 0.030782 -0.033595
v 0.047510 0.023670 -0.034614
v 0.055355 0.029916 -0.034208
v 0.048789 0.021915 -0.035662
v 0.056340 0.029122 -0.034864
v 0.050046 0.020663 -0.036712
v 0.057464 0.028372 -0.035752
v 0.058845 0.038701 -0.040675
v 0.057460 0.039433 -0.039496
v 0.056393 0.039683 -0.038512
v 0.055648 0.039627 -0.037647
v 0.054697 0.038950 -0.036406
v 0.054072 0.038044 -0.035469
v 0.053657 0.036871 -0.034613
v 0.053476 0.035306 -0.033872
v 0.053599 0.034179 -0.033577
v 0.053843 0.033165 -0.033431
v 0.054183 0.032196 -0.033444
v 0.054888 0.031157 -0.033752
v 0.055725 0.030289 -0.034268
v 0.056655 0.029558 -0.034955
v 0.057720 0.028844 -0.035821
v 0.052501 0.044181 -0.050025
v 0.050809 0.044572 -0.048193
v 0.049334 0.044800 -0.046131
v 0.048216 0.044502 -0.043812
v 0.047260 0.043784 -0.041575
v 0.046341 0.042199 -0.038854
v 0.045806 0.040464 -0.036881
v 0.045372 0.038163 -0.035140
v 0.045029 0.035259 -0.033834
v 0.044940 0.031792 -0.033116
v 0.045015 0.028651 -0.033064
v 0.045522 0.025629 -0.033891
v 0.046404 0.023190 -0.034948
v 0.047586 0.021326 -0.036186
v 0.048712 0.020114 -0.037170
v -0.008234 -0.034726 -0.197050
v -0.008865 -0.034754 -0.196981
v -0.001158 -0.035666 -0.197213
v -0.009428 -0.034998 -0.196812
v -0.009837 -0.035420 -0.196570
v -0.009849 -0.038301 -0.195162
v -0.009366 -0.038689 -0.195015
v -0.008764 -0.038887 -0.194971
v -0.010135 -0.036351 -0.196089
v -0.010189 -0.037211 -0.195664
v -0.001696 -0.039894 -0.195100
v 0.000183 -0.036607 -0.196871
v -0.000354 -0.035979 -0.197131
v 0.000311 -0.037382 -0.196504
v -0.000842 -0.039809 -0.195217
v -0.000166 -0.039348 -0.195502
v 0.000269 -0.038366 -0.196019
v 0.018561 -0.045493 -0.176104
v 0.019555 -0.046514 -0.178545
v 0.026036 -0.045832 -0.175586
v 0.024731 -0.044854 -0.173292
v 0.004218 -0.046079 -0.180846
v 0.005000 -0.047031 -0.183282
v 0.012300 -0.046930 -0.181123
v 0.011522 -0.045912 -0.178695
v 0.033031 -0.044914 -0.171901
v 0.031442 -0.043899 -0.169718
v 0.037376 -0.042764 -0.165978
v 0.039086 -0.043719 -0.167987
v 0.044937 -0.042320 -0.163605
v 0.043148 -0.041312 -0.161646
v 0.050683 -0.040557 -0.158615
v 0.048780 -0.039617 -0.156864
v 0.053389 -0.037936 -0.152364
v 0.055486 -0.038794 -0.153966
v 0.060370 -0.036570 -0.148532
v 0.058160 -0.035819 -0.146952
v 0.071447 -0.025638 -0.123349
v 0.073998 -0.026249 -0.124122
v 0.076050 -0.023444 -0.118306
v 0.073251 -0.023034 -0.117706
v 0.076353 -0.013388 -0.097698
v 0.079398 -0.013353 -0.097758
v 0.079082 -0.009641 -0.090267
v 0.076052 -0.009739 -0.090502
v 0.077823 -0.020446 -0.112130
v 0.074838 -0.020200 -0.111659
v 0.078966 -0.016912 -0.104849
v 0.075932 -0.016775 -0.104557
v 0.071416 0.000785 -0.070680
v 0.074418 0.001104 -0.069837
v 0.071855 0.004223 -0.064157
v 0.069168 0.003849 -0.065133
v 0.059692 0.012564 -0.050121
v 0.061792 0.013373 -0.048411
v 0.057438 0.016348 -0.043612
v 0.056368 0.014873 -0.046345
v 0.069124 0.007178 -0.058850
v 0.066532 0.006718 -0.060071
v 0.078111 -0.006123 -0.083210
v 0.074985 -0.006196 -0.083710
v 0.064594 -0.034174 -0.142582
v 0.062238 -0.033463 -0.141241
v 0.068215 -0.031729 -0.136783
v 0.065620 -0.031070 -0.135629
v 0.076497 -0.002272 -0.076167
v 0.073481 -0.002580 -0.076872
v 0.065458 0.010490 -0.053204
v 0.063084 0.009818 -0.054749
v 0.052642 0.019123 -0.039019
v 0.050772 0.018375 -0.040093
v 0.071482 -0.028995 -0.130396
v 0.068892 -0.028344 -0.129379
v 0.027744 -0.021159 -0.185282
v 0.029051 -0.022370 -0.187264
v 0.022685 -0.023045 -0.190250
v 0.021549 -0.021774 -0.188053
v 0.014809 -0.022176 -0.190535
v 0.015606 -0.023441 -0.192865
v 0.008425 -0.023564 -0.194964
v 0.007177 -0.022343 -0.192773
v 0.034427 -0.020178 -0.181662
v 0.035937 -0.021388 -0.183533
v 0.046433 -0.017534 -0.173399
v 0.048154 -0.018773 -0.175177
v 0.042156 -0.020223 -0.179738
v 0.040425 -0.019079 -0.177977
v 0.051821 -0.015886 -0.168773
v 0.053686 -0.017085 -0.170391
v 0.061073 -0.012023 -0.158768
v 0.062982 -0.013153 -0.160167
v 0.058318 -0.015294 -0.165631
v 0.056367 -0.014189 -0.164258
v 0.074396 -0.001894 -0.135257
v 0.076929 -0.002697 -0.135759
v 0.074637 -0.005205 -0.141475
v 0.071913 -0.004638 -0.141343
v 0.078825 0.014002 -0.102461
v 0.081652 0.013667 -0.101971
v 0.082057 0.009812 -0.109404
v 0.079275 0.010362 -0.109610
v 0.076211 0.000714 -0.129605
v 0.079024 0.000212 -0.129428
v 0.077593 0.003585 -0.123536
v 0.080545 0.003313 -0.122865
v 0.074436 0.024522 -0.082580
v 0.077271 0.024381 -0.081777
v 0.079353 0.020928 -0.088112
v 0.076463 0.021170 -0.088760
v 0.057729 0.039735 -0.056418
v 0.060036 0.040092 -0.054956
v 0.064622 0.037059 -0.060013
v 0.062304 0.036625 -0.061477
v 0.072176 0.027621 -0.076971
v 0.074996 0.027605 -0.075934
v 0.068762 -0.007380 -0.147595
v 0.071026 -0.008295 -0.148530
v 0.067281 -0.010796 -0.154366
v 0.065235 -0.009733 -0.153166
v 0.078870 0.006983 -0.116447
v 0.081650 0.006525 -0.116186
v 0.077996 0.017532 -0.095631
v 0.080778 0.017402 -0.094763
v 0.066176 0.033662 -0.066448
v 0.068571 0.033870 -0.065236
v 0.072088 0.030657 -0.070702
v 0.069623 0.030483 -0.071923
v 0.053631 0.042270 -0.052478
v 0.055870 0.042584 -0.050975
v -0.003086 -0.045937 -0.182381
v -0.002147 -0.046870 -0.184805
v 0.001737 -0.023441 -0.196444
v 0.000933 -0.022199 -0.194033
v -0.005931 -0.023054 -0.197652
v -0.006554 -0.021734 -0.195298
v -0.012207 -0.022535 -0.198086
v -0.012284 -0.021227 -0.195754
v -0.009326 -0.046508 -0.185812
v -0.009751 -0.045561 -0.183292
v -0.015512 -0.045003 -0.183614
v -0.015214 -0.046129 -0.186248
v -0.018595 -0.044544 -0.184030
v -0.018176 -0.045605 -0.186459
v -0.020323 -0.044120 -0.184268
v -0.020829 -0.044827 -0.187011
v -0.023769 -0.042811 -0.185604
v -0.023144 -0.043934 -0.187776
v -0.025361 -0.041839 -0.186621
v -0.024564 -0.042563 -0.189127
v -0.026744 -0.040453 -0.187993
v -0.025913 -0.041130 -0.190548
v -0.027904 -0.038536 -0.189677
v -0.026858 -0.039464 -0.191941
v -0.028591 -0.036684 -0.191189
v -0.027487 -0.037613 -0.193473
v -0.028895 -0.034492 -0.192649
v -0.027611 -0.035474 -0.194727
v -0.028714 -0.032412 -0.193714
v -0.027357 -0.033456 -0.195772
v -0.028122 -0.030239 -0.194472
v -0.026818 -0.031169 -0.196781
v -0.027084 -0.027795 -0.195123
v -0.025716 -0.028917 -0.197394
v -0.025420 -0.025532 -0.195539
v -0.024420 -0.026962 -0.197747
v -0.023797 -0.023751 -0.195908
v -0.022973 -0.025423 -0.197915
v -0.021684 -0.022394 -0.195919
v -0.021324 -0.024160 -0.197978
v -0.020001 -0.021609 -0.195883
v -0.019137 -0.023102 -0.198003
v -0.017693 -0.021055 -0.195884
v -0.017162 -0.022522 -0.197983
v -0.014925 -0.022438 -0.198121
v -0.014583 -0.021008 -0.195865
v 0.051720 0.043222 -0.050816
v 0.053580 0.043668 -0.048716
v 0.049159 0.044051 -0.048066
v 0.051979 0.044014 -0.047065
v 0.048310 0.044318 -0.046600
v 0.050373 0.044175 -0.045254
v 0.047340 0.044030 -0.044829
v 0.049235 0.043859 -0.043148
v 0.046276 0.043280 -0.042586
v 0.048396 0.043069 -0.040923
v 0.045371 0.042005 -0.040042
v 0.047643 0.041558 -0.038562
v 0.044761 0.040123 -0.037730
v 0.047127 0.039946 -0.036775
v 0.044267 0.037877 -0.036106
v 0.046745 0.037849 -0.035179
v 0.043934 0.035054 -0.034643
v 0.046431 0.035170 -0.034045
v 0.043844 0.031674 -0.033963
v 0.046306 0.031945 -0.033425
v 0.044080 0.028556 -0.034091
v 0.046405 0.028958 -0.033437
v 0.044653 0.025523 -0.034696
v 0.046845 0.026225 -0.033974
v 0.045649 0.023112 -0.035802
v 0.047581 0.023872 -0.034957
v 0.046587 0.021537 -0.037172
v 0.048866 0.022188 -0.035951
v 0.047658 0.020417 -0.038139
v 0.050098 0.020974 -0.036966
v -0.008865 -0.034754 -0.196981
v -0.008233 -0.034726 -0.197051
v -0.005183 -0.037200 -0.196110
v -0.001157 -0.035666 -0.197213
v -0.009836 -0.035420 -0.196570
v -0.009427 -0.034998 -0.196813
v -0.009366 -0.038689 -0.195015
v -0.009848 -0.038301 -0.195162
v -0.008763 -0.038887 -0.194971
v -0.010135 -0.036352 -0.196089
v -0.010189 -0.037211 -0.195664
v -0.001696 -0.039894 -0.195101
v -0.000354 -0.035980 -0.197131
v 0.000184 -0.036608 -0.196871
v 0.000311 -0.037382 -0.196504
v -0.000165 -0.039348 -0.195502
v -0.000842 -0.039809 -0.195217
v 0.000269 -0.038366 -0.196020
v -0.005718 -0.024042 -0.192965
v -0.005346 -0.025640 -0.191310
v -0.003321 -0.023969 -0.192915
v -0.003568 -0.025605 -0.191237
v -0.000628 -0.024332 -0.192224
v -0.001351 -0.025881 -0.190694
v 0.001885 -0.025020 -0.191073
v 0.000800 -0.026501 -0.189704
v -0.007987 -0.024406 -0.192578
v -0.007057 -0.026045 -0.190961
v -0.010118 -0.025117 -0.191795
v -0.009033 -0.026686 -0.190369
v -0.011930 -0.026237 -0.190705
v -0.010237 -0.027323 -0.189801
v -0.011138 -0.028498 -0.188868
v -0.013298 -0.027700 -0.189475
v -0.014287 -0.029536 -0.188213
v -0.012274 -0.030909 -0.187319
v -0.012454 -0.034196 -0.185854
v -0.014872 -0.031576 -0.187069
v -0.014978 -0.033200 -0.186314
v -0.014410 -0.036918 -0.185063
v -0.011758 -0.036853 -0.185004
v -0.012496 -0.040363 -0.184306
v -0.009888 -0.039416 -0.184408
v -0.009408 -0.042900 -0.183850
v -0.007243 -0.040813 -0.183988
v -0.004992 -0.044218 -0.183250
v -0.004685 -0.041619 -0.183588
v -0.001833 -0.041406 -0.183120
v -0.000767 -0.043791 -0.182517
v 0.001726 -0.039819 -0.182541
v 0.003002 -0.041897 -0.181831
v 0.004533 -0.040418 -0.181661
v 0.005761 -0.038664 -0.181702
v 0.002942 -0.038465 -0.182517
v 0.006652 -0.036735 -0.182010
v 0.004248 -0.036251 -0.182783
v 0.007194 -0.034760 -0.182600
v 0.004872 -0.034003 -0.183480
v 0.007402 -0.032847 -0.183453
v 0.004825 -0.030941 -0.185151
v 0.007276 -0.030824 -0.184689
v 0.006662 -0.028864 -0.186273
v 0.004351 -0.029501 -0.186267
v 0.005563 -0.027273 -0.187940
v 0.003276 -0.028261 -0.187510
v 0.003969 -0.025964 -0.189604
v -0.014889 -0.031280 -0.186425
v -0.014989 -0.032851 -0.185701
v -0.005774 -0.023675 -0.192316
v -0.008072 -0.024054 -0.191942
v -0.010164 -0.024801 -0.191155
v -0.013298 -0.027399 -0.188848
v -0.014260 -0.029158 -0.187624
v -0.014440 -0.036620 -0.184417
v -0.009510 -0.042800 -0.183168
v -0.000694 -0.043605 -0.181794
v 0.003093 -0.041694 -0.181109
v 0.004631 -0.040205 -0.180941
v 0.007315 -0.034498 -0.181894
v 0.007536 -0.032514 -0.182776
v 0.004018 -0.025549 -0.188952
v 0.001863 -0.024563 -0.190452
v -0.000663 -0.023931 -0.191578
v 0.059418 0.027406 -0.052064
v 0.056213 0.025250 -0.047717
v 0.050854 0.025089 -0.048720
v 0.054752 0.028232 -0.054875
v 0.059586 0.031050 -0.060575
v 0.062496 0.029450 -0.056192
v 0.055586 0.024746 -0.046844
v 0.056529 0.020907 -0.047879
v 0.057157 0.021149 -0.048742
v 0.054204 0.019300 -0.048951
v 0.053607 0.018940 -0.047447
v 0.052902 0.019171 -0.046463
v 0.056016 0.021084 -0.047134
v 0.051762 0.020130 -0.045680
v 0.055513 0.021766 -0.046376
v 0.050758 0.021456 -0.045569
v 0.055229 0.022730 -0.046053
v 0.050165 0.022854 -0.046069
v 0.055248 0.023737 -0.046226
v 0.057061 0.022009 -0.055858
v 0.060270 0.023058 -0.053197
v 0.063391 0.024918 -0.057662
v 0.060824 0.024747 -0.062339
v 0.063632 0.029575 -0.057817
v 0.061223 0.031413 -0.062338
v 0.061829 0.031036 -0.063103
v 0.064138 0.029265 -0.058419
v 0.064465 0.028384 -0.059048
v 0.062531 0.028425 -0.064472
v 0.064607 0.027248 -0.059380
v 0.062289 0.026877 -0.064366
v 0.064307 0.026388 -0.059393
v 0.061633 0.025469 -0.063529
v 0.063947 0.025335 -0.058570
v 0.014733 0.003976 -0.078927
v 0.014787 0.005517 -0.089901
v 0.011010 0.007188 -0.090748
v 0.010768 0.005607 -0.080070
v 0.017774 0.001964 -0.077749
v 0.017826 0.003112 -0.089098
v 0.019882 -0.000871 -0.076843
v 0.019717 0.000032 -0.088513
v 0.020658 -0.004479 -0.076072
v 0.020276 -0.003506 -0.088028
v -0.002106 -0.028768 -0.076683
v 0.002657 -0.028349 -0.076982
v -0.000201 -0.031091 -0.072720
v -0.002603 -0.030797 -0.073335
v 0.002263 -0.030962 -0.071786
v 0.018984 -0.010639 -0.087778
v 0.019213 -0.011606 -0.076132
v 0.017506 -0.015437 -0.076913
v 0.017355 -0.014497 -0.088076
v 0.020080 -0.006714 -0.087681
v 0.020365 -0.007862 -0.075834
v -0.013155 0.005265 -0.076403
v -0.008751 0.006715 -0.077427
v -0.008764 0.007582 -0.083083
v -0.014938 0.005137 -0.083134
v -0.004283 0.007105 -0.077640
v -0.003593 0.008085 -0.082697
v 0.001700 0.006844 -0.077275
v 0.002241 0.007780 -0.081830
v 0.002571 0.007734 -0.081777
v 0.002030 0.006797 -0.077222
v 0.007068 0.005550 -0.075916
v 0.007232 0.006674 -0.080972
v 0.010662 0.004344 -0.074411
v 0.014603 0.002376 -0.071956
v 0.017500 0.000662 -0.071173
v 0.019644 -0.001645 -0.070217
v 0.020723 -0.006140 -0.068406
v 0.017168 -0.017514 -0.068403
v 0.014402 -0.021611 -0.070062
v 0.015102 -0.019140 -0.078130
v 0.018865 -0.013918 -0.067583
v 0.020160 -0.009738 -0.067810
v -0.020219 -0.006569 -0.074792
v -0.019934 -0.010227 -0.074257
v -0.020351 -0.010802 -0.071135
v -0.020569 -0.006027 -0.071654
v 0.016607 -0.019734 -0.061776
v 0.014010 -0.023629 -0.063659
v 0.018537 -0.015814 -0.061270
v 0.019926 -0.011640 -0.061749
v 0.020594 -0.007430 -0.063206
v 0.019566 -0.002566 -0.066675
v 0.008707 -0.028452 -0.068315
v 0.006034 -0.029810 -0.070189
v 0.006538 -0.027521 -0.075135
v 0.010763 -0.025062 -0.072916
v 0.017454 0.000121 -0.069326
v -0.018584 0.000781 -0.073771
v -0.016353 0.003265 -0.075089
v -0.018022 0.001513 -0.079814
v -0.018957 -0.000282 -0.077796
v -0.019544 -0.001827 -0.076612
v -0.019925 -0.002222 -0.072669
v -0.019336 -0.015376 -0.071055
v -0.018653 -0.014713 -0.074393
v -0.017392 0.002473 -0.081392
v -0.016796 0.003299 -0.083260
v 0.007422 0.008268 -0.091412
v -0.011801 0.007277 -0.093097
v -0.007692 0.008678 -0.092768
v -0.010479 0.007435 -0.102732
v -0.006753 0.008860 -0.102652
v -0.009610 0.006589 -0.111035
v -0.006283 0.007903 -0.111284
v -0.008982 0.004510 -0.121152
v -0.006035 0.005872 -0.121357
v -0.008893 0.001809 -0.130077
v -0.005937 0.003233 -0.130518
v -0.008999 -0.001612 -0.139906
v -0.006014 -0.000077 -0.140227
v -0.008921 -0.004717 -0.148256
v -0.006142 -0.003353 -0.148615
v -0.008960 -0.008314 -0.156967
v -0.006209 -0.006994 -0.157099
v -0.008895 -0.011067 -0.163346
v -0.006249 -0.009890 -0.163653
v -0.008926 -0.013365 -0.168242
v -0.006127 -0.012004 -0.168308
v -0.002739 0.009270 -0.092244
v -0.002069 0.009593 -0.102410
v -0.001961 0.008778 -0.111460
v -0.001946 0.006832 -0.121587
v -0.002218 0.004128 -0.130898
v -0.002543 0.000716 -0.140616
v -0.002778 -0.002599 -0.148911
v -0.003246 -0.006212 -0.157188
v -0.003372 -0.009238 -0.163605
v -0.003494 -0.011508 -0.168338
v 0.002890 0.009119 -0.091815
v 0.003012 0.009563 -0.102046
v 0.002680 0.008801 -0.111673
v 0.002221 0.006888 -0.121623
v 0.001627 0.004148 -0.131148
v 0.000931 0.000746 -0.140873
v 0.000247 -0.002502 -0.148990
v -0.000469 -0.006177 -0.157206
v -0.001019 -0.009323 -0.163793
v -0.001463 -0.011512 -0.168310
v 0.007266 0.008755 -0.101585
v 0.003346 0.009530 -0.102016
v 0.003224 0.009082 -0.091787
v 0.006957 0.007939 -0.111462
v 0.003014 0.008767 -0.111672
v 0.006103 0.006070 -0.121618
v 0.002555 0.006854 -0.121625
v 0.005200 0.003345 -0.131314
v 0.001937 0.004089 -0.131158
v 0.004179 0.000016 -0.140901
v 0.001240 0.000687 -0.140876
v 0.003376 -0.003193 -0.148910
v 0.000566 -0.002550 -0.148982
v 0.002447 -0.006860 -0.157246
v -0.000136 -0.006220 -0.157210
v 0.001654 -0.010039 -0.164020
v -0.000688 -0.009383 -0.163826
v 0.001224 -0.012132 -0.168369
v -0.001130 -0.011556 -0.168312
v 0.010653 0.007681 -0.101203
v 0.010219 0.006820 -0.111157
v 0.009353 0.004752 -0.121419
v 0.008171 0.002146 -0.131144
v 0.007149 -0.001209 -0.140700
v 0.006197 -0.004450 -0.148689
v 0.005059 -0.007948 -0.157210
v 0.004181 -0.011092 -0.164043
v 0.003367 -0.013046 -0.168446
v -0.015647 0.004481 -0.088092
v -0.014943 0.005127 -0.093194
v -0.013770 0.005077 -0.102741
v -0.013057 0.004178 -0.110627
v -0.012172 0.002225 -0.120516
v -0.011637 -0.000345 -0.129706
v -0.011431 -0.003455 -0.139476
v -0.011489 -0.006822 -0.147942
v -0.011335 -0.010312 -0.156794
v -0.011786 -0.009548 -0.153699
v -0.011550 -0.007959 -0.150642
v -0.011350 -0.013066 -0.163135
v -0.016160 0.003989 -0.088176
v -0.015358 0.004706 -0.093100
v -0.018092 0.001096 -0.083341
v -0.017183 0.002806 -0.083391
v -0.017021 0.002117 -0.092647
v -0.014156 0.004670 -0.102663
v -0.015975 0.002023 -0.102417
v -0.013431 0.003614 -0.110547
v -0.015360 0.000818 -0.110354
v -0.012606 0.001678 -0.120360
v -0.014657 -0.000953 -0.119669
v -0.012183 -0.000898 -0.129613
v -0.014166 -0.003495 -0.129181
v -0.011973 -0.004006 -0.139360
v -0.013794 -0.006495 -0.138878
v -0.012022 -0.007394 -0.147834
v -0.013450 -0.009398 -0.147396
v -0.012912 -0.012394 -0.156755
v -0.012291 -0.010955 -0.155592
v -0.013158 -0.015461 -0.162509
v -0.013443 -0.013705 -0.157489
v -0.011193 -0.015286 -0.168391
v -0.013134 -0.017966 -0.168027
v -0.012796 -0.017454 -0.105441
v -0.012839 -0.019150 -0.114255
v -0.010956 -0.021240 -0.113686
v -0.010856 -0.019668 -0.104717
v -0.014623 -0.014687 -0.106372
v -0.014496 -0.016353 -0.115073
v -0.018838 -0.009640 -0.081048
v -0.019305 -0.005690 -0.081520
v -0.018258 -0.005481 -0.090996
v -0.017506 -0.009265 -0.090054
v -0.016037 -0.011192 -0.107594
v -0.015710 -0.013033 -0.116176
v -0.015497 -0.015903 -0.126599
v -0.014375 -0.019182 -0.125894
v -0.004001 -0.028243 -0.123210
v -0.003857 -0.025825 -0.112950
v -0.006560 -0.024518 -0.113069
v -0.006651 -0.027125 -0.123503
v -0.008659 -0.023216 -0.113250
v -0.008925 -0.025756 -0.123904
v -0.011051 -0.023982 -0.124410
v -0.012713 -0.021960 -0.125126
v -0.008578 -0.021474 -0.104206
v -0.006245 -0.022960 -0.103828
v -0.003425 -0.024161 -0.103726
v -0.004005 -0.023738 -0.087301
v -0.006965 -0.022577 -0.087355
v -0.006360 -0.022114 -0.095409
v -0.003415 -0.023364 -0.095197
v -0.009713 -0.020845 -0.087411
v -0.009007 -0.020465 -0.095746
v -0.011934 -0.018922 -0.087782
v -0.011120 -0.018678 -0.096077
v -0.015027 -0.013579 -0.097387
v -0.013096 -0.016456 -0.096591
v -0.014058 -0.016439 -0.088180
v -0.016018 -0.013305 -0.089018
v -0.016583 -0.009758 -0.098614
v -0.017389 -0.005837 -0.100182
v -0.016845 -0.006858 -0.108962
v -0.004632 -0.025405 -0.081489
v -0.007695 -0.024180 -0.081479
v -0.010621 -0.022272 -0.081478
v -0.013082 -0.020048 -0.081460
v -0.015439 -0.017133 -0.081380
v -0.017316 -0.013772 -0.081279
v -0.018189 -0.001558 -0.091988
v -0.019061 -0.001816 -0.082551
v -0.017272 -0.001954 -0.101403
v -0.016615 -0.002933 -0.109850
v -0.016448 -0.008800 -0.117631
v -0.016131 -0.011634 -0.127711
v -0.007123 -0.029834 -0.134399
v -0.004569 -0.030976 -0.134413
v -0.009012 -0.028577 -0.134421
v -0.011141 -0.026758 -0.134573
v -0.012907 -0.024430 -0.134910
v -0.014389 -0.021656 -0.135538
v -0.015346 -0.018722 -0.136090
v -0.015875 -0.014566 -0.137157
v -0.007407 -0.032311 -0.143935
v -0.004851 -0.033428 -0.143837
v -0.009298 -0.031149 -0.143942
v -0.011277 -0.029425 -0.144053
v -0.012844 -0.027173 -0.144230
v -0.014206 -0.024514 -0.144531
v -0.015249 -0.021413 -0.144956
v -0.015638 -0.017275 -0.145844
v -0.007576 -0.034505 -0.152593
v -0.005307 -0.035684 -0.152644
v -0.009510 -0.033405 -0.152634
v -0.011292 -0.031788 -0.152784
v -0.012752 -0.029906 -0.153125
v -0.014167 -0.027276 -0.153640
v -0.015043 -0.024336 -0.154195
v -0.015357 -0.020231 -0.155026
v -0.016105 -0.004645 -0.118585
v -0.015653 -0.007439 -0.128566
v -0.015327 -0.010510 -0.138176
v -0.015049 -0.013236 -0.146696
v -0.014819 -0.016411 -0.155779
v -0.013669 -0.013712 -0.156797
v -0.013188 -0.012507 -0.155924
v 0.014504 0.005712 -0.100366
v 0.013658 0.004636 -0.110925
v 0.012579 0.002675 -0.121069
v 0.011523 -0.000028 -0.130343
v 0.010084 -0.003365 -0.140682
v 0.009053 -0.006407 -0.148353
v 0.007790 -0.010025 -0.157103
v 0.006734 -0.012981 -0.164113
v 0.005927 -0.014984 -0.168699
v 0.017260 0.003281 -0.099328
v 0.016177 0.001998 -0.110540
v 0.014921 -0.000002 -0.120407
v 0.013875 -0.002699 -0.129538
v 0.012070 -0.005796 -0.140214
v 0.010913 -0.008602 -0.147998
v 0.009760 -0.012320 -0.156848
v 0.008719 -0.015695 -0.164169
v 0.007955 -0.017831 -0.169202
v 0.018864 -0.000091 -0.098950
v 0.017681 -0.001369 -0.109879
v 0.016524 -0.003243 -0.119564
v 0.015205 -0.005469 -0.128897
v 0.013686 -0.008888 -0.139269
v 0.012507 -0.011545 -0.147128
v 0.011156 -0.015444 -0.156492
v 0.010046 -0.018804 -0.164024
v 0.009097 -0.021234 -0.169684
v 0.019468 -0.003947 -0.098424
v 0.018301 -0.004680 -0.109520
v 0.017229 -0.006418 -0.118627
v 0.015957 -0.008723 -0.128161
v 0.014453 -0.011991 -0.138436
v 0.013311 -0.014703 -0.146440
v 0.011799 -0.018920 -0.156162
v 0.010591 -0.021975 -0.163651
v 0.009567 -0.024604 -0.169797
v -0.000232 -0.024726 -0.103839
v -0.000176 -0.024289 -0.095259
v -0.000564 -0.024731 -0.087175
v -0.016815 -0.018169 -0.075660
v -0.018501 -0.014587 -0.075156
v -0.008304 -0.026130 -0.077298
v -0.011497 -0.024140 -0.076960
v -0.005300 -0.027469 -0.077403
v -0.001262 -0.026420 -0.081415
v -0.000674 -0.026689 -0.112817
v 0.007466 -0.023525 -0.096486
v 0.011351 -0.021683 -0.097859
v 0.011537 -0.021575 -0.093458
v 0.011247 -0.021640 -0.088682
v 0.007417 -0.023850 -0.085858
v 0.003334 -0.025092 -0.104138
v 0.002859 -0.026718 -0.113039
v 0.003519 -0.024252 -0.095801
v 0.003710 -0.024793 -0.086535
v 0.003037 -0.026551 -0.080807
v -0.005773 -0.029678 -0.073833
v -0.005417 -0.027917 -0.076576
v 0.006581 -0.026121 -0.079295
v 0.008206 -0.024802 -0.080738
v 0.007099 -0.024446 -0.104758
v 0.006786 -0.026014 -0.113609
v 0.002202 -0.029028 -0.123339
v 0.005872 -0.028386 -0.123979
v 0.010964 -0.022676 -0.106023
v 0.010406 -0.024094 -0.114276
v 0.009172 -0.026741 -0.125012
v -0.014115 -0.021716 -0.076402
v -0.001036 -0.028875 -0.123171
v -0.001764 -0.031731 -0.134588
v -0.002276 -0.034015 -0.143878
v -0.002829 -0.036295 -0.152765
v 0.001285 -0.031957 -0.134925
v 0.000521 -0.034141 -0.144086
v -0.000149 -0.036313 -0.152897
v 0.004689 -0.031227 -0.135255
v 0.003574 -0.033550 -0.144347
v 0.002627 -0.035864 -0.153064
v 0.008025 -0.029348 -0.135533
v 0.007089 -0.031494 -0.144310
v 0.005216 -0.034451 -0.153138
v 0.006221 -0.033366 -0.150879
v 0.006650 -0.032516 -0.148119
v 0.006790 -0.032925 -0.151218
v 0.005906 -0.033960 -0.153259
v 0.008055 -0.031953 -0.154059
v 0.009800 -0.028618 -0.144276
v 0.007707 -0.030985 -0.144303
v 0.007297 -0.032113 -0.148323
v 0.009960 -0.029001 -0.154833
v 0.011499 -0.025459 -0.144394
v 0.011080 -0.025846 -0.155354
v 0.012744 -0.022075 -0.144914
v 0.011738 -0.022192 -0.155805
v 0.013511 -0.018220 -0.145736
v 0.011177 -0.025895 -0.135767
v 0.008633 -0.028849 -0.135581
v 0.012858 -0.022905 -0.136227
v 0.014005 -0.019515 -0.136811
v 0.014625 -0.015496 -0.137348
v 0.012319 -0.023357 -0.125784
v 0.009768 -0.026279 -0.125194
v 0.014259 -0.020114 -0.126112
v 0.015422 -0.016367 -0.126704
v 0.016056 -0.012503 -0.127411
v 0.013548 -0.020849 -0.115460
v 0.011001 -0.023644 -0.114492
v 0.015471 -0.017753 -0.116192
v 0.016622 -0.014152 -0.116955
v 0.017317 -0.010232 -0.117705
v 0.014345 -0.019230 -0.107068
v 0.011574 -0.022233 -0.106217
v 0.016288 -0.016080 -0.107597
v 0.017573 -0.012358 -0.108330
v 0.018336 -0.008635 -0.108893
v 0.015206 -0.017781 -0.097675
v 0.011969 -0.021230 -0.097958
v 0.017094 -0.014698 -0.097744
v 0.018491 -0.010937 -0.097832
v 0.019326 -0.007373 -0.098194
v 0.015509 -0.017468 -0.088409
v 0.011877 -0.021235 -0.088740
v 0.012164 -0.021095 -0.093456
v -0.001974 -0.028405 -0.077366
v -0.019816 -0.010124 -0.075031
v -0.020110 -0.006654 -0.075447
v -0.019549 -0.002142 -0.077231
v -0.019887 -0.004069 -0.076134
v -0.018974 -0.000540 -0.078486
v -0.018247 0.000991 -0.080187
v 0.002705 -0.027878 -0.077689
v 0.005044 -0.027034 -0.078370
v 0.005253 -0.027200 -0.077707
v -0.007755 -0.035356 -0.155394
v -0.007761 -0.036228 -0.159210
v -0.005566 -0.037333 -0.159218
v -0.005406 -0.036289 -0.155144
v -0.005374 -0.036096 -0.154382
v -0.007723 -0.035133 -0.154641
v -0.009560 -0.034222 -0.155667
v -0.009580 -0.035018 -0.159287
v -0.009530 -0.034004 -0.154912
v -0.011276 -0.032653 -0.155955
v -0.011149 -0.033632 -0.159524
v -0.011273 -0.032419 -0.155201
v -0.014089 -0.028214 -0.156672
v -0.014019 -0.029437 -0.160506
v -0.012674 -0.031913 -0.159929
v -0.012707 -0.030867 -0.156243
v -0.012693 -0.030622 -0.155489
v -0.014109 -0.027985 -0.155914
v -0.014947 -0.025374 -0.157245
v -0.014821 -0.026718 -0.161195
v -0.014970 -0.025118 -0.156493
v -0.015281 -0.021318 -0.158093
v -0.015210 -0.022716 -0.161969
v -0.015300 -0.021053 -0.157343
v -0.014777 -0.017106 -0.157624
v -0.014664 -0.018969 -0.162567
v -0.014734 -0.017365 -0.158448
v -0.014034 -0.015193 -0.158109
v -0.014052 -0.017354 -0.162383
v -0.003327 -0.037966 -0.159310
v -0.003012 -0.036849 -0.155016
v -0.002959 -0.036650 -0.154255
v -0.000685 -0.038135 -0.159640
v -0.000326 -0.036863 -0.155089
v -0.000265 -0.036664 -0.154328
v 0.001747 -0.037565 -0.160039
v 0.002375 -0.036352 -0.155065
v 0.002472 -0.036164 -0.154293
v 0.004690 -0.036376 -0.160538
v 0.005177 -0.034607 -0.154067
v 0.003898 -0.035502 -0.154849
v 0.003599 -0.035509 -0.154102
v 0.006873 -0.034346 -0.161253
v 0.008715 -0.031549 -0.162111
v 0.009932 -0.028502 -0.162796
v 0.010513 -0.025210 -0.163312
v -0.005875 -0.038975 -0.165373
v -0.007945 -0.037945 -0.165267
v -0.009616 -0.036834 -0.165363
v -0.011159 -0.035612 -0.165590
v -0.012581 -0.033927 -0.165900
v -0.013922 -0.031586 -0.166410
v -0.014728 -0.028820 -0.166987
v -0.015125 -0.024791 -0.166219
v -0.014459 -0.021895 -0.169272
v -0.014679 -0.022787 -0.168516
v -0.014701 -0.020869 -0.165521
v -0.014205 -0.019494 -0.166564
v -0.014261 -0.021410 -0.170159
v -0.014956 -0.022753 -0.165486
v -0.014918 -0.024119 -0.168218
v -0.003679 -0.039569 -0.165724
v -0.001158 -0.039803 -0.166135
v 0.000986 -0.039339 -0.166526
v 0.003647 -0.038317 -0.167123
v 0.005984 -0.036342 -0.167878
v 0.007792 -0.033730 -0.168655
v 0.008920 -0.030719 -0.169160
v 0.009527 -0.027874 -0.168566
v 0.009673 -0.027200 -0.168394
v 0.009745 -0.026173 -0.168666
v 0.009677 -0.025310 -0.169133
v -0.006198 -0.040910 -0.173137
v -0.008114 -0.040075 -0.173064
v -0.009623 -0.039224 -0.173100
v -0.011087 -0.037999 -0.173286
v -0.012436 -0.036544 -0.173529
v -0.013821 -0.034442 -0.174047
v -0.014668 -0.031920 -0.174718
v -0.015006 -0.028811 -0.174088
v -0.014920 -0.028754 -0.175361
v -0.014899 -0.031244 -0.177528
v -0.015032 -0.025478 -0.168607
v -0.013167 -0.020558 -0.173565
v -0.014005 -0.021230 -0.171318
v -0.004198 -0.041420 -0.173290
v -0.001786 -0.041428 -0.173527
v 0.000085 -0.041152 -0.173701
v 0.002582 -0.040316 -0.174000
v 0.005060 -0.038302 -0.174502
v 0.006870 -0.035662 -0.175149
v 0.007855 -0.033071 -0.175834
v -0.006723 -0.043388 -0.182784
v -0.008249 -0.042841 -0.182910
v -0.009599 -0.042149 -0.183061
v -0.010925 -0.041190 -0.183211
v -0.012150 -0.040235 -0.183488
v -0.013235 -0.038735 -0.183916
v -0.014216 -0.036377 -0.184517
v -0.014786 -0.028066 -0.176340
v -0.014747 -0.029795 -0.179339
v -0.014212 -0.030076 -0.187140
v -0.014774 -0.033140 -0.185648
v -0.013257 -0.024509 -0.181649
v -0.014398 -0.025810 -0.177115
v -0.014185 -0.024688 -0.176878
v -0.014367 -0.027359 -0.180921
v -0.013384 -0.028050 -0.188526
v -0.013128 -0.022313 -0.177430
v -0.004860 -0.043713 -0.182455
v -0.002627 -0.043496 -0.181998
v -0.000913 -0.043261 -0.181707
v 0.001688 -0.042275 -0.181415
v 0.004060 -0.040519 -0.181417
v 0.005812 -0.037921 -0.181655
v 0.006813 -0.035287 -0.182105
v 0.007180 -0.033008 -0.182714
v 0.008185 -0.031184 -0.176181
v 0.008247 -0.030311 -0.177025
v 0.007078 -0.030723 -0.184075
v 0.008234 -0.029395 -0.177291
v 0.000956 -0.012866 -0.169975
v -0.001234 -0.012238 -0.169667
v 0.002830 -0.013956 -0.170597
v 0.004450 -0.015704 -0.172080
v 0.005340 -0.017251 -0.173471
v 0.007515 -0.019323 -0.172069
v 0.007212 -0.020356 -0.174272
v 0.005864 -0.018867 -0.175065
v 0.006879 -0.021339 -0.176387
v 0.005908 -0.020106 -0.176777
v 0.006454 -0.022346 -0.178722
v 0.005492 -0.021017 -0.178863
v 0.005944 -0.023201 -0.181354
v 0.004756 -0.021561 -0.181033
v 0.005102 -0.024052 -0.184632
v 0.003558 -0.021707 -0.183053
v 0.001927 -0.024931 -0.190314
v 0.001553 -0.021611 -0.185138
v -0.000576 -0.024237 -0.191462
v -0.000639 -0.021328 -0.186334
v -0.003236 -0.023917 -0.192082
v -0.002721 -0.021030 -0.186596
v -0.003660 -0.023891 -0.192147
v -0.005758 -0.023940 -0.192222
v -0.004862 -0.020786 -0.186261
v -0.003140 -0.020970 -0.186598
v -0.007848 -0.024292 -0.191857
v -0.007071 -0.020585 -0.185055
v -0.009926 -0.024952 -0.191110
v -0.009054 -0.020270 -0.182824
v -0.011254 -0.021614 -0.181676
v -0.009911 -0.019917 -0.180688
v -0.011761 -0.020464 -0.178116
v -0.010526 -0.019354 -0.178540
v -0.011809 -0.019404 -0.175716
v -0.010602 -0.018382 -0.176372
v -0.011543 -0.017930 -0.173268
v -0.010245 -0.017205 -0.174590
v -0.011226 -0.016623 -0.171247
v -0.009379 -0.015848 -0.173081
v -0.008105 -0.014432 -0.171710
v -0.006068 -0.012957 -0.170392
v -0.003558 -0.012215 -0.169749
v -0.001566 -0.012187 -0.169649
v 0.007668 -0.024807 -0.178113
v 0.007024 -0.026480 -0.182162
v 0.008284 -0.027261 -0.177083
v 0.008476 -0.022630 -0.173197
v 0.008937 -0.024403 -0.172406
v 0.008381 -0.026437 -0.176197
v -0.008458 -0.026615 -0.076493
v -0.008998 -0.028320 -0.073852
v -0.017015 -0.018392 -0.074834
v -0.017716 -0.019428 -0.071473
v -0.014337 -0.022001 -0.075649
v -0.011656 -0.024507 -0.076102
v -0.012118 -0.025969 -0.073296
v -0.015219 -0.023064 -0.072307
v -0.020001 -0.003901 -0.075579
v -0.017663 0.002024 -0.081732
v 0.011426 -0.022669 -0.079969
v 0.011807 -0.025973 -0.065651
v 0.010366 -0.022565 -0.085108
v 0.009311 -0.023678 -0.082580
v 0.009774 -0.023498 -0.082114
v 0.008589 -0.024639 -0.080105
v 0.010960 -0.022258 -0.084753
v 0.007133 -0.025982 -0.078961
v -0.012696 -0.011334 -0.155073
v -0.012064 -0.008510 -0.150496
v -0.012274 -0.010005 -0.153455
v 0.006410 -0.027165 -0.184657
v 0.005787 -0.027594 -0.186812
v 0.004091 -0.025903 -0.188575
v 0.001896 0.005536 -0.076958
v 0.002436 0.006473 -0.081513
v 0.002106 0.006519 -0.081566
v 0.001566 0.005584 -0.077010
v 0.003090 0.007822 -0.091523
v 0.002756 0.007858 -0.091550
v 0.003211 0.008269 -0.101752
v 0.002877 0.008303 -0.101782
v 0.002880 0.007506 -0.111408
v 0.002546 0.007540 -0.111409
v 0.002421 0.005594 -0.121361
v 0.002086 0.005628 -0.121359
v 0.001803 0.002829 -0.130894
v 0.001469 0.002867 -0.130876
v 0.001106 -0.000574 -0.140612
v 0.000773 -0.000535 -0.140599
v 0.000431 -0.003810 -0.148718
v 0.000097 -0.003775 -0.148719
v -0.000271 -0.007481 -0.156946
v -0.000603 -0.007438 -0.156942
v -0.000823 -0.010643 -0.163562
v -0.001154 -0.010584 -0.163529
v -0.001265 -0.012816 -0.168048
v -0.001598 -0.012772 -0.168046
v -0.001542 -0.013629 -0.169799
v -0.001840 -0.013584 -0.169783
v -0.014215 -0.015336 -0.157360
v 0.006674 -0.024837 -0.078670
v 0.006483 -0.025226 -0.078954
v 0.007834 -0.023784 -0.080237
v 0.008132 -0.023842 -0.079909
v -0.017890 -0.000488 -0.077866
v -0.016933 0.001034 -0.079722
v -0.017143 0.000764 -0.079981
v -0.017759 -0.000708 -0.078180
v -0.010315 -0.008866 -0.150300
v -0.010812 -0.009342 -0.150088
v -0.010830 -0.008393 -0.147577
v -0.010297 -0.007822 -0.147685
v -0.012520 -0.014732 -0.156432
v -0.011915 -0.013436 -0.155621
v -0.011568 -0.013211 -0.156369
v -0.012235 -0.014535 -0.157174
v 0.004205 -0.032965 -0.153311
v 0.004244 -0.033088 -0.154185
v 0.004790 -0.032555 -0.153416
v -0.001657 -0.026936 -0.076667
v 0.002316 -0.026809 -0.076954
v 0.002291 -0.027048 -0.076583
v -0.001634 -0.027120 -0.076192
v -0.018765 -0.010114 -0.074155
v -0.019000 -0.006617 -0.074872
v -0.018921 -0.006648 -0.075157
v -0.018657 -0.010059 -0.074756
v -0.018336 -0.002282 -0.077100
v -0.018338 -0.002061 -0.076772
v -0.017403 -0.014110 -0.074064
v -0.017308 -0.014097 -0.074578
v -0.013977 0.003972 -0.093077
v -0.014902 0.003495 -0.088145
v -0.014631 0.003741 -0.088005
v -0.013778 0.004317 -0.093159
v -0.012613 0.004242 -0.102528
v -0.012819 0.003880 -0.102476
v -0.011700 0.003173 -0.110354
v -0.012239 0.002615 -0.110290
v -0.010873 0.001223 -0.120250
v -0.011414 0.000679 -0.120103
v -0.010445 -0.001344 -0.129449
v -0.010991 -0.001897 -0.129356
v -0.010239 -0.004454 -0.139219
v -0.010781 -0.005005 -0.139103
v -0.011555 -0.012299 -0.154824
v -0.011112 -0.011971 -0.155362
v -0.011164 -0.011156 -0.153310
v -0.010780 -0.010703 -0.153661
v -0.015600 -0.017430 -0.075057
v -0.015722 -0.017497 -0.074577
v -0.007918 -0.024821 -0.076065
v -0.010785 -0.022920 -0.075716
v -0.010791 -0.022794 -0.076213
v -0.007943 -0.024650 -0.076529
v -0.005013 -0.026136 -0.076200
v -0.004981 -0.026003 -0.076695
v 0.010773 -0.020855 -0.088724
v 0.010665 -0.020523 -0.093575
v 0.011267 -0.020142 -0.093592
v 0.011208 -0.020419 -0.088816
v 0.010457 -0.020827 -0.106374
v 0.011018 -0.020201 -0.098037
v 0.010381 -0.020489 -0.097992
v 0.009848 -0.021270 -0.106180
v 0.009884 -0.022238 -0.114649
v 0.009290 -0.022689 -0.114433
v 0.008651 -0.024874 -0.125351
v 0.008056 -0.025335 -0.125169
v -0.013005 -0.020495 -0.075069
v -0.012882 -0.020419 -0.075574
v 0.006909 -0.027943 -0.135690
v 0.007517 -0.027444 -0.135738
v 0.005973 -0.030088 -0.144467
v 0.006591 -0.029579 -0.144459
v 0.005674 -0.031520 -0.151375
v 0.005161 -0.031921 -0.151071
v -0.018819 -0.004018 -0.076067
v -0.018795 -0.003906 -0.075743
v 0.004920 -0.026005 -0.077850
v 0.005040 -0.025865 -0.077473
v -0.004965 -0.034796 -0.154642
v -0.006814 -0.033543 -0.154924
v -0.006846 -0.033766 -0.155677
v -0.005037 -0.034973 -0.155326
v -0.008621 -0.032414 -0.155195
v -0.009957 -0.031119 -0.155467
v -0.009960 -0.031353 -0.156221
v -0.008651 -0.032632 -0.155950
v -0.012494 -0.027374 -0.156861
v -0.011205 -0.029778 -0.156525
v -0.011187 -0.029540 -0.155779
v -0.012503 -0.027176 -0.156143
v -0.012945 -0.015859 -0.157868
v -0.013195 -0.016005 -0.157053
v -0.000370 -0.035443 -0.154584
v -0.002608 -0.035336 -0.154513
v -0.002683 -0.035512 -0.155206
v -0.000397 -0.035604 -0.155221
v 0.002065 -0.035121 -0.155206
v 0.003433 -0.034405 -0.154837
v 0.003201 -0.034373 -0.154239
v 0.002124 -0.034957 -0.154494
v -0.016561 0.001657 -0.081531
v -0.016345 0.001887 -0.081273
v -0.016023 0.002384 -0.083266
v -0.015776 0.002653 -0.083202
v 0.009039 -0.022811 -0.082410
v 0.009410 -0.022627 -0.082043
v -0.013617 -0.024960 -0.157288
v -0.013724 -0.024764 -0.156581
v -0.014109 -0.021064 -0.157215
v -0.014074 -0.021372 -0.157898
v 0.009995 -0.021769 -0.085031
v 0.010289 -0.021420 -0.084819
v 0.005612 -0.031053 -0.148303
v 0.006155 -0.030726 -0.148467
v -0.013775 -0.017958 -0.158152
v -0.013801 -0.017606 -0.157390
v -0.002737 -0.021431 -0.185532
v -0.003322 -0.024507 -0.191764
v -0.003745 -0.024480 -0.191829
v -0.003112 -0.021378 -0.185533
v 0.000388 -0.014364 -0.170000
v 0.002053 -0.015460 -0.170512
v 0.003598 -0.017221 -0.172012
v 0.004291 -0.018687 -0.173169
v 0.004718 -0.020185 -0.174507
v 0.004777 -0.021275 -0.176077
v 0.004405 -0.022092 -0.177946
v 0.003745 -0.022578 -0.179890
v 0.002672 -0.022710 -0.181700
v 0.000874 -0.022286 -0.183928
v -0.001040 -0.021840 -0.185108
v -0.004529 -0.021389 -0.185128
v -0.006779 -0.021413 -0.183731
v -0.008678 -0.021326 -0.181492
v -0.009396 -0.021105 -0.179582
v -0.009963 -0.020618 -0.177649
v -0.010032 -0.019703 -0.175722
v -0.009696 -0.018676 -0.174118
v -0.008922 -0.017475 -0.172748
v -0.007778 -0.016196 -0.171532
v -0.005841 -0.014512 -0.170346
v -0.003520 -0.013763 -0.169782
v -0.015073 -0.026417 -0.169586
v -0.013970 -0.023618 -0.176057
v -0.014637 -0.027020 -0.176971
v -0.014070 -0.028948 -0.174005
v -0.013977 -0.028896 -0.175276
v -0.013376 -0.025866 -0.177065
v -0.013242 -0.024827 -0.176792
v -0.014075 -0.025621 -0.168518
v -0.014130 -0.026558 -0.169500
v -0.013907 -0.024268 -0.168120
v -0.013684 -0.022938 -0.168393
v -0.013471 -0.021981 -0.169186
v -0.013192 -0.021302 -0.171223
v -0.013320 -0.021493 -0.170079
v -0.013126 -0.023787 -0.175943
v -0.013579 -0.027174 -0.176864
v -0.013788 -0.028212 -0.176221
v -0.000324 -0.029186 -0.072019
v -0.002474 -0.028980 -0.072595
v -0.002603 -0.030807 -0.073339
v 0.001880 -0.029053 -0.071196
v -0.011562 0.002929 -0.074914
v -0.007705 0.004062 -0.075721
v -0.003857 0.004306 -0.075846
v 0.001298 0.003994 -0.075474
v 0.001520 0.003974 -0.075446
v 0.005810 0.002932 -0.074347
v 0.008916 0.001971 -0.073101
v 0.012406 0.000397 -0.071053
v -0.018242 -0.010937 -0.070496
v -0.018384 -0.006708 -0.070941
v 0.014820 -0.018967 -0.062135
v 0.012388 -0.022403 -0.063841
v 0.016549 -0.015435 -0.061681
v 0.017715 -0.011679 -0.062127
v 0.018172 -0.007935 -0.063446
v 0.017024 -0.003713 -0.066518
v 0.007439 -0.026383 -0.067946
v 0.005044 -0.027430 -0.069547
v 0.015020 -0.001448 -0.068817
v -0.016461 -0.000797 -0.072737
v -0.014421 0.001295 -0.073838
v -0.017725 -0.003383 -0.071806
v -0.017332 -0.015001 -0.070423
v -0.005263 -0.027985 -0.072994
v -0.005773 -0.029717 -0.073851
v -0.008088 -0.026731 -0.073085
v -0.015819 -0.018567 -0.070766
v -0.011079 -0.024737 -0.072558
v -0.013502 -0.021694 -0.071449
v 0.010308 -0.024384 -0.065621
v -0.013638 -0.025134 -0.172656
v -0.003092 -0.022067 -0.182428
v -0.004468 -0.021903 -0.182159
v -0.004123 -0.018611 -0.183717
v -0.002893 -0.018802 -0.183932
v -0.008016 -0.018622 -0.173310
v -0.006640 -0.017051 -0.172391
v -0.006331 -0.013894 -0.174311
v -0.007602 -0.014818 -0.175605
v -0.005059 -0.016576 -0.171544
v -0.004689 -0.013316 -0.173473
v -0.008277 -0.015746 -0.177071
v -0.008806 -0.019655 -0.175044
v -0.008383 -0.016588 -0.178637
v -0.008938 -0.020953 -0.176569
v -0.007795 -0.017452 -0.180717
v -0.008376 -0.021455 -0.178584
v -0.007060 -0.021697 -0.180470
v -0.006727 -0.017999 -0.182190
v -0.005394 -0.018394 -0.183208
v -0.005729 -0.021831 -0.181567
v -0.001455 -0.018946 -0.183886
v -0.001791 -0.022484 -0.182110
v -0.000266 -0.022483 -0.181743
v 0.000197 -0.019081 -0.183367
v 0.001744 -0.019039 -0.182422
v 0.001285 -0.022616 -0.180655
v 0.003081 -0.018712 -0.180844
v 0.002677 -0.022494 -0.178965
v 0.003952 -0.017859 -0.178708
v 0.003569 -0.021786 -0.176776
v 0.003857 -0.016563 -0.176600
v 0.003194 -0.015554 -0.175209
v 0.002880 -0.019083 -0.173269
v 0.003569 -0.020324 -0.174534
v 0.001698 -0.017783 -0.172208
v 0.001994 -0.014489 -0.174064
v -0.001537 -0.013124 -0.172986
v -0.001878 -0.016121 -0.171254
v 0.000080 -0.016760 -0.171536
v 0.000267 -0.013565 -0.173242
v -0.003012 -0.013049 -0.173083
v -0.003283 -0.016240 -0.171234
v -0.003877 -0.017390 -0.183517
v -0.002741 -0.017542 -0.183709
v -0.005793 -0.013455 -0.175439
v -0.006780 -0.014144 -0.176416
v -0.004305 -0.012897 -0.174655
v -0.007366 -0.014892 -0.177639
v -0.007479 -0.015651 -0.179096
v -0.007070 -0.016359 -0.180769
v -0.006170 -0.016811 -0.182074
v -0.005017 -0.017156 -0.183022
v -0.001502 -0.017664 -0.183669
v -0.000078 -0.017782 -0.183221
v 0.001254 -0.017751 -0.182405
v 0.002405 -0.017480 -0.181042
v 0.003152 -0.016760 -0.179194
v 0.003067 -0.015660 -0.177368
v 0.002492 -0.014801 -0.176162
v 0.001457 -0.013895 -0.175168
v -0.000034 -0.013107 -0.174454
v -0.001589 -0.012731 -0.174231
v -0.002860 -0.012668 -0.174315
v 0.000417 -0.013730 -0.171321
v -0.001641 -0.013251 -0.171106
v -0.001422 -0.012326 -0.169812
v 0.000895 -0.012963 -0.170116
v 0.002732 -0.014062 -0.170688
v 0.002299 -0.014667 -0.171912
v 0.004362 -0.015760 -0.172219
v 0.003618 -0.015852 -0.172869
v 0.005228 -0.017235 -0.173599
v 0.004384 -0.017096 -0.173997
v 0.005721 -0.018829 -0.175101
v 0.004877 -0.018556 -0.175432
v 0.005754 -0.020065 -0.176790
v 0.004998 -0.019561 -0.176998
v 0.005346 -0.020959 -0.178836
v 0.004638 -0.020351 -0.178850
v 0.004623 -0.021492 -0.180965
v 0.004039 -0.020850 -0.180769
v 0.003449 -0.021636 -0.182946
v 0.002885 -0.021073 -0.182474
v 0.001567 -0.021537 -0.184972
v 0.001152 -0.021078 -0.184080
v -0.000625 -0.021269 -0.186157
v -0.000643 -0.020783 -0.185020
v -0.002883 -0.020948 -0.186412
v -0.002697 -0.020469 -0.185322
v -0.004849 -0.020709 -0.186082
v -0.004564 -0.020274 -0.184885
v -0.006979 -0.020535 -0.184910
v -0.006551 -0.020196 -0.183860
v -0.008971 -0.020203 -0.182700
v -0.008146 -0.019954 -0.182196
v -0.009765 -0.019879 -0.180626
v -0.008997 -0.019645 -0.180393
v -0.010386 -0.019345 -0.178511
v -0.009603 -0.019158 -0.178419
v -0.010461 -0.018344 -0.176400
v -0.009798 -0.018337 -0.176491
v -0.010093 -0.017219 -0.174644
v -0.009455 -0.017251 -0.174790
v -0.009245 -0.015905 -0.173144
v -0.008703 -0.016015 -0.173420
v -0.007993 -0.014504 -0.171813
v -0.007529 -0.014816 -0.172338
v -0.006028 -0.013087 -0.170566
v -0.005843 -0.013785 -0.171511
v -0.003557 -0.012342 -0.169924
v -0.003675 -0.013269 -0.171168
v -0.000347 -0.015612 -0.172466
v -0.001967 -0.015238 -0.172310
v -0.000102 -0.015465 -0.170364
v -0.001883 -0.015026 -0.170139
v 0.001086 -0.016347 -0.172842
v 0.001460 -0.016351 -0.170915
v 0.002213 -0.017323 -0.173458
v 0.002678 -0.017546 -0.171797
v 0.002989 -0.018386 -0.174322
v 0.003503 -0.018874 -0.173007
v 0.003408 -0.019388 -0.175423
v 0.003937 -0.020159 -0.174512
v 0.003486 -0.020205 -0.176719
v 0.004005 -0.021258 -0.176246
v 0.003237 -0.020766 -0.178134
v 0.003721 -0.022075 -0.178105
v 0.002658 -0.021050 -0.179563
v 0.003085 -0.022575 -0.179950
v 0.001746 -0.021089 -0.180875
v 0.002087 -0.022780 -0.181624
v 0.000308 -0.020976 -0.182042
v 0.000505 -0.022722 -0.183132
v -0.001200 -0.020733 -0.182681
v -0.001191 -0.022623 -0.183896
v -0.002740 -0.020533 -0.182847
v -0.002833 -0.022431 -0.184081
v -0.004294 -0.020413 -0.182559
v -0.004554 -0.022236 -0.183725
v -0.005788 -0.020315 -0.181796
v -0.006187 -0.022052 -0.182760
v -0.007002 -0.020201 -0.180659
v -0.007505 -0.021803 -0.181322
v -0.007858 -0.019992 -0.179275
v -0.008431 -0.021406 -0.179571
v -0.008342 -0.019603 -0.177810
v -0.008933 -0.020797 -0.177661
v -0.008429 -0.019021 -0.176354
v -0.008994 -0.019961 -0.175738
v -0.008147 -0.018244 -0.175056
v -0.008673 -0.018905 -0.174003
v -0.007507 -0.017344 -0.173995
v -0.007968 -0.017731 -0.172550
v -0.006516 -0.016449 -0.173200
v -0.006881 -0.016588 -0.171431
v -0.005207 -0.015711 -0.172672
v -0.005442 -0.015654 -0.170666
v -0.003642 -0.015274 -0.172384
v -0.003732 -0.015094 -0.170247
v -0.001428 -0.012542 -0.169153
v 0.001021 -0.013215 -0.169475
v 0.002961 -0.014377 -0.170079
v 0.004684 -0.016170 -0.171696
v 0.005599 -0.017730 -0.173155
v 0.006120 -0.019414 -0.174742
v 0.006155 -0.020720 -0.176526
v 0.005724 -0.021665 -0.178688
v 0.004960 -0.022228 -0.180938
v 0.003719 -0.022380 -0.183032
v 0.001731 -0.022276 -0.185172
v -0.000586 -0.021992 -0.186425
v -0.002971 -0.021653 -0.186694
v -0.005049 -0.021400 -0.186346
v -0.007300 -0.021217 -0.185108
v -0.009405 -0.020866 -0.182772
v -0.010244 -0.020524 -0.180581
v -0.010900 -0.019959 -0.178345
v -0.010979 -0.018902 -0.176115
v -0.010591 -0.017713 -0.174259
v -0.009695 -0.016324 -0.172674
v -0.008372 -0.014843 -0.171268
v -0.006295 -0.013346 -0.169950
v -0.003684 -0.012559 -0.169272
v 0.009328 -0.028720 -0.168960
v 0.009138 -0.029319 -0.169673
v 0.008357 -0.031513 -0.173589
v 0.008219 -0.031583 -0.174929
v 0.009103 -0.024179 -0.171551
v 0.009319 -0.024215 -0.170641
v 0.008239 -0.028339 -0.177333
v 0.008663 -0.027838 -0.168433
v 0.008732 -0.027159 -0.168250
v 0.008757 -0.026129 -0.168515
v 0.008740 -0.025270 -0.168989
v 0.007281 -0.029354 -0.177145
v 0.007264 -0.030268 -0.176874
v 0.007621 -0.026408 -0.176079
v 0.007441 -0.027226 -0.176953
v 0.008684 -0.024567 -0.169661
v 0.008406 -0.029291 -0.169559
v 0.008550 -0.028689 -0.168840
v 0.007331 -0.031148 -0.176050
v 0.007689 -0.031489 -0.173485
v 0.007489 -0.031556 -0.174816
v 0.008445 -0.024156 -0.171449
v 0.008304 -0.024382 -0.172307
v 0.008579 -0.024187 -0.170527
v 0.007339 -0.028300 -0.177194
v 0.008073 -0.027634 -0.172507
v -0.031213 -0.002486 -0.044202
v -0.025588 -0.000863 -0.046187
v -0.026317 -0.000179 -0.047839
v -0.031498 -0.000481 -0.048568
v -0.024229 -0.001308 -0.044881
v -0.024235 -0.001468 -0.044537
v -0.024179 0.002055 -0.052385
v -0.025257 0.003112 -0.055245
v -0.025555 0.001396 -0.051195
v -0.029570 0.003388 -0.057126
v -0.030945 0.001497 -0.052920
v -0.003136 0.010113 -0.073220
v -0.003268 0.008133 -0.066628
v 0.000344 0.007901 -0.066313
v 0.001643 0.009787 -0.072761
v 0.003835 0.007414 -0.065432
v 0.006517 0.009073 -0.071459
v 0.007099 0.006684 -0.064011
v 0.011035 0.008004 -0.069362
v 0.010036 0.005736 -0.062094
v 0.015045 0.006617 -0.066542
v 0.012557 0.004597 -0.059739
v 0.018409 0.004958 -0.063095
v 0.014585 0.003303 -0.057017
v 0.021014 0.003084 -0.059137
v 0.016060 0.001891 -0.054011
v 0.022769 0.001059 -0.054804
v 0.018047 0.000718 -0.052030
v 0.015700 0.001371 -0.052752
v 0.020192 -0.000247 -0.050723
v 0.021749 -0.001354 -0.048844
v 0.023616 -0.001049 -0.050244
v 0.022629 -0.002563 -0.046578
v 0.023526 -0.003166 -0.045611
v 0.022713 -0.003766 -0.044106
v 0.021981 -0.004845 -0.041682
v 0.022502 -0.005222 -0.041064
v 0.018429 -0.006190 -0.037874
v 0.015969 -0.006364 -0.036799
v 0.020578 -0.007147 -0.036757
v 0.020501 -0.005685 -0.039537
v 0.017821 -0.008874 -0.032836
v 0.013404 -0.006177 -0.036400
v 0.012066 -0.006541 -0.035373
v 0.009450 -0.007538 -0.033056
v 0.014323 -0.010345 -0.029437
v 0.006437 -0.008322 -0.031183
v 0.010205 -0.011510 -0.026673
v 0.003117 -0.008869 -0.029811
v 0.005606 -0.012329 -0.024640
v -0.000408 -0.009163 -0.028982
v 0.000683 -0.012775 -0.023406
v -0.004032 -0.009195 -0.028722
v -0.004396 -0.012831 -0.023013
v -0.009459 -0.012497 -0.023476
v -0.007644 -0.008963 -0.029037
v -0.018371 -0.010850 -0.026604
v -0.014070 -0.011832 -0.024684
v -0.011135 -0.008475 -0.029918
v -0.014398 -0.007746 -0.031339
v -0.022234 -0.009578 -0.029178
v -0.017335 -0.006798 -0.033256
v -0.019905 -0.005725 -0.035463
v -0.025539 -0.008057 -0.032327
v -0.021885 -0.004364 -0.038333
v -0.028188 -0.006332 -0.035957
v -0.023359 -0.002953 -0.041339
v -0.030098 -0.004456 -0.039955
v -0.011875 0.006034 -0.060389
v -0.011082 0.006524 -0.061672
v -0.012155 0.006822 -0.062680
v -0.013737 0.007260 -0.064167
v -0.014727 0.006776 -0.062899
v -0.014010 0.006228 -0.061223
v -0.004349 0.007795 -0.065452
v -0.007082 0.008006 -0.066059
v -0.005864 0.007773 -0.065240
v -0.002800 0.007776 -0.065463
v -0.001281 0.007648 -0.065226
v 0.000145 0.007427 -0.064759
v 0.001458 0.007116 -0.063953
v 0.002637 0.006707 -0.062995
v 0.003644 0.006235 -0.061869
v 0.004516 0.005673 -0.060464
v 0.004978 0.005081 -0.059013
v 0.005159 0.004447 -0.057401
v 0.013214 0.001732 -0.052944
v 0.005049 0.003857 -0.055746
v 0.010821 0.001782 -0.052425
v 0.004487 -0.001763 -0.043276
v 0.001821 -0.001783 -0.042650
v 0.004969 -0.002796 -0.041276
v 0.002392 -0.001114 -0.044063
v 0.001066 -0.002398 -0.041254
v 0.000001 -0.002898 -0.040148
v 0.010909 -0.005780 -0.036607
v 0.009131 -0.005333 -0.037164
v 0.007674 -0.004737 -0.037984
v 0.006049 -0.003820 -0.039480
v -0.001312 -0.003360 -0.039255
v -0.002676 -0.003684 -0.038507
v -0.004128 -0.003857 -0.038072
v -0.005658 -0.003963 -0.037828
v -0.007194 -0.003932 -0.037880
v -0.008711 -0.003774 -0.038109
v -0.010147 -0.003515 -0.038622
v -0.011472 -0.003188 -0.039328
v -0.012631 -0.002736 -0.040256
v -0.013593 -0.002219 -0.041380
v -0.014381 -0.001547 -0.042823
v -0.031530 -0.001776 -0.049160
v -0.031244 -0.003781 -0.044794
v -0.030976 0.000202 -0.053512
v -0.029602 0.002094 -0.057718
v -0.027416 0.005135 -0.061058
v -0.027447 0.003841 -0.061651
v -0.024547 0.006685 -0.064597
v -0.024579 0.005391 -0.065190
v -0.021051 0.007991 -0.067636
v -0.021083 0.006697 -0.068228
v -0.017035 0.009013 -0.070082
v -0.017066 0.007719 -0.070674
v -0.012619 0.009720 -0.071860
v -0.012650 0.008425 -0.072452
v -0.007939 0.010090 -0.072917
v -0.007970 0.008796 -0.073509
v -0.003167 0.008818 -0.073812
v 0.001612 0.008492 -0.073353
v 0.006485 0.007779 -0.072051
v 0.011004 0.006710 -0.069954
v 0.015014 0.005322 -0.067134
v 0.018378 0.003663 -0.063687
v 0.020982 0.001789 -0.059729
v 0.022738 -0.000236 -0.055397
v 0.023585 -0.002343 -0.050836
v 0.023495 -0.004461 -0.046204
v 0.022471 -0.006517 -0.041656
v 0.020547 -0.008441 -0.037349
v 0.017789 -0.010168 -0.033429
v 0.014292 -0.011640 -0.030029
v 0.010173 -0.012804 -0.027265
v 0.005575 -0.013624 -0.025232
v 0.000652 -0.014069 -0.023998
v -0.004428 -0.014126 -0.023606
v -0.009490 -0.013791 -0.024068
v -0.018403 -0.012144 -0.027197
v -0.014101 -0.013127 -0.025276
v -0.022265 -0.010873 -0.029770
v -0.025571 -0.009352 -0.032920
v -0.028219 -0.007627 -0.036549
v -0.030130 -0.005751 -0.040548
v -0.015062 -0.000149 -0.045726
v -0.014910 -0.000888 -0.044194
v -0.014692 -0.001080 -0.044328
v -0.014839 -0.000360 -0.045815
v -0.014877 0.000647 -0.047443
v -0.014658 0.000423 -0.047502
v -0.012161 0.005200 -0.058799
v -0.012376 0.005432 -0.058758
v -0.011670 0.005789 -0.060397
v -0.010900 0.006264 -0.061643
v -0.009889 0.007025 -0.063036
v -0.009732 0.006753 -0.062979
v -0.008682 0.007360 -0.063996
v -0.008557 0.007078 -0.063914
v -0.007332 0.007607 -0.064710
v -0.007241 0.007318 -0.064611
v -0.005812 0.007479 -0.065126
v -0.004337 0.007499 -0.065334
v -0.002823 0.007481 -0.065344
v -0.001343 0.007356 -0.065113
v 0.000040 0.007142 -0.064660
v 0.001317 0.006841 -0.063875
v 0.002471 0.006441 -0.062938
v 0.003455 0.005980 -0.061838
v 0.004304 0.005434 -0.060469
v 0.004753 0.004860 -0.059059
v 0.004929 0.004241 -0.057484
v 0.004822 0.003665 -0.055861
v 0.002171 -0.001294 -0.044207
v 0.001611 -0.001952 -0.042819
v 0.000873 -0.002552 -0.041457
v -0.000157 -0.003038 -0.040387
v -0.001442 -0.003491 -0.039515
v -0.002773 -0.003809 -0.038785
v -0.004186 -0.003977 -0.038361
v -0.005676 -0.004081 -0.038124
v -0.007173 -0.004052 -0.038175
v -0.008653 -0.003897 -0.038398
v -0.010051 -0.003644 -0.038898
v -0.011342 -0.003325 -0.039586
v -0.012469 -0.002885 -0.040488
v -0.013405 -0.002382 -0.041580
v -0.014176 -0.001723 -0.042993
v -0.012808 -0.001452 -0.047076
v -0.012711 -0.002080 -0.045863
v -0.012646 -0.000769 -0.048459
v -0.010569 0.003373 -0.057759
v -0.010169 0.003879 -0.059082
v -0.009555 0.004288 -0.060116
v -0.008629 0.004709 -0.061229
v -0.007703 0.004988 -0.062014
v -0.006668 0.005194 -0.062602
v -0.005549 0.005332 -0.063044
v -0.004396 0.005347 -0.063234
v -0.003215 0.005332 -0.063259
v 0.000888 0.004435 -0.061340
v -0.000001 0.004781 -0.062097
v 0.001644 0.004037 -0.060446
v 0.002291 0.003567 -0.059329
v 0.002626 0.003071 -0.058175
v 0.002747 0.002538 -0.056881
v 0.002646 0.002045 -0.055540
v 0.000444 -0.002257 -0.045947
v -0.000010 -0.002832 -0.044806
v -0.000602 -0.003354 -0.043682
v -0.001419 -0.003778 -0.042795
v -0.002432 -0.004177 -0.042071
v -0.003480 -0.004454 -0.041459
v -0.004587 -0.004601 -0.041096
v -0.005753 -0.004693 -0.040886
v -0.006920 -0.004669 -0.040912
v -0.008071 -0.004533 -0.041076
v -0.009156 -0.004313 -0.041469
v -0.010156 -0.004036 -0.042019
v -0.011024 -0.003652 -0.042744
v -0.011741 -0.003215 -0.043629
v -0.012326 -0.002642 -0.044777
v -0.000990 0.005038 -0.062730
v -0.002063 0.005224 -0.063086
v 0.004477 -0.000798 -0.045311
v 0.004816 -0.000155 -0.046803
v 0.005502 0.000432 -0.048285
v 0.006846 0.001094 -0.050054
v 0.008676 0.001585 -0.051366
v 0.020214 -0.001750 -0.043506
v 0.020197 -0.000887 -0.045391
v 0.019621 -0.001146 -0.045415
v 0.019637 -0.001945 -0.043671
v 0.013192 -0.004364 -0.038043
v 0.011278 -0.004278 -0.038130
v 0.011180 -0.004271 -0.037517
v 0.013249 -0.004364 -0.037423
v 0.015275 -0.004222 -0.037841
v 0.015067 -0.004233 -0.038430
v 0.016762 -0.003893 -0.039261
v 0.017107 -0.003855 -0.038740
v 0.018153 -0.003371 -0.040475
v 0.018610 -0.003291 -0.040052
v 0.019135 -0.002705 -0.041983
v 0.019672 -0.002572 -0.041681
v 0.015153 0.001750 -0.050886
v 0.013120 0.001959 -0.051235
v 0.013072 0.001487 -0.050823
v 0.014953 0.001293 -0.050500
v 0.011053 0.001934 -0.051072
v 0.011160 0.001464 -0.050672
v 0.009106 0.001677 -0.050407
v 0.009358 0.001226 -0.050057
v 0.007422 0.001208 -0.049292
v 0.007801 0.000791 -0.049025
v 0.006128 0.000560 -0.047807
v 0.006603 0.000192 -0.047651
v 0.005469 -0.000048 -0.046484
v 0.005990 -0.000361 -0.046419
v 0.016664 0.000898 -0.049726
v 0.017001 0.001323 -0.050050
v 0.018077 0.000330 -0.048560
v 0.018528 0.000709 -0.048789
v 0.019087 -0.000369 -0.047086
v 0.019620 -0.000046 -0.047196
v 0.005116 -0.000638 -0.045135
v 0.005666 -0.000917 -0.045179
v 0.005683 -0.001715 -0.043435
v 0.005133 -0.001502 -0.043250
v 0.009872 -0.004070 -0.038542
v 0.009654 -0.004055 -0.037944
v 0.008639 -0.003760 -0.039124
v 0.008329 -0.003711 -0.038591
v 0.006802 -0.003097 -0.039852
v 0.007227 -0.003191 -0.040291
v 0.005710 -0.002342 -0.041445
v 0.006216 -0.002493 -0.041764
v 0.018584 -0.003518 -0.046334
v 0.018598 -0.004208 -0.044829
v 0.013035 -0.006296 -0.039971
v 0.011382 -0.006222 -0.040045
v 0.016117 -0.005890 -0.041022
v 0.014653 -0.006182 -0.040304
v 0.017317 -0.005439 -0.042070
v 0.018165 -0.004864 -0.043371
v 0.014555 -0.001412 -0.050724
v 0.012931 -0.001245 -0.051003
v 0.011281 -0.001265 -0.050872
v 0.009725 -0.001470 -0.050341
v 0.008381 -0.001846 -0.049450
v 0.007347 -0.002363 -0.048264
v 0.006818 -0.002840 -0.047201
v 0.016032 -0.001754 -0.050056
v 0.017251 -0.002244 -0.049049
v 0.018124 -0.002847 -0.047777
v 0.006539 -0.003320 -0.046131
v 0.006553 -0.004009 -0.044625
v 0.010169 -0.006042 -0.040401
v 0.009105 -0.005774 -0.040903
v 0.007885 -0.005284 -0.041911
v 0.007013 -0.004680 -0.043182
v 0.020819 -0.001982 -0.043536
v 0.020800 -0.001051 -0.045569
v 0.015492 -0.004648 -0.037427
v 0.013307 -0.004802 -0.036976
v 0.017468 -0.004253 -0.038396
v 0.019089 -0.003644 -0.039811
v 0.020234 -0.002868 -0.041568
v 0.013167 0.002018 -0.051873
v 0.015360 0.001793 -0.051496
v 0.010938 0.001991 -0.051696
v 0.008838 0.001714 -0.050980
v 0.007023 0.001208 -0.049776
v 0.005627 0.000509 -0.048175
v 0.004916 -0.000146 -0.046749
v 0.017354 0.001332 -0.050594
v 0.019001 0.000670 -0.049234
v 0.020179 -0.000145 -0.047517
v 0.011076 -0.004702 -0.037077
v 0.004535 -0.000783 -0.045294
v 0.004554 -0.001714 -0.043261
v 0.009429 -0.004468 -0.037538
v 0.008000 -0.004097 -0.038236
v 0.006354 -0.003435 -0.039596
v 0.005176 -0.002620 -0.041313
v 0.021592 -0.002615 -0.043728
v 0.021571 -0.001596 -0.045952
v 0.013374 -0.005700 -0.036551
v 0.015764 -0.005532 -0.037044
v 0.017926 -0.005099 -0.038104
v 0.019699 -0.004434 -0.039653
v 0.020952 -0.003584 -0.041575
v 0.013221 0.001761 -0.052848
v 0.015620 0.001515 -0.052436
v 0.017801 0.001011 -0.051450
v 0.019603 0.000286 -0.049962
v 0.020891 -0.000605 -0.048083
v 0.010933 -0.005590 -0.036662
v 0.022107 -0.003154 -0.043909
v 0.022085 -0.002077 -0.046261
v 0.015944 -0.006239 -0.036840
v 0.018230 -0.005781 -0.037961
v 0.020106 -0.005077 -0.039599
v 0.021431 -0.004179 -0.041632
v 0.020003 -0.000086 -0.050502
v 0.021366 -0.001028 -0.048515
v -0.022447 -0.001513 -0.044150
v -0.026306 0.000603 -0.049603
v -0.022389 0.002467 -0.052996
v -0.023098 0.002973 -0.054304
v -0.016586 0.001278 -0.049228
v -0.016597 0.000513 -0.047457
v -0.022964 0.006310 -0.063168
v -0.021592 0.006844 -0.064415
v -0.019803 0.007197 -0.065053
v -0.014004 0.005562 -0.059368
v -0.014752 0.004870 -0.057729
v -0.018675 0.002373 -0.052202
v -0.017914 0.003922 -0.055872
v -0.019847 0.003831 -0.055926
v -0.020457 0.002569 -0.052937
v -0.008026 0.007721 -0.065161
v -0.010590 0.007530 -0.064705
v -0.011819 0.007657 -0.065216
v -0.017348 -0.000280 -0.045864
v -0.018724 -0.000955 -0.044682
v -0.020515 -0.001392 -0.044082
v -0.022989 0.004416 -0.057992
v -0.021628 0.004032 -0.056658
v -0.023721 0.004978 -0.059700
v -0.023712 0.005642 -0.061518
v -0.017871 0.007300 -0.064993
v -0.015071 0.007969 -0.066560
v -0.016088 0.007152 -0.064237
v -0.016125 0.004287 -0.056505
v -0.017316 0.001920 -0.050900
v -0.012758 0.007916 -0.066139
v -0.013263 0.008275 -0.067330
v -0.012745 0.009063 -0.069782
v -0.011800 0.009365 -0.070672
v -0.013259 0.008677 -0.068610
v -0.009237 0.009534 -0.071138
v -0.008008 0.009393 -0.070634
v -0.010568 0.009524 -0.071151
v -0.006564 0.008750 -0.068531
v -0.006568 0.008362 -0.067245
v -0.007070 0.009115 -0.069720
v -0.009258 0.007561 -0.064682
v -0.022399 -0.001646 -0.044504
v -0.024082 -0.001452 -0.045194
v -0.026056 -0.000385 -0.047990
v -0.026045 0.000354 -0.049657
v -0.025336 0.001104 -0.051162
v -0.024036 0.001726 -0.052286
v -0.022344 0.002116 -0.052864
v -0.016859 0.000992 -0.049303
v -0.016870 0.000269 -0.047628
v -0.021420 0.006527 -0.064301
v -0.019729 0.006861 -0.064905
v -0.017902 0.006959 -0.064847
v -0.014247 0.005316 -0.059531
v -0.014955 0.004662 -0.057982
v -0.017944 0.003766 -0.056227
v -0.019770 0.003680 -0.056278
v -0.011720 0.007459 -0.065477
v -0.012608 0.007704 -0.066349
v -0.012596 0.008788 -0.069792
v -0.011702 0.009073 -0.070634
v -0.009280 0.009233 -0.071074
v -0.008119 0.009099 -0.070598
v -0.007243 0.007789 -0.066274
v -0.008136 0.007520 -0.065425
v -0.010559 0.007339 -0.064995
v -0.025367 -0.001032 -0.046428
v -0.017579 -0.000481 -0.046123
v -0.018879 -0.001119 -0.045006
v -0.020572 -0.001531 -0.044439
v -0.021453 0.003870 -0.056970
v -0.022740 0.004233 -0.058231
v -0.023431 0.004764 -0.059845
v -0.023423 0.005392 -0.061564
v -0.022717 0.006023 -0.063123
v -0.016218 0.006819 -0.064133
v -0.014932 0.006464 -0.062868
v -0.014253 0.005945 -0.061285
v -0.016253 0.004111 -0.056825
v -0.017549 0.001598 -0.050883
v -0.018834 0.002027 -0.052114
v -0.020517 0.002212 -0.052808
v -0.013086 0.008043 -0.067475
v -0.013081 0.008423 -0.068684
v -0.010538 0.009224 -0.071086
v -0.007232 0.008837 -0.069734
v -0.006754 0.008492 -0.068610
v -0.006758 0.008125 -0.067395
v -0.009300 0.007369 -0.064972
v -0.022341 -0.002814 -0.045522
v -0.023863 -0.002639 -0.046146
v -0.025646 -0.001675 -0.048673
v -0.025637 -0.001007 -0.050180
v -0.024995 -0.000329 -0.051540
v -0.023821 0.000234 -0.052556
v -0.022291 0.000586 -0.053079
v -0.017334 -0.000430 -0.049860
v -0.017344 -0.001083 -0.048346
v -0.021156 0.005052 -0.064536
v -0.019641 0.005351 -0.065077
v -0.018004 0.005439 -0.065025
v -0.014730 0.003967 -0.060262
v -0.015363 0.003381 -0.058874
v -0.018041 0.002578 -0.057301
v -0.019678 0.002501 -0.057347
v -0.011580 0.006183 -0.066343
v -0.012382 0.006405 -0.067131
v -0.012371 0.007384 -0.070243
v -0.011564 0.007642 -0.071004
v -0.009374 0.007787 -0.071402
v -0.008325 0.007666 -0.070971
v -0.007533 0.006482 -0.067063
v -0.008340 0.006238 -0.066296
v -0.010530 0.006075 -0.065907
v -0.025024 -0.002259 -0.047262
v -0.017985 -0.001761 -0.046986
v -0.019160 -0.002337 -0.045976
v -0.020690 -0.002710 -0.045464
v -0.021186 0.002672 -0.057967
v -0.022338 0.002997 -0.059097
v -0.022958 0.003473 -0.060543
v -0.022951 0.004035 -0.062083
v -0.022318 0.004601 -0.063480
v -0.016495 0.005313 -0.064385
v -0.015342 0.004995 -0.063252
v -0.014735 0.004531 -0.061833
v -0.016526 0.002887 -0.057837
v -0.017958 0.000118 -0.051288
v -0.019119 0.000506 -0.052400
v -0.020641 0.000673 -0.053028
v -0.012814 0.006711 -0.068149
v -0.012810 0.007055 -0.069242
v -0.010511 0.007778 -0.071413
v -0.007523 0.007429 -0.070190
v -0.007091 0.007117 -0.069175
v -0.007095 0.006785 -0.068076
v -0.009392 0.006102 -0.065887
v -0.008322 -0.001189 -0.049660
v -0.008363 -0.000922 -0.050175
v -0.008294 -0.000632 -0.050762
v -0.007412 0.001127 -0.054712
v -0.007242 0.001342 -0.055274
v -0.006981 0.001516 -0.055713
v -0.006588 0.001694 -0.056186
v -0.006194 0.001813 -0.056519
v -0.005755 0.001900 -0.056769
v -0.005279 0.001959 -0.056957
v -0.004790 0.001965 -0.057037
v -0.004288 0.001959 -0.057048
v -0.002923 0.001725 -0.056554
v -0.002545 0.001578 -0.056233
v -0.002225 0.001409 -0.055853
v -0.001950 0.001209 -0.055379
v -0.001808 0.000998 -0.054889
v -0.001756 0.000772 -0.054339
v -0.001799 0.000563 -0.053769
v -0.002734 -0.001264 -0.049695
v -0.002927 -0.001508 -0.049211
v -0.003178 -0.001730 -0.048733
v -0.003525 -0.001910 -0.048357
v -0.003956 -0.002080 -0.048049
v -0.004401 -0.002198 -0.047789
v -0.004871 -0.002260 -0.047635
v -0.005366 -0.002299 -0.047546
v -0.005862 -0.002289 -0.047557
v -0.006351 -0.002231 -0.047627
v -0.006812 -0.002137 -0.047794
v -0.007236 -0.002020 -0.048027
v -0.007605 -0.001857 -0.048335
v -0.007909 -0.001671 -0.048711
v -0.008158 -0.001428 -0.049198
v -0.003343 0.001834 -0.056823
v -0.003799 0.001913 -0.056975
v -0.005071 -0.000121 -0.052275
v 0.012931 -0.001245 -0.051003
v 0.007347 -0.002363 -0.048264
v 0.013035 -0.006296 -0.039971
v 0.016117 -0.005890 -0.041022
v 0.017317 -0.005439 -0.042070
v 0.018584 -0.003518 -0.046334
v 0.013032 0.008324 -0.072336
v 0.015528 0.007522 -0.070715
v 0.015585 0.006570 -0.071263
v 0.013079 0.007375 -0.072890
v 0.010462 0.008064 -0.074257
v 0.010426 0.009010 -0.073697
v 0.007594 0.009774 -0.074250
v 0.010229 0.009215 -0.073168
v 0.007753 0.009577 -0.074795
v 0.005056 0.010027 -0.075636
v 0.004936 0.010218 -0.075079
v 0.007445 0.009656 -0.073623
v 0.002122 0.010436 -0.075047
v 0.002292 0.010550 -0.075665
v -0.001366 0.010843 -0.076113
v 0.002374 0.010364 -0.076231
v -0.001338 0.010662 -0.076685
v 0.002376 0.009424 -0.076801
v -0.001351 0.009723 -0.077257
v 0.007778 0.008633 -0.075360
v 0.005070 0.009085 -0.076204
v -0.027403 0.006765 -0.066791
v -0.024412 0.007958 -0.069555
v -0.024522 0.007008 -0.070098
v -0.027526 0.005810 -0.067322
v -0.030046 0.004471 -0.064264
v -0.029913 0.005432 -0.063745
v -0.031497 0.004282 -0.060179
v -0.029531 0.005689 -0.063359
v -0.031908 0.004004 -0.060519
v -0.033382 0.002526 -0.057211
v -0.032950 0.002825 -0.056918
v -0.032608 0.002532 -0.055936
v -0.033910 0.001359 -0.053665
v -0.033721 0.000297 -0.050994
v -0.034435 -0.000154 -0.050330
v -0.034508 -0.001758 -0.046821
v -0.034888 -0.000496 -0.050527
v -0.034962 -0.002124 -0.046967
v -0.035042 -0.001482 -0.050990
v -0.035116 -0.003116 -0.047414
v -0.032049 0.003037 -0.061024
v -0.034356 0.001039 -0.053910
v -0.033529 0.001553 -0.057701
v -0.034508 0.000060 -0.054387
v -0.017378 -0.013560 -0.022905
v -0.020891 -0.012666 -0.024671
v -0.020977 -0.013705 -0.025021
v -0.017458 -0.014600 -0.023252
v -0.013820 -0.015287 -0.021944
v -0.013755 -0.014243 -0.021603
v -0.010038 -0.014173 -0.020985
v -0.013605 -0.013704 -0.021821
v -0.010136 -0.014719 -0.020754
v -0.006419 -0.015013 -0.020309
v -0.006374 -0.014463 -0.020546
v -0.009942 -0.013778 -0.021493
v -0.004736 -0.014133 -0.020993
v -0.002515 -0.014568 -0.020520
v 0.000494 -0.014107 -0.021326
v 0.001459 -0.014463 -0.020960
v 0.005591 -0.013701 -0.022482
v 0.005445 -0.014131 -0.021897
v 0.009333 -0.013564 -0.023340
v 0.005573 -0.014676 -0.021679
v 0.009517 -0.014102 -0.023144
v 0.005589 -0.015721 -0.022021
v 0.009549 -0.015144 -0.023492
v -0.010186 -0.015764 -0.021092
v -0.002503 -0.015120 -0.020283
v -0.006454 -0.016059 -0.020645
v 0.001528 -0.015013 -0.020728
v -0.002521 -0.016167 -0.020619
v 0.001527 -0.016060 -0.021066
v 0.013290 -0.014335 -0.025458
v 0.017164 -0.013166 -0.028218
v 0.016974 -0.012894 -0.027925
v 0.019148 -0.012383 -0.030033
v 0.019086 -0.011859 -0.029794
v 0.019012 -0.011153 -0.029694
v 0.016641 -0.012279 -0.027504
v 0.018860 -0.010732 -0.029969
v 0.016355 -0.011768 -0.027637
v 0.018586 -0.010377 -0.030434
v 0.014767 -0.011812 -0.027096
v 0.013005 -0.012770 -0.025270
v 0.010397 -0.012929 -0.024425
v -0.015238 -0.013003 -0.022907
v -0.017176 -0.013030 -0.023104
v -0.020148 -0.011841 -0.025185
v -0.020647 -0.012147 -0.024851
v -0.023929 -0.011053 -0.027068
v -0.024226 -0.011555 -0.026923
v -0.026902 -0.009768 -0.029720
v -0.027246 -0.010250 -0.029616
v -0.029980 -0.009802 -0.033076
v -0.027368 -0.011276 -0.029991
v -0.029848 -0.008781 -0.032688
v -0.031957 -0.007187 -0.036060
v -0.032098 -0.008201 -0.036462
v -0.024505 -0.010334 -0.028250
v -0.029467 -0.008320 -0.032747
v -0.033521 -0.005514 -0.039634
v -0.033669 -0.006520 -0.040052
v -0.028161 -0.008531 -0.031996
v -0.031545 -0.006749 -0.036071
v -0.034519 -0.003810 -0.043305
v -0.034671 -0.004809 -0.043737
v -0.030991 -0.006494 -0.036296
v -0.033087 -0.005100 -0.039594
v -0.032899 -0.004294 -0.041004
v -0.034071 -0.003420 -0.043212
v -0.033819 -0.002004 -0.045960
v -0.030518 0.004623 -0.060616
v -0.027057 0.007003 -0.066361
v -0.021005 0.008970 -0.071948
v -0.021101 0.008024 -0.072501
v -0.027521 0.006499 -0.064876
v -0.024109 0.008178 -0.069086
v -0.017273 0.009771 -0.073895
v -0.017353 0.008828 -0.074456
v -0.023721 0.008098 -0.068570
v -0.020751 0.009176 -0.071444
v -0.013325 0.010340 -0.075348
v -0.013389 0.009400 -0.075915
v -0.018767 0.009455 -0.071769
v -0.017072 0.009965 -0.073363
v -0.014248 0.010254 -0.073783
v -0.013181 0.010526 -0.074795
v -0.008899 0.010738 -0.075124
v -0.009194 0.010853 -0.075721
v -0.005222 0.010953 -0.076149
v -0.005250 0.010773 -0.076721
v -0.009279 0.010672 -0.076287
v -0.003379 0.010799 -0.075550
v 0.012377 0.008485 -0.071326
v 0.012798 0.008539 -0.071827
v 0.015257 0.007749 -0.070229
v 0.017563 0.006849 -0.068386
v 0.017867 0.006609 -0.068845
v 0.019996 0.005585 -0.066741
v 0.020087 0.004638 -0.067279
v 0.017934 0.005653 -0.069385
v 0.022021 0.004426 -0.064425
v 0.022322 0.003359 -0.064560
v 0.016749 0.006965 -0.068236
v 0.019677 0.005860 -0.066317
v 0.020596 0.005087 -0.064355
v 0.021256 0.005076 -0.064541
v -0.005279 0.009834 -0.077294
v -0.009326 0.009733 -0.076858
v -0.024331 -0.012589 -0.027284
v 0.013243 -0.013296 -0.025102
v 0.028142 0.004658 -0.060673
v 0.028358 0.004057 -0.060411
v 0.026531 0.003205 -0.061050
v 0.026399 0.003761 -0.061186
v 0.030436 0.005672 -0.060356
v 0.030099 0.006111 -0.060625
v 0.030656 0.004881 -0.059146
v 0.026154 0.004185 -0.061080
v 0.027886 0.005186 -0.060656
v 0.024500 0.003689 -0.061950
v 0.024647 0.003241 -0.062030
v 0.023297 0.003659 -0.063057
v 0.023014 0.004109 -0.062869
v 0.024225 0.004083 -0.061715
v 0.022732 0.004342 -0.062544
v 0.023524 0.003129 -0.063047
v 0.024762 0.002576 -0.061835
v 0.023554 0.002441 -0.062642
v 0.023959 0.004249 -0.061305
v 0.025852 0.004587 -0.060837
v 0.029703 0.006520 -0.060666
v 0.023191 0.003134 -0.060204
v 0.025474 0.004569 -0.060055
v 0.023749 0.004068 -0.061023
v 0.027106 0.005392 -0.059514
v 0.024945 0.001157 -0.055976
v 0.029358 0.006928 -0.059275
v 0.029178 0.007122 -0.059976
v 0.027203 0.005638 -0.060023
v 0.029297 0.006921 -0.060419
v 0.027480 0.005551 -0.060423
v 0.025589 0.004710 -0.060447
v 0.022534 0.004204 -0.062116
v 0.020920 -0.011484 -0.032079
v 0.022276 -0.010727 -0.033792
v 0.022628 -0.010352 -0.033804
v 0.024421 -0.009030 -0.035515
v 0.024728 -0.008897 -0.037947
v 0.026022 -0.007317 -0.037123
v 0.027583 -0.005698 -0.040605
v 0.027758 -0.005725 -0.038358
v 0.029240 -0.004177 -0.039297
v 0.029492 -0.003743 -0.042764
v 0.030509 -0.002831 -0.039950
v 0.032796 -0.000237 -0.043654
v 0.048455 0.018304 -0.058150
v 0.040556 0.012232 -0.058439
v 0.040085 0.012622 -0.059969
v 0.046791 0.017865 -0.060402
v 0.054589 0.023137 -0.059319
v 0.053963 0.022506 -0.057898
v 0.055080 0.023334 -0.056681
v 0.058085 0.025672 -0.061804
v 0.055217 0.023758 -0.060713
v 0.053131 0.022426 -0.060932
v 0.026377 -0.006894 -0.042412
v 0.031884 -0.001360 -0.040527
v 0.030334 -0.002143 -0.046353
v 0.033622 0.001273 -0.047013
v 0.040191 0.008095 -0.048333
v 0.039364 0.006796 -0.045427
v 0.033959 0.002361 -0.049419
v 0.040628 0.009026 -0.050401
v 0.027198 -0.004789 -0.047056
v 0.030621 -0.000975 -0.048927
v 0.027169 -0.002640 -0.051751
v 0.030657 0.000200 -0.051504
v 0.030441 0.001373 -0.054061
v 0.034003 0.004545 -0.054209
v 0.034086 0.003455 -0.051824
v 0.029978 0.002532 -0.056576
v 0.033713 0.005623 -0.056556
v 0.040919 0.011575 -0.056504
v 0.041123 0.010885 -0.054506
v 0.033218 0.006680 -0.058846
v 0.026290 -0.000505 -0.056370
v 0.028491 0.003387 -0.059487
v 0.024584 0.001557 -0.060786
v 0.032861 0.007480 -0.060390
v 0.039782 0.012910 -0.060714
v 0.052424 0.020804 -0.051183
v 0.052106 0.020555 -0.053504
v 0.052721 0.021213 -0.054989
v 0.053340 0.021864 -0.056454
v 0.051361 0.019634 -0.048444
v 0.050076 0.018266 -0.048319
v 0.050900 0.019218 -0.050485
v 0.051498 0.019889 -0.052002
v 0.047750 0.016787 -0.054782
v 0.048129 0.017552 -0.056481
v 0.051093 0.019560 -0.047837
v 0.045449 0.013313 -0.047110
v 0.046310 0.014451 -0.049563
v 0.046840 0.015233 -0.051316
v 0.047320 0.016013 -0.053058
v 0.040939 0.009958 -0.052463
v 0.044803 0.012678 -0.045536
v 0.038028 0.005251 -0.043141
v 0.020422 -0.009568 -0.031984
v 0.020337 -0.009495 -0.032165
v 0.020358 -0.009457 -0.032543
v 0.022166 -0.008139 -0.034033
v 0.021566 -0.008769 -0.034106
v 0.022374 -0.008074 -0.033932
v 0.020605 -0.009705 -0.031842
v 0.022555 -0.008181 -0.033817
v 0.020800 -0.009916 -0.031696
v 0.022716 -0.008370 -0.033681
v 0.020894 -0.010154 -0.031620
v 0.022962 -0.008758 -0.033653
v 0.020967 -0.010667 -0.031671
v 0.023081 -0.009217 -0.033801
v 0.021005 -0.011156 -0.031815
v 0.023037 -0.009755 -0.033902
v 0.025203 -0.007781 -0.035882
v 0.027198 -0.005916 -0.037464
v 0.028984 -0.004139 -0.038623
v 0.030474 -0.002599 -0.039392
v 0.031715 -0.001281 -0.039911
v 0.030176 -0.002387 -0.039003
v 0.031375 -0.001024 -0.039492
v 0.031016 -0.000667 -0.039281
v 0.029786 -0.002034 -0.038754
v 0.028403 -0.003485 -0.038019
v 0.028757 -0.003865 -0.038267
v 0.026698 -0.005183 -0.036890
v 0.027028 -0.005591 -0.037141
v 0.024903 -0.007072 -0.035429
v 0.025116 -0.007509 -0.035662
v 0.030360 0.000025 -0.041634
v 0.027852 -0.002746 -0.040502
v 0.028785 -0.001627 -0.039195
v 0.030338 -0.000014 -0.039964
v 0.024055 -0.006627 -0.035471
v 0.025947 -0.004658 -0.037155
v 0.025864 -0.004650 -0.037452
v 0.023835 -0.006658 -0.035664
v 0.023662 -0.006963 -0.036439
v 0.024540 -0.006751 -0.035344
v 0.026376 -0.004866 -0.036864
v 0.027975 -0.003165 -0.037964
v 0.029342 -0.001678 -0.038723
v 0.030594 -0.000274 -0.039285
v 0.024269 -0.006638 -0.035382
v 0.026157 -0.004722 -0.036962
v 0.027663 -0.003088 -0.038045
v 0.029069 -0.001551 -0.038852
v 0.030387 -0.000120 -0.039452
v 0.027310 -0.003239 -0.038153
v 0.027009 -0.003523 -0.038275
v 0.018036 -0.008944 -0.032694
v 0.020821 -0.007200 -0.036653
v 0.023839 -0.006964 -0.038171
v 0.022763 -0.005257 -0.041001
v 0.025341 -0.005016 -0.042507
v 0.023797 -0.003181 -0.045593
v 0.026035 -0.002975 -0.047003
v 0.023888 -0.001043 -0.050270
v 0.025902 -0.000899 -0.051535
v 0.023033 0.001085 -0.054875
v 0.021260 0.003129 -0.059250
v 0.018631 0.005022 -0.063245
v 0.015234 0.006697 -0.066726
v 0.011185 0.008098 -0.069573
v 0.006623 0.009177 -0.071690
v 0.001702 0.009897 -0.073005
v 0.014505 -0.010429 -0.029262
v 0.010347 -0.011606 -0.026471
v 0.005703 -0.012433 -0.024418
v 0.000733 -0.012882 -0.023172
v -0.004396 -0.012940 -0.022776
v -0.009507 -0.012602 -0.023243
v 0.032465 0.007992 -0.057204
v 0.040041 0.014162 -0.057622
v 0.039225 0.014746 -0.059870
v 0.031824 0.008978 -0.059424
v 0.039009 0.009565 -0.047075
v 0.032330 0.002597 -0.045504
v 0.038173 0.008416 -0.044405
v 0.037780 0.007873 -0.043139
v 0.037501 0.007508 -0.042589
v 0.043834 0.014369 -0.045514
v 0.032804 0.007112 -0.055313
v 0.033000 0.006217 -0.053383
v 0.033051 0.005313 -0.051426
v 0.040112 0.011919 -0.052174
v 0.040305 0.012696 -0.053852
v 0.032956 0.004405 -0.049453
v 0.039831 0.011135 -0.050480
v 0.025726 -0.004829 -0.038390
v 0.044234 0.014758 -0.046467
v 0.050140 0.021188 -0.048350
v 0.048745 0.019782 -0.051230
v 0.045925 0.017102 -0.051391
v 0.044952 0.015720 -0.048471
v 0.047890 0.018832 -0.049164
v 0.049501 0.020703 -0.053168
v 0.053356 0.024269 -0.054884
v 0.055126 0.025641 -0.057835
v 0.051140 0.022795 -0.057960
v 0.050527 0.021914 -0.055764
v 0.046845 0.019523 -0.057978
v 0.047155 0.019098 -0.055678
v 0.046781 0.018441 -0.054267
v 0.050019 0.021313 -0.054474
v 0.046371 0.017775 -0.052836
v 0.057286 0.027316 -0.061435
v 0.051477 0.023647 -0.060794
v 0.045755 0.019523 -0.060423
v 0.040411 0.013465 -0.055506
v 0.057677 0.027283 -0.062289
v 0.051429 0.023467 -0.061863
v 0.057938 0.026662 -0.062632
v 0.051372 0.022929 -0.062146
v 0.051606 0.022528 -0.062164
v 0.045973 0.018510 -0.061661
v 0.045652 0.018901 -0.061703
v 0.039320 0.013280 -0.061104
v 0.039119 0.013587 -0.061156
v 0.032531 0.007996 -0.060758
v 0.032195 0.008406 -0.060785
v 0.046232 0.018196 -0.061468
v 0.051955 0.021958 -0.061765
v 0.058136 0.025990 -0.062319
v 0.046461 0.017961 -0.061162
v 0.052052 0.021865 -0.061521
v 0.031797 0.008879 -0.060572
v 0.038841 0.014239 -0.061044
v 0.045531 0.019274 -0.061369
v 0.038917 0.014588 -0.060638
v 0.031623 0.009125 -0.060134
v 0.045603 0.019475 -0.060813
v 0.058867 0.029161 -0.061641
v 0.058389 0.028966 -0.061123
v 0.059530 0.030424 -0.060892
v 0.060295 0.030756 -0.061722
v 0.059197 0.029268 -0.062257
v 0.061060 0.030711 -0.062604
v 0.059604 0.028950 -0.062676
v 0.061642 0.030079 -0.063402
v 0.059816 0.028491 -0.063073
v 0.061923 0.029048 -0.063929
v 0.059923 0.027920 -0.063325
v 0.061914 0.027867 -0.064095
v 0.059965 0.027467 -0.063412
v 0.059892 0.026703 -0.063291
v 0.059718 0.025998 -0.062836
v 0.059296 0.025523 -0.062045
v 0.061636 0.026740 -0.063837
v 0.061133 0.025875 -0.063176
v 0.060507 0.025374 -0.062286
v 0.053487 0.025549 -0.054032
v 0.055649 0.027136 -0.057276
v 0.050710 0.022871 -0.048905
v 0.051040 0.024473 -0.048930
v 0.053658 0.026669 -0.053306
v 0.057932 0.026661 -0.050096
v 0.060686 0.028487 -0.053882
v 0.056170 0.028403 -0.056786
v 0.063609 0.030416 -0.058001
v 0.055119 0.024465 -0.046039
v 0.064587 0.025367 -0.059394
v 0.065211 0.025860 -0.060274
v 0.065689 0.026708 -0.060946
v 0.065912 0.027826 -0.061258
v 0.065847 0.029005 -0.061162
v 0.065515 0.030039 -0.060692
v 0.064950 0.030692 -0.059893
v 0.064269 0.030752 -0.058931
v 0.056062 0.019842 -0.047381
v 0.053418 0.019605 -0.048370
v 0.058189 0.021241 -0.050379
v 0.055041 0.021231 -0.052558
v 0.060317 0.022637 -0.053378
v 0.057121 0.023020 -0.056832
v 0.062449 0.024015 -0.056382
v 0.056152 0.023201 -0.056842
v 0.053828 0.021107 -0.052060
v 0.052404 0.019619 -0.048429
v 0.050289 0.022430 -0.047918
v 0.050524 0.023812 -0.047760
v 0.049959 0.020908 -0.047710
v 0.050185 0.021953 -0.047302
v 0.050369 0.022947 -0.046841
v 0.050311 0.021399 -0.046936
v 0.050671 0.021903 -0.046319
v 0.050523 0.020996 -0.046833
v 0.051330 0.020850 -0.046251
v 0.050952 0.020454 -0.046791
v 0.050369 0.020354 -0.047295
v 0.050566 0.020034 -0.047355
v 0.050058 0.020671 -0.047427
v 0.051432 0.019920 -0.047008
v 0.050818 0.019782 -0.047495
v 0.051622 0.019714 -0.047176
v 0.051920 0.019571 -0.047488
v 0.052240 0.019527 -0.048005
v 0.052702 0.019601 -0.047139
v 0.053097 0.019500 -0.047744
v 0.052121 0.020024 -0.046601
v 0.055436 0.019531 -0.046499
v 0.054792 0.019635 -0.045590
v 0.054238 0.020215 -0.044807
v 0.053865 0.021130 -0.044278
v 0.053769 0.022234 -0.044139
v 0.054032 0.023250 -0.044509
v 0.044288 0.012796 -0.044871
v 0.043987 0.013341 -0.044773
v 0.043800 0.014023 -0.045138
v 0.037380 0.006151 -0.041980
v 0.037445 0.005448 -0.042057
v 0.037238 0.006869 -0.042257
v 0.037722 0.005026 -0.042544
v -0.029813 0.003436 -0.057219
v -0.031201 0.001527 -0.052972
v -0.031760 -0.000470 -0.048578
v -0.031472 -0.002495 -0.044170
v -0.030346 -0.004484 -0.039882
v -0.028417 -0.006378 -0.035845
v -0.025743 -0.008119 -0.032180
v -0.022406 -0.009655 -0.029001
v -0.018506 -0.010939 -0.026402
v -0.014162 -0.011931 -0.024463
v -0.027638 0.005201 -0.061189
v -0.024741 0.006766 -0.064763
v -0.021212 0.008084 -0.067831
v -0.017156 0.009116 -0.070300
v -0.012698 0.009830 -0.072095
v -0.007972 0.010204 -0.073162
v -0.003123 0.010226 -0.073469
v -0.003154 0.009212 -0.072247
v 0.001406 0.008901 -0.071809
v 0.006057 0.008220 -0.070566
v 0.010369 0.007200 -0.068566
v 0.014195 0.005876 -0.065874
v 0.017406 0.004293 -0.062585
v 0.019891 0.002504 -0.058808
v 0.021566 0.000572 -0.054673
v 0.022375 -0.001439 -0.050322
v 0.022289 -0.003460 -0.045901
v 0.021311 -0.005422 -0.041561
v 0.019476 -0.007259 -0.037451
v -0.007738 0.009190 -0.071957
v -0.012204 0.008837 -0.070949
v -0.016418 0.008162 -0.069252
v -0.020251 0.007187 -0.066918
v -0.023587 0.005941 -0.064019
v -0.026324 0.004462 -0.060641
v -0.028380 0.002795 -0.056889
v -0.029692 0.000990 -0.052875
v 0.016844 -0.008907 -0.033710
v 0.013506 -0.010311 -0.030465
v 0.009576 -0.011422 -0.027828
v 0.005188 -0.012204 -0.025888
v 0.000490 -0.012629 -0.024710
v -0.004357 -0.012683 -0.024336
v -0.009188 -0.012364 -0.024777
v -0.030220 -0.000898 -0.048722
v -0.029948 -0.002811 -0.044556
v -0.028884 -0.004691 -0.040503
v -0.027061 -0.006481 -0.036687
v -0.024533 -0.008127 -0.033224
v -0.021379 -0.009579 -0.030219
v -0.017693 -0.010792 -0.027763
v -0.013588 -0.011730 -0.025930
v 0.021672 0.002742 -0.064316
v 0.019419 0.003984 -0.066977
v 0.015046 0.005864 -0.070853
v 0.012610 0.006647 -0.072436
v 0.002203 0.008639 -0.076238
v -0.001421 0.008930 -0.076682
v 0.010065 0.007317 -0.073764
v 0.007455 0.007871 -0.074837
v -0.023951 0.006290 -0.069721
v -0.026871 0.005125 -0.067021
v -0.034179 -0.001964 -0.051141
v -0.034251 -0.003553 -0.047665
v -0.029322 0.003824 -0.064048
v -0.031269 0.002430 -0.060898
v -0.032708 0.000986 -0.057667
v -0.033660 -0.000465 -0.054445
v -0.020504 -0.013849 -0.025892
v -0.017082 -0.014720 -0.024171
v 0.005326 -0.015809 -0.022975
v 0.009177 -0.015248 -0.024405
v -0.013545 -0.015387 -0.022900
v -0.010011 -0.015851 -0.022072
v -0.006382 -0.016138 -0.021637
v -0.002559 -0.016242 -0.021611
v 0.012815 -0.014462 -0.026316
v 0.016581 -0.013325 -0.029000
v 0.018511 -0.012564 -0.030765
v -0.031317 -0.008497 -0.037016
v -0.029258 -0.010054 -0.033723
v -0.032844 -0.006863 -0.040506
v -0.033819 -0.005200 -0.044090
v -0.020624 0.007278 -0.072057
v -0.016980 0.008060 -0.073958
v -0.013126 0.008616 -0.075376
v 0.017330 0.004973 -0.069027
v 0.004822 0.008310 -0.075658
v -0.005241 0.009039 -0.076717
v -0.009175 0.008940 -0.076293
v -0.026718 -0.011488 -0.030725
v -0.023765 -0.012764 -0.028092
v 0.001377 -0.016139 -0.022047
v 0.020234 -0.011689 -0.032755
v 0.021551 -0.010954 -0.034420
v 0.023936 -0.009174 -0.038460
v 0.025539 -0.007226 -0.042801
v 0.026337 -0.005180 -0.047316
v 0.026309 -0.003090 -0.051881
v 0.025455 -0.001014 -0.056372
v 0.023796 0.000991 -0.060666
v -0.018801 0.008424 -0.059119
v -0.020639 0.008552 -0.059475
v -0.020674 0.008349 -0.059031
v -0.020581 0.008148 -0.058595
v -0.020368 0.007960 -0.058197
v -0.020047 0.007800 -0.057863
v -0.019642 0.007677 -0.057618
v -0.019180 0.007602 -0.057476
v -0.018692 0.007577 -0.057449
v -0.018211 0.007606 -0.057537
v -0.017771 0.007686 -0.057736
v -0.017401 0.007812 -0.058030
v -0.017127 0.007975 -0.058401
v -0.016967 0.008165 -0.058823
v -0.016932 0.008367 -0.059268
v -0.017024 0.008569 -0.059704
v -0.017238 0.008756 -0.060102
v -0.017558 0.008917 -0.060436
v -0.017964 0.009039 -0.060681
v -0.018426 0.009115 -0.060823
v -0.018914 0.009139 -0.060850
v -0.019394 0.009110 -0.060762
v -0.019835 0.009030 -0.060563
v -0.020204 0.008904 -0.060268
v -0.020479 0.008741 -0.059897
v -0.022484 0.008363 -0.059977
v -0.022554 0.007958 -0.059088
v -0.022369 0.007554 -0.058216
v -0.021942 0.007179 -0.057419
v -0.021301 0.006859 -0.056752
v -0.020491 0.006614 -0.056261
v -0.019566 0.006462 -0.055978
v -0.018590 0.006413 -0.055923
v -0.017629 0.006471 -0.056100
v -0.016749 0.006631 -0.056497
v -0.016009 0.006883 -0.057087
v -0.015460 0.007210 -0.057829
v -0.015140 0.007588 -0.058673
v -0.015070 0.007993 -0.059561
v -0.015255 0.008397 -0.060433
v -0.015683 0.008771 -0.061230
v -0.016323 0.009092 -0.061897
v -0.017134 0.009337 -0.062388
v -0.018058 0.009488 -0.062671
v -0.019034 0.009537 -0.062726
v -0.019995 0.009479 -0.062549
v -0.020875 0.009319 -0.062152
v -0.021615 0.009067 -0.061563
v -0.022164 0.008741 -0.060821
v -0.022978 0.008226 -0.060150
v -0.023057 0.007767 -0.059143
v -0.022847 0.007310 -0.058154
v -0.022363 0.006885 -0.057252
v -0.021637 0.006522 -0.056496
v -0.020719 0.006244 -0.055939
v -0.019671 0.006072 -0.055618
v -0.018565 0.006017 -0.055556
v -0.017476 0.006083 -0.055757
v -0.016478 0.006264 -0.056207
v -0.015640 0.006550 -0.056875
v -0.015018 0.006919 -0.057715
v -0.014656 0.007348 -0.058672
v -0.014576 0.007807 -0.059679
v -0.014786 0.008265 -0.060667
v -0.015270 0.008689 -0.061570
v -0.015996 0.009053 -0.062326
v -0.016914 0.009330 -0.062883
v -0.017962 0.009502 -0.063203
v -0.019068 0.009557 -0.063265
v -0.020157 0.009492 -0.063065
v -0.021155 0.009310 -0.062615
v -0.021993 0.009025 -0.061947
v -0.022615 0.008655 -0.061106
v -0.023191 0.007793 -0.060393
v -0.023275 0.007312 -0.059338
v -0.023055 0.006833 -0.058301
v -0.022547 0.006387 -0.057354
v -0.021785 0.006006 -0.056562
v -0.020822 0.005715 -0.055977
v -0.019724 0.005535 -0.055641
v -0.018564 0.005477 -0.055576
v -0.017422 0.005546 -0.055787
v -0.016376 0.005736 -0.056258
v -0.015497 0.006035 -0.056959
v -0.014845 0.006423 -0.057841
v -0.014464 0.006873 -0.058844
v -0.014381 0.007354 -0.059899
v -0.014601 0.007834 -0.060936
v -0.015109 0.008279 -0.061883
v -0.015870 0.008660 -0.062675
v -0.016833 0.008951 -0.063260
v -0.017932 0.009131 -0.063596
v -0.019092 0.009189 -0.063661
v -0.020234 0.009121 -0.063450
v -0.021280 0.008930 -0.062979
v -0.022159 0.008631 -0.062278
v -0.022811 0.008243 -0.061396
v -0.023300 0.003291 -0.062454
v -0.023384 0.002810 -0.061398
v -0.023164 0.002330 -0.060361
v -0.022656 0.001885 -0.059414
v -0.021894 0.001504 -0.058622
v -0.020931 0.001213 -0.058038
v -0.019833 0.001033 -0.057702
v -0.018673 0.000975 -0.057637
v -0.017531 0.001043 -0.057847
v -0.016485 0.001234 -0.058319
v -0.015606 0.001533 -0.059019
v -0.014954 0.001921 -0.059901
v -0.014573 0.002371 -0.060904
v -0.014490 0.002852 -0.061960
v -0.014710 0.003331 -0.062996
v -0.015218 0.003777 -0.063943
v -0.015979 0.004158 -0.064736
v -0.016942 0.004449 -0.065320
v -0.018041 0.004629 -0.065656
v -0.019201 0.004687 -0.065721
v -0.020343 0.004618 -0.065511
v -0.021389 0.004428 -0.065039
v -0.022268 0.004129 -0.064338
v -0.022920 0.003741 -0.063457
v -0.021408 0.003621 -0.047291
v -0.023246 0.003748 -0.047647
v -0.023281 0.003546 -0.047203
v -0.023188 0.003344 -0.046766
v -0.022975 0.003157 -0.046368
v -0.022654 0.002996 -0.046035
v -0.022249 0.002874 -0.045789
v -0.021787 0.002798 -0.045647
v -0.021299 0.002774 -0.045620
v -0.020818 0.002803 -0.045709
v -0.020378 0.002883 -0.045907
v -0.020009 0.003009 -0.046202
v -0.019734 0.003172 -0.046573
v -0.019574 0.003361 -0.046995
v -0.019539 0.003563 -0.047439
v -0.019632 0.003765 -0.047875
v -0.019845 0.003953 -0.048273
v -0.020166 0.004113 -0.048607
v -0.020571 0.004235 -0.048853
v -0.021033 0.004311 -0.048994
v -0.021521 0.004336 -0.049021
v -0.022002 0.004307 -0.048933
v -0.022442 0.004227 -0.048735
v -0.022811 0.004101 -0.048440
v -0.023086 0.003938 -0.048069
v -0.025091 0.003559 -0.048148
v -0.025161 0.003154 -0.047260
v -0.024976 0.002751 -0.046387
v -0.024549 0.002376 -0.045591
v -0.023908 0.002055 -0.044924
v -0.023098 0.001810 -0.044432
v -0.022173 0.001659 -0.044149
v -0.021197 0.001610 -0.044095
v -0.020236 0.001668 -0.044272
v -0.019356 0.001828 -0.044668
v -0.018616 0.002080 -0.045258
v -0.018068 0.002406 -0.046000
v -0.017747 0.002785 -0.046844
v -0.017677 0.003189 -0.047732
v -0.017862 0.003593 -0.048605
v -0.018290 0.003968 -0.049401
v -0.018930 0.004289 -0.050068
v -0.019741 0.004533 -0.050560
v -0.020665 0.004685 -0.050843
v -0.021641 0.004734 -0.050897
v -0.022602 0.004676 -0.050720
v -0.023483 0.004516 -0.050323
v -0.024222 0.004264 -0.049734
v -0.024771 0.003938 -0.048992
v -0.025585 0.003423 -0.048321
v -0.025664 0.002964 -0.047314
v -0.025455 0.002506 -0.046326
v -0.024970 0.002082 -0.045423
v -0.024244 0.001718 -0.044667
v -0.023326 0.001441 -0.044110
v -0.022278 0.001269 -0.043790
v -0.021172 0.001214 -0.043728
v -0.020083 0.001279 -0.043928
v -0.019086 0.001461 -0.044378
v -0.018247 0.001746 -0.045046
v -0.017626 0.002116 -0.045887
v -0.017263 0.002545 -0.046843
v -0.017183 0.003004 -0.047850
v -0.017393 0.003461 -0.048838
v -0.017877 0.003886 -0.049741
v -0.018603 0.004249 -0.050497
v -0.019522 0.004526 -0.051054
v -0.020570 0.004698 -0.051375
v -0.021676 0.004754 -0.051437
v -0.022765 0.004688 -0.051236
v -0.023762 0.004507 -0.050786
v -0.024600 0.004221 -0.050118
v -0.025222 0.003851 -0.049277
v -0.025799 0.002990 -0.048565
v -0.025882 0.002509 -0.047509
v -0.025662 0.002029 -0.046472
v -0.025154 0.001583 -0.045526
v -0.024393 0.001202 -0.044733
v -0.023430 0.000912 -0.044149
v -0.022331 0.000731 -0.043813
v -0.021171 0.000673 -0.043748
v -0.020029 0.000742 -0.043958
v -0.018983 0.000933 -0.044430
v -0.018104 0.001232 -0.045130
v -0.017452 0.001620 -0.046012
v -0.017071 0.002069 -0.047015
v -0.016988 0.002550 -0.048071
v -0.017208 0.003030 -0.049107
v -0.017716 0.003476 -0.050054
v -0.018477 0.003857 -0.050847
v -0.019440 0.004147 -0.051431
v -0.020539 0.004328 -0.051767
v -0.021699 0.004386 -0.051832
v -0.022841 0.004317 -0.051622
v -0.023887 0.004127 -0.051150
v -0.024766 0.003827 -0.050450
v -0.025418 0.003440 -0.049568
v -0.025908 -0.001512 -0.050625
v -0.025991 -0.001994 -0.049569
v -0.025771 -0.002473 -0.048533
v -0.025263 -0.002919 -0.047586
v -0.024502 -0.003300 -0.046793
v -0.023539 -0.003591 -0.046209
v -0.022440 -0.003771 -0.045873
v -0.021280 -0.003829 -0.045808
v -0.020138 -0.003760 -0.046018
v -0.019092 -0.003570 -0.046490
v -0.018213 -0.003270 -0.047190
v -0.017561 -0.002883 -0.048072
v -0.017180 -0.002433 -0.049075
v -0.017097 -0.001952 -0.050131
v -0.017317 -0.001472 -0.051168
v -0.017825 -0.001027 -0.052114
v -0.018586 -0.000645 -0.052907
v -0.019549 -0.000355 -0.053491
v -0.020648 -0.000174 -0.053827
v -0.021808 -0.000117 -0.053892
v -0.022950 -0.000185 -0.053682
v -0.023996 -0.000376 -0.053210
v -0.024875 -0.000675 -0.052510
v -0.025527 -0.001063 -0.051628
v -0.009945 0.009449 -0.067361
v -0.011086 0.009526 -0.067583
v -0.011108 0.009401 -0.067308
v -0.011050 0.009275 -0.067037
v -0.010918 0.009159 -0.066789
v -0.010719 0.009059 -0.066582
v -0.010467 0.008983 -0.066430
v -0.010180 0.008936 -0.066342
v -0.009877 0.008921 -0.066325
v -0.009579 0.008939 -0.066380
v -0.009306 0.008989 -0.066503
v -0.009076 0.009067 -0.066686
v -0.008906 0.009168 -0.066917
v -0.008807 0.009286 -0.067179
v -0.008785 0.009411 -0.067454
v -0.008842 0.009537 -0.067725
v -0.008975 0.009653 -0.067972
v -0.009174 0.009753 -0.068179
v -0.009425 0.009829 -0.068332
v -0.009712 0.009876 -0.068420
v -0.010015 0.009891 -0.068437
v -0.010313 0.009873 -0.068382
v -0.010587 0.009823 -0.068258
v -0.010816 0.009745 -0.068076
v -0.010987 0.009644 -0.067845
v -0.012222 0.009485 -0.067858
v -0.012265 0.009235 -0.067308
v -0.012151 0.008985 -0.066768
v -0.011886 0.008753 -0.066275
v -0.011490 0.008555 -0.065863
v -0.010989 0.008403 -0.065559
v -0.010417 0.008310 -0.065384
v -0.009813 0.008279 -0.065350
v -0.009218 0.008315 -0.065459
v -0.008674 0.008414 -0.065705
v -0.008216 0.008570 -0.066070
v -0.007876 0.008772 -0.066529
v -0.007678 0.009006 -0.067051
v -0.007635 0.009257 -0.067600
v -0.007749 0.009506 -0.068140
v -0.008014 0.009738 -0.068633
v -0.008410 0.009937 -0.069046
v -0.008912 0.010088 -0.069350
v -0.009484 0.010182 -0.069525
v -0.010088 0.010212 -0.069559
v -0.010682 0.010176 -0.069449
v -0.011227 0.010077 -0.069204
v -0.011684 0.009921 -0.068839
v -0.012024 0.009719 -0.068380
v -0.012716 0.009349 -0.068031
v -0.012768 0.009044 -0.067363
v -0.012629 0.008741 -0.066707
v -0.012308 0.008459 -0.066108
v -0.011826 0.008218 -0.065606
v -0.011217 0.008034 -0.065236
v -0.010522 0.007920 -0.065024
v -0.009788 0.007883 -0.064983
v -0.009065 0.007927 -0.065116
v -0.008403 0.008047 -0.065414
v -0.007847 0.008237 -0.065857
v -0.007434 0.008482 -0.066415
v -0.007194 0.008766 -0.067050
v -0.007141 0.009071 -0.067718
v -0.007280 0.009374 -0.068374
v -0.007602 0.009656 -0.068973
v -0.008083 0.009897 -0.069474
v -0.008693 0.010081 -0.069844
v -0.009388 0.010195 -0.070057
v -0.010122 0.010232 -0.070098
v -0.010844 0.010189 -0.069965
v -0.011506 0.010068 -0.069666
v -0.012062 0.009879 -0.069223
v -0.012475 0.009633 -0.068665
v -0.012929 0.008916 -0.068274
v -0.012986 0.008589 -0.067557
v -0.012837 0.008264 -0.066853
v -0.012492 0.007961 -0.066210
v -0.011975 0.007702 -0.065672
v -0.011321 0.007505 -0.065275
v -0.010574 0.007382 -0.065047
v -0.009786 0.007343 -0.065003
v -0.009011 0.007389 -0.065146
v -0.008300 0.007519 -0.065466
v -0.007703 0.007722 -0.065942
v -0.007260 0.007985 -0.066541
v -0.007002 0.008291 -0.067222
v -0.006946 0.008618 -0.067939
v -0.007095 0.008943 -0.068643
v -0.007440 0.009246 -0.069286
v -0.007957 0.009505 -0.069824
v -0.008611 0.009702 -0.070221
v -0.009357 0.009825 -0.070449
v -0.010145 0.009864 -0.070493
v -0.010921 0.009817 -0.070351
v -0.011631 0.009688 -0.070030
v -0.012228 0.009485 -0.069554
v -0.012671 0.009222 -0.068956
v -0.013043 0.004233 -0.070417
v -0.013099 0.003906 -0.069700
v -0.012950 0.003580 -0.068996
v -0.012605 0.003278 -0.068353
v -0.012088 0.003019 -0.067815
v -0.011434 0.002822 -0.067418
v -0.010688 0.002699 -0.067190
v -0.009900 0.002660 -0.067146
v -0.009124 0.002706 -0.067289
v -0.008414 0.002836 -0.067609
v -0.007817 0.003039 -0.068085
v -0.007374 0.003302 -0.068684
v -0.007115 0.003608 -0.069365
v -0.007059 0.003935 -0.070082
v -0.007208 0.004260 -0.070786
v -0.007553 0.004563 -0.071429
v -0.008070 0.004822 -0.071967
v -0.008724 0.005019 -0.072364
v -0.009471 0.005142 -0.072592
v -0.010258 0.005181 -0.072636
v -0.011034 0.005134 -0.072494
v -0.011744 0.005005 -0.072173
v -0.012341 0.004802 -0.071697
v -0.012784 0.004538 -0.071099
v -0.009709 -0.007199 -0.031859
v -0.009415 -0.007207 -0.031843
v -0.009400 -0.007272 -0.031952
v -0.009720 -0.007263 -0.031969
v -0.009992 -0.007242 -0.031786
v -0.010028 -0.007310 -0.031889
v -0.010229 -0.007332 -0.031633
v -0.010285 -0.007408 -0.031724
v -0.010392 -0.007458 -0.031420
v -0.010462 -0.007544 -0.031492
v -0.010461 -0.007604 -0.031171
v -0.010537 -0.007703 -0.031222
v -0.010428 -0.007752 -0.030917
v -0.010501 -0.007865 -0.030946
v -0.010296 -0.007886 -0.030689
v -0.010358 -0.008010 -0.030697
v -0.010082 -0.007989 -0.030513
v -0.010126 -0.008122 -0.030506
v -0.009812 -0.008048 -0.030411
v -0.009831 -0.008186 -0.030395
v -0.009517 -0.008056 -0.030396
v -0.009511 -0.008195 -0.030378
v -0.009234 -0.008013 -0.030469
v -0.009204 -0.008148 -0.030458
v -0.008997 -0.007923 -0.030621
v -0.008946 -0.008050 -0.030623
v -0.008834 -0.007797 -0.030834
v -0.008769 -0.007914 -0.030855
v -0.008765 -0.007651 -0.031083
v -0.008694 -0.007755 -0.031126
v -0.008799 -0.007502 -0.031337
v -0.008730 -0.007593 -0.031402
v -0.008930 -0.007368 -0.031566
v -0.008873 -0.007447 -0.031650
v -0.009144 -0.007266 -0.031741
v -0.009106 -0.007336 -0.031841
v 0.008520 0.004949 -0.042376
v 0.007333 0.004922 -0.042655
v 0.007230 0.004326 -0.041348
v 0.008439 0.004483 -0.041354
v 0.007502 0.003732 -0.040064
v 0.008652 0.004019 -0.040352
v 0.008131 0.003180 -0.038891
v 0.009143 0.003588 -0.039436
v 0.009074 0.002708 -0.037910
v 0.009879 0.003220 -0.038669
v 0.010266 0.002348 -0.037186
v 0.010811 0.002938 -0.038104
v 0.011627 0.002125 -0.036770
v 0.011874 0.002764 -0.037779
v 0.013064 0.002053 -0.036690
v 0.012996 0.002708 -0.037716
v 0.014478 0.002138 -0.036950
v 0.014100 0.002774 -0.037920
v 0.015773 0.002374 -0.037534
v 0.015112 0.002959 -0.038376
v 0.016862 0.002745 -0.038402
v 0.015963 0.003248 -0.039054
v 0.017670 0.003225 -0.039494
v 0.016593 0.003623 -0.039906
v 0.018141 0.003782 -0.040736
v 0.016961 0.004058 -0.040877
v 0.018244 0.004378 -0.042043
v 0.017042 0.004524 -0.041898
v 0.017972 0.004972 -0.043327
v 0.016829 0.004988 -0.042901
v 0.017343 0.005524 -0.044500
v 0.016338 0.005419 -0.043816
v 0.016400 0.005995 -0.045481
v 0.015601 0.005787 -0.044583
v 0.015207 0.006355 -0.046205
v 0.014670 0.006068 -0.045148
v 0.013846 0.006579 -0.046621
v 0.013607 0.006243 -0.045473
v 0.012410 0.006650 -0.046701
v 0.012485 0.006299 -0.045536
v 0.010996 0.006565 -0.046441
v 0.011380 0.006232 -0.045333
v 0.009700 0.006330 -0.045857
v 0.010369 0.006048 -0.044876
v 0.008611 0.005959 -0.044989
v 0.009518 0.005759 -0.044199
v 0.007804 0.005479 -0.043897
v 0.008888 0.005384 -0.043346
v 0.006457 0.004637 -0.042981
v 0.006338 0.003946 -0.041464
v 0.006654 0.003257 -0.039974
v 0.007384 0.002616 -0.038614
v 0.008478 0.002069 -0.037475
v 0.009861 0.001651 -0.036636
v 0.011440 0.001392 -0.036153
v 0.013107 0.001309 -0.036059
v 0.014748 0.001407 -0.036362
v 0.016251 0.001681 -0.037039
v 0.017514 0.002111 -0.038046
v 0.018451 0.002668 -0.039313
v 0.018998 0.003315 -0.040754
v 0.019117 0.004006 -0.042271
v 0.018802 0.004695 -0.043761
v 0.018072 0.005335 -0.045121
v 0.016978 0.005883 -0.046260
v 0.015594 0.006301 -0.047099
v 0.014015 0.006560 -0.047582
v 0.012348 0.006643 -0.047676
v 0.010707 0.006544 -0.047373
v 0.009204 0.006271 -0.046696
v 0.007941 0.005841 -0.045689
v 0.007004 0.005283 -0.044422
v 0.006128 0.004157 -0.043272
v 0.006002 0.003431 -0.041679
v 0.006334 0.002707 -0.040114
v 0.007101 0.002034 -0.038684
v 0.008250 0.001459 -0.037488
v 0.009704 0.001020 -0.036606
v 0.011363 0.000748 -0.036099
v 0.013114 0.000660 -0.036001
v 0.014838 0.000764 -0.036318
v 0.016417 0.001052 -0.037030
v 0.017744 0.001503 -0.038088
v 0.018728 0.002089 -0.039419
v 0.019302 0.002768 -0.040933
v 0.019428 0.003494 -0.042527
v 0.019096 0.004218 -0.044091
v 0.018329 0.004891 -0.045521
v 0.017180 0.005466 -0.046717
v 0.015726 0.005905 -0.047599
v 0.014068 0.006177 -0.048106
v 0.012317 0.006264 -0.048205
v 0.010593 0.006161 -0.047887
v 0.009014 0.005873 -0.047175
v 0.007687 0.005421 -0.046117
v 0.006702 0.004836 -0.044786
v 0.006112 0.003501 -0.043573
v 0.005986 0.002775 -0.041979
v 0.006318 0.002050 -0.040414
v 0.007085 0.001378 -0.038985
v 0.008234 0.000803 -0.037788
v 0.009688 0.000364 -0.036906
v 0.011347 0.000091 -0.036399
v 0.013098 0.000004 -0.036301
v 0.014822 0.000108 -0.036619
v 0.016401 0.000395 -0.037330
v 0.017728 0.000847 -0.038388
v 0.018712 0.001432 -0.039719
v 0.019287 0.002111 -0.041233
v 0.019412 0.002838 -0.042827
v 0.019080 0.003562 -0.044392
v 0.018314 0.004234 -0.045821
v 0.017164 0.004810 -0.047017
v 0.015711 0.005248 -0.047899
v 0.014052 0.005521 -0.048407
v 0.012301 0.005608 -0.048505
v 0.010577 0.005504 -0.048187
v 0.008998 0.005217 -0.047475
v 0.007671 0.004765 -0.046418
v 0.006687 0.004180 -0.045087
v 0.006417 0.002954 -0.043751
v 0.006297 0.002262 -0.042234
v 0.006613 0.001573 -0.040745
v 0.007343 0.000933 -0.039384
v 0.008437 0.000385 -0.038245
v 0.009821 -0.000032 -0.037406
v 0.011400 -0.000291 -0.036923
v 0.013066 -0.000375 -0.036830
v 0.014707 -0.000276 -0.037132
v 0.016210 -0.000002 -0.037810
v 0.017473 0.000428 -0.038816
v 0.018410 0.000985 -0.040083
v 0.018957 0.001631 -0.041524
v 0.019077 0.002322 -0.043041
v 0.018761 0.003012 -0.044531
v 0.018031 0.003652 -0.045892
v 0.016937 0.004200 -0.047030
v 0.015553 0.004617 -0.047870
v 0.013974 0.004876 -0.048353
v 0.012308 0.004959 -0.048446
v 0.010667 0.004861 -0.048144
v 0.009163 0.004587 -0.047466
v 0.007900 0.004157 -0.046460
v 0.006963 0.003600 -0.045192
v 0.008347 0.001833 -0.043823
v 0.008265 0.001357 -0.042779
v 0.008482 0.000882 -0.041753
v 0.008985 0.000441 -0.040816
v 0.009738 0.000064 -0.040032
v 0.010691 -0.000224 -0.039454
v 0.011778 -0.000402 -0.039121
v 0.012926 -0.000459 -0.039057
v 0.014056 -0.000391 -0.039265
v 0.015091 -0.000203 -0.039732
v 0.015961 0.000093 -0.040425
v 0.016606 0.000477 -0.041297
v 0.016983 0.000922 -0.042290
v 0.017065 0.001398 -0.043335
v 0.016847 0.001873 -0.044360
v 0.016345 0.002313 -0.045297
v 0.015591 0.002691 -0.046081
v 0.014639 0.002978 -0.046660
v 0.013551 0.003157 -0.046992
v 0.012403 0.003214 -0.047056
v 0.011274 0.003146 -0.046848
v 0.010238 0.002957 -0.046382
v 0.009369 0.002661 -0.045688
v 0.008723 0.002278 -0.044816
v 0.008272 -0.001904 -0.045530
v 0.008190 -0.002378 -0.044489
v 0.008407 -0.002851 -0.043467
v 0.008907 -0.003290 -0.042533
v 0.009658 -0.003666 -0.041752
v 0.010607 -0.003953 -0.041176
v 0.011691 -0.004130 -0.040844
v 0.012835 -0.004187 -0.040780
v 0.013961 -0.004120 -0.040987
v 0.014992 -0.003932 -0.041452
v 0.015859 -0.003637 -0.042143
v 0.016502 -0.003255 -0.043013
v 0.016877 -0.002811 -0.044002
v 0.016959 -0.002337 -0.045043
v 0.016742 -0.001864 -0.046065
v 0.016241 -0.001424 -0.046998
v 0.015491 -0.001049 -0.047780
v 0.014541 -0.000762 -0.048356
v 0.013458 -0.000584 -0.048687
v 0.012314 -0.000527 -0.048751
v 0.011188 -0.000595 -0.048544
v 0.010157 -0.000783 -0.048079
v 0.009290 -0.001078 -0.047388
v 0.008647 -0.001460 -0.046519
v 0.005163 -0.003099 -0.046770
v 0.005023 -0.003912 -0.044986
v 0.005394 -0.004722 -0.043234
v 0.006253 -0.005475 -0.041634
v 0.007539 -0.006119 -0.040295
v 0.009166 -0.006611 -0.039308
v 0.011024 -0.006915 -0.038740
v 0.012984 -0.007013 -0.038630
v 0.014914 -0.006897 -0.038985
v 0.016681 -0.006575 -0.039782
v 0.018167 -0.006069 -0.040966
v 0.019269 -0.005414 -0.042456
v 0.019912 -0.004654 -0.044151
v 0.020052 -0.003841 -0.045935
v 0.019681 -0.003031 -0.047687
v 0.018823 -0.002278 -0.049287
v 0.017536 -0.001634 -0.050627
v 0.015909 -0.001142 -0.051614
v 0.014052 -0.000838 -0.052182
v 0.012091 -0.000740 -0.052292
v 0.010162 -0.000856 -0.051936
v 0.008394 -0.001178 -0.051139
v 0.006908 -0.001683 -0.049955
v 0.005806 -0.002339 -0.048465
v 0.010541 0.004633 -0.041423
v 0.010582 0.004872 -0.041946
v 0.010650 0.004396 -0.040909
v 0.010901 0.004175 -0.040440
v 0.011278 0.003986 -0.040047
v 0.011756 0.003842 -0.039758
v 0.012300 0.003753 -0.039592
v 0.012875 0.003724 -0.039559
v 0.013440 0.003758 -0.039664
v 0.013959 0.003853 -0.039897
v 0.014394 0.004001 -0.040244
v 0.014717 0.004193 -0.040681
v 0.014906 0.004416 -0.041178
v 0.014947 0.004654 -0.041701
v 0.014838 0.004892 -0.042215
v 0.014586 0.005112 -0.042684
v 0.014209 0.005301 -0.043076
v 0.013732 0.005445 -0.043366
v 0.013188 0.005535 -0.043532
v 0.012613 0.005563 -0.043565
v 0.012047 0.005529 -0.043460
v 0.011529 0.005435 -0.043227
v 0.011093 0.005287 -0.042880
v 0.010770 0.005095 -0.042443
v 0.012745 0.004723 -0.041526
v 0.003075 -0.005195 -0.048189
v 0.002896 -0.006232 -0.045913
v 0.003370 -0.007266 -0.043678
v 0.004465 -0.008227 -0.041637
v 0.006106 -0.009048 -0.039929
v 0.008182 -0.009675 -0.038669
v 0.010550 -0.010063 -0.037945
v 0.013051 -0.010188 -0.037805
v 0.015512 -0.010040 -0.038258
v 0.017767 -0.009630 -0.039275
v 0.019662 -0.008984 -0.040785
v 0.021068 -0.008149 -0.042686
v 0.021888 -0.007179 -0.044848
v 0.022067 -0.006142 -0.047124
v 0.021594 -0.005108 -0.049358
v 0.020499 -0.004148 -0.051399
v 0.018857 -0.003326 -0.053108
v 0.016782 -0.002700 -0.054367
v 0.014413 -0.002311 -0.055091
v 0.011912 -0.002186 -0.055232
v 0.009451 -0.002334 -0.054778
v 0.007196 -0.002745 -0.053761
v 0.005301 -0.003390 -0.052251
v 0.003895 -0.004226 -0.050351
v -0.002243 0.007172 -0.063996
v -0.002104 0.007453 -0.064611
v -0.004133 0.007288 -0.064043
v -0.002398 0.006716 -0.063394
v -0.004060 0.006833 -0.063488
v -0.004113 0.007577 -0.064665
v -0.011898 0.005470 -0.058404
v -0.011187 0.005297 -0.058238
v -0.011895 0.005474 -0.058416
v -0.010471 0.004884 -0.058089
v -0.011666 0.002454 -0.052548
v -0.012473 0.002839 -0.052552
v -0.013193 0.002981 -0.052648
v -0.010844 0.005761 -0.059387
v -0.011536 0.005939 -0.059572
v -0.010354 0.006124 -0.060356
v -0.010911 0.006403 -0.060808
v -0.009454 0.006566 -0.061564
v -0.009621 0.006918 -0.062306
v -0.008893 0.006753 -0.062092
v -0.008005 0.007308 -0.063498
v -0.007723 0.007035 -0.062947
v -0.006134 0.007534 -0.064305
v -0.006065 0.007237 -0.063677
v -0.005481 0.006818 -0.063272
v -0.006283 0.006753 -0.063005
v -0.007306 0.006607 -0.062513
v -0.008231 0.006385 -0.061871
v -0.009027 0.006100 -0.061093
v -0.009670 0.005756 -0.060204
v -0.010187 0.005367 -0.059237
v -0.003800 0.005780 -0.062328
v -0.002719 0.005665 -0.062210
v -0.005287 0.005871 -0.062244
v -0.006359 0.005897 -0.062013
v -0.007364 0.005802 -0.061545
v -0.008166 0.005715 -0.060999
v -0.008868 0.005477 -0.060316
v -0.009306 0.005171 -0.059623
v -0.009521 0.004950 -0.059089
v -0.009767 0.004475 -0.058015
v -0.011025 0.001977 -0.052669
v -0.008031 -0.004077 -0.038125
v -0.007892 -0.003823 -0.038752
v -0.009679 -0.003479 -0.039327
v -0.007747 -0.003698 -0.039498
v -0.009341 -0.003421 -0.039961
v -0.009930 -0.003715 -0.038733
v -0.013765 0.000267 -0.046833
v -0.014500 0.000392 -0.046888
v -0.014503 0.000387 -0.046876
v -0.012973 0.000019 -0.046982
v -0.013932 -0.000254 -0.045696
v -0.014663 -0.000151 -0.045707
v -0.013903 -0.000825 -0.044497
v -0.014606 -0.000786 -0.044394
v -0.013570 -0.001447 -0.043295
v -0.014041 -0.001672 -0.042641
v -0.013741 -0.001113 -0.043916
v -0.013269 -0.001752 -0.042626
v -0.013046 -0.002483 -0.041048
v -0.012546 -0.002333 -0.041477
v -0.011652 -0.003179 -0.039716
v -0.011316 -0.002959 -0.040287
v -0.010568 -0.003060 -0.040619
v -0.011199 -0.002795 -0.041118
v -0.011938 -0.002394 -0.041894
v -0.012523 -0.001958 -0.042780
v -0.012929 -0.001490 -0.043748
v -0.013175 -0.001069 -0.044742
v -0.013223 -0.000495 -0.045883
v -0.008677 -0.003373 -0.041348
v -0.007451 -0.003557 -0.041080
v -0.009871 -0.003036 -0.041845
v -0.010777 -0.002689 -0.042358
v -0.011538 -0.002284 -0.043026
v -0.012152 -0.001815 -0.043817
v -0.012513 -0.001397 -0.044625
v -0.012549 -0.001123 -0.045250
v -0.012536 -0.000814 -0.046021
v -0.012224 -0.000285 -0.047208
v -0.003902 0.005177 -0.061558
v -0.002917 0.005071 -0.061451
v -0.005257 0.005263 -0.061481
v -0.006235 0.005290 -0.061270
v -0.007151 0.005209 -0.060842
v -0.007882 0.005134 -0.060342
v -0.008921 0.004650 -0.059083
v -0.009267 0.004158 -0.057923
v -0.010499 0.001772 -0.052662
v -0.007228 -0.003214 -0.042133
v -0.008449 -0.003027 -0.042391
v -0.009631 -0.002690 -0.042853
v -0.010225 -0.002109 -0.044302
v -0.011322 -0.001681 -0.044888
v -0.011369 -0.001221 -0.045951
v -0.011134 -0.000610 -0.047191
v -0.003354 0.004095 -0.059575
v -0.005334 0.004404 -0.059805
v -0.007376 0.004145 -0.058812
v -0.007770 0.003555 -0.057435
v -0.009021 0.001448 -0.052492
v -0.008581 -0.001220 -0.046808
v -0.009016 -0.001916 -0.045118
v -0.006736 -0.002371 -0.044406
v -0.006289 -0.001519 -0.046405
v -0.010021 -0.000907 -0.047039
v -0.010186 -0.001520 -0.045579
v -0.006924 0.001047 -0.052218
v -0.005664 0.002806 -0.056226
v -0.004262 0.002418 -0.055469
v -0.005064 0.000831 -0.051899
v -0.000484 0.006903 -0.063395
v -0.000832 0.006493 -0.062915
v -0.000233 0.007168 -0.063976
v 0.003613 0.003736 -0.055610
v 0.004357 0.003755 -0.055518
v 0.004359 0.003760 -0.055530
v 0.002821 0.003482 -0.055728
v 0.001539 0.001061 -0.050203
v 0.002359 0.001274 -0.049918
v 0.003082 0.001265 -0.049757
v 0.003783 0.004218 -0.056790
v 0.004518 0.004246 -0.056721
v 0.003737 0.004638 -0.057853
v 0.004458 0.004782 -0.058078
v 0.003411 0.005209 -0.059279
v 0.003889 0.005493 -0.059907
v 0.003113 0.005486 -0.059960
v 0.002889 0.006159 -0.061563
v 0.002388 0.005969 -0.061152
v 0.001492 0.006729 -0.062951
v 0.001155 0.006475 -0.062395
v 0.000396 0.006198 -0.062228
v 0.001028 0.005982 -0.061707
v 0.001770 0.005650 -0.060901
v 0.002356 0.005269 -0.059991
v 0.002764 0.004857 -0.058999
v 0.002982 0.004422 -0.057957
v 0.003049 0.003971 -0.056887
v -0.001679 0.005556 -0.061952
v -0.000324 0.005347 -0.061363
v 0.000587 0.005164 -0.060779
v 0.001331 0.004885 -0.060001
v 0.001863 0.004657 -0.059218
v 0.002227 0.004307 -0.058345
v 0.002332 0.003943 -0.057556
v 0.002302 0.003704 -0.056990
v 0.002066 0.003227 -0.055914
v 0.000895 0.000720 -0.050553
v -0.005989 -0.003869 -0.038672
v -0.006072 -0.003766 -0.039380
v -0.006008 -0.004128 -0.038037
v 0.001796 -0.001327 -0.043994
v 0.001077 -0.001299 -0.044197
v 0.001793 -0.001332 -0.043982
v 0.000350 -0.001386 -0.044616
v 0.000737 -0.001801 -0.043091
v 0.001433 -0.001848 -0.042849
v 0.000187 -0.002311 -0.041995
v 0.000805 -0.002411 -0.041657
v -0.000654 -0.002809 -0.041001
v -0.000489 -0.003101 -0.040234
v -0.000218 -0.002540 -0.041515
v -0.001220 -0.003022 -0.040487
v -0.002110 -0.003636 -0.039106
v -0.002393 -0.003404 -0.039674
v -0.003985 -0.003988 -0.038354
v -0.004054 -0.003725 -0.038997
v -0.004649 -0.003684 -0.039568
v -0.003845 -0.003570 -0.039812
v -0.002821 -0.003356 -0.040275
v -0.001894 -0.003079 -0.040892
v -0.001097 -0.002738 -0.041646
v -0.000447 -0.002411 -0.042482
v 0.000101 -0.001900 -0.043517
v -0.006200 -0.003634 -0.040908
v -0.004866 -0.003563 -0.040957
v -0.003789 -0.003426 -0.041117
v -0.002781 -0.003207 -0.041471
v -0.001852 -0.002901 -0.041988
v -0.001161 -0.002594 -0.042609
v -0.000860 -0.002355 -0.043174
v -0.000547 -0.002079 -0.043892
v -0.000322 -0.001540 -0.045095
v -0.001970 0.004973 -0.061215
v -0.000734 0.004786 -0.060678
v 0.000097 0.004622 -0.060145
v 0.000775 0.004373 -0.059434
v 0.001261 0.004170 -0.058718
v 0.001689 0.003532 -0.057199
v 0.001512 0.003021 -0.056010
v 0.000368 0.000626 -0.050732
v -0.005983 -0.003287 -0.041954
v -0.004672 -0.003213 -0.041973
v -0.003516 -0.002817 -0.043110
v -0.002223 -0.002640 -0.043272
v -0.001725 -0.002238 -0.044238
v -0.001394 -0.001637 -0.045462
v -0.001409 0.003990 -0.059108
v 0.000076 0.003359 -0.057489
v -0.000151 0.002752 -0.056082
v -0.001112 0.000614 -0.051087
v -0.004309 -0.002413 -0.044282
v -0.003992 -0.001704 -0.045993
v -0.002528 -0.001697 -0.045708
v -0.002998 -0.002278 -0.044302
v -0.003212 0.000656 -0.051559
v -0.002648 0.002488 -0.055690
v -0.010086 -0.033143 -0.050022
v -0.006944 -0.033568 -0.049201
v -0.007516 -0.030123 -0.044041
v -0.011009 -0.029614 -0.044969
v -0.006574 -0.038086 -0.054372
v -0.009138 -0.037620 -0.054919
v -0.008854 -0.040783 -0.057815
v -0.006400 -0.041294 -0.057467
v -0.006218 -0.042052 -0.059196
v -0.006341 -0.041931 -0.058330
v -0.008666 -0.041379 -0.058736
v -0.008481 -0.041603 -0.059598
v -0.006003 -0.041707 -0.060331
v -0.008181 -0.041242 -0.060734
v -0.004912 -0.037770 -0.064484
v -0.005276 -0.039212 -0.063179
v -0.007387 -0.038828 -0.063447
v -0.006998 -0.037355 -0.064713
v -0.004554 -0.036128 -0.065615
v -0.006583 -0.035804 -0.065882
v -0.005618 -0.040474 -0.061878
v -0.007779 -0.040072 -0.062224
v -0.004164 -0.034301 -0.066828
v -0.006151 -0.033984 -0.067120
v -0.007951 -0.027985 -0.039840
v -0.011826 -0.027339 -0.040956
v -0.008101 -0.026941 -0.038602
v -0.012217 -0.026280 -0.039802
v -0.008066 -0.023629 -0.037624
v -0.012104 -0.023139 -0.038977
v -0.015563 -0.026507 -0.042599
v -0.014486 -0.029109 -0.046372
v -0.018942 -0.025303 -0.045208
v -0.017371 -0.028041 -0.048687
v -0.021239 -0.024056 -0.048453
v -0.019674 -0.026796 -0.051550
v -0.022545 -0.022752 -0.052305
v -0.021330 -0.025781 -0.054698
v -0.010565 -0.040681 -0.059116
v -0.010470 -0.040882 -0.060000
v -0.012564 -0.039513 -0.059566
v -0.012582 -0.039621 -0.060477
v -0.014363 -0.038026 -0.059880
v -0.014330 -0.038208 -0.060721
v -0.015978 -0.036173 -0.059961
v -0.015923 -0.036279 -0.060787
v -0.017301 -0.034402 -0.059820
v -0.017211 -0.034305 -0.060548
v -0.018991 -0.031580 -0.059240
v -0.018896 -0.031491 -0.060060
v -0.020200 -0.029145 -0.058569
v -0.020030 -0.028981 -0.059520
v -0.021613 -0.025473 -0.057422
v -0.021376 -0.025702 -0.058507
v -0.022634 -0.022313 -0.056421
v -0.022244 -0.021510 -0.058023
v -0.012985 -0.032912 -0.051092
v -0.015686 -0.031766 -0.052869
v -0.018270 -0.030649 -0.055200
v -0.011518 -0.037454 -0.055741
v -0.013982 -0.036794 -0.056940
v -0.012431 -0.038990 -0.058579
v -0.010707 -0.039985 -0.058160
v -0.015678 -0.036212 -0.059032
v -0.014361 -0.037756 -0.058992
v -0.018689 -0.031649 -0.058421
v -0.016978 -0.034497 -0.058942
v -0.019963 -0.029352 -0.057613
v -0.021692 -0.025628 -0.056163
v -0.012395 -0.039134 -0.061321
v -0.012057 -0.038296 -0.062350
v -0.009936 -0.039512 -0.062428
v -0.010227 -0.040468 -0.061071
v -0.009273 -0.036766 -0.064785
v -0.009635 -0.038267 -0.063598
v -0.011681 -0.037158 -0.063526
v -0.011364 -0.036025 -0.064472
v -0.011242 -0.034265 -0.065622
v -0.008826 -0.035244 -0.065945
v -0.010726 -0.032416 -0.066990
v -0.008361 -0.033323 -0.067187
v -0.013537 -0.032981 -0.064999
v -0.012883 -0.031112 -0.066390
v -0.015411 -0.031633 -0.064213
v -0.014794 -0.029827 -0.065551
v -0.016999 -0.029928 -0.063127
v -0.016420 -0.028224 -0.064472
v -0.013978 -0.037812 -0.061537
v -0.015535 -0.036057 -0.061487
v -0.013491 -0.037170 -0.062373
v -0.015008 -0.035475 -0.062371
v -0.018725 -0.027959 -0.061751
v -0.018139 -0.026337 -0.063094
v -0.020037 -0.025939 -0.060337
v -0.019549 -0.024398 -0.061497
v -0.016108 -0.033069 -0.062867
v -0.014255 -0.034353 -0.063697
v -0.019173 -0.028373 -0.060945
v -0.018043 -0.031053 -0.061541
v -0.016497 -0.033722 -0.062110
v -0.012143 -0.035429 -0.064436
v -0.012843 -0.036367 -0.063399
v -0.016888 -0.034154 -0.061319
v -0.018574 -0.031346 -0.060835
v -0.019585 -0.028675 -0.060253
v -0.020720 -0.025766 -0.059416
v -0.021366 -0.022194 -0.059170
v -0.022885 -0.022472 -0.054924
v -0.015699 -0.025232 -0.041608
v -0.019149 -0.023905 -0.044236
v -0.022735 -0.021810 -0.051942
v -0.021542 -0.022780 -0.047434
v -0.015386 -0.022542 -0.040963
v -0.018753 -0.021947 -0.043595
v -0.023144 -0.020894 -0.051664
v -0.021234 -0.021237 -0.046828
v -0.022994 -0.021024 -0.056228
v -0.023190 -0.020768 -0.054789
v -0.003656 -0.033824 -0.048987
v -0.003573 -0.030400 -0.043793
v -0.003645 -0.038121 -0.054156
v -0.004020 -0.041330 -0.057151
v -0.004004 -0.041881 -0.057979
v -0.003976 -0.042092 -0.058874
v -0.003791 -0.041723 -0.060007
v -0.003102 -0.039292 -0.062737
v -0.002741 -0.037801 -0.064017
v -0.002358 -0.036191 -0.065147
v -0.003437 -0.040589 -0.061458
v -0.001954 -0.034444 -0.066397
v -0.003586 -0.028165 -0.039592
v -0.003539 -0.027142 -0.038339
v -0.003315 -0.023878 -0.037227
v 0.000266 -0.030410 -0.044154
v 0.000443 -0.028134 -0.039931
v 0.004230 -0.030131 -0.045416
v 0.004989 -0.027676 -0.041475
v 0.007390 -0.029551 -0.047199
v 0.008167 -0.027028 -0.043655
v 0.009446 -0.029153 -0.049456
v 0.010374 -0.026444 -0.045915
v -0.001782 -0.041802 -0.058602
v -0.001927 -0.041595 -0.057725
v 0.000584 -0.041015 -0.058359
v 0.000409 -0.040843 -0.057500
v 0.002553 -0.039933 -0.057989
v 0.002378 -0.039798 -0.057185
v 0.004465 -0.038436 -0.057506
v 0.004192 -0.038372 -0.056676
v 0.005991 -0.036743 -0.056902
v 0.005752 -0.036852 -0.056126
v 0.007927 -0.034497 -0.055909
v 0.007673 -0.034526 -0.055160
v 0.009401 -0.032001 -0.054900
v 0.009286 -0.032327 -0.054203
v 0.010966 -0.028772 -0.053454
v 0.011085 -0.029073 -0.052503
v 0.012447 -0.025256 -0.052866
v 0.012326 -0.026337 -0.050592
v 0.000031 -0.033905 -0.049353
v 0.003681 -0.033528 -0.050195
v 0.006414 -0.033799 -0.052407
v 0.008879 -0.032417 -0.053246
v -0.000176 -0.037792 -0.054255
v 0.003469 -0.037364 -0.054793
v 0.005250 -0.036784 -0.055282
v -0.001915 -0.041042 -0.056936
v 0.000220 -0.040296 -0.056683
v 0.002023 -0.039396 -0.056268
v 0.003874 -0.038110 -0.055854
v 0.007349 -0.034468 -0.054297
v 0.010712 -0.029210 -0.050954
v -0.001259 -0.040398 -0.061001
v 0.000871 -0.039675 -0.060321
v 0.000704 -0.040546 -0.059239
v -0.001566 -0.041461 -0.059719
v 0.001105 -0.038699 -0.061328
v -0.000907 -0.039191 -0.062193
v -0.000568 -0.037687 -0.063384
v 0.001427 -0.037224 -0.062558
v -0.000164 -0.036084 -0.064553
v 0.002079 -0.035577 -0.063527
v 0.000253 -0.034251 -0.065713
v 0.002359 -0.033864 -0.064837
v 0.004476 -0.033031 -0.063504
v 0.004457 -0.034730 -0.062008
v 0.006224 -0.032063 -0.062168
v 0.006060 -0.033820 -0.060750
v 0.007727 -0.030792 -0.060585
v 0.007603 -0.032354 -0.059098
v 0.002614 -0.039584 -0.058796
v 0.004531 -0.037987 -0.058270
v 0.002596 -0.039006 -0.059543
v 0.009283 -0.029292 -0.058637
v 0.009201 -0.030637 -0.057143
v 0.010493 -0.027632 -0.056619
v 0.010307 -0.028957 -0.055406
v 0.006045 -0.035211 -0.059351
v 0.004527 -0.036003 -0.060667
v 0.009290 -0.031286 -0.056225
v 0.007857 -0.033764 -0.057314
v 0.006082 -0.035917 -0.058465
v 0.004545 -0.037078 -0.059424
v 0.002554 -0.038102 -0.060576
v 0.002388 -0.036929 -0.062013
v 0.006090 -0.036428 -0.057594
v 0.007934 -0.034177 -0.056565
v 0.009424 -0.031561 -0.055516
v 0.010717 -0.028664 -0.054346
v 0.011769 -0.025782 -0.054118
v 0.011903 -0.026354 -0.048399
v 0.005017 -0.026450 -0.040470
v 0.000433 -0.026927 -0.038947
v 0.010753 -0.024963 -0.044918
v 0.008344 -0.025682 -0.042557
v 0.004988 -0.023660 -0.039799
v 0.000484 -0.023828 -0.038230
v 0.010666 -0.022541 -0.044293
v 0.008227 -0.023105 -0.041914
v 0.012329 -0.023973 -0.049459
v 0.011795 -0.023438 -0.047267
vn 0.0704 0.0896 -0.9935
vn 0.0632 0.9866 -0.1501
vn 0.1443 0.9763 -0.1615
vn 0.2015 0.1003 -0.9743
vn -0.7190 -0.0356 -0.6941
vn -0.3962 0.9179 0.0244
vn -0.3434 0.9389 -0.0243
vn -0.6287 0.0013 -0.7777
vn -0.9465 -0.3090 -0.0934
vn -0.5299 0.7604 0.3754
vn -0.5287 0.7892 0.3126
vn -0.9446 -0.2598 -0.2004
vn -0.7952 -0.0767 -0.6014
vn -0.4405 0.8944 0.0780
vn -0.8548 -0.1206 -0.5047
vn -0.4757 0.8692 0.1349
vn -0.8989 -0.1659 -0.4055
vn -0.5018 0.8431 0.1932
vn -0.9286 -0.2123 -0.3042
vn -0.5192 0.8166 0.2521
vn -0.4155 -0.6540 0.6322
vn -0.2198 0.5588 0.7997
vn -0.2818 0.5746 0.7684
vn -0.5215 -0.6272 0.5784
vn -0.3066 -0.6742 0.6719
vn -0.1561 0.5467 0.8226
vn -0.1962 -0.6886 0.6981
vn -0.0919 0.5383 0.8378
vn -0.7915 -0.5104 0.3361
vn -0.4396 0.6431 0.6270
vn -0.4768 0.6712 0.5676
vn -0.8552 -0.4623 0.2344
vn -0.5044 0.7007 0.5046
vn -0.9025 -0.4117 0.1267
vn -0.5220 0.7307 0.4399
vn -0.9328 -0.3600 0.0161
vn -0.2834 0.9567 -0.0665
vn -0.5252 0.0324 -0.8504
vn -0.2176 0.9708 -0.1008
vn -0.4128 0.0579 -0.9090
vn -0.1480 0.9809 -0.1264
vn -0.2931 0.0756 -0.9531
vn -0.0499 0.0921 -0.9945
vn -0.0057 0.9886 -0.1507
vn -0.1714 0.0867 -0.9814
vn -0.0767 0.9867 -0.1430
vn -0.7131 -0.5547 0.4288
vn -0.3937 0.6172 0.6812
vn -0.6219 -0.5939 0.5103
vn -0.3405 0.5942 0.7287
vn 0.0631 -0.0335 -0.9974
vn 0.1879 -0.0202 -0.9820
vn 0.1715 -0.0403 -0.9843
vn 0.0629 -0.0330 -0.9975
vn -0.6272 -0.1249 -0.7688
vn -0.6422 -0.1459 -0.7525
vn -0.6800 -0.1715 -0.7129
vn -0.6846 -0.1506 -0.7132
vn -0.5996 -0.1160 -0.7918
vn -0.9007 -0.4103 -0.1429
vn -0.8989 -0.3631 -0.2452
vn -0.8927 -0.3757 -0.2488
vn -0.8986 -0.4144 -0.1441
vn -0.7570 -0.1895 -0.6254
vn -0.7495 -0.2116 -0.6273
vn -0.8137 -0.2316 -0.5332
vn -0.8046 -0.2517 -0.5378
vn -0.8557 -0.2748 -0.4386
vn -0.8467 -0.2922 -0.4447
vn -0.8837 -0.3185 -0.3430
vn -0.8763 -0.3342 -0.3470
vn -0.3969 -0.7379 0.5459
vn -0.4976 -0.7125 0.4948
vn -0.4974 -0.7125 0.4949
vn -0.3967 -0.7380 0.5460
vn -0.2936 -0.7572 0.5835
vn -0.2939 -0.7571 0.5835
vn -0.1891 -0.7708 0.6084
vn -0.1884 -0.7707 0.6087
vn -0.7535 -0.6017 0.2649
vn -0.8139 -0.5561 0.1685
vn -0.8139 -0.5560 0.1684
vn -0.8588 -0.5080 0.0663
vn -0.8607 -0.5049 0.0649
vn -0.8876 -0.4591 -0.0386
vn -0.8923 -0.4495 -0.0424
vn -0.5392 -0.0960 -0.8367
vn -0.5014 -0.0865 -0.8609
vn -0.4765 -0.0852 -0.8750
vn -0.3947 -0.0622 -0.9167
vn -0.4099 -0.0650 -0.9098
vn -0.2917 -0.0461 -0.9554
vn -0.2810 -0.0452 -0.9586
vn -0.0508 -0.0305 -0.9982
vn -0.0467 -0.0284 -0.9985
vn -0.1658 -0.0349 -0.9855
vn -0.1679 -0.0338 -0.9852
vn -0.6791 -0.6437 0.3529
vn -0.6790 -0.6437 0.3529
vn -0.5927 -0.6809 0.4301
vn -0.5926 -0.6810 0.4302
vn -0.5978 -0.2288 -0.7683
vn -0.5182 -0.2994 -0.8011
vn -0.6089 -0.3189 -0.7263
vn -0.6660 -0.2238 -0.7115
vn -0.7254 -0.2531 -0.6401
vn -0.6806 -0.3358 -0.6512
vn -0.7802 -0.2917 -0.5534
vn -0.7226 -0.3374 -0.6034
vn -0.8208 -0.3138 -0.4773
vn -0.7620 -0.3412 -0.5504
vn -0.7941 -0.3425 -0.5021
vn -0.8520 -0.3357 -0.4018
vn -0.8365 -0.3304 -0.4371
vn -0.8689 -0.3565 -0.3434
vn -0.8819 -0.3781 -0.2814
vn 0.0085 -0.4787 -0.8779
vn 0.1066 -0.4743 -0.8739
vn 0.0730 -0.5739 -0.8157
vn -0.0277 -0.5707 -0.8207
vn -0.4340 -0.4537 -0.7783
vn -0.5027 -0.4688 -0.7263
vn -0.5566 -0.4894 -0.6713
vn -0.6076 -0.4690 -0.6410
vn -0.0830 -0.4787 -0.8741
vn -0.0840 -0.5762 -0.8130
vn -0.1389 -0.5778 -0.8043
vn -0.1835 -0.4700 -0.8634
vn -0.2081 -0.5796 -0.7879
vn -0.2690 -0.4547 -0.8491
vn 0.0526 -0.6877 -0.7241
vn -0.0345 -0.6725 -0.7393
vn -0.3264 -0.6033 -0.7277
vn -0.3938 -0.5845 -0.7095
vn -0.2744 -0.5880 -0.7609
vn -0.1725 -0.6735 -0.7188
vn -0.0852 -0.6678 -0.7394
vn -0.1265 -0.6679 -0.7334
vn 0.0427 -0.7398 -0.6715
vn -0.0268 -0.7258 -0.6874
vn -0.2143 -0.6749 -0.7061
vn -0.0667 -0.7120 -0.6990
vn -0.1148 -0.7126 -0.6921
vn -0.8944 -0.4374 -0.0932
vn -0.8977 -0.4403 -0.0175
vn -0.8956 -0.4142 -0.1626
vn -0.8890 -0.4028 -0.2178
vn -0.6770 -0.3952 -0.6209
vn 0.0026 -0.4474 -0.8943
vn 0.1125 -0.4454 -0.8882
vn -0.1051 -0.4308 -0.8963
vn -0.2313 -0.4045 -0.8848
vn -0.3427 -0.3735 -0.8620
vn -0.6284 -0.2038 -0.7507
vn -0.4458 -0.3225 -0.8350
vn -0.6403 -0.1807 -0.7465
vn -0.3497 -0.4481 -0.8228
vn 0.1795 0.9572 -0.2270
vn 0.3059 0.0801 -0.9487
vn 0.4987 0.8530 0.1536
vn 0.5293 0.8283 0.1837
vn 0.8885 -0.1936 -0.4161
vn 0.8764 -0.1416 -0.4603
vn 0.5386 0.6766 0.5021
vn 0.5126 0.6505 0.5605
vn 0.8387 -0.4970 0.2226
vn 0.8835 -0.4520 0.1229
vn 0.5584 0.7891 0.2557
vn 0.9188 -0.2580 -0.2988
vn 0.5667 0.7593 0.3200
vn 0.9323 -0.3080 -0.1896
vn 0.5655 0.7306 0.3827
vn 0.9300 -0.3580 -0.0827
vn 0.5561 0.7032 0.4431
vn 0.9137 -0.4059 0.0215
vn 0.1133 0.5329 0.8386
vn 0.0425 0.5311 0.8462
vn 0.0338 -0.7014 0.7120
vn 0.1551 -0.6986 0.6985
vn -0.0262 0.5330 0.8457
vn -0.0831 -0.6977 0.7115
vn 0.3802 0.5808 0.7198
vn 0.3202 0.5629 0.7620
vn 0.5091 -0.6476 0.5670
vn 0.6119 -0.6170 0.4949
vn 0.4330 0.6018 0.6711
vn 0.7023 -0.5809 0.4116
vn 0.4773 0.6253 0.6174
vn 0.7782 -0.5405 0.3199
vn 0.2543 0.5488 0.7963
vn 0.3964 -0.6717 0.6259
vn 0.1846 0.5388 0.8220
vn 0.2771 -0.6888 0.6699
vn 0.2207 -0.0508 -0.9740
vn 0.2934 -0.1277 -0.9474
vn 0.2541 -0.0680 -0.9648
vn 0.2384 -0.0301 -0.9707
vn 0.3096 0.0515 -0.9495
vn 0.8416 -0.3013 -0.4482
vn 0.8495 -0.3231 -0.4171
vn 0.8067 -0.2766 -0.5222
vn 0.8205 -0.2550 -0.5117
vn 0.8297 -0.5557 0.0526
vn 0.8352 -0.5463 0.0628
vn 0.7926 -0.5891 0.1574
vn 0.7913 -0.5917 0.1538
vn 0.8690 -0.3626 -0.3367
vn 0.8585 -0.3756 -0.3492
vn 0.8499 -0.3435 -0.3996
vn 0.8817 -0.4109 -0.2320
vn 0.8710 -0.4243 -0.2475
vn 0.8792 -0.4582 -0.1308
vn 0.8693 -0.4727 -0.1445
vn 0.8637 -0.5029 -0.0330
vn 0.8545 -0.5175 -0.0455
vn 0.1440 -0.7802 0.6088
vn 0.1442 -0.7802 0.6087
vn 0.0292 -0.7828 0.6215
vn 0.0290 -0.7828 0.6215
vn -0.0822 -0.7795 0.6210
vn -0.0813 -0.7794 0.6213
vn 0.5775 -0.7028 0.4155
vn 0.5774 -0.7028 0.4155
vn 0.4799 -0.7318 0.4839
vn 0.6660 -0.6660 0.3361
vn 0.6631 -0.6686 0.3366
vn 0.7428 -0.6219 0.2479
vn 0.7352 -0.6302 0.2496
vn 0.7332 -0.2268 -0.6411
vn 0.7933 -0.2647 -0.5483
vn 0.7386 -0.2300 -0.6337
vn 0.6619 -0.1752 -0.7288
vn 0.6582 -0.1739 -0.7325
vn 0.5785 -0.1376 -0.8040
vn 0.5749 -0.1371 -0.8066
vn 0.4805 -0.1005 -0.8712
vn 0.4853 -0.1029 -0.8683
vn 0.3852 -0.0662 -0.9205
vn 0.3811 -0.0670 -0.9221
vn 0.3731 -0.7546 0.5397
vn 0.3730 -0.7547 0.5397
vn 0.2600 -0.7709 0.5816
vn 0.2598 -0.7709 0.5816
vn 0.8026 -0.4112 -0.4321
vn 0.7697 -0.4950 -0.4031
vn 0.7383 -0.4577 -0.4954
vn 0.8329 -0.4152 -0.3660
vn 0.8225 -0.4026 -0.4019
vn 0.8453 -0.4596 -0.2725
vn 0.7948 -0.5002 -0.3436
vn 0.8511 -0.4909 -0.1862
vn 0.8163 -0.5181 -0.2555
vn 0.8323 -0.5214 -0.1883
vn 0.8510 -0.5149 -0.1031
vn 0.8445 -0.5212 -0.1233
vn 0.8290 -0.5587 0.0226
vn 0.8475 -0.5288 -0.0469
vn 0.1946 -0.4780 -0.8565
vn 0.1642 -0.5792 -0.7985
vn 0.6923 -0.4619 -0.5544
vn 0.6059 -0.5765 -0.5482
vn 0.5640 -0.5631 -0.6040
vn 0.6311 -0.6142 -0.4738
vn 0.6795 -0.6002 -0.4220
vn 0.2800 -0.4807 -0.8310
vn 0.2464 -0.6065 -0.7560
vn 0.3781 -0.5219 -0.7646
vn 0.3123 -0.6258 -0.7147
vn 0.4405 -0.5314 -0.7236
vn 0.3527 -0.6367 -0.6857
vn 0.1288 -0.7017 -0.7007
vn 0.4875 -0.6752 -0.5536
vn 0.4374 -0.6744 -0.5949
vn 0.3957 -0.6600 -0.6386
vn 0.2685 -0.7201 -0.6398
vn 0.1873 -0.7102 -0.6786
vn 0.2430 -0.7067 -0.6645
vn 0.1065 -0.7452 -0.6583
vn 0.3165 -0.7216 -0.6157
vn 0.1512 -0.7440 -0.6508
vn 0.2048 -0.7456 -0.6341
vn 0.7411 -0.6132 0.2735
vn 0.7645 -0.6123 0.2014
vn 0.7952 -0.5908 0.1363
vn 0.8107 -0.5794 0.0838
vn 0.7524 -0.5465 -0.3678
vn 0.2124 -0.4538 -0.8654
vn 0.2962 -0.4337 -0.8510
vn 0.4132 -0.4810 -0.7732
vn 0.4837 -0.4778 -0.7333
vn 0.8395 -0.3784 -0.3898
vn 0.5950 -0.4912 -0.6362
vn 0.4867 -0.5455 -0.6823
vn -0.3861 -0.7736 0.5024
vn -0.4836 -0.7494 0.4524
vn -0.0546 -0.9279 -0.3687
vn -0.0482 -0.9298 -0.3649
vn -0.2862 -0.7920 0.5393
vn -0.0415 -0.9313 -0.3620
vn -0.1845 -0.8052 0.5636
vn -0.0343 -0.9322 -0.3602
vn -0.7312 -0.6427 0.2288
vn -0.7897 -0.5982 0.1362
vn -0.0758 -0.9176 -0.3901
vn -0.0704 -0.9202 -0.3850
vn -0.8341 -0.5500 0.0409
vn -0.0702 -0.9318 -0.3561
vn -0.6593 -0.6830 0.3143
vn -0.0663 -0.9232 -0.3786
vn -0.5756 -0.7190 0.3896
vn -0.0608 -0.9258 -0.3732
vn -0.8681 -0.4298 -0.2481
vn -0.8645 -0.4039 -0.2993
vn -0.2877 -0.7792 0.5568
vn -0.2190 -0.8750 0.4318
vn -0.0431 -0.7673 -0.6398
vn 0.0306 -0.7794 -0.6258
vn -0.1761 -0.8164 0.5500
vn -0.1842 -0.8163 0.5475
vn -0.0866 -0.7577 -0.6468
vn -0.1986 -0.8181 0.5397
vn -0.1262 -0.7536 -0.6451
vn -0.2230 -0.8146 0.5355
vn -0.2257 -0.7177 -0.6588
vn -0.2389 -0.8049 0.5432
vn -0.8702 -0.4916 -0.0323
vn -0.8677 -0.4880 -0.0944
vn -0.0623 -0.9967 -0.0523
vn -0.0558 -0.9706 -0.2343
vn -0.8712 -0.4672 -0.1509
vn -0.0955 -0.9866 0.1321
vn -0.8685 -0.4549 -0.1967
vn -0.1510 -0.9450 0.2901
vn -0.8427 -0.3734 -0.3879
vn -0.3170 -0.7390 0.5945
vn -0.8015 -0.3855 -0.4571
vn -0.6916 -0.4390 -0.5735
vn -0.3054 -0.7589 0.5751
vn -0.3153 -0.7445 0.5884
vn -0.6250 -0.5168 -0.5850
vn -0.4132 -0.6297 -0.6579
vn -0.2534 -0.7923 0.5550
vn -0.2864 -0.7761 0.5618
vn 0.1384 -0.8151 0.5626
vn 0.0269 -0.8172 0.5757
vn -0.0196 -0.9328 -0.3598
vn -0.0119 -0.9324 -0.3613
vn -0.0807 -0.8136 0.5757
vn -0.0270 -0.9328 -0.3594
vn 0.5572 -0.7414 0.3741
vn 0.4628 -0.7696 0.4399
vn 0.0075 -0.9280 -0.3726
vn 0.0165 -0.9276 -0.3733
vn 0.6397 -0.7070 0.3015
vn 0.0054 -0.9413 -0.3376
vn 0.3597 -0.7915 0.4940
vn 0.0025 -0.9302 -0.3671
vn 0.2505 -0.8067 0.5353
vn -0.0049 -0.9322 -0.3618
vn 0.8108 -0.5691 -0.1367
vn 0.8195 -0.5688 -0.0700
vn -0.1203 -0.7450 0.6561
vn -0.1103 -0.7514 0.6505
vn 0.8155 -0.5786 -0.0124
vn 0.7920 -0.6084 0.0501
vn -0.1122 -0.8810 0.4596
vn -0.1112 -0.7920 0.6003
vn 0.0943 -0.7847 -0.6126
vn -0.1708 -0.8191 0.5477
vn 0.1411 -0.7854 -0.6027
vn -0.1644 -0.8169 0.5528
vn 0.1942 -0.7866 -0.5861
vn -0.1585 -0.8124 0.5612
vn 0.3025 -0.7649 -0.5688
vn -0.1396 -0.8133 0.5648
vn 0.7286 -0.6586 0.1882
vn 0.7094 -0.6599 0.2477
vn -0.0421 -0.9803 -0.1931
vn -0.0839 -0.9964 -0.0091
vn 0.7555 -0.6406 0.1374
vn -0.1066 -0.9852 0.1343
vn 0.7718 -0.6288 0.0950
vn -0.1167 -0.9511 0.2861
vn 0.7403 -0.5946 -0.3138
vn -0.0846 -0.7774 0.6233
vn 0.4735 -0.7206 -0.5065
vn 0.6681 -0.6487 -0.3644
vn -0.0906 -0.7989 0.5946
vn -0.1131 -0.8115 0.5732
vn -0.0221 -0.9092 -0.4158
vn -0.0222 -0.9092 -0.4158
vn -0.0221 -0.9092 -0.4157
vn -0.0211 -0.9091 -0.4161
vn -0.0220 -0.9094 -0.4154
vn -0.0206 -0.9094 -0.4154
vn -0.0214 -0.9091 -0.4160
vn -0.0160 -0.9267 -0.3755
vn -0.0188 -0.9239 -0.3822
vn -0.0223 -0.9092 -0.4157
vn -0.0225 -0.9092 -0.4157
vn -0.0223 -0.9092 -0.4158
vn -0.1768 -0.8804 0.4400
vn -0.2199 -0.7655 0.6047
vn -0.2211 -0.7722 0.5957
vn -0.1786 -0.8644 0.4700
vn -0.1871 -0.7637 0.6179
vn -0.1862 -0.7626 0.6195
vn -0.1909 -0.7607 0.6204
vn -0.1774 -0.7683 0.6150
vn -0.1991 -0.7661 0.6111
vn -0.1940 -0.7698 0.6081
vn -0.2128 -0.7699 0.6016
vn -0.2161 -0.7676 0.6034
vn -0.2217 -0.7618 0.6087
vn -0.2272 -0.7540 0.6164
vn 0.0074 -0.9707 -0.2400
vn -0.0005 -0.9989 -0.0465
vn 0.0058 -0.9992 -0.0391
vn 0.0050 -0.9676 -0.2523
vn -0.0424 -0.9888 0.1431
vn -0.0353 -0.9847 0.1706
vn -0.0950 -0.9448 0.3136
vn -0.0862 -0.9281 0.3623
vn -0.2514 -0.7241 0.6423
vn -0.2518 -0.7245 0.6416
vn -0.2496 -0.7239 0.6432
vn -0.2450 -0.7309 0.6370
vn -0.2441 -0.7298 0.6386
vn -0.2497 -0.7241 0.6429
vn -0.2388 -0.7442 0.6238
vn -0.2219 -0.7471 0.6266
vn -0.2266 -0.7442 0.6283
vn -0.2385 -0.7441 0.6241
vn -0.0220 -0.9092 -0.4157
vn -0.0192 -0.9122 -0.4092
vn -0.0246 -0.9039 -0.4269
vn -0.0237 -0.9038 -0.4273
vn -0.0197 -0.9141 -0.4050
vn -0.0383 -0.9258 -0.3760
vn -0.0318 -0.9211 -0.3879
vn -0.0216 -0.9128 -0.4079
vn -0.0221 -0.9120 -0.4096
vn -0.0219 -0.9092 -0.4157
vn -0.0222 -0.9099 -0.4141
vn -0.2085 -0.7070 0.6758
vn -0.1845 -0.7150 0.6744
vn -0.1887 -0.7135 0.6748
vn -0.2007 -0.7098 0.6752
vn -0.1825 -0.7672 0.6149
vn -0.1529 -0.8675 0.4733
vn -0.1637 -0.8640 0.4761
vn -0.1921 -0.7609 0.6198
vn -0.1747 -0.7703 0.6133
vn -0.1800 -0.7678 0.6149
vn -0.1872 -0.7610 0.6211
vn -0.1722 -0.7671 0.6180
vn -0.1859 -0.7564 0.6272
vn -0.1828 -0.7575 0.6267
vn -0.1676 -0.7623 0.6252
vn -0.1735 -0.7591 0.6275
vn -0.1286 -0.9916 -0.0128
vn -0.0954 -0.9695 -0.2259
vn -0.0822 -0.9690 -0.2330
vn -0.1267 -0.9918 -0.0179
vn -0.1480 -0.9784 0.1443
vn -0.1674 -0.9804 0.1042
vn -0.1688 -0.9409 0.2937
vn -0.1872 -0.9451 0.2678
vn -0.1359 -0.7421 0.6564
vn -0.1275 -0.7432 0.6568
vn -0.1478 -0.7656 0.6262
vn -0.1572 -0.7478 0.6450
vn -0.1560 -0.7487 0.6443
vn -0.1465 -0.7659 0.6260
vn 0.0502 -0.2067 -0.9771
vn 0.1378 -0.1927 -0.9715
vn 0.1490 -0.1920 -0.9700
vn 0.0643 -0.2038 -0.9769
vn -0.1140 -0.0921 -0.9892
vn -0.1210 -0.1778 -0.9766
vn -0.1201 -0.1725 -0.9777
vn -0.1142 -0.0863 -0.9897
vn -0.1375 -0.2475 -0.9591
vn -0.1611 -0.3004 -0.9401
vn -0.1625 -0.3029 -0.9391
vn -0.1372 -0.2466 -0.9593
vn -0.1747 -0.3268 -0.9288
vn -0.1740 -0.3258 -0.9293
vn -0.1530 -0.3059 -0.9397
vn -0.1448 -0.2985 -0.9433
vn -0.0399 -0.2363 -0.9709
vn -0.0217 -0.2291 -0.9732
vn -0.1058 -0.2690 -0.9573
vn -0.0955 -0.2627 -0.9601
vn 0.2125 -0.0729 -0.9744
vn 0.1603 -0.0645 -0.9850
vn 0.1626 -0.0621 -0.9847
vn 0.2154 -0.0717 -0.9739
vn 0.0813 -0.0358 -0.9960
vn 0.0784 -0.0367 -0.9962
vn -0.0096 0.0202 -0.9998
vn -0.0108 0.0166 -0.9998
vn -0.0912 0.0688 -0.9935
vn -0.0885 0.0670 -0.9938
vn -0.1778 0.1334 -0.9750
vn -0.1512 0.0836 -0.9850
vn -0.1523 0.0861 -0.9846
vn -0.1793 0.1357 -0.9744
vn -0.1570 0.1231 -0.9799
vn -0.1535 0.1199 -0.9808
vn -0.1268 0.0003 -0.9919
vn -0.1283 0.0068 -0.9917
vn 0.2288 -0.2011 -0.9525
vn 0.2361 -0.2019 -0.9505
vn 0.5151 -0.3755 -0.7705
vn 0.5331 -0.3047 -0.7893
vn 0.5331 -0.3043 -0.7894
vn 0.5139 -0.3810 -0.7686
vn 0.5515 -0.2198 -0.8047
vn 0.5536 -0.2168 -0.8041
vn 0.5144 -0.4097 -0.7534
vn 0.5139 -0.4071 -0.7551
vn 0.4980 -0.3776 -0.7806
vn 0.4928 -0.3682 -0.7884
vn 0.4637 -0.3220 -0.8254
vn 0.4572 -0.3140 -0.8321
vn 0.3265 -0.2239 -0.9183
vn 0.3246 -0.2235 -0.9191
vn 0.4066 -0.2679 -0.8734
vn 0.3999 -0.2631 -0.8780
vn 0.6427 -0.0282 -0.7656
vn 0.6619 0.0004 -0.7496
vn 0.6445 -0.0256 -0.7642
vn 0.2596 -0.0797 -0.9624
vn 0.2643 -0.0785 -0.9612
vn 0.3205 -0.0824 -0.9436
vn 0.3243 -0.0824 -0.9423
vn 0.3908 -0.0858 -0.9164
vn 0.3967 -0.0871 -0.9138
vn 0.4532 -0.0837 -0.8875
vn 0.4540 -0.0859 -0.8869
vn 0.5960 -0.1166 -0.7945
vn 0.5994 -0.1096 -0.7929
vn 0.6186 -0.0258 -0.7853
vn 0.5188 -0.0732 -0.8517
vn 0.5221 -0.0728 -0.8498
vn 0.6214 -0.0226 -0.7832
vn 0.8330 -0.2015 -0.5153
vn 0.9774 -0.0416 0.2074
vn 0.9809 -0.0769 0.1784
vn 0.9835 -0.0945 0.1545
vn 0.9641 0.0146 0.2650
vn -0.4229 0.3210 -0.8474
vn -0.4820 0.4966 -0.7219
vn -0.4835 0.4556 -0.7474
vn 0.0220 0.9091 0.4160
vn 0.9208 0.1314 0.3672
vn -0.5296 0.6892 -0.4945
vn -0.4647 0.3777 -0.8009
vn 0.8314 0.2144 -0.5126
vn 0.8005 0.2332 -0.5520
vn 0.8006 0.2332 -0.5520
vn 0.3542 0.3820 -0.8536
vn 0.2226 0.4012 -0.8885
vn 0.3546 0.3820 -0.8535
vn 0.6236 0.3127 -0.7164
vn 0.5321 0.3416 -0.7747
vn 0.5320 0.3416 -0.7747
vn 0.6237 0.3127 -0.7164
vn 0.7170 0.2756 -0.6403
vn 0.7171 0.2756 -0.6402
vn 0.2681 0.0514 -0.9620
vn 0.3364 -0.0000 -0.9417
vn 0.1049 0.9276 0.3586
vn 0.8218 -0.1606 -0.5466
vn -0.4448 0.7302 -0.5187
vn 0.7977 -0.1862 -0.5735
vn 0.3149 0.0305 -0.9486
vn 0.0559 0.9420 0.3309
vn 0.7692 -0.1315 -0.6253
vn 0.1047 0.9247 0.3661
vn 0.6900 -0.0786 -0.7195
vn 0.0954 0.9299 0.3553
vn 0.6029 -0.0380 -0.7969
vn 0.0858 0.9340 0.3469
vn 0.3993 0.0147 -0.9167
vn 0.0649 0.9403 0.3340
vn 0.5044 -0.0021 -0.8635
vn 0.0752 0.9376 0.3395
vn 0.8764 -0.1416 -0.4602
vn -0.0266 -0.9094 -0.4151
vn -0.0477 -0.9079 -0.4165
vn -0.0356 -0.9091 -0.4150
vn -0.0210 -0.9098 -0.4145
vn -0.0068 -0.9115 -0.4113
vn -0.0185 -0.9096 -0.4151
vn -0.0181 -0.9096 -0.4151
vn -0.0053 -0.9112 -0.4120
vn -0.0229 -0.9090 -0.4162
vn -0.0201 -0.9102 -0.4138
vn -0.0194 -0.9102 -0.4136
vn -0.0232 -0.9089 -0.4163
vn -0.0213 -0.9095 -0.4151
vn -0.0212 -0.9096 -0.4150
vn -0.0220 -0.9091 -0.4160
vn -0.0242 -0.9123 -0.4088
vn -0.0227 -0.9094 -0.4153
vn -0.0196 -0.9049 -0.4252
vn -0.0216 -0.9089 -0.4164
vn -0.0237 -0.9119 -0.4097
vn -0.0229 -0.9102 -0.4135
vn -0.0224 -0.9095 -0.4150
vn -0.0347 -0.9322 -0.3602
vn -0.0339 -0.9310 -0.3633
vn -0.0643 -0.9742 -0.2162
vn -0.0729 -0.9811 -0.1793
vn -0.1001 -0.9945 -0.0299
vn -0.1050 -0.9945 -0.0057
vn -0.1309 -0.9804 0.1471
vn -0.1244 -0.9853 0.1167
vn -0.1554 -0.9375 0.3115
vn -0.1472 -0.9514 0.2706
vn -0.1745 -0.8701 0.4610
vn -0.1713 -0.8771 0.4487
vn -0.1885 -0.7791 0.5979
vn -0.1884 -0.7859 0.5890
vn -0.1947 -0.7144 0.6721
vn -0.1946 -0.7100 0.6768
vn -0.1947 -0.7061 0.6808
vn -0.1951 -0.7044 0.6825
vn -0.1951 -0.7034 0.6835
vn -0.1965 -0.6967 0.6900
vn -0.1962 -0.7043 0.6823
vn -0.1953 -0.7074 0.6793
vn -0.1958 -0.7024 0.6844
vn -0.1964 -0.7086 0.6778
vn -0.1966 -0.6998 0.6867
vn -0.1969 -0.7067 0.6796
vn -0.1939 -0.7336 0.6514
vn -0.1949 -0.5625 0.8035
vn -0.1864 -0.7156 0.6732
vn -0.1863 -0.7113 0.6778
vn -0.1850 -0.7311 0.6567
vn -0.1952 -0.6005 0.7754
vn 0.0147 -0.8709 -0.4912
vn 0.0236 -0.8724 -0.4882
vn 0.0249 -0.8725 -0.4880
vn 0.0156 -0.8709 -0.4912
vn 0.0358 -0.8748 -0.4831
vn 0.0381 -0.8773 -0.4784
vn 0.0503 -0.8784 -0.4753
vn 0.0541 -0.8766 -0.4781
vn 0.0618 -0.8815 -0.4681
vn 0.0635 -0.8842 -0.4628
vn 0.0701 -0.8852 -0.4599
vn 0.0726 -0.8867 -0.4567
vn 0.0872 -0.9047 -0.4170
vn 0.0730 -0.9164 -0.3936
vn 0.1173 -0.9544 -0.2744
vn 0.0501 -0.9760 -0.2119
vn 0.1199 -0.9918 -0.0444
vn 0.0208 -0.9997 -0.0121
vn 0.0812 -0.9787 0.1887
vn -0.0063 -0.9874 0.1580
vn 0.0120 -0.9242 0.3816
vn -0.0360 -0.9417 0.3345
vn -0.0622 -0.8392 0.5403
vn -0.0654 -0.8574 0.5106
vn -0.1217 -0.7483 0.6521
vn -0.0863 -0.7554 0.6496
vn -0.1543 -0.6949 0.7023
vn -0.0971 -0.6796 0.7271
vn -0.1581 -0.6901 0.7063
vn -0.1025 -0.6678 0.7372
vn -0.1684 -0.6873 0.7066
vn -0.1148 -0.6551 0.7467
vn -0.1779 -0.6880 0.7036
vn -0.1341 -0.6498 0.7482
vn -0.1836 -0.6868 0.7033
vn -0.1513 -0.6419 0.7517
vn -0.1989 -0.6909 0.6950
vn -0.1717 -0.6354 0.7529
vn -0.2071 -0.6973 0.6862
vn -0.1816 -0.5932 0.7843
vn -0.1899 -0.6990 0.6894
vn -0.1793 -0.6429 0.7447
vn -0.1855 -0.6945 0.6952
vn -0.1879 -0.6165 0.7646
vn -0.1885 -0.6930 0.6958
vn -0.1921 -0.6952 0.6927
vn -0.1958 -0.6157 0.7633
vn -0.1994 -0.6910 0.6948
vn -0.2044 -0.6404 0.7404
vn -0.2063 -0.6853 0.6984
vn -0.2173 -0.5903 0.7774
vn -0.2015 -0.6884 0.6968
vn -0.2269 -0.6299 0.7428
vn -0.2044 -0.6895 0.6948
vn -0.2436 -0.6311 0.7365
vn -0.2159 -0.6841 0.6967
vn -0.2630 -0.6357 0.7257
vn -0.2382 -0.6731 0.7002
vn -0.2803 -0.6372 0.7179
vn -0.2737 -0.6580 0.7015
vn -0.2903 -0.6474 0.7047
vn -0.2876 -0.6588 0.6952
vn -0.2947 -0.6579 0.6930
vn -0.2804 -0.7136 0.6420
vn -0.2951 -0.7327 0.6133
vn -0.2857 -0.8234 0.4903
vn -0.2896 -0.8361 0.4659
vn -0.2925 -0.9161 0.2742
vn -0.2730 -0.9184 0.2862
vn -0.2750 -0.9571 0.0912
vn -0.2480 -0.9626 0.1090
vn -0.2473 -0.9664 -0.0702
vn -0.2189 -0.9742 -0.0545
vn -0.1857 -0.9380 -0.2926
vn -0.1764 -0.9525 -0.2483
vn -0.1113 -0.8851 -0.4519
vn -0.1219 -0.8963 -0.4263
vn -0.0887 -0.8696 -0.4857
vn -0.0926 -0.8697 -0.4849
vn -0.0742 -0.8662 -0.4941
vn -0.0795 -0.8691 -0.4882
vn -0.0575 -0.8668 -0.4954
vn -0.0597 -0.8639 -0.5001
vn -0.0440 -0.8674 -0.4956
vn -0.0473 -0.8680 -0.4943
vn -0.0327 -0.8665 -0.4981
vn -0.0337 -0.8663 -0.4983
vn -0.0239 -0.8669 -0.4978
vn -0.0247 -0.8667 -0.4982
vn -0.0119 -0.8691 -0.4946
vn -0.0124 -0.8688 -0.4951
vn -0.0049 -0.8709 -0.4914
vn 0.0027 -0.8706 -0.4921
vn 0.0033 -0.8704 -0.4923
vn -0.5888 0.2035 -0.7823
vn -0.4386 0.4684 -0.7670
vn -0.4462 0.4886 -0.7498
vn -0.6841 0.1877 -0.7049
vn -0.6325 0.1417 -0.7615
vn -0.6800 0.0115 -0.7331
vn -0.7123 0.0950 -0.6954
vn -0.7336 -0.1345 -0.6661
vn -0.7097 -0.1036 -0.6969
vn -0.7312 -0.2346 -0.6406
vn -0.7308 -0.3281 -0.5986
vn -0.7343 -0.3470 -0.5834
vn -0.7360 -0.4045 -0.5428
vn -0.7289 -0.4579 -0.5090
vn -0.7225 -0.4634 -0.5131
vn -0.7237 -0.5016 -0.4741
vn -0.5130 0.4760 -0.7143
vn -0.7039 0.2185 -0.6759
vn -0.5352 0.5130 -0.6711
vn -0.7163 0.1981 -0.6691
vn -0.7041 0.2128 -0.6774
vn -0.7183 0.2321 -0.6559
vn -0.7723 0.2022 -0.6022
vn -0.7330 0.1934 -0.6522
vn -0.7781 0.1048 -0.6193
vn -0.8321 0.0473 -0.5526
vn -0.8010 0.0648 -0.5951
vn -0.8209 -0.0117 -0.5710
vn -0.8671 -0.0953 -0.4890
vn -0.8345 -0.0922 -0.5432
vn -0.8698 -0.1965 -0.4526
vn -0.8400 -0.2150 -0.4981
vn -0.8606 -0.3345 -0.3839
vn -0.8346 -0.3766 -0.4019
vn -0.8156 -0.3783 -0.4377
vn -0.8337 -0.2750 -0.4788
vn -0.8374 -0.4606 -0.2943
vn -0.8070 -0.4912 -0.3278
vn -0.7744 -0.5098 -0.3749
vn -0.6769 -0.7353 -0.0333
vn -0.6573 -0.7499 -0.0748
vn -0.6363 -0.7622 -0.1192
vn -0.5523 0.5487 -0.6276
vn -0.5706 0.5738 -0.5875
vn -0.8125 0.2562 -0.5236
vn -0.7924 0.2343 -0.5632
vn -0.5826 0.6030 -0.5449
vn -0.8361 0.2806 -0.4714
vn -0.8916 0.3705 -0.2603
vn -0.8723 0.3468 -0.3448
vn -0.6178 0.6466 -0.4475
vn -0.6247 0.6728 -0.3963
vn -0.6120 0.6123 -0.5005
vn -0.8569 0.3123 -0.4100
vn -0.6265 0.6966 -0.3496
vn -0.8850 0.4205 -0.2000
vn -0.8728 0.4861 -0.0441
vn -0.8800 0.4579 -0.1264
vn -0.6381 0.7180 -0.2780
vn -0.6257 0.7477 -0.2225
vn -0.8349 0.5474 0.0567
vn -0.8559 0.5172 -0.0043
vn -0.6261 0.7577 -0.1842
vn -0.6260 0.7702 -0.1221
vn -0.6000 0.7962 -0.0780
vn -0.8020 0.5867 0.1127
vn -0.5386 0.8424 0.0164
vn -0.7307 0.6409 0.2354
vn -0.7723 0.6112 0.1732
vn -0.5900 0.8073 -0.0135
vn -0.4908 0.8701 0.0440
vn -0.4750 0.8735 0.1067
vn -0.6493 0.6769 0.3467
vn -0.6983 0.6547 0.2893
vn -0.4478 0.8798 0.1594
vn -0.3916 0.9041 0.1710
vn -0.5517 0.7069 0.4426
vn -0.6010 0.6972 0.3908
vn -0.3373 0.9207 0.1961
vn -0.2779 0.9361 0.2154
vn -0.4371 0.7294 0.5261
vn -0.4881 0.7305 0.4777
vn -0.2432 0.9347 0.2593
vn -0.3698 0.7346 0.5689
vn -0.1313 0.9461 0.2961
vn -0.2257 0.7513 0.6201
vn -0.2914 0.7498 0.5940
vn -0.1924 0.9357 0.2959
vn -0.1590 0.7713 0.6163
vn -0.0595 0.9671 0.2473
vn -0.1226 0.7931 0.5966
vn -0.0272 0.9590 0.2820
vn -0.1119 0.8136 0.5705
vn 0.0500 0.9662 0.2528
vn -0.0495 0.8024 0.5947
vn 0.0161 0.7971 0.6036
vn 0.0558 0.8269 0.5596
vn 0.0773 0.9791 0.1883
vn -0.0224 0.8213 0.5701
vn -0.0520 0.8393 0.5412
vn 0.0097 0.7771 0.6294
vn 0.0470 0.7663 0.6407
vn 0.0311 0.7090 0.7045
vn 0.0440 0.7807 0.6234
vn 0.0112 0.7060 0.7081
vn 0.0065 0.6610 0.7503
vn 0.0205 0.6543 0.7559
vn -0.0034 0.6256 0.7801
vn 0.0038 0.6172 0.7868
vn -0.0486 0.7102 0.7023
vn -0.0849 0.6624 0.7443
vn 0.0028 0.5712 0.8208
vn -0.0182 0.5238 0.8516
vn -0.1523 0.4659 0.8716
vn -0.0454 0.4612 0.8861
vn -0.1363 0.5373 0.8323
vn -0.1603 0.3872 0.9079
vn -0.0374 0.3886 0.9206
vn -0.0619 0.1244 0.9903
vn -0.0442 0.1973 0.9794
vn -0.0606 0.0547 0.9967
vn -0.0961 0.0380 0.9946
vn -0.1063 0.0143 0.9942
vn -0.1051 -0.2736 0.9561
vn -0.1405 -0.0063 0.9901
vn -0.1260 -0.2712 0.9542
vn -0.1624 -0.3615 0.9181
vn 0.0621 0.9794 0.1921
vn 0.0382 0.8338 0.5508
vn -0.2308 -0.3811 0.8953
vn -0.2050 0.0108 0.9787
vn -0.2630 0.1247 0.9567
vn -0.2576 0.0452 0.9652
vn -0.3180 0.0886 0.9439
vn -0.2897 -0.3113 0.9051
vn -0.3360 -0.3271 0.8832
vn -0.3812 0.0804 0.9210
vn -0.4458 0.0821 0.8913
vn -0.3861 -0.3215 0.8646
vn -0.4420 -0.3075 0.8427
vn -0.5144 0.0667 0.8550
vn -0.5027 -0.2740 0.8199
vn -0.5696 0.0418 0.8209
vn -0.6301 0.0446 0.7752
vn -0.5412 -0.3072 0.7828
vn -0.5865 -0.3061 0.7499
vn -0.6852 0.0172 0.7282
vn -0.7289 -0.0036 0.6846
vn -0.5998 -0.3623 0.7135
vn -0.6313 -0.4056 0.6610
vn -0.7788 -0.0355 0.6263
vn -0.6996 -0.4197 0.5783
vn -0.8546 -0.0634 0.5153
vn -0.8187 -0.0526 0.5719
vn -0.6868 -0.3888 0.6141
vn -0.7449 -0.4076 0.5282
vn -0.7890 -0.3930 0.4722
vn -0.9115 -0.1113 0.3961
vn -0.8851 -0.0872 0.4572
vn -0.8018 -0.4182 0.4268
vn -0.9369 -0.1265 0.3260
vn -0.9567 -0.2067 0.2051
vn -0.9522 -0.1611 0.2594
vn -0.7917 -0.4710 0.3890
vn -0.7820 -0.5208 0.3423
vn -0.9586 -0.2792 0.0566
vn -0.9588 -0.2456 0.1428
vn -0.7756 -0.5602 0.2909
vn -0.7730 -0.5924 0.2269
vn -0.7519 -0.6447 0.1379
vn -0.9385 -0.3369 -0.0749
vn -0.9535 -0.3009 -0.0160
vn -0.7533 -0.6290 0.1921
vn -0.7297 -0.6825 0.0420
vn -0.8943 -0.4024 -0.1956
vn -0.9203 -0.3650 -0.1406
vn -0.7329 -0.6732 0.0985
vn -0.6944 -0.7195 0.0112
vn -0.8649 -0.4383 -0.2447
vn -0.6196 -0.7713 -0.1456
vn -0.7399 -0.5676 -0.3611
vn -0.7510 -0.5443 -0.3738
vn -0.7815 -0.4537 -0.4283
vn -0.7236 -0.5844 -0.3672
vn -0.6987 -0.6033 -0.3845
vn -0.6120 -0.7701 -0.1801
vn -0.7123 -0.5850 -0.3878
vn -0.7149 -0.5441 -0.4392
vn -0.7150 -0.5673 -0.4085
vn -0.2085 0.6778 0.7050
vn -0.2715 0.6074 0.7466
vn -0.2589 0.5842 0.7692
vn -0.2612 0.5239 0.8107
vn -0.2927 0.4833 0.8251
vn -0.2635 0.4526 0.8519
vn -0.3021 0.3843 0.8724
vn -0.2729 0.3792 0.8842
vn -0.2886 0.3153 0.9040
vn -0.2887 0.3153 0.9040
vn -0.3161 0.2610 0.9121
vn -0.3794 0.2604 0.8878
vn -0.3676 0.4280 0.8256
vn -0.4504 0.2517 0.8566
vn -0.4433 0.4270 0.7881
vn -0.5256 0.4116 0.7445
vn -0.5294 0.2285 0.8170
vn -0.5825 0.2111 0.7850
vn -0.5742 0.4036 0.7123
vn -0.6364 0.3852 0.6683
vn -0.6430 0.2003 0.7393
vn -0.7030 0.1836 0.6871
vn -0.7010 0.3618 0.6145
vn -0.7481 0.3456 0.5665
vn -0.7526 0.1631 0.6380
vn -0.8044 0.1439 0.5764
vn -0.8008 0.3246 0.5033
vn -0.8442 0.1205 0.5223
vn -0.8808 0.1061 0.4615
vn -0.8763 0.2828 0.3901
vn -0.8404 0.3024 0.4497
vn -0.9144 0.0826 0.3962
vn -0.9159 0.2397 0.3221
vn -0.9808 0.1443 0.1312
vn -0.9621 0.1760 0.2083
vn -0.9612 0.0287 0.2744
vn -0.9831 0.0093 0.1831
vn -0.9423 0.2139 0.2576
vn -0.9400 0.0509 0.3373
vn -0.9963 0.0810 -0.0286
vn -0.9926 0.1152 0.0386
vn -0.9935 -0.0282 0.1107
vn -0.9956 -0.0761 0.0541
vn -0.9925 -0.1205 -0.0210
vn -0.9933 0.0418 -0.1075
vn -0.9659 -0.0390 -0.2560
vn -0.9845 -0.0024 -0.1751
vn -0.9832 -0.1531 -0.0992
vn -0.9672 -0.1964 -0.1611
vn -0.9225 -0.1104 -0.3700
vn -0.9455 -0.0780 -0.3162
vn -0.9462 -0.2368 -0.2206
vn -0.9190 -0.2756 -0.2819
vn -0.8955 -0.1500 -0.4190
vn -0.8916 -0.3023 -0.3372
vn -0.3012 0.2513 0.9198
vn -0.2883 0.1952 0.9374
vn -0.8849 0.0776 -0.4593
vn -0.8604 0.0530 -0.5069
vn -0.9317 0.1412 -0.3347
vn -0.9085 0.1093 -0.4034
vn -0.9549 0.2212 -0.1982
vn -0.9454 0.1812 -0.2708
vn -0.9595 0.2570 -0.1151
vn -0.9467 0.3186 0.0467
vn -0.9577 0.2850 -0.0384
vn -0.9066 0.3904 0.1603
vn -0.9313 0.3489 0.1048
vn -0.8820 0.4123 0.2282
vn -0.8033 0.4822 0.3497
vn -0.8434 0.4539 0.2875
vn -0.7658 0.5033 0.4002
vn -0.7088 0.5320 0.4633
vn -0.6654 0.5456 0.5095
vn -0.6065 0.5621 0.5623
vn -0.5424 0.5832 0.6047
vn -0.4916 0.5897 0.6407
vn -0.4064 0.6011 0.6881
vn -0.3330 0.6027 0.7252
vn -0.3266 -0.5815 0.7451
vn -0.3284 -0.9091 0.2565
vn -0.2230 -0.8979 0.3796
vn -0.1826 -0.5584 0.8092
vn -0.4119 -0.8909 0.1914
vn -0.4706 -0.5817 0.6634
vn -0.5304 -0.8367 0.1368
vn -0.6134 -0.5362 0.5798
vn -0.7560 -0.4313 0.4924
vn -0.6431 -0.7654 0.0242
vn -0.7521 -0.6562 -0.0619
vn -0.8668 -0.2627 0.4239
vn -0.8540 -0.5072 -0.1154
vn -0.9311 -0.1478 0.3334
vn -0.8607 0.0061 0.5091
vn -0.9214 0.0524 0.3850
vn -0.9789 -0.0665 0.1932
vn -0.9277 -0.1223 0.3526
vn -0.9807 -0.0767 0.1798
vn -0.9190 -0.3371 -0.2046
vn -0.9993 0.0088 0.0362
vn -0.9150 -0.1947 -0.3534
vn -0.9866 0.1605 -0.0305
vn -0.8725 -0.0607 -0.4848
vn -0.9481 0.3169 -0.0275
vn -0.8331 0.1156 -0.5409
vn -0.8844 0.4664 -0.0187
vn -0.7649 0.2611 -0.5888
vn -0.7865 0.6163 -0.0406
vn -0.6418 0.4126 -0.6464
vn -0.6650 0.7360 -0.1272
vn -0.5460 0.5709 -0.6131
vn -0.5062 0.8415 -0.1890
vn -0.4179 0.7163 -0.5588
vn -0.3328 0.9233 -0.1919
vn -0.2701 0.7871 -0.5546
vn -0.1671 0.9774 -0.1297
vn -0.1464 0.8072 -0.5718
vn -0.0133 0.9976 -0.0682
vn -0.0082 0.8359 -0.5489
vn -0.2857 -0.3328 0.8987
vn -0.1623 -0.3249 0.9317
vn -0.6104 -0.5260 0.5922
vn -0.5742 -0.2699 0.7729
vn -0.7038 -0.2262 0.6734
vn -0.7567 -0.4533 0.4711
vn -0.7964 -0.0746 0.6001
vn -0.8664 -0.2502 0.4321
vn -0.4463 -0.3344 0.8300
vn -0.4782 -0.5970 0.6441
vn -0.6608 0.1689 0.7313
vn -0.6982 0.2879 0.6555
vn -0.9565 0.1349 0.2587
vn -0.6965 0.3974 0.5974
vn -0.9406 0.2576 0.2212
vn -0.6624 0.5119 0.5470
vn -0.8899 0.3865 0.2423
vn -0.6019 0.5975 0.5298
vn -0.8228 0.5193 0.2309
vn -0.5127 0.6601 0.5490
vn -0.7071 0.6507 0.2769
vn -0.3985 0.7330 0.5512
vn -0.6320 0.7683 0.1011
vn -0.3096 0.7719 0.5553
vn -0.4599 0.8693 0.1810
vn -0.2134 0.8007 0.5598
vn -0.3281 0.9328 0.1494
vn -0.1254 0.8269 0.5481
vn -0.1597 0.9663 0.2020
vn -0.0120 0.8423 0.5389
vn -0.0285 0.9731 0.2284
vn -0.5600 0.1122 0.8209
vn -0.4337 0.0559 0.8993
vn -0.2920 0.0049 0.9564
vn -0.1356 -0.0029 0.9908
vn -0.0625 0.0022 0.9980
vn -0.1069 0.1120 0.9879
vn -0.1341 0.2064 0.9692
vn -0.1543 0.2969 0.9423
vn -0.3199 0.1713 0.9318
vn -0.3933 0.2656 0.8802
vn -0.4204 0.3666 0.8300
vn -0.4198 0.4550 0.7853
vn 0.0133 0.3210 0.9470
vn -0.3950 0.5454 0.7393
vn -0.3475 0.6293 0.6951
vn -0.1143 0.6080 0.7856
vn -0.2029 0.7366 0.6452
vn -0.2717 0.6982 0.6623
vn -0.0143 0.7362 0.6766
vn -0.1301 0.7822 0.6093
vn 0.0054 0.7775 0.6288
vn -0.0585 0.7866 0.6146
vn -0.2497 0.1071 0.9624
vn -0.9873 0.1527 -0.0434
vn -0.9998 -0.0143 0.0126
vn -0.9466 0.3217 -0.0191
vn -0.8909 0.4508 -0.0564
vn -0.7696 0.6379 0.0274
vn -0.6766 0.6992 -0.2307
vn -0.4970 0.8613 -0.1058
vn -0.3406 0.9079 -0.2444
vn -0.1573 0.9809 -0.1145
vn -0.0267 0.9992 -0.0285
vn 0.0768 0.9913 -0.1073
vn 0.0807 0.8722 -0.4824
vn 0.1124 0.8890 -0.4440
vn 0.0992 0.9841 -0.1476
vn 0.0974 0.9817 -0.1638
vn 0.0893 0.9884 -0.1229
vn -0.2577 0.6747 -0.6916
vn 0.0886 0.8878 -0.4516
vn 0.1015 0.8848 -0.4547
vn -0.2662 0.6829 -0.6803
vn -0.2928 0.7189 -0.6305
vn 0.0745 0.9515 -0.2984
vn -0.2902 0.6958 -0.6571
vn 0.1105 0.8888 -0.4447
vn 0.1104 0.8886 -0.4452
vn -0.2975 0.7200 -0.6269
vn 0.1106 0.8884 -0.4456
vn -0.3116 0.7354 -0.6017
vn -0.3379 0.7443 -0.5761
vn 0.1105 0.8886 -0.4452
vn 0.1106 0.8882 -0.4460
vn -0.3383 0.7875 -0.5152
vn -0.3314 0.7711 -0.5437
vn -0.3257 0.7519 -0.5732
vn 0.1106 0.8885 -0.4453
vn -0.3335 0.8098 -0.4827
vn 0.1110 0.8883 -0.4456
vn -0.3338 0.8261 -0.4540
vn 0.1119 0.8881 -0.4458
vn -0.3647 0.8339 -0.4142
vn 0.1120 0.8880 -0.4460
vn -0.3833 0.8622 -0.3313
vn -0.3823 0.8482 -0.3666
vn 0.1120 0.8881 -0.4458
vn -0.4156 0.8755 -0.2464
vn -0.4057 0.8667 -0.2903
vn 0.1098 0.8886 -0.4453
vn -0.4009 0.9017 -0.1621
vn -0.4114 0.8880 -0.2056
vn 0.1111 0.8885 -0.4452
vn -0.3535 0.9240 -0.1457
vn 0.1108 0.8882 -0.4458
vn -0.3079 0.9423 -0.1312
vn -0.2879 0.9568 -0.0396
vn -0.3014 0.9500 -0.0811
vn 0.1113 0.8881 -0.4459
vn 0.1166 0.8839 -0.4529
vn 0.1162 0.8839 -0.4529
vn -0.1441 0.9890 -0.0341
vn -0.1909 0.9809 -0.0385
vn 0.1128 0.8872 -0.4473
vn -0.0905 0.9954 0.0302
vn -0.1164 0.9932 -0.0054
vn -0.0481 0.9988 0.0117
vn 0.0484 0.9969 -0.0622
vn 0.1114 0.8877 -0.4468
vn 0.1097 0.8891 -0.4444
vn 0.0829 0.9901 -0.1130
vn 0.0014 0.9995 -0.0302
vn 0.1112 0.8886 -0.4450
vn -0.4662 0.4866 -0.7388
vn -0.3131 0.6902 -0.6524
vn -0.2585 0.6732 -0.6928
vn -0.3321 0.8089 -0.4852
vn 0.0673 0.9902 -0.1223
vn -0.2627 0.9572 -0.1218
vn 0.0191 0.9997 0.0180
vn -0.3360 0.8663 -0.3696
vn -0.4411 0.8974 -0.0018
vn -0.1358 0.9762 0.1688
vn -0.6011 0.7936 0.0946
vn -0.1698 0.9234 0.3444
vn -0.6613 0.6840 0.3079
vn -0.2293 0.8059 0.5459
vn -0.6536 0.5934 0.4698
vn -0.2458 0.6891 0.6817
vn -0.6484 0.4676 0.6008
vn -0.2084 0.5261 0.8245
vn -0.6290 0.2874 0.7223
vn -0.1855 0.3177 0.9299
vn -0.6211 0.0639 0.7811
vn -0.2238 0.0771 0.9716
vn -0.6131 -0.1592 0.7738
vn -0.2572 -0.1407 0.9561
vn -0.5196 -0.3967 0.7567
vn -0.2354 -0.3560 0.9043
vn -0.4024 -0.5575 0.7261
vn -0.2118 -0.5563 0.8035
vn -0.5646 -0.7428 0.3599
vn -0.1917 -0.6710 0.7163
vn -0.5414 -0.8137 0.2115
vn -0.1616 -0.7654 0.6229
vn -0.5053 -0.8570 0.1009
vn -0.1347 -0.8324 0.5375
vn -0.5100 0.5871 -0.6287
vn -0.3233 0.8173 -0.4769
vn -0.5712 0.6385 -0.5158
vn -0.3240 0.8785 -0.3511
vn -0.7645 0.4658 -0.4455
vn -0.4987 0.8233 -0.2711
vn -0.2568 0.9590 -0.1196
vn -0.6185 0.7739 -0.1359
vn -0.3829 0.9235 0.0227
vn -0.8402 0.4360 -0.3224
vn -0.7997 0.5883 0.1199
vn -0.6944 0.6665 0.2712
vn -0.6517 0.7562 0.0597
vn -0.7590 0.6496 -0.0437
vn -0.7796 0.5217 0.3466
vn -0.5960 0.6113 0.5206
vn -0.8505 0.3716 0.3723
vn -0.6844 0.4622 0.5639
vn -0.8230 0.2293 0.5197
vn -0.5841 0.2916 0.7575
vn -0.9792 0.1213 0.1630
vn -0.9784 0.0009 0.2069
vn -0.8205 0.0213 0.5712
vn -0.9666 0.2293 0.1146
vn -0.9426 0.3273 0.0666
vn -0.9224 0.3807 -0.0659
vn -0.8739 0.4451 -0.1957
vn -0.8288 0.2865 -0.4806
vn -0.7371 0.2842 -0.6131
vn -0.7028 0.2258 -0.6746
vn -0.7696 0.2126 -0.6021
vn -0.6713 0.2450 -0.6996
vn -0.6537 0.2041 -0.7287
vn -0.6430 0.1805 -0.7443
vn -0.6637 0.1675 -0.7290
vn -0.5896 0.2189 -0.7775
vn -0.6067 0.1794 -0.7744
vn -0.6346 0.1435 -0.7594
vn -0.6626 0.0789 -0.7448
vn -0.7230 -0.0357 -0.6899
vn -0.6982 0.0205 -0.7156
vn -0.7551 0.0814 -0.6506
vn -0.7113 0.1258 -0.6915
vn -0.8310 0.1879 -0.5235
vn -0.8786 0.3194 -0.3551
vn -0.7618 -0.1768 -0.6232
vn -0.7464 -0.1071 -0.6568
vn -0.8251 -0.0455 -0.5631
vn -0.7956 0.0233 -0.6054
vn -0.9239 0.0821 -0.3738
vn -0.8842 0.1383 -0.4462
vn -0.9653 0.2276 -0.1279
vn -0.9282 0.2902 -0.2328
vn -0.7706 -0.2574 -0.5830
vn -0.7714 -0.3321 -0.5428
vn -0.7605 -0.4069 -0.5060
vn -0.8261 -0.3743 -0.4213
vn -0.8463 -0.2869 -0.4489
vn -0.7469 -0.4787 -0.4615
vn -0.7950 -0.4563 -0.3998
vn -0.8693 -0.4134 -0.2710
vn -0.9169 -0.3070 -0.2552
vn -0.7541 -0.5335 -0.3830
vn -0.8036 -0.5115 -0.3044
vn -0.8500 -0.4847 -0.2061
vn -0.9256 -0.3651 -0.0997
vn -0.7439 -0.5863 -0.3207
vn -0.7810 -0.5593 -0.2778
vn -0.7436 -0.6625 0.0902
vn -0.6903 -0.7227 -0.0344
vn -0.6264 -0.7708 -0.1162
vn -0.7113 -0.5979 -0.3697
vn -0.7260 -0.5454 -0.4188
vn -0.8647 -0.5014 0.0300
vn -0.9302 -0.3465 0.1207
vn -0.9624 -0.1687 0.2128
vn -0.9735 -0.2263 -0.0317
vn -0.9963 -0.0863 -0.0006
vn -0.9990 0.0434 -0.0073
vn -0.9877 0.1482 -0.0508
vn -0.6494 -0.5923 0.4769
vn -0.7524 -0.3823 0.5363
vn -0.8197 -0.1756 0.5452
vn -0.9563 -0.0899 -0.2781
vn -0.9462 -0.1969 -0.2567
vn -0.8528 -0.1993 -0.4827
vn -0.9477 0.0024 -0.3191
vn -0.8450 -0.1170 -0.5218
vn -0.5411 -0.8135 0.2131
vn -0.5577 -0.7412 0.3736
vn -0.4113 -0.5575 0.7211
vn -0.4884 -0.3916 0.7799
vn -0.6123 0.0590 0.7884
vn -0.6618 -0.1580 0.7329
vn -0.4974 -0.8592 0.1196
vn -0.4884 -0.8718 0.0380
vn -0.1119 -0.8764 0.4684
vn -0.1301 -0.5247 0.8413
vn -0.1441 -0.8772 0.4580
vn -0.1192 -0.8824 0.4551
vn -0.1287 -0.5583 0.8196
vn -0.1548 -0.6501 0.7439
vn -0.1114 -0.8877 0.4468
vn -0.1895 -0.6609 0.7262
vn -0.1109 -0.8881 0.4461
vn -0.2267 -0.6172 0.7534
vn -0.2598 -0.6043 0.7532
vn -0.1113 -0.8886 0.4449
vn -0.1108 -0.8890 0.4443
vn -0.2942 -0.6010 0.7432
vn -0.1111 -0.8890 0.4442
vn -0.4272 -0.5413 0.7242
vn -0.3963 -0.5363 0.7452
vn -0.1114 -0.8881 0.4460
vn -0.1113 -0.8881 0.4459
vn -0.4530 -0.5952 0.6638
vn -0.4479 -0.5589 0.6979
vn -0.1112 -0.8881 0.4460
vn -0.5091 -0.6223 0.5946
vn -0.4740 -0.6195 0.6258
vn -0.1110 -0.8883 0.4456
vn -0.5298 -0.6293 0.5686
vn -0.1105 -0.8886 0.4453
vn -0.5779 -0.6129 0.5388
vn -0.6515 -0.5958 0.4696
vn -0.6350 -0.5875 0.5016
vn -0.1119 -0.8885 0.4450
vn -0.1118 -0.8885 0.4450
vn -0.6304 -0.6405 0.4386
vn -0.1120 -0.8881 0.4458
vn -0.5969 -0.6925 0.4051
vn -0.1119 -0.8881 0.4458
vn -0.5638 -0.7358 0.3752
vn -0.1107 -0.8884 0.4456
vn -0.1104 -0.8886 0.4452
vn -0.5359 -0.7708 0.3445
vn -0.1106 -0.8883 0.4458
vn -0.4990 -0.8136 0.2984
vn -0.5090 -0.7976 0.3237
vn -0.4967 -0.8350 0.2369
vn -0.4977 -0.8252 0.2670
vn -0.1118 -0.8883 0.4454
vn -0.4471 -0.8864 0.1203
vn -0.1108 -0.8876 0.4471
vn -0.4606 -0.8753 0.1472
vn -0.1105 -0.8886 0.4452
vn -0.1107 -0.8883 0.4456
vn -0.4606 -0.8672 0.1894
vn -0.4762 -0.8529 0.2138
vn -0.5031 -0.8642 0.0098
vn -0.5174 -0.8264 0.2221
vn -0.4838 -0.8301 0.2771
vn -0.5124 -0.8082 0.2902
vn -0.4900 -0.8054 0.3334
vn -0.5476 -0.7653 0.3383
vn -0.6509 -0.5700 0.5014
vn -0.5068 -0.6491 0.5673
vn -0.5806 -0.6116 0.5374
vn -0.5335 -0.5989 0.5973
vn -0.4608 -0.6329 0.6222
vn -0.4666 -0.5316 0.7069
vn -0.4447 -0.6045 0.6609
vn -0.4151 -0.4978 0.7615
vn -0.4112 -0.5671 0.7137
vn -0.3464 -0.5666 0.7476
vn -0.2379 -0.5842 0.7760
vn -0.1800 -0.6871 0.7039
vn -0.1524 -0.6670 0.7293
vn -0.1334 -0.5191 0.8442
vn 0.0848 0.9872 -0.1348
vn 0.0479 0.9975 -0.0514
vn 0.0067 0.9985 -0.0537
vn -0.0511 0.9982 0.0322
vn -0.0981 0.9941 0.0454
vn -0.1324 0.9899 -0.0507
vn -0.1163 0.9932 -0.0064
vn -0.3644 0.8675 -0.3385
vn -0.4016 0.8410 -0.3625
vn -0.3658 0.8330 -0.4151
vn -0.3193 0.8317 -0.4542
vn -0.3530 0.7800 -0.5168
vn -0.3314 0.8109 -0.4822
vn -0.3186 0.7783 -0.5410
vn -0.3073 0.6824 -0.6632
vn -0.2549 0.6911 -0.6763
vn -0.4179 0.8961 -0.1495
vn -0.3572 0.9228 -0.1444
vn -0.2856 0.9469 -0.1479
vn -0.3061 0.9488 -0.0780
vn -0.3092 0.9508 -0.0177
vn -0.2336 0.9712 -0.0475
vn -0.2007 0.9793 -0.0252
vn -0.0890 0.7973 0.5970
vn -0.1405 0.7222 0.6772
vn -0.1545 0.7029 0.6944
vn -0.0454 0.2477 0.9678
vn 0.1129 0.8867 -0.4483
vn -0.2440 0.9691 -0.0368
vn -0.1108 -0.8885 0.4452
vn 0.3703 -0.4643 -0.8045
vn 0.4415 -0.4525 -0.7748
vn 0.4417 -0.4534 -0.7742
vn 0.3663 -0.4674 -0.8046
vn 0.2921 -0.4797 -0.8274
vn 0.2214 -0.4923 -0.8418
vn 0.2226 -0.4763 -0.8506
vn 0.2933 -0.4713 -0.8318
vn 0.5082 -0.4462 -0.7366
vn 0.5054 -0.4484 -0.7372
vn 0.6276 -0.4234 -0.6534
vn 0.5738 -0.4395 -0.6911
vn 0.5746 -0.4387 -0.6909
vn 0.6312 -0.4202 -0.6519
vn 0.6861 -0.4028 -0.6058
vn 0.6855 -0.4032 -0.6062
vn 0.7953 -0.3690 -0.4809
vn 0.7447 -0.3865 -0.5441
vn 0.7434 -0.3883 -0.5445
vn 0.7957 -0.3687 -0.4805
vn 0.9426 -0.2408 -0.2313
vn 0.9137 -0.2750 -0.2992
vn 0.9151 -0.2750 -0.2949
vn 0.9421 -0.2414 -0.2327
vn 0.9607 -0.2163 -0.1738
vn 0.9607 -0.2161 -0.1743
vn 0.9938 -0.1028 0.0434
vn 0.9904 -0.0694 0.1195
vn 0.9903 -0.0666 0.1223
vn 0.9936 -0.1058 0.0405
vn 0.9779 -0.1837 -0.1003
vn 0.9777 -0.1845 -0.1008
vn 0.9881 -0.1488 -0.0381
vn 0.9872 -0.1538 -0.0411
vn 0.9417 0.0333 0.3348
vn 0.9637 0.0018 0.2671
vn 0.9644 -0.0005 0.2644
vn 0.9417 0.0338 0.3346
vn 0.9151 0.0737 0.3964
vn 0.9166 0.0699 0.3938
vn 0.8091 0.1764 0.5606
vn 0.7607 0.1988 0.6179
vn 0.7627 0.2137 0.6105
vn 0.8084 0.1768 0.5615
vn 0.8857 0.1072 0.4517
vn 0.8846 0.1084 0.4536
vn 0.9826 -0.0409 0.1812
vn 0.9822 -0.0397 0.1837
vn 0.8748 -0.3158 -0.3675
vn 0.8417 -0.3421 -0.4177
vn 0.8407 -0.3425 -0.4194
vn 0.8751 -0.3174 -0.3652
vn 0.8550 0.1359 0.5005
vn 0.8549 0.1373 0.5002
vn 0.7245 0.2345 0.6482
vn 0.7489 0.2592 0.6099
vn 0.7216 0.2045 0.6614
vn 0.2238 -0.9468 -0.2313
vn 0.1796 -0.9503 -0.2544
vn 0.1275 -0.9542 -0.2708
vn 0.0731 -0.9573 -0.2796
vn 0.2778 -0.9385 -0.2052
vn 0.3648 -0.9189 -0.1498
vn 0.3282 -0.9276 -0.1782
vn 0.4063 -0.9069 -0.1113
vn 0.4828 -0.8750 -0.0366
vn 0.4505 -0.8895 -0.0762
vn 0.6026 -0.7758 0.1869
vn 0.5893 -0.7942 0.1482
vn 0.6286 -0.6682 0.3980
vn 0.6240 -0.7051 0.3368
vn 0.6232 -0.7446 0.2390
vn 0.6289 -0.7244 0.2825
vn 0.5735 -0.5699 0.5886
vn 0.5929 -0.5889 0.5493
vn 0.4601 -0.4836 0.7446
vn 0.4902 -0.5055 0.7100
vn 0.5506 -0.5408 0.6359
vn 0.6220 -0.6436 0.4460
vn 0.5173 -0.8558 0.0097
vn 0.5415 -0.8393 0.0480
vn 0.6068 -0.6189 0.4988
vn 0.5249 -0.5243 0.6705
vn 0.4130 -0.4626 0.7845
vn 0.5643 -0.8197 0.0988
vn 0.2235 -0.9469 -0.2312
vn 0.1824 -0.9502 -0.2526
vn 0.1252 -0.9550 -0.2690
vn 0.0697 -0.9576 -0.2797
vn 0.2762 -0.9392 -0.2039
vn 0.3680 -0.9179 -0.1484
vn 0.3280 -0.9280 -0.1770
vn 0.4056 -0.9073 -0.1109
vn 0.4842 -0.8743 -0.0355
vn 0.4461 -0.8916 -0.0781
vn 0.5996 -0.7790 0.1833
vn 0.5879 -0.7951 0.1490
vn 0.6264 -0.6709 0.3968
vn 0.6250 -0.7036 0.3383
vn 0.6182 -0.7504 0.2339
vn 0.6308 -0.7218 0.2850
vn 0.5731 -0.5697 0.5890
vn 0.5921 -0.5881 0.5509
vn 0.4600 -0.4847 0.7439
vn 0.4895 -0.5047 0.7111
vn 0.5505 -0.5436 0.6336
vn 0.6225 -0.6420 0.4476
vn 0.5164 -0.8563 0.0102
vn 0.5425 -0.8386 0.0492
vn 0.6063 -0.6181 0.5004
vn 0.5241 -0.5210 0.6738
vn 0.4309 -0.4697 0.7706
vn 0.4091 -0.4622 0.7867
vn 0.5630 -0.8206 0.0983
vn 0.3480 0.3066 -0.8859
vn 0.3923 0.3108 -0.8657
vn 0.2219 -0.4546 -0.8626
vn 0.2325 0.3058 -0.9233
vn 0.2895 0.3080 -0.9063
vn 0.4352 0.3232 -0.8403
vn 0.4852 0.3322 -0.8089
vn 0.5296 0.3376 -0.7782
vn 0.5691 0.3506 -0.7438
vn 0.6049 0.3722 -0.7039
vn 0.6383 0.3926 -0.6622
vn 0.7284 0.4376 -0.5272
vn 0.7495 0.4558 -0.4802
vn 0.7875 0.5474 -0.2833
vn 0.7845 0.5768 -0.2277
vn 0.7629 0.4756 -0.4379
vn 0.7764 0.4983 -0.3858
vn 0.7684 0.6269 -0.1290
vn 0.7524 0.6543 -0.0757
vn 0.6554 0.7509 0.0806
vn 0.6236 0.7731 0.1161
vn 0.7347 0.6775 -0.0334
vn 0.6712 0.4049 -0.6210
vn 0.6998 0.4139 -0.5822
vn 0.7864 0.5150 -0.3409
vn 0.7814 0.5965 -0.1830
vn 0.7133 0.7008 0.0071
vn 0.6871 0.7253 0.0433
vn 0.5740 0.8055 0.1476
vn 0.3469 0.3060 -0.8866
vn 0.3932 0.3130 -0.8645
vn 0.2341 0.3069 -0.9225
vn 0.2905 0.3080 -0.9059
vn 0.4353 0.3246 -0.8397
vn 0.4844 0.3314 -0.8096
vn 0.5306 0.3385 -0.7771
vn 0.5695 0.3538 -0.7420
vn 0.6055 0.3754 -0.7018
vn 0.6368 0.3919 -0.6640
vn 0.7294 0.4402 -0.5237
vn 0.7492 0.4565 -0.4799
vn 0.7859 0.5506 -0.2814
vn 0.7845 0.5771 -0.2269
vn 0.7627 0.4772 -0.4365
vn 0.7768 0.4968 -0.3869
vn 0.7676 0.6278 -0.1287
vn 0.7528 0.6537 -0.0772
vn 0.6542 0.7520 0.0806
vn 0.6211 0.7750 0.1164
vn 0.7340 0.6784 -0.0333
vn 0.6706 0.4018 -0.6236
vn 0.6996 0.4143 -0.5822
vn 0.7859 0.5163 -0.3404
vn 0.7807 0.5977 -0.1821
vn 0.7123 0.7019 0.0068
vn 0.6845 0.7277 0.0441
vn 0.5718 0.8063 0.1515
vn 0.0202 -0.9570 -0.2893
vn 0.1537 -0.4995 -0.8526
vn 0.0165 -0.9569 -0.2900
vn 0.1704 -0.4395 -0.8819
vn 0.1883 0.3046 -0.9337
vn 0.1875 0.3053 -0.9336
vn 0.1528 0.3027 -0.9408
vn 0.1289 0.3080 -0.9426
vn 0.1174 0.3085 -0.9440
vn 0.0692 0.3213 -0.9445
vn -0.0162 -0.9543 -0.2984
vn -0.0249 -0.9541 -0.2984
vn -0.0941 -0.9462 -0.3097
vn -0.0855 -0.9475 -0.3080
vn -0.0445 -0.9510 -0.3058
vn -0.1697 -0.9340 -0.3145
vn -0.1250 -0.9461 -0.2988
vn -0.2237 -0.9237 -0.3109
vn -0.1816 -0.9384 -0.2940
vn -0.3297 -0.8857 -0.3269
vn -0.2974 -0.9041 -0.3067
vn -0.4549 -0.8209 -0.3453
vn -0.4657 -0.8128 -0.3500
vn -0.5364 -0.7592 -0.3687
vn -0.6310 -0.6464 -0.4290
vn -0.6228 -0.6537 -0.4298
vn -0.6961 -0.4932 -0.5217
vn -0.6915 -0.5032 -0.5182
vn -0.7188 -0.3245 -0.6149
vn -0.7195 -0.3196 -0.6166
vn -0.7063 -0.1951 -0.6805
vn -0.7063 -0.1972 -0.6799
vn -0.6358 -0.0284 -0.7714
vn -0.6660 -0.0628 -0.7433
vn -0.5303 0.1249 -0.8386
vn -0.5995 0.0747 -0.7969
vn -0.4292 0.2225 -0.8754
vn -0.4856 0.1926 -0.8527
vn -0.3168 0.2914 -0.9026
vn -0.3368 0.2832 -0.8980
vn -0.2150 0.3315 -0.9186
vn -0.1863 0.3321 -0.9247
vn -0.1227 0.3468 -0.9299
vn -0.0741 0.3468 -0.9350
vn -0.0728 0.3468 -0.9351
vn -0.0148 0.3400 -0.9403
vn 0.0471 0.3268 -0.9439
vn -0.0122 0.3384 -0.9409
vn 0.0851 0.3205 -0.9434
vn 0.0874 -0.4306 -0.8983
vn 0.0494 -0.4226 -0.9050
vn 0.0189 -0.4242 -0.9054
vn 0.0945 -0.5230 -0.8471
vn 0.0430 -0.5285 -0.8479
vn 0.0195 -0.5064 -0.8621
vn -0.0032 -0.4660 -0.8848
vn -0.0218 -0.4594 -0.8879
vn -0.0386 -0.4604 -0.8869
vn -0.4793 -0.8024 -0.3555
vn -0.0459 -0.4537 -0.8900
vn -0.0550 -0.4491 -0.8918
vn -0.0505 -0.4544 -0.8893
vn -0.0520 -0.4464 -0.8933
vn -0.0549 -0.4418 -0.8954
vn -0.6546 -0.0538 -0.7540
vn -0.0565 -0.4474 -0.8926
vn -0.5632 0.0980 -0.8205
vn -0.0566 -0.4474 -0.8925
vn -0.4568 0.2052 -0.8656
vn -0.0396 -0.4366 -0.8988
vn -0.3303 0.2849 -0.8999
vn -0.0274 -0.4279 -0.9034
vn -0.2060 0.3304 -0.9211
vn -0.0235 -0.4279 -0.9035
vn -0.1078 0.3463 -0.9319
vn -0.0250 -0.4264 -0.9042
vn 0.0140 0.3330 -0.9428
vn -0.0054 -0.4326 -0.9016
vn -0.0465 0.3431 -0.9382
vn -0.0284 -0.4269 -0.9038
vn 0.0074 -0.4936 -0.8697
vn -0.0113 -0.4619 -0.8868
vn -0.0273 -0.4464 -0.8944
vn 0.0046 -0.4295 -0.9030
vn 0.0706 -0.4297 -0.9002
vn 0.0383 -0.4237 -0.9050
vn 0.0180 -0.4258 -0.9046
vn 0.0265 -0.5151 -0.8567
vn 0.0135 -0.4822 -0.8760
vn 0.0618 -0.5340 -0.8432
vn 0.0999 -0.5142 -0.8518
vn 0.1232 -0.4135 -0.9021
vn -0.0089 -0.4505 -0.8927
vn 0.1515 -0.5020 -0.8515
vn 0.1912 -0.4737 -0.8597
vn 0.1896 -0.4509 -0.8722
vn 0.1680 -0.4391 -0.8826
vn 0.1474 -0.4376 -0.8870
vn 0.1005 -0.5094 -0.8547
vn 0.1915 -0.4884 -0.8514
vn -0.0153 -0.9021 0.4313
vn 0.3108 -0.8929 0.3258
vn 0.2626 -0.8917 0.3688
vn -0.0513 -0.8874 0.4582
vn 0.6365 -0.7413 0.2130
vn 0.8719 -0.4859 0.0603
vn 0.8776 -0.4762 0.0544
vn 0.6237 -0.7463 0.2327
vn 0.7778 0.4737 -0.4130
vn 0.5036 0.7005 -0.5056
vn 0.4978 0.6996 -0.5125
vn 0.7782 0.4710 -0.4155
vn 0.2381 0.8099 -0.5361
vn 0.2297 0.8139 -0.5337
vn -0.0008 0.7951 -0.6064
vn 0.0239 0.8072 -0.5898
vn 0.9777 -0.1685 -0.1255
vn 0.9755 -0.1954 -0.1012
vn 0.9458 0.1598 -0.2828
vn 0.9475 0.1501 -0.2822
vn -0.6938 -0.7161 -0.0765
vn -0.4189 -0.8787 0.2291
vn -0.4624 -0.8706 0.1681
vn -0.6214 -0.7751 -0.1148
vn -0.5826 -0.5751 -0.5744
vn -0.5399 -0.5738 -0.6159
vn -0.2750 0.6343 -0.7225
vn -0.4669 0.2402 -0.8511
vn -0.4775 0.2881 -0.8300
vn -0.2651 0.6692 -0.6942
vn -0.2080 -0.8953 0.3938
vn -0.1967 -0.9050 0.3772
vn -0.1174 -0.4075 -0.9056
vn -0.1510 -0.3735 -0.9153
vn 0.0055 -0.4715 -0.8818
vn 0.0149 -0.4697 -0.8827
vn -0.0831 -0.4361 -0.8960
vn -0.0788 -0.4377 -0.8957
vn -0.0788 -0.4375 -0.8957
vn -0.0787 -0.4375 -0.8957
vn -0.0770 -0.4374 -0.8960
vn -0.0816 -0.4316 -0.8984
vn -0.0878 -0.4293 -0.8989
vn -0.0891 -0.4316 -0.8977
vn -0.0781 -0.4341 -0.8974
vn -0.0783 -0.4347 -0.8971
vn -0.0789 -0.4364 -0.8963
vn -0.0788 -0.4376 -0.8957
vn -0.0775 -0.4349 -0.8971
vn -0.0771 -0.4365 -0.8964
vn -0.0778 -0.4376 -0.8958
vn -0.0812 -0.4371 -0.8958
vn -0.0803 -0.4373 -0.8957
vn -0.0798 -0.4369 -0.8959
vn -0.0792 -0.4369 -0.8960
vn -0.0786 -0.4356 -0.8967
vn -0.0790 -0.4366 -0.8962
vn -0.0787 -0.4376 -0.8957
vn -0.0765 -0.4362 -0.8966
vn -0.0786 -0.4377 -0.8957
vn -0.0783 -0.4378 -0.8957
vn -0.0773 -0.4391 -0.8951
vn -0.0785 -0.4374 -0.8958
vn -0.0782 -0.4374 -0.8958
vn -0.0781 -0.4375 -0.8958
vn 0.0395 -0.9866 0.1586
vn 0.0184 -0.9883 0.1512
vn -0.0076 -0.9906 0.1363
vn -0.0313 -0.9936 0.1083
vn 0.0573 -0.9830 0.1747
vn 0.0934 -0.9727 0.2126
vn 0.0774 -0.9780 0.1939
vn 0.1139 -0.9668 0.2287
vn 0.1793 -0.9536 0.2419
vn 0.1456 -0.9611 0.2347
vn 0.2367 -0.9032 0.3580
vn 0.2095 -0.9168 0.3399
vn 0.2573 -0.8539 0.4524
vn 0.2833 -0.8588 0.4269
vn 0.2504 -0.8920 0.3763
vn 0.2713 -0.8758 0.3993
vn 0.1824 -0.8191 0.5439
vn 0.2082 -0.8226 0.5291
vn 0.1476 -0.7721 0.6181
vn 0.1546 -0.7824 0.6033
vn 0.1605 -0.8128 0.5600
vn 0.2279 -0.8451 0.4836
vn 0.1974 -0.9456 0.2585
vn 0.2026 -0.9367 0.2855
vn 0.2202 -0.8314 0.5103
vn 0.1498 -0.8003 0.5806
vn 0.0866 -0.7464 0.6598
vn 0.1975 -0.9283 0.3152
vn 0.2246 0.7051 -0.6726
vn 0.2441 0.7124 -0.6579
vn 0.1822 0.6868 -0.7037
vn 0.2026 0.6975 -0.6873
vn 0.2590 0.7184 -0.6456
vn 0.2770 0.7233 -0.6325
vn 0.2956 0.7298 -0.6164
vn 0.3130 0.7344 -0.6022
vn 0.3373 0.7321 -0.5918
vn 0.3641 0.7282 -0.5807
vn 0.3691 0.7769 -0.5101
vn 0.3937 0.7749 -0.4945
vn 0.3978 0.8197 -0.4120
vn 0.4005 0.8284 -0.3916
vn 0.4064 0.7795 -0.4766
vn 0.4054 0.7919 -0.4567
vn 0.3827 0.8532 -0.3544
vn 0.3823 0.8623 -0.3321
vn 0.3499 0.9001 -0.2595
vn 0.3282 0.9114 -0.2482
vn 0.3787 0.8713 -0.3122
vn 0.3708 0.7399 -0.5613
vn 0.3590 0.7641 -0.5359
vn 0.4004 0.8059 -0.4361
vn 0.3941 0.8398 -0.3735
vn 0.3720 0.8805 -0.2939
vn 0.3661 0.8901 -0.2715
vn 0.3031 0.9297 -0.2091
vn -0.0532 -0.9944 0.0910
vn 0.1580 0.6808 -0.7152
vn 0.1226 0.6902 -0.7131
vn 0.0665 0.7099 -0.7012
vn -0.0751 -0.9901 0.1189
vn -0.1449 -0.9713 0.1886
vn -0.2529 -0.9424 0.2188
vn -0.3448 -0.9263 0.1521
vn -0.4922 -0.8705 0.0051
vn -0.5965 -0.7897 -0.1435
vn -0.6303 -0.7368 -0.2445
vn -0.6848 -0.6362 -0.3554
vn -0.6215 -0.6569 -0.4269
vn -0.7230 -0.5019 -0.4748
vn -0.7393 -0.3173 -0.5940
vn -0.7230 -0.1887 -0.6645
vn -0.6834 -0.0178 -0.7299
vn -0.6473 -0.0375 -0.7613
vn -0.6169 0.1726 -0.7679
vn -0.5525 0.1125 -0.8259
vn -0.5395 0.3240 -0.7772
vn -0.4419 0.2177 -0.8702
vn -0.4442 0.4584 -0.7698
vn -0.3193 0.2910 -0.9019
vn -0.3360 0.5733 -0.7472
vn -0.1994 0.3330 -0.9216
vn -0.2436 0.6570 -0.7134
vn -0.1048 0.3474 -0.9318
vn -0.1336 0.7181 -0.6829
vn -0.0460 0.3441 -0.9378
vn -0.0204 0.7296 -0.6836
vn 0.0127 0.3343 -0.9424
vn 0.4983 0.8426 0.2042
vn 0.5308 0.8317 0.1629
vn 0.4482 0.8622 0.2360
vn 0.4707 0.8582 0.2048
vn 0.3905 0.8767 0.2809
vn 0.3801 0.8772 0.2932
vn 0.3123 0.8783 0.3620
vn 0.2249 0.8486 0.4788
vn 0.2604 0.8570 0.4447
vn 0.1427 0.7914 0.5944
vn 0.1350 0.7790 0.6123
vn 0.0670 0.6730 0.7366
vn 0.0590 0.6681 0.7417
vn 0.0094 0.4933 0.8698
vn 0.0135 0.5005 0.8656
vn -0.0125 0.2944 0.9556
vn -0.0044 0.3331 0.9429
vn -0.0016 0.1776 0.9841
vn 0.0074 0.0777 0.9970
vn 0.0209 0.0396 0.9990
vn 0.0731 -0.1122 0.9910
vn 0.0812 -0.1180 0.9897
vn 0.1598 -0.2688 0.9499
vn 0.1910 -0.2961 0.9359
vn 0.2255 -0.3491 0.9096
vn 0.2628 -0.3797 0.8870
vn 0.2765 -0.3908 0.8780
vn 0.3150 -0.4155 0.8533
vn 0.3284 -0.4273 0.8423
vn 0.3768 -0.4484 0.8105
vn 0.6967 0.2236 0.6817
vn 0.5122 0.8383 0.1869
vn 0.6920 0.2230 0.6866
vn 0.4556 0.8613 0.2249
vn 0.7130 0.2323 0.6616
vn 0.7181 0.2311 0.6565
vn 0.1419 0.7827 0.6060
vn 0.7062 0.2204 0.6729
vn 0.7069 0.2248 0.6706
vn 0.7106 0.2326 0.6640
vn 0.7106 0.2413 0.6609
vn 0.7100 0.2568 0.6557
vn 0.7113 0.2538 0.6554
vn 0.7086 0.2585 0.6566
vn 0.0713 -0.1038 0.9920
vn 0.7004 0.2823 0.6555
vn 0.1683 -0.2730 0.9472
vn 0.7006 0.2825 0.6552
vn 0.2379 -0.3587 0.9026
vn 0.7057 0.2764 0.6524
vn 0.2939 -0.4014 0.8675
vn 0.7165 0.2671 0.6444
vn 0.3515 -0.4367 0.8281
vn 0.2333 0.9659 -0.1122
vn 0.5106 0.8392 0.1871
vn 0.1638 0.9864 -0.0168
vn 0.4582 0.8606 0.2224
vn 0.1194 0.9888 0.0899
vn 0.0584 0.9684 0.2425
vn -0.0014 0.9164 0.4004
vn -0.0544 0.8191 0.5711
vn -0.0947 0.6953 0.7124
vn -0.1378 0.5201 0.8430
vn -0.1288 0.3029 0.9443
vn -0.0713 0.0939 0.9930
vn -0.0451 -0.1243 0.9912
vn -0.0653 -0.3360 0.9396
vn 0.1746 -0.2833 0.9430
vn -0.0622 -0.4902 0.8694
vn 0.2384 -0.3601 0.9020
vn -0.0294 -0.6006 0.7990
vn 0.2926 -0.4016 0.8678
vn 0.0137 -0.6769 0.7360
vn 0.3489 -0.4366 0.8292
vn -0.0035 -0.8706 0.4920
vn 0.2853 -0.8406 0.4605
vn 0.2813 -0.8415 0.4612
vn -0.0079 -0.8705 0.4921
vn -0.2308 -0.8422 0.4873
vn -0.2388 -0.8403 0.4867
vn 0.6255 -0.6923 0.3597
vn 0.8807 -0.4300 0.1987
vn 0.8852 -0.4227 0.1943
vn 0.6275 -0.6910 0.3589
vn 0.8455 0.4457 -0.2942
vn 0.4909 0.7478 -0.4470
vn 0.4780 0.7543 -0.4501
vn 0.8316 0.4646 -0.3042
vn 0.2134 0.8460 -0.4886
vn 0.2077 0.8472 -0.4890
vn 0.9849 -0.1674 0.0451
vn 0.9861 -0.1610 0.0414
vn 0.9934 0.0712 -0.0901
vn 0.9919 0.0828 -0.0966
vn -0.0162 0.8709 -0.4911
vn -0.0220 0.8710 -0.4909
vn -0.9104 -0.3391 0.2372
vn -0.5825 -0.6949 0.4218
vn -0.5994 -0.6837 0.4163
vn -0.9195 -0.3208 0.2274
vn -0.9972 -0.0319 0.0681
vn -0.9976 -0.0255 0.0645
vn -0.4004 0.8063 -0.4354
vn -0.8076 0.5300 -0.2588
vn -0.8022 0.5361 -0.2626
vn -0.4029 0.8054 -0.4347
vn -0.9795 0.1926 -0.0596
vn -0.9772 0.2019 -0.0650
vn -0.0717 -0.9303 0.3598
vn -0.0719 -0.9299 0.3608
vn -0.0670 -0.9309 0.3592
vn -0.0673 -0.9302 0.3609
vn -0.0879 -0.9362 0.3402
vn -0.0882 -0.9375 0.3365
vn -0.0811 -0.9292 0.3605
vn -0.0808 -0.9285 0.3625
vn -0.0669 -0.9235 0.3777
vn -0.0675 -0.9226 0.3799
vn -0.0661 -0.9207 0.3846
vn -0.0653 -0.9218 0.3821
vn -0.0712 -0.9133 0.4010
vn -0.0722 -0.9119 0.4040
vn -0.0702 -0.9090 0.4109
vn -0.0700 -0.9092 0.4104
vn -0.0558 -0.9110 0.4087
vn -0.0582 -0.9089 0.4130
vn -0.0350 -0.9182 0.3946
vn -0.0342 -0.9189 0.3930
vn -0.0741 -0.8936 0.4427
vn -0.0762 -0.8930 0.4436
vn -0.0425 -0.8968 0.4404
vn -0.0345 -0.9000 0.4346
vn 0.0160 -0.8959 0.4440
vn 0.0168 -0.8959 0.4440
vn -0.0032 -0.8941 0.4479
vn -0.0116 -0.8929 0.4500
vn -0.0099 -0.9008 0.4341
vn -0.0056 -0.9022 0.4312
vn 0.0011 -0.8972 0.4417
vn 0.0037 -0.8977 0.4407
vn -0.0388 -0.8830 0.4677
vn -0.0351 -0.8833 0.4674
vn -0.0458 -0.8827 0.4678
vn -0.0493 -0.8825 0.4677
vn -0.0553 -0.8737 0.4833
vn -0.0583 -0.8736 0.4831
vn -0.0436 -0.8723 0.4870
vn -0.0394 -0.8702 0.4910
vn -0.0627 -0.8806 0.4697
vn -0.0642 -0.8805 0.4698
vn -0.0474 -0.8860 0.4613
vn -0.0488 -0.8856 0.4619
vn -0.0410 -0.9126 0.4068
vn -0.0429 -0.9114 0.4092
vn -0.0461 -0.9093 0.4136
vn -0.0481 -0.9083 0.4156
vn -0.0226 -0.8846 0.4657
vn -0.0206 -0.8849 0.4653
vn -0.0624 -0.8773 0.4759
vn -0.0602 -0.8774 0.4760
vn -0.0088 -0.8222 0.5691
vn -0.0224 -0.8145 0.5797
vn -0.0597 -0.9047 0.4219
vn -0.0635 -0.9029 0.4251
vn 0.1196 0.8810 -0.4578
vn 0.1212 0.8801 -0.4591
vn 0.1166 0.8842 -0.4524
vn 0.1151 0.8851 -0.4509
vn 0.1119 0.8894 -0.4432
vn 0.1133 0.8884 -0.4448
vn 0.1109 0.8930 -0.4362
vn 0.1100 0.8941 -0.4341
vn 0.1253 0.8767 -0.4644
vn 0.1247 0.8769 -0.4642
vn 0.1393 0.8724 -0.4686
vn 0.1428 0.8709 -0.4702
vn 0.1205 0.8805 -0.4585
vn 0.1186 0.8810 -0.4580
vn 0.1458 0.8682 -0.4743
vn 0.1475 0.8676 -0.4749
vn 0.1623 0.8645 -0.4757
vn 0.1634 0.8641 -0.4761
vn 0.1562 0.8654 -0.4761
vn 0.1546 0.8660 -0.4756
vn 0.1817 0.8700 -0.4584
vn 0.1847 0.8695 -0.4581
vn 0.1629 0.8726 -0.4605
vn 0.1597 0.8726 -0.4616
vn 0.1831 0.8799 -0.4385
vn 0.1803 0.8799 -0.4397
vn 0.2027 0.8765 -0.4366
vn 0.2032 0.8766 -0.4361
vn 0.1839 0.8700 -0.4576
vn 0.1839 0.8704 -0.4568
vn 0.1836 0.8723 -0.4532
vn 0.1838 0.8726 -0.4525
vn 0.1658 0.8890 -0.4268
vn 0.1650 0.8887 -0.4277
vn 0.1701 0.8867 -0.4300
vn 0.1710 0.8870 -0.4290
vn 0.1310 0.8934 -0.4297
vn 0.1334 0.8960 -0.4236
vn 0.1182 0.8879 -0.4446
vn 0.1185 0.8881 -0.4441
vn 0.1618 0.8904 -0.4254
vn 0.1604 0.8899 -0.4271
vn 0.1601 0.8693 -0.4677
vn 0.1582 0.8696 -0.4676
vn 0.1684 0.8640 -0.4746
vn 0.1697 0.8637 -0.4745
vn 0.1856 0.8746 -0.4478
vn 0.1883 0.8748 -0.4464
vn 0.1768 0.8840 -0.4328
vn 0.1758 0.8841 -0.4329
vn 0.1404 0.8928 -0.4280
vn 0.1377 0.8913 -0.4321
vn 0.1492 0.8902 -0.4304
vn 0.1510 0.8910 -0.4282
vn 0.1346 0.9085 -0.3955
vn 0.1398 0.9139 -0.3812
vn -0.0927 -0.9399 0.3286
vn -0.0918 -0.9407 0.3265
vn 0.1101 0.8975 -0.4271
vn 0.1121 0.8960 -0.4297
vn 0.1175 0.8815 -0.4573
vn 0.1185 0.8777 -0.4643
vn 0.0753 0.8723 -0.4831
vn 0.0930 0.8611 -0.4999
vn -0.1000 -0.9349 0.3405
vn -0.1043 -0.9366 0.3345
vn -0.1416 -0.9185 0.3693
vn -0.1345 -0.9168 0.3761
vn -0.2303 -0.9055 0.3564
vn -0.2418 -0.9081 0.3418
vn -0.3529 -0.8820 0.3124
vn -0.3916 -0.8698 0.3002
vn -0.5249 -0.8092 0.2639
vn -0.5516 -0.8085 0.2049
vn -0.6747 -0.7361 0.0542
vn -0.6974 -0.7164 -0.0216
vn -0.7493 -0.6593 -0.0619
vn -0.7673 -0.6351 -0.0889
vn -0.8307 -0.5340 -0.1572
vn -0.8346 -0.5215 -0.1774
vn -0.8772 -0.4088 -0.2519
vn -0.8754 -0.3839 -0.2937
vn -0.8827 -0.2381 -0.4052
vn -0.8697 -0.2173 -0.4431
vn -0.8516 -0.0643 -0.5202
vn -0.8583 -0.0664 -0.5088
vn -0.8376 0.1021 -0.5366
vn -0.8391 0.1108 -0.5326
vn -0.7506 0.3020 -0.5877
vn -0.7465 0.3091 -0.5892
vn -0.6776 0.4298 -0.5968
vn -0.6774 0.4264 -0.5995
vn -0.5099 0.5561 -0.6563
vn -0.5285 0.5472 -0.6490
vn -0.3672 0.6626 -0.6528
vn -0.4252 0.6527 -0.6270
vn -0.2609 0.7306 -0.6310
vn -0.2704 0.7375 -0.6188
vn -0.1129 0.7957 -0.5950
vn -0.1209 0.8087 -0.5756
vn -0.0024 0.8528 -0.5223
vn 0.0416 0.8344 -0.5495
vn 0.0911 0.9499 -0.2991
vn 0.0909 0.9615 -0.2595
vn 0.0601 0.9840 -0.1677
vn 0.0679 0.9910 -0.1158
vn 0.0243 0.9994 0.0244
vn 0.0273 0.9978 0.0598
vn -0.0742 0.9794 0.1879
vn -0.0920 0.9721 0.2156
vn -0.1649 0.9346 0.3153
vn -0.1632 0.9113 0.3780
vn -0.1980 0.8441 0.4983
vn -0.1892 0.8061 0.5607
vn -0.2344 0.6980 0.6766
vn -0.2344 0.6791 0.6956
vn -0.2855 0.5420 0.7904
vn -0.2736 0.5258 0.8054
vn -0.2532 0.3156 0.9145
vn -0.2336 0.3035 0.9237
vn -0.2212 0.0647 0.9731
vn -0.2329 0.0844 0.9688
vn -0.2345 -0.1370 0.9624
vn -0.2528 -0.1147 0.9607
vn -0.1854 -0.3554 0.9161
vn -0.2103 -0.3280 0.9210
vn -0.1140 -0.5752 0.8100
vn -0.1844 -0.5395 0.8215
vn -0.1488 -0.6873 0.7110
vn -0.1894 -0.6766 0.7115
vn -0.1409 -0.7461 0.6508
vn -0.1245 -0.7540 0.6450
vn -0.0788 -0.4375 -0.8958
vn -0.0161 0.7175 0.6964
vn -0.0240 0.7124 0.7014
vn -0.0591 0.7180 0.6935
vn -0.0615 0.7189 0.6923
vn -0.0959 0.7218 0.6855
vn -0.0962 0.7202 0.6871
vn -0.1270 0.7236 0.6784
vn -0.1276 0.7128 0.6897
vn 0.0085 0.7094 0.7048
vn -0.0033 0.6942 0.7198
vn 0.0167 0.6871 0.7264
vn 0.0100 0.6703 0.7420
vn 0.0111 0.6506 0.7594
vn 0.0004 0.6403 0.7681
vn -0.0041 0.5955 0.8034
vn -0.0017 0.6024 0.7982
vn -0.0232 0.5338 0.8453
vn -0.0196 0.4826 0.8756
vn -0.0306 0.3445 0.9383
vn -0.0221 0.4444 0.8956
vn -0.0167 0.3841 0.9231
vn -0.0337 0.2637 0.9640
vn -0.0295 0.2383 0.9708
vn -0.0264 0.1841 0.9826
vn -0.0400 0.1702 0.9846
vn -0.0658 0.1527 0.9861
vn -0.0887 0.1493 0.9848
vn -0.1379 0.1513 0.9788
vn -0.1400 0.1440 0.9796
vn -0.1983 0.1517 0.9683
vn -0.2126 0.1571 0.9644
vn -0.2509 0.1751 0.9521
vn -0.2602 0.1650 0.9513
vn -0.2588 0.1912 0.9468
vn -0.2525 0.2407 0.9372
vn -0.2532 0.2255 0.9408
vn -0.2361 0.3013 0.9238
vn -0.2403 0.2986 0.9236
vn -0.2168 0.3732 0.9021
vn -0.2211 0.4051 0.8871
vn -0.2041 0.4576 0.8654
vn -0.1834 0.5372 0.8233
vn -0.1810 0.5391 0.8226
vn -0.1725 0.6122 0.7716
vn -0.1560 0.6138 0.7739
vn -0.1619 0.6670 0.7273
vn -0.1451 0.6695 0.7285
vn -0.1489 0.7004 0.6980
vn 0.9875 -0.1331 0.0847
vn 0.9882 -0.1272 0.0851
vn 0.9994 0.0332 -0.0005
vn 0.9988 0.0488 -0.0076
vn 0.1113 -0.8612 0.4959
vn -0.1094 -0.8743 0.4729
vn -0.1076 -0.8717 0.4781
vn 0.1227 -0.8592 0.4966
vn 0.3517 -0.7986 0.4884
vn 0.3180 -0.8140 0.4860
vn 0.5550 -0.7284 0.4018
vn 0.5197 -0.7502 0.4088
vn 0.7192 -0.6234 0.3070
vn 0.7393 -0.6061 0.2934
vn 0.8678 -0.4480 0.2147
vn 0.8564 -0.4650 0.2243
vn 0.9443 -0.2942 0.1474
vn 0.9455 -0.2916 0.1447
vn 0.9566 0.2783 -0.0867
vn 0.9453 0.3120 -0.0948
vn 0.8007 0.5822 -0.1414
vn 0.7668 0.6250 -0.1464
vn 0.4761 0.8767 -0.0687
vn 0.4594 0.8856 -0.0683
vn 0.1019 0.9697 -0.2219
vn 0.1485 0.9623 -0.2279
vn -0.2032 0.9534 -0.2231
vn -0.2769 0.9369 -0.2135
vn -0.5233 0.8354 -0.1683
vn -0.5880 0.7948 -0.1498
vn -0.7411 0.6646 -0.0951
vn -0.7696 0.6332 -0.0823
vn -0.8599 0.5094 -0.0324
vn -0.8739 0.4856 -0.0227
vn -0.9335 0.3575 0.0292
vn -0.8599 0.5094 -0.0323
vn -0.8739 0.4855 -0.0226
vn -0.9377 0.3458 0.0336
vn -0.9720 0.2187 0.0858
vn -0.9715 0.2209 0.0858
vn -0.9844 0.0999 0.1448
vn -0.9846 0.0980 0.1447
vn -0.9801 -0.0327 0.1958
vn -0.9785 -0.0485 0.2005
vn -0.9847 0.0980 0.1444
vn -0.9801 -0.0326 0.1958
vn -0.9457 -0.1955 0.2598
vn -0.9341 -0.2290 0.2740
vn -0.8616 -0.3716 0.3458
vn -0.8390 -0.4068 0.3613
vn -0.7238 -0.5542 0.4111
vn -0.6887 -0.5871 0.4254
vn -0.5310 -0.6911 0.4903
vn -0.5088 -0.7058 0.4929
vn -0.3351 -0.8050 0.4896
vn -0.3184 -0.8157 0.4830
vn 0.0835 -0.9136 -0.3979
vn 0.1028 -0.9095 -0.4027
vn 0.1099 -0.8920 -0.4385
vn 0.0818 -0.9125 -0.4009
vn -0.0561 -0.9410 -0.3336
vn -0.0276 -0.9439 -0.3291
vn 0.1033 -0.7931 -0.6003
vn 0.1265 -0.7648 -0.6317
vn -0.5393 0.8034 -0.2525
vn -0.5048 0.8626 0.0335
vn -0.5483 0.8362 0.0125
vn -0.5538 0.7433 -0.3753
vn -0.4136 0.4849 -0.7706
vn -0.5053 0.6029 -0.6174
vn -0.2033 0.1527 -0.9671
vn -0.3610 0.3565 -0.8617
vn -0.0356 -0.1810 -0.9828
vn -0.1445 -0.0070 -0.9895
vn 0.0744 -0.4969 -0.8646
vn 0.0244 -0.4088 -0.9123
vn -0.4088 0.9039 0.1257
vn -0.3915 0.9133 0.1123
vn -0.3804 0.9107 0.1608
vn -0.4119 0.8879 0.2047
vn -0.3427 -0.9254 -0.1617
vn -0.4018 -0.9028 -0.1531
vn -0.7177 -0.6902 0.0924
vn -0.7107 -0.6996 0.0742
vn -0.8910 -0.3655 0.2694
vn -0.8977 -0.3470 0.2714
vn -0.9284 -0.0243 0.3708
vn -0.9285 0.0383 0.3694
vn -0.8519 0.3466 0.3926
vn -0.8131 0.4437 0.3769
vn -0.6503 0.6895 0.3190
vn -0.5351 0.8050 0.2564
vn 0.4257 0.8906 0.1603
vn 0.5073 0.8598 0.0583
vn 0.3333 0.9393 0.0819
vn 0.2861 0.9410 0.1809
vn 0.6561 0.7461 0.1132
vn 0.7445 0.6673 0.0206
vn 0.9051 0.4228 0.0445
vn 0.9361 0.3510 -0.0248
vn 0.9978 0.0659 -0.0030
vn 0.9977 0.0482 -0.0473
vn -0.0803 -0.8429 -0.5321
vn 0.2538 -0.8755 -0.4111
vn 0.1093 -0.8698 -0.4812
vn -0.0784 -0.8473 -0.5253
vn 0.3120 -0.8636 -0.3959
vn 0.9450 -0.3241 -0.0431
vn 0.9387 -0.3409 -0.0506
vn 0.8858 -0.4595 -0.0643
vn 0.8909 -0.4529 -0.0355
vn 0.9855 -0.1625 -0.0492
vn 0.9823 -0.1849 -0.0292
vn -0.4137 0.9034 0.1125
vn -0.1892 0.9705 0.1491
vn -0.2306 0.9663 0.1143
vn -0.5550 0.8301 0.0542
vn -0.0358 0.9835 0.1773
vn -0.0389 0.9873 0.1541
vn 0.0255 0.9796 0.1992
vn 0.0259 0.9855 0.1677
vn 0.1861 0.9660 0.1797
vn 0.1807 0.9589 0.2187
vn 0.2084 0.9533 0.2187
vn 0.2141 0.9597 0.1818
vn 0.2937 0.9317 0.2138
vn 0.4147 0.8837 0.2169
vn 0.5676 0.7944 0.2163
vn 0.8499 0.5090 0.1362
vn 0.9983 0.0527 0.0247
vn 0.8783 -0.4703 -0.0862
vn 0.8001 -0.5856 -0.1301
vn 0.7916 -0.6036 -0.0953
vn 0.9320 -0.3570 -0.0624
vn 0.9742 -0.2231 -0.0335
vn -0.9928 -0.0120 -0.1195
vn -0.9723 -0.1583 -0.1717
vn -0.9758 -0.1580 -0.1510
vn -0.9953 0.0227 -0.0945
vn 0.8731 -0.4792 -0.0897
vn 0.8211 -0.5568 -0.1253
vn 0.9212 -0.3842 -0.0618
vn 0.9637 -0.2642 -0.0388
vn 0.9985 -0.0539 0.0114
vn 0.9156 0.3839 0.1198
vn 0.6473 -0.7228 -0.2421
vn 0.5104 -0.7991 -0.3178
vn 0.4761 -0.8273 -0.2980
vn 0.6703 -0.7132 -0.2052
vn 0.6119 0.7570 0.2292
vn -0.8702 0.4923 -0.0191
vn -0.6753 0.7358 0.0506
vn -0.8070 0.5899 0.0299
vn -0.9145 0.4039 -0.0218
vn -0.9482 0.3147 -0.0427
vn -0.9673 0.2463 -0.0605
vn -0.9219 -0.3003 -0.2449
vn -0.9165 -0.3124 -0.2497
vn -0.7384 0.6726 0.0487
vn -0.7042 0.7078 0.0558
vn 0.2279 0.9691 0.0941
vn -0.4463 0.8949 0.0006
vn -0.2291 0.9726 0.0400
vn -0.4644 0.8809 -0.0914
vn -0.2578 0.9643 -0.0607
vn -0.4745 0.8637 -0.1696
vn -0.2917 0.9431 -0.1594
vn -0.5055 0.8323 -0.2274
vn -0.3313 0.9151 -0.2300
vn -0.5331 0.8047 -0.2612
vn -0.3523 0.8923 -0.2823
vn -0.5386 0.7934 -0.2836
vn -0.3539 0.8799 -0.3172
vn -0.5403 0.7823 -0.3101
vn -0.3432 0.8718 -0.3497
vn -0.5300 0.7805 -0.3315
vn -0.3298 0.8649 -0.3785
vn -0.5162 0.7816 -0.3502
vn -0.3052 0.8671 -0.3937
vn -0.5094 0.7797 -0.3641
vn -0.2916 0.8665 -0.4051
vn -0.0514 0.9960 0.0733
vn -0.0700 0.9970 -0.0331
vn -0.1025 0.9843 -0.1434
vn -0.1226 0.9648 -0.2325
vn -0.1379 0.9442 -0.2990
vn -0.1410 0.9287 -0.3429
vn -0.1361 0.9158 -0.3778
vn -0.1303 0.9041 -0.4070
vn -0.1015 0.9010 -0.4219
vn -0.0836 0.8968 -0.4345
vn 0.0212 0.9961 0.0862
vn 0.0096 0.9998 -0.0193
vn -0.0068 0.9911 -0.1328
vn -0.0157 0.9728 -0.2313
vn -0.0241 0.9511 -0.3079
vn -0.0337 0.9339 -0.3560
vn -0.0358 0.9218 -0.3859
vn -0.0173 0.9097 -0.4148
vn -0.0024 0.9051 -0.4251
vn 0.0060 0.8972 -0.4417
vn 0.2515 0.9676 -0.0238
vn 0.1976 0.9800 -0.0252
vn 0.1854 0.9781 0.0945
vn 0.2750 0.9504 -0.1454
vn 0.2099 0.9674 -0.1418
vn 0.2942 0.9250 -0.2406
vn 0.2086 0.9483 -0.2390
vn 0.2858 0.9053 -0.3143
vn 0.2003 0.9291 -0.3109
vn 0.2921 0.8851 -0.3623
vn 0.2053 0.9106 -0.3587
vn 0.3064 0.8673 -0.3925
vn 0.2129 0.8932 -0.3960
vn 0.2834 0.8608 -0.4227
vn 0.2118 0.8805 -0.4242
vn 0.2761 0.8562 -0.4367
vn 0.2078 0.8744 -0.4385
vn 0.2742 0.8559 -0.4384
vn 0.2000 0.8738 -0.4433
vn 0.3885 0.9206 -0.0394
vn 0.4371 0.8863 -0.1530
vn 0.4621 0.8519 -0.2465
vn 0.4708 0.8262 -0.3093
vn 0.4682 0.8083 -0.3570
vn 0.4787 0.7904 -0.3822
vn 0.4642 0.7882 -0.4041
vn 0.4425 0.7897 -0.4250
vn 0.4288 0.7952 -0.4288
vn -0.6140 0.7893 -0.0070
vn -0.5678 0.8230 -0.0175
vn -0.5771 0.8097 -0.1068
vn -0.5813 0.7955 -0.1710
vn -0.5979 0.7704 -0.2215
vn -0.6148 0.7488 -0.2477
vn -0.6159 0.7410 -0.2674
vn -0.6259 0.7253 -0.2867
vn -0.6929 0.6630 -0.2834
vn -0.6650 0.6872 -0.2923
vn -0.6310 0.7168 -0.2967
vn -0.7139 0.6386 -0.2872
vn -0.8830 0.4633 -0.0756
vn -0.8450 0.5288 -0.0804
vn -0.9195 0.3883 -0.0604
vn -0.8826 0.4663 -0.0603
vn -0.9046 0.4186 -0.0807
vn -0.8261 0.5495 -0.1251
vn -0.8953 0.4297 -0.1173
vn -0.8158 0.5553 -0.1616
vn -0.8902 0.4326 -0.1426
vn -0.8008 0.5698 -0.1843
vn -0.8749 0.4578 -0.1580
vn -0.7969 0.5710 -0.1974
vn -0.8730 0.4574 -0.1691
vn -0.8065 0.5536 -0.2077
vn -0.8778 0.4448 -0.1779
vn -0.8151 0.5385 -0.2137
vn -0.8750 0.4490 -0.1813
vn -0.7936 0.5526 -0.2547
vn -0.7525 0.5961 -0.2800
vn -0.8492 0.4785 -0.2234
vn -0.8646 0.4571 -0.2087
vn -0.7022 0.6470 -0.2972
vn -0.8456 0.4847 -0.2235
vn -0.8043 -0.5893 0.0757
vn -0.8151 -0.5665 0.1212
vn -0.7121 -0.6854 0.1524
vn -0.7017 -0.7059 0.0964
vn -0.8930 -0.4478 0.0447
vn -0.9107 -0.4055 0.0787
vn -0.9588 -0.2321 -0.1637
vn -0.9923 -0.0389 -0.1176
vn -0.9885 -0.1071 -0.1068
vn -0.9483 -0.2933 -0.1210
vn -0.9608 -0.2773 0.0037
vn -0.9683 -0.2478 0.0329
vn -0.9734 -0.2245 0.0464
vn -0.9126 -0.3962 0.1012
vn -0.3078 -0.9234 0.2294
vn -0.3446 -0.9161 0.2048
vn -0.4830 -0.8551 0.1884
vn -0.4659 -0.8558 0.2249
vn -0.5962 -0.7832 0.1763
vn -0.5962 -0.7756 0.2074
vn -0.7259 -0.6636 0.1809
vn -0.8289 -0.5401 0.1457
vn -0.5903 -0.7992 0.1132
vn -0.4733 -0.8721 0.1240
vn -0.2815 -0.9499 0.1361
vn -0.3146 -0.9310 -0.1853
vn -0.4418 -0.8772 -0.1882
vn -0.4604 -0.8877 -0.0017
vn -0.3273 -0.9449 0.0002
vn -0.5765 -0.7955 -0.1867
vn -0.5902 -0.8072 -0.0108
vn -0.6863 -0.7062 -0.1741
vn -0.6973 -0.7166 -0.0157
vn -0.8793 -0.4748 -0.0378
vn -0.7881 -0.6151 -0.0236
vn -0.7878 -0.5972 -0.1511
vn -0.8763 -0.4641 -0.1290
vn -0.9519 -0.3019 -0.0530
vn -0.9919 -0.1047 -0.0724
vn -0.9967 -0.0688 -0.0421
vn -0.3003 -0.8746 -0.3807
vn -0.4344 -0.8233 -0.3655
vn -0.5747 -0.7446 -0.3395
vn -0.6985 -0.6496 -0.3003
vn -0.8079 -0.5277 -0.2625
vn -0.8908 -0.4015 -0.2125
vn -0.9845 0.1466 -0.0966
vn -0.9820 0.1695 -0.0829
vn -0.9839 0.1489 -0.0984
vn -0.9797 0.1766 -0.0943
vn -0.9985 -0.0478 -0.0280
vn -0.9995 -0.0204 -0.0229
vn -0.4702 -0.8513 0.2330
vn -0.3167 -0.9161 0.2458
vn -0.5930 -0.7748 0.2190
vn -0.7246 -0.6620 0.1916
vn -0.8450 -0.5148 0.1450
vn -0.9232 -0.3718 0.0973
vn -0.9769 -0.2085 0.0457
vn -0.9997 -0.0030 -0.0256
vn -0.4574 -0.8574 0.2359
vn -0.3056 -0.9193 0.2480
vn -0.5805 -0.7836 0.2215
vn -0.7382 -0.6489 0.1844
vn -0.8539 -0.5009 0.1411
vn -0.9208 -0.3755 0.1055
vn -0.9792 -0.1976 0.0458
vn -0.9994 0.0167 -0.0309
vn -0.4566 -0.8528 0.2535
vn -0.3338 -0.9121 0.2382
vn -0.5851 -0.7806 0.2199
vn -0.7364 -0.6534 0.1752
vn -0.8413 -0.5212 0.1435
vn -0.9257 -0.3659 0.0956
vn -0.9838 -0.1763 0.0318
vn -0.9991 0.0248 -0.0347
vn -0.9744 0.2027 -0.0970
vn -0.9710 0.2168 -0.1011
vn -0.9682 0.2266 -0.1059
vn -0.9635 0.2451 -0.1076
vn -0.9667 0.2336 -0.1048
vn -0.9141 0.3769 -0.1494
vn -0.8469 0.4906 -0.2050
vn 0.5738 0.8164 -0.0651
vn 0.6333 0.7555 -0.1678
vn 0.6562 0.7139 -0.2443
vn 0.6694 0.6831 -0.2919
vn 0.6653 0.6692 -0.3309
vn 0.6535 0.6663 -0.3592
vn 0.6527 0.6594 -0.3730
vn 0.6499 0.6548 -0.3859
vn 0.6317 0.6677 -0.3940
vn 0.8001 0.5943 -0.0816
vn 0.8269 0.5359 -0.1705
vn 0.8322 0.5081 -0.2222
vn 0.8355 0.4851 -0.2582
vn 0.8288 0.4811 -0.2859
vn 0.8169 0.4874 -0.3083
vn 0.8157 0.4797 -0.3233
vn 0.8245 0.4628 -0.3256
vn 0.8212 0.4608 -0.3365
vn 0.9508 0.2937 -0.0985
vn 0.9490 0.2786 -0.1476
vn 0.9415 0.2822 -0.1843
vn 0.9350 0.2830 -0.2137
vn 0.9296 0.2856 -0.2328
vn 0.9220 0.2950 -0.2507
vn 0.9317 0.2643 -0.2492
vn 0.9325 0.2534 -0.2575
vn 0.9327 0.2473 -0.2626
vn 0.9947 0.0470 -0.0916
vn 0.9894 0.0801 -0.1207
vn 0.9865 0.0822 -0.1414
vn 0.9824 0.0906 -0.1634
vn 0.9804 0.0945 -0.1727
vn 0.9759 0.1077 -0.1897
vn 0.9817 0.0632 -0.1797
vn 0.9819 0.0537 -0.1815
vn 0.9750 0.0932 -0.2016
vn -0.1318 -0.9807 0.1442
vn -0.1326 -0.9912 -0.0068
vn -0.1286 -0.9756 -0.1780
vn -0.8389 -0.4746 -0.2665
vn -0.9162 -0.3417 -0.2095
vn -0.4425 -0.7883 -0.4275
vn -0.5875 -0.7084 -0.3911
vn -0.2977 -0.8369 -0.4593
vn -0.1174 -0.9205 -0.3726
vn -0.1359 -0.9675 0.2130
vn 0.3230 -0.9457 0.0358
vn 0.4390 -0.8971 0.0492
vn 0.4256 -0.9049 0.0105
vn 0.4601 -0.8869 -0.0415
vn 0.3693 -0.9160 -0.1565
vn 0.0587 -0.9877 0.1451
vn 0.1025 -0.9760 0.1919
vn 0.0958 -0.9953 0.0159
vn 0.1455 -0.9739 -0.1744
vn 0.1364 -0.9333 -0.3321
vn -0.2685 -0.7953 -0.5436
vn -0.2867 -0.7889 -0.5436
vn 0.3101 -0.9011 -0.3029
vn 0.4801 -0.8462 -0.2312
vn 0.3210 -0.9390 0.1235
vn 0.3457 -0.9241 0.1627
vn 0.0879 -0.9712 0.2215
vn 0.3483 -0.9182 0.1888
vn 0.4529 -0.8846 0.1113
vn 0.4783 -0.8671 0.1390
vn 0.4835 -0.8605 0.1603
vn -0.7265 -0.6028 -0.3300
vn -0.1212 -0.9664 0.2268
vn -0.1402 -0.9585 0.2483
vn -0.1203 -0.9616 0.2467
vn -0.1094 -0.9633 0.2451
vn 0.0908 -0.9689 0.2303
vn 0.0917 -0.9686 0.2311
vn 0.0900 -0.9684 0.2328
vn 0.3624 -0.9129 0.1879
vn 0.3524 -0.9152 0.1956
vn 0.3298 -0.9230 0.1985
vn 0.4932 -0.8553 0.1587
vn 0.4967 -0.8525 0.1627
vn 0.4745 -0.8592 0.1914
vn 0.4792 -0.8566 0.1912
vn 0.4941 -0.8517 0.1745
vn 0.7026 -0.7081 0.0704
vn 0.6722 -0.7322 0.1100
vn 0.7834 -0.6177 0.0693
vn 0.8216 -0.5680 0.0478
vn 0.7465 -0.6581 0.0984
vn 0.7521 -0.6534 0.0861
vn 0.8977 -0.4405 0.0119
vn 0.9093 -0.4161 -0.0099
vn 0.9626 -0.2649 -0.0574
vn 0.9587 -0.2784 -0.0588
vn 0.9868 -0.1088 -0.1201
vn 0.9884 -0.0875 -0.1244
vn 0.8217 -0.5680 0.0473
vn 0.7558 -0.6498 0.0811
vn 0.9114 -0.4112 -0.0134
vn 0.9668 -0.2476 -0.0626
vn 0.9904 -0.0783 -0.1137
vn 0.8125 -0.5810 0.0485
vn 0.7573 -0.6488 0.0748
vn 0.9118 -0.4105 -0.0104
vn 0.9691 -0.2381 -0.0640
vn 0.9899 -0.0879 -0.1115
vn 0.8042 -0.5929 0.0429
vn 0.7494 -0.6589 0.0657
vn 0.9082 -0.4184 -0.0092
vn 0.9664 -0.2507 -0.0574
vn 0.9902 -0.0974 -0.1000
vn 0.7996 -0.5997 0.0315
vn 0.7403 -0.6703 0.0515
vn 0.9042 -0.4270 -0.0107
vn 0.9617 -0.2695 -0.0498
vn 0.9904 -0.1083 -0.0855
vn 0.7977 -0.6031 0.0067
vn 0.7308 -0.6823 0.0175
vn 0.9012 -0.4332 -0.0157
vn 0.9561 -0.2904 -0.0400
vn 0.9879 -0.1386 -0.0692
vn 0.7910 -0.6110 -0.0331
vn 0.7244 -0.6894 -0.0033
vn 0.7467 -0.6650 0.0163
vn -0.1096 -0.8879 -0.4468
vn -0.9656 -0.1996 -0.1666
vn -0.9887 -0.0472 -0.1421
vn -0.9850 0.1364 -0.1056
vn -0.9891 0.0728 -0.1278
vn -0.9494 0.3072 -0.0658
vn -0.9106 0.4121 -0.0311
vn 0.1326 -0.9170 -0.3761
vn 0.2493 -0.8901 -0.3816
vn 0.3419 -0.8962 -0.2827
vn -0.4756 -0.8549 0.2074
vn -0.4920 -0.8420 0.2213
vn -0.3395 -0.9084 0.2439
vn -0.3092 -0.9172 0.2512
vn -0.3271 -0.9117 0.2487
vn -0.4530 -0.8484 0.2739
vn -0.6138 -0.7697 0.1755
vn -0.6106 -0.7654 0.2033
vn -0.6078 -0.7675 0.2038
vn -0.7352 -0.6607 0.1517
vn -0.7133 -0.6743 0.1909
vn -0.7331 -0.6584 0.1703
vn -0.9302 -0.3549 0.0934
vn -0.9271 -0.3601 0.1038
vn -0.8272 -0.5389 0.1593
vn -0.8379 -0.5285 0.1364
vn -0.8354 -0.5317 0.1393
vn -0.9231 -0.3733 0.0925
vn -0.9843 -0.1734 0.0337
vn -0.9827 -0.1806 0.0401
vn -0.9819 -0.1865 0.0330
vn -0.9987 0.0372 -0.0342
vn -0.9993 0.0228 -0.0302
vn -0.9995 0.0103 -0.0306
vn -0.9753 0.1985 -0.0969
vn -0.9616 0.2492 -0.1149
vn -0.9573 0.2606 -0.1250
vn -0.8965 0.4005 -0.1896
vn -0.9070 0.3845 -0.1720
vn -0.1431 -0.9570 0.2525
vn -0.1214 -0.9573 0.2623
vn -0.1169 -0.9642 0.2379
vn 0.1167 -0.9620 0.2468
vn 0.1086 -0.9636 0.2444
vn 0.0828 -0.9700 0.2287
vn 0.3207 -0.9240 0.2084
vn 0.3334 -0.9212 0.2006
vn 0.2993 -0.9346 0.1923
vn 0.5591 -0.8142 0.1567
vn 0.5145 -0.8362 0.1900
vn 0.4688 -0.8610 0.1975
vn 0.4770 -0.8659 0.1507
vn 0.7725 -0.6291 0.0859
vn 0.8890 -0.4577 0.0150
vn 0.9584 -0.2801 -0.0547
vn 0.9869 -0.1140 -0.1145
vn -0.3210 -0.9130 0.2518
vn -0.4839 -0.8404 0.2441
vn -0.5866 -0.7743 0.2372
vn -0.6991 -0.6821 0.2143
vn -0.8229 -0.5422 0.1697
vn -0.9218 -0.3690 0.1189
vn -0.9820 -0.1801 0.0572
vn -0.9997 -0.0033 -0.0237
vn -0.9742 0.1997 -0.1055
vn -0.9837 0.1509 -0.0980
vn -0.9773 0.1834 -0.1064
vn -0.9247 0.3413 -0.1684
vn -0.9284 0.3435 -0.1414
vn -0.9893 0.1234 -0.0781
vn -0.9898 0.1206 -0.0753
vn -0.1323 -0.9607 0.2440
vn 0.0950 -0.9694 0.2262
vn 0.3156 -0.9257 0.2087
vn 0.5322 -0.8310 0.1620
vn 0.7540 -0.6511 0.0870
vn 0.8885 -0.4586 0.0171
vn 0.9603 -0.2735 -0.0557
vn 0.9779 -0.1889 -0.0895
vn 0.9826 -0.1546 -0.1030
vn 0.9900 -0.0445 -0.1341
vn 0.9881 -0.0059 -0.1537
vn -0.3026 -0.9199 0.2495
vn -0.4321 -0.8663 0.2504
vn -0.5627 -0.7921 0.2365
vn -0.6905 -0.6922 0.2101
vn -0.7914 -0.5817 0.1879
vn -0.9052 -0.4042 0.1314
vn -0.9742 -0.2142 0.0706
vn -0.9961 -0.0850 0.0231
vn -0.9963 0.0575 -0.0637
vn -0.9975 -0.0713 0.0015
vn -0.9997 -0.0248 0.0070
vn -0.8553 0.4683 -0.2216
vn -0.8906 0.4152 -0.1856
vn -0.1001 -0.9646 0.2441
vn 0.0856 -0.9705 0.2254
vn 0.2514 -0.9454 0.2074
vn 0.4926 -0.8536 0.1693
vn 0.7451 -0.6602 0.0947
vn 0.8877 -0.4602 0.0129
vn 0.9596 -0.2747 -0.0601
vn -0.2852 -0.9235 0.2563
vn -0.4059 -0.8780 0.2537
vn -0.5277 -0.8138 0.2434
vn -0.6140 -0.7509 0.2434
vn -0.7299 -0.6463 0.2225
vn -0.8766 -0.4560 0.1536
vn -0.9599 -0.2699 0.0763
vn -0.9928 0.0974 -0.0691
vn -0.9947 0.0855 -0.0570
vn -0.9681 0.2253 -0.1097
vn -0.9996 0.0007 -0.0269
vn -0.8700 0.4392 -0.2241
vn -0.9641 0.2285 -0.1350
vn -0.9341 0.3056 -0.1846
vn -0.9683 0.2216 -0.1150
vn -0.8561 0.4658 -0.2239
vn -0.8678 0.4483 -0.2146
vn -0.1038 -0.9627 0.2497
vn 0.0630 -0.9701 0.2342
vn 0.1939 -0.9562 0.2191
vn 0.4411 -0.8796 0.1781
vn 0.7059 -0.7000 0.1083
vn 0.8797 -0.4751 0.0220
vn 0.9578 -0.2814 -0.0592
vn 0.9844 -0.1196 -0.1287
vn 0.9786 -0.1819 -0.0960
vn 0.9856 -0.1066 -0.1316
vn 0.9746 0.0508 -0.2182
vn 0.9862 -0.0221 -0.1638
vn 0.2781 0.8537 -0.4403
vn 0.1863 0.8716 -0.4534
vn 0.4030 0.8024 -0.4401
vn 0.5557 0.7248 -0.4072
vn 0.7204 0.5882 -0.3675
vn 0.8282 0.4483 -0.3362
vn 0.8378 0.4370 -0.3274
vn 0.7717 0.5340 -0.3454
vn 0.8374 0.4307 -0.3365
vn 0.7813 0.5076 -0.3633
vn 0.8286 0.4487 -0.3348
vn 0.7711 0.5125 -0.3780
vn 0.8017 0.4934 -0.3375
vn 0.7139 0.5750 -0.3997
vn 0.7393 0.5502 -0.3883
vn 0.6121 0.6615 -0.4333
vn 0.4924 0.7455 -0.4492
vn 0.4833 0.7429 -0.4632
vn 0.3040 0.8326 -0.4630
vn 0.2946 0.8261 -0.4804
vn 0.2064 0.8563 -0.4734
vn 0.1966 0.8563 -0.4777
vn -0.0019 0.8843 -0.4668
vn -0.1168 0.8811 -0.4582
vn -0.0905 0.8862 -0.4543
vn 0.0003 0.8845 -0.4666
vn -0.3110 0.8457 -0.4337
vn -0.2832 0.8575 -0.4296
vn -0.5762 0.7285 -0.3706
vn -0.5258 0.7645 -0.3729
vn -0.7171 0.6206 -0.3172
vn -0.6167 0.7035 -0.3533
vn -0.7609 0.5849 -0.2807
vn -0.6796 0.6599 -0.3204
vn -0.7669 0.5828 -0.2688
vn -0.7002 0.6475 -0.3008
vn -0.7420 0.6109 -0.2761
vn -0.6780 0.6777 -0.2847
vn -0.7121 0.6385 -0.2919
vn -0.6074 0.7315 -0.3098
vn -0.5024 0.7974 -0.3344
vn -0.3149 0.8654 -0.3898
vn -0.0902 0.8950 -0.4368
vn 0.0090 0.8931 -0.4498
vn 0.9305 0.2562 -0.2619
vn 0.9310 0.2425 -0.2727
vn 0.9712 0.1057 -0.2136
vn 0.9304 0.2534 -0.2650
vn 0.9626 0.1492 -0.2262
vn 0.9615 0.1500 -0.2302
vn -0.4249 -0.7219 -0.5462
vn -0.4307 -0.7272 -0.5345
vn -0.8513 -0.4269 -0.3051
vn -0.8521 -0.4167 -0.3167
vn -0.7388 -0.5595 -0.3757
vn -0.6075 -0.6481 -0.4593
vn -0.6313 -0.6470 -0.4276
vn -0.7575 -0.5373 -0.3708
vn -0.4307 -0.7272 -0.5344
vn -0.4250 -0.7218 -0.5462
vn -0.9870 0.1386 -0.0820
vn -0.8861 0.4625 -0.0306
vn 0.6490 -0.7464 -0.1472
vn 0.7494 -0.6400 -0.1695
vn 0.4287 -0.8889 -0.1616
vn 0.4630 -0.8580 -0.2225
vn 0.5703 -0.8118 -0.1253
vn 0.5640 -0.8007 -0.2020
vn 0.6644 -0.7402 -0.1028
vn 0.5116 -0.8217 -0.2511
vn -0.8365 0.5063 -0.2097
vn -0.8175 0.5355 -0.2120
vn -0.8251 0.5235 -0.2125
vn 0.9191 0.2493 -0.3051
vn 0.8828 0.3122 -0.3511
vn 0.7108 0.5488 -0.4400
vn -0.4157 0.6379 -0.6483
vn -0.6530 0.7545 0.0658
vn 0.7673 0.6162 0.1775
vn 0.6870 0.5173 -0.5103
vn -0.6503 0.7587 0.0398
vn 0.7782 0.6220 0.0868
vn -0.6492 0.7606 -0.0050
vn 0.7871 0.6165 -0.0211
vn -0.6425 0.7625 -0.0764
vn 0.7879 0.6050 -0.1146
vn -0.6444 0.7510 -0.1440
vn 0.7827 0.5938 -0.1864
vn -0.6415 0.7422 -0.1938
vn 0.7797 0.5791 -0.2380
vn -0.6420 0.7330 -0.2248
vn 0.7766 0.5676 -0.2733
vn -0.6390 0.7266 -0.2526
vn 0.7753 0.5551 -0.3012
vn -0.6350 0.7204 -0.2790
vn 0.7751 0.5463 -0.3175
vn -0.6323 0.7193 -0.2878
vn 0.7717 0.5426 -0.3318
vn -0.6241 0.7297 -0.2793
vn 0.7726 0.5371 -0.3384
vn -0.3198 0.5629 -0.7622
vn 0.3918 0.4244 -0.8163
vn -0.0282 0.5366 0.8434
vn -0.0831 0.5414 0.8367
vn 0.1962 0.8747 -0.4432
vn -0.9320 0.3402 -0.1249
vn 0.0212 -0.7287 -0.6845
vn 0.7192 -0.4956 0.4869
vn 0.7796 -0.5789 0.2389
vn -0.1628 -0.7330 -0.6604
vn -0.6935 -0.3061 -0.6522
vn -0.8306 -0.2153 -0.5136
vn -0.5095 0.7880 0.3455
vn -0.7146 0.6202 0.3237
vn -0.9937 -0.0629 0.0923
vn -0.1080 0.9068 -0.4075
vn -0.0587 0.9277 -0.3688
vn -0.9983 -0.0491 0.0314
vn -0.2975 0.5806 -0.7579
vn -0.2683 0.6226 -0.7351
vn -0.9041 0.0943 0.4168
vn -0.8560 0.1718 0.4877
vn 0.8741 -0.3776 -0.3055
vn 0.1312 -0.6831 0.7184
vn -0.0545 -0.8355 0.5468
vn -0.1027 -0.9272 0.3603
vn 0.2533 -0.9043 0.3436
vn -0.0969 -0.3850 -0.9178
vn -0.1028 -0.3717 -0.9226
vn -0.5231 -0.1761 -0.8338
vn -0.6370 -0.1797 -0.7496
vn -0.8352 0.0950 0.5416
vn -0.8381 -0.1431 0.5264
vn -0.7239 0.5212 0.4520
vn -0.7259 -0.2031 -0.6572
vn -0.5036 -0.1558 -0.8498
vn -0.8084 -0.3681 0.4594
vn -0.2576 0.9662 0.0136
vn -0.2375 0.9644 0.1167
vn -0.9684 -0.1224 -0.2173
vn -0.9648 -0.2156 -0.1509
vn -0.9719 -0.2107 -0.1050
vn -0.2237 0.9690 -0.1044
vn -0.9890 -0.1258 -0.0775
vn -0.0882 0.9797 -0.1799
vn -0.9947 -0.0925 -0.0448
vn -0.0546 0.9706 -0.2346
vn -0.9979 -0.0624 -0.0160
vn -0.0472 0.9564 -0.2881
vn -0.9981 -0.0594 0.0154
vn -0.0519 0.9395 -0.3386
vn -0.2093 0.7040 -0.6787
vn -0.9475 -0.0021 0.3197
vn -0.1401 0.8362 -0.5302
vn -0.9799 -0.0341 0.1964
vn -0.6969 -0.5563 0.4526
vn -0.4663 -0.1731 -0.8675
vn -0.2923 -0.4126 -0.8627
vn -0.4162 -0.3078 -0.8556
vn -0.5202 -0.7106 0.4738
vn -0.4127 -0.8009 0.4338
vn -0.1870 -0.4447 -0.8760
vn -0.3072 -0.8517 0.4246
vn 0.9823 -0.1682 0.0822
vn 0.9834 -0.1779 -0.0343
vn -0.1402 -0.9898 -0.0243
vn -0.0972 -0.9828 -0.1573
vn -0.1382 -0.9809 0.1371
vn -0.1642 -0.9849 0.0556
vn 0.9755 -0.2132 -0.0551
vn 0.9831 -0.1761 -0.0491
vn -0.1190 -0.9698 0.2131
vn 0.9877 -0.1444 -0.0607
vn -0.1009 -0.9631 0.2494
vn 0.9889 -0.1254 -0.0799
vn -0.4678 -0.2480 -0.8483
vn -0.6272 -0.6562 0.4195
vn 0.9895 -0.1221 -0.0768
vn -0.1003 -0.9635 0.2484
vn 0.9875 -0.1442 -0.0629
vn -0.1079 -0.9595 0.2601
vn -0.1228 -0.9143 0.3861
vn 0.9542 -0.2333 -0.1875
vn -0.7314 0.3789 0.5670
vn -0.7057 -0.1866 -0.6836
vn 0.5587 -0.6778 0.4780
vn -0.0574 -0.6471 -0.7603
vn -0.2640 -0.7662 -0.5858
vn -0.4001 -0.7412 -0.5391
vn -0.3959 -0.4036 0.8249
vn -0.2839 -0.4246 0.8597
vn -0.4422 -0.6829 -0.5815
vn -0.5495 -0.5957 -0.5859
vn -0.4886 -0.2870 0.8240
vn -0.4136 -0.3468 0.8418
vn -0.6124 -0.1870 0.7681
vn -0.5296 -0.2203 0.8192
vn -0.6217 -0.5041 -0.5994
vn -0.6424 -0.4400 -0.6274
vn -0.7988 0.1901 0.5708
vn -0.3782 0.4305 -0.8196
vn 0.0629 -0.8278 -0.5575
vn -0.1018 -0.8213 -0.5613
vn -0.0894 -0.5258 0.8459
vn 0.0408 -0.5349 0.8439
vn 0.0892 -0.5338 0.8409
vn 0.1001 -0.5469 0.8312
vn 0.7048 -0.4966 -0.5065
vn 0.3411 -0.7483 -0.5690
vn -0.3591 0.8762 0.3214
vn -0.9141 -0.1301 -0.3839
vn -0.2828 0.9316 0.2285
vn -0.9468 -0.1128 -0.3015
vn 0.8874 -0.4099 0.2110
vn -0.1988 -0.8381 -0.5080
vn -0.6788 -0.0628 0.7316
vn -0.6130 -0.3125 -0.7256
vn -0.6342 -0.0964 -0.7671
vn -0.7457 0.0756 0.6620
vn 0.9513 -0.2412 0.1918
vn -0.0415 -0.9402 -0.3380
vn 0.9800 -0.1828 -0.0790
vn -0.1274 -0.9498 0.2858
vn -0.8560 0.5167 -0.0141
vn -0.7971 0.6030 0.0325
vn -0.7398 0.6714 0.0450
vn -0.7146 0.6990 0.0280
vn -0.9761 -0.1469 -0.1600
vn -0.9256 -0.2925 -0.2401
vn -0.9042 -0.3621 -0.2264
vn -0.8252 -0.4892 -0.2822
vn -0.5800 -0.7113 -0.3970
vn -0.4296 -0.7904 -0.4366
vn -0.2648 -0.7899 -0.5531
vn -0.7124 -0.6121 -0.3432
vn -0.9595 -0.2164 -0.1806
vn 0.1278 -0.9068 -0.4017
vn -0.4430 -0.7159 -0.5397
vn -0.6222 -0.6386 -0.4528
vn 0.7295 -0.6839 0.0026
vn 0.7246 -0.6892 -0.0032
vn 0.6813 -0.7269 -0.0864
vn 0.4526 -0.8711 0.1908
vn -0.3253 -0.9144 0.2409
vn -0.4650 -0.8470 0.2577
vn -0.7266 -0.6677 0.1618
vn -0.5938 -0.7736 0.2214
vn -0.7645 0.1505 0.6269
vn -0.5129 0.1876 -0.8377
vn -0.1346 0.9908 0.0137
vn -0.5767 0.7526 -0.3179
vn 0.8169 0.4819 -0.3170
vn 0.3965 0.9179 -0.0131
vn -0.1778 0.0890 -0.9800
vn 0.2774 0.8535 -0.4411
vn -0.4039 0.1745 -0.8980
vn 0.4430 0.7917 -0.4207
vn -0.5740 0.2758 -0.7710
vn -0.6647 0.3405 -0.6650
vn -0.7457 0.4496 -0.4917
vn -0.7681 0.5855 -0.2594
vn -0.7235 0.6886 -0.0491
vn 0.7622 0.5356 -0.3635
vn -0.6220 0.7711 0.1357
vn 0.7093 0.6013 -0.3679
vn -0.4471 0.8408 0.3053
vn 0.6158 0.6743 -0.4075
vn -0.2140 0.8933 0.3952
vn 0.4948 0.7439 -0.4492
vn 0.0055 0.9163 0.4004
vn 0.3105 0.8256 -0.4711
vn 0.2190 0.8836 0.4139
vn -0.1098 0.8831 -0.4562
vn 0.4427 0.7968 0.4114
vn -0.3146 0.8467 -0.4291
vn 0.7152 0.6356 0.2907
vn -0.5569 0.7462 -0.3647
vn 0.8417 0.5144 0.1640
vn -0.6424 0.6886 -0.3364
vn 0.9140 0.4055 -0.0145
vn 0.9300 0.2863 -0.2304
vn 0.8779 0.1828 -0.4425
vn -0.6721 0.6733 -0.3083
vn 0.7731 0.0925 -0.6276
vn -0.6145 0.7204 -0.3216
vn 0.6392 0.0452 -0.7677
vn -0.5114 0.7862 -0.3470
vn 0.4074 0.0241 -0.9129
vn 0.1439 0.0340 -0.9890
vn -0.9952 -0.0773 0.0603
vn -0.9045 0.3734 -0.2061
vn -0.9876 0.1370 -0.0771
vn 0.1615 0.9636 -0.2129
vn 0.1044 0.9377 0.3314
vn -0.0773 -0.0457 0.9960
vn -0.1424 -0.4152 0.8985
vn 0.1543 0.5025 -0.8507
vn 0.1710 0.7974 -0.5788
vn 0.1048 0.0214 -0.9943
vn -0.9806 0.1684 -0.1005
vn 0.0406 -0.4417 -0.8963
vn -0.9709 0.2130 -0.1092
vn -0.0165 -0.7748 -0.6319
vn -0.1320 -0.9812 0.1411
vn -0.0540 -0.9425 -0.3297
vn -0.1913 -0.7524 0.6304
vn -0.0399 0.3424 0.9387
vn 0.0213 0.6807 0.7322
vn -0.2919 -0.3463 0.8915
vn -0.2679 -0.3501 0.8976
vn -0.2690 -0.3472 0.8984
vn -0.2930 -0.3448 0.8918
vn -0.3035 -0.3380 0.8908
vn -0.3024 -0.3403 0.8904
vn 0.0114 0.5431 0.8396
vn 0.0036 0.5417 0.8405
vn 0.0049 0.5421 0.8403
vn 0.0113 0.5430 0.8397
vn -0.0184 0.5376 0.8430
vn -0.0167 0.5377 0.8430
vn -0.0284 0.5368 0.8432
vn -0.0283 0.5366 0.8434
vn -0.0829 0.5414 0.8367
vn -0.1177 0.5516 0.8258
vn -0.1757 0.5715 0.8016
vn -0.1769 0.5720 0.8010
vn -0.2135 0.5918 0.7773
vn -0.2150 0.5929 0.7760
vn -0.2890 0.0129 0.9572
vn -0.2561 0.1738 0.9509
vn -0.2443 0.2078 0.9472
vn -0.2878 0.0309 0.9572
vn -0.2563 -0.1499 0.9549
vn -0.3375 -0.3148 0.8872
vn -0.3335 -0.3090 0.8907
vn -0.2475 -0.1269 0.9605
vn -0.1910 0.0613 0.9797
vn -0.1863 0.0848 0.9788
vn -0.1674 0.2481 0.9542
vn -0.1667 0.2706 0.9481
vn -0.1795 0.4420 0.8789
vn -0.1816 0.4556 0.8715
vn -0.2072 0.5679 0.7966
vn -0.2073 0.5681 0.7964
vn -0.3941 -0.3898 0.8323
vn -0.3397 -0.3709 0.8643
vn -0.3269 -0.3705 0.8694
vn -0.3937 -0.3895 0.8326
vn -0.2243 0.5979 0.7696
vn -0.2238 0.5973 0.7701
vn -0.1014 0.4463 0.8891
vn -0.0210 0.5212 0.8532
vn -0.0189 0.5227 0.8523
vn -0.0909 0.4573 0.8846
vn -0.1861 0.3344 0.9239
vn -0.1747 0.3527 0.9193
vn -0.2760 -0.1303 0.9523
vn -0.2781 -0.1202 0.9530
vn -0.2156 -0.3726 0.9026
vn -0.2177 -0.3773 0.9001
vn -0.1513 -0.3657 0.9183
vn -0.1492 -0.3684 0.9176
vn -0.2240 -0.2738 0.9354
vn -0.2253 -0.2712 0.9358
vn -0.1232 -0.4287 0.8950
vn -0.1542 -0.3782 0.9128
vn -0.1516 -0.3837 0.9109
vn -0.1231 -0.4219 0.8982
vn -0.3873 -0.3814 0.8393
vn -0.3869 -0.3811 0.8397
vn -0.9863 0.1445 -0.0799
vn -0.9878 0.1377 -0.0731
vn -0.9852 0.1476 -0.0870
vn -0.9839 0.1585 -0.0825
vn -0.9861 0.1440 -0.0826
vn -0.9853 0.1467 -0.0872
vn -0.9852 0.1481 -0.0865
vn -0.9852 0.1477 -0.0865
vn -0.9853 0.1474 -0.0864
vn -0.9853 0.1472 -0.0862
vn -0.9854 0.1471 -0.0861
vn -0.9851 0.1476 -0.0878
vn -0.9824 0.1668 -0.0846
vn -0.9861 0.1434 -0.0835
vn -0.9851 0.1482 -0.0866
vn -0.0722 -0.4282 -0.9008
vn -0.3280 -0.3758 -0.8667
vn -0.3093 -0.3814 -0.8711
vn -0.1180 -0.4096 -0.9046
vn -0.8754 0.3155 0.3662
vn -0.6750 0.4306 0.5992
vn -0.6526 0.4399 0.6169
vn -0.8596 0.3289 0.3911
vn -0.4015 0.4966 0.7695
vn -0.3880 0.4999 0.7743
vn -0.9702 0.2002 0.1362
vn -0.9756 0.1876 0.1137
vn -0.9881 0.0618 -0.1411
vn -0.9878 0.0569 -0.1450
vn -0.9000 -0.0987 -0.4247
vn -0.9201 -0.0722 -0.3849
vn -0.7485 -0.2211 -0.6251
vn -0.7285 -0.2332 -0.6441
vn -0.5138 -0.3265 -0.7934
vn -0.5392 -0.3178 -0.7799
vn 0.1170 -0.4414 -0.8896
vn 0.1480 -0.4550 -0.8781
vn 0.3637 -0.4475 -0.8170
vn 0.3514 -0.4443 -0.8241
vn 0.6119 -0.4084 -0.6773
vn 0.6384 -0.4007 -0.6572
vn 0.8420 -0.3119 -0.4401
vn 0.8535 -0.2993 -0.4267
vn 0.9825 -0.1499 -0.1106
vn 0.9803 -0.1508 -0.1278
vn 0.9742 0.0368 0.2227
vn 0.8554 0.1920 0.4810
vn 0.8708 0.1791 0.4579
vn 0.9813 0.0293 0.1904
vn 0.6905 0.3035 0.6566
vn 0.6632 0.3199 0.6766
vn 0.1105 0.4826 0.8689
vn 0.1186 0.4869 0.8654
vn 0.4259 0.4120 0.8055
vn 0.3893 0.4196 0.8200
vn -0.1429 0.5093 0.8487
vn -0.1463 0.5053 0.8505
vn -0.0980 -0.4198 -0.9023
vn -0.0228 0.8907 -0.4539
vn 0.0476 0.8873 -0.4587
vn -0.0818 0.8909 -0.4467
vn -0.1476 0.8859 -0.4397
vn -0.0224 0.8909 -0.4537
vn -0.2065 0.8768 -0.4342
vn -0.2631 0.8637 -0.4298
vn -0.2025 0.8780 -0.4337
vn -0.1474 0.8859 -0.4398
vn -0.0810 0.8909 -0.4468
vn 0.1304 0.8784 -0.4597
vn 0.2039 0.8646 -0.4592
vn 0.2644 0.8485 -0.4584
vn 0.3178 0.8307 -0.4571
vn 0.3134 0.8273 -0.4663
vn 0.3133 0.8273 -0.4663
vn 0.3177 0.8306 -0.4573
vn 0.2642 0.8486 -0.4584
vn 0.2028 0.8649 -0.4592
vn 0.1303 0.8785 -0.4595
vn 0.0481 0.8874 -0.4585
vn 0.1530 0.8771 -0.4552
vn 0.0714 0.8878 -0.4547
vn 0.0275 0.8867 -0.4616
vn 0.1101 0.8793 -0.4633
vn 0.0198 0.8942 -0.4472
vn -0.0517 0.8874 -0.4580
vn -0.0317 0.8982 -0.4384
vn -0.1046 0.8954 -0.4327
vn -0.1738 0.8792 -0.4437
vn -0.1117 0.8853 -0.4515
vn 0.2483 0.8512 -0.4625
vn 0.2859 0.8370 -0.4666
vn 0.3353 0.8267 -0.4517
vn 0.2779 0.8461 -0.4548
vn 0.1769 0.8675 -0.4649
vn 0.2269 0.8618 -0.4537
vn 0.3326 0.8235 -0.4596
vn 0.2139 0.8411 -0.4968
vn -0.1871 0.8825 -0.4315
vn 0.1738 0.7949 -0.5814
vn 0.0703 0.8036 -0.5910
vn 0.0792 0.8066 -0.5857
vn 0.1970 0.8007 -0.5657
vn 0.3281 0.7960 -0.5087
vn 0.3144 0.7928 -0.5221
vn 0.3642 0.7665 -0.5290
vn 0.3669 0.7645 -0.5300
vn 0.4001 0.7185 -0.5689
vn 0.3879 0.7259 -0.5680
vn 0.4653 0.7127 -0.5249
vn 0.4343 0.7323 -0.5245
vn 0.5809 0.6816 -0.4449
vn 0.5609 0.6990 -0.4436
vn 0.6047 0.6907 -0.3966
vn 0.6010 0.6949 -0.3947
vn 0.5886 0.6943 -0.4141
vn 0.5979 0.6782 -0.4272
vn 0.4479 0.8084 -0.3820
vn 0.4666 0.7807 -0.4156
vn 0.3320 0.8893 -0.3144
vn 0.3438 0.8832 -0.3191
vn 0.2390 0.8915 -0.3850
vn 0.2590 0.8929 -0.3684
vn 0.0942 0.9105 -0.4027
vn 0.0945 0.9082 -0.4078
vn -0.0196 0.9436 -0.3305
vn -0.0507 0.9390 -0.3402
vn -0.0956 0.9577 -0.2713
vn -0.1104 0.9560 -0.2720
vn -0.1480 0.9575 -0.2477
vn -0.1382 0.9590 -0.2476
vn -0.2075 0.9427 -0.2614
vn -0.1990 0.9444 -0.2618
vn -0.1697 0.9216 -0.3490
vn -0.1802 0.9205 -0.3468
vn -0.0751 0.8744 -0.4793
vn -0.0853 0.8770 -0.4729
vn -0.0992 0.8136 -0.5728
vn -0.0932 0.8070 -0.5832
vn -0.1594 0.7671 -0.6214
vn -0.1581 0.7647 -0.6247
vn -0.1790 0.7670 -0.6162
vn -0.1808 0.7650 -0.6181
vn -0.1205 0.7897 -0.6016
vn -0.1402 0.7824 -0.6068
vn -0.0254 0.8050 -0.5927
vn -0.0461 0.8015 -0.5962
vn 0.0269 0.5137 -0.8576
vn 0.0149 0.5068 -0.8619
vn -0.3212 -0.4256 -0.8460
vn -0.0767 -0.4920 -0.8672
vn -0.3326 -0.9370 0.1072
vn -0.1007 -0.9901 0.0977
vn -0.0649 0.5003 -0.8634
vn -0.5523 -0.2997 -0.7780
vn -0.5371 -0.8361 0.1119
vn -0.2064 0.5124 -0.8336
vn -0.7479 -0.1428 -0.6483
vn -0.7001 -0.7046 0.1158
vn -0.3291 0.5574 -0.7622
vn -0.8805 0.0134 -0.4738
vn -0.8162 -0.5635 0.1276
vn -0.3811 0.6723 -0.6347
vn -0.9346 0.1732 -0.3106
vn -0.8857 -0.4348 0.1631
vn -0.4173 0.8125 -0.4071
vn -0.9451 0.3114 -0.0993
vn -0.9079 -0.3466 0.2358
vn -0.3472 0.9169 -0.1967
vn -0.9069 0.4036 0.1206
vn -0.8844 -0.3180 0.3416
vn -0.1766 0.9814 -0.0752
vn -0.8113 0.4831 0.3291
vn -0.8162 -0.3416 0.4661
vn -0.0203 0.9995 -0.0262
vn -0.6465 0.5421 0.5368
vn -0.6944 -0.3981 0.5995
vn 0.1022 0.9947 -0.0071
vn -0.4081 0.5371 0.7382
vn -0.4813 -0.4929 0.7248
vn 0.1468 0.9890 0.0184
vn -0.1386 0.5358 0.8329
vn -0.2692 -0.5267 0.8063
vn 0.1256 0.9915 0.0332
vn 0.0960 0.5086 0.8557
vn -0.0309 -0.5442 0.8384
vn 0.0964 0.9944 0.0442
vn 0.3351 0.4847 0.8080
vn 0.2343 -0.5469 0.8038
vn 0.0937 0.9951 0.0307
vn 0.5403 0.4976 0.6785
vn 0.4726 -0.5156 0.7147
vn 0.2123 0.9771 0.0108
vn 0.7317 0.4727 0.4911
vn 0.6592 -0.4647 0.5912
vn 0.3376 0.9397 -0.0544
vn 0.8721 0.4027 0.2779
vn 0.7881 -0.4232 0.4470
vn 0.4125 0.8880 -0.2034
vn 0.9366 0.3463 0.0537
vn 0.8661 -0.4027 0.2961
vn 0.4414 0.7845 -0.4356
vn 0.9544 0.2420 -0.1747
vn 0.8876 -0.4318 0.1603
vn 0.3720 0.6598 -0.6529
vn 0.9178 0.0897 -0.3869
vn 0.8439 -0.5304 0.0807
vn 0.2437 0.5678 -0.7863
vn 0.8161 -0.0878 -0.5711
vn 0.7426 -0.6680 0.0479
vn 0.1236 0.5328 -0.8372
vn 0.6505 -0.2573 -0.7146
vn 0.5874 -0.8079 0.0468
vn 0.0433 0.5263 -0.8492
vn 0.4335 -0.3882 -0.8132
vn 0.3848 -0.9210 0.0611
vn 0.0182 0.5176 -0.8555
vn 0.1759 -0.4760 -0.8617
vn 0.1458 -0.9860 0.0813
vn 0.1340 0.9410 0.3106
vn 0.4349 0.8639 0.2540
vn 0.2927 0.7932 -0.5340
vn 0.6642 0.7362 0.1298
vn 0.7952 0.6062 -0.0141
vn 0.8507 0.5034 -0.1515
vn 0.8644 0.4348 -0.2525
vn 0.5502 0.7072 -0.4441
vn 0.8607 0.4006 -0.3141
vn 0.6030 0.6923 -0.3965
vn 0.8518 0.3804 -0.3602
vn 0.5754 0.7160 -0.3953
vn 0.8237 0.3613 -0.4369
vn 0.4592 0.7996 -0.3871
vn 0.7535 0.3393 -0.5631
vn 0.3428 0.8706 -0.3530
vn 0.6026 0.3311 -0.7262
vn 0.2378 0.8941 -0.3794
vn 0.3287 0.3433 -0.8798
vn 0.1032 0.9150 -0.3899
vn 0.0243 0.3693 -0.9290
vn -0.0293 0.9397 -0.3408
vn -0.2664 0.4098 -0.8724
vn -0.1109 0.9531 -0.2816
vn -0.5241 0.4558 -0.7194
vn -0.1545 0.9566 -0.2471
vn -0.7004 0.5121 -0.4972
vn -0.1880 0.9465 -0.2622
vn -0.7583 0.5387 -0.3672
vn -0.1586 0.9221 -0.3530
vn -0.7661 0.5536 -0.3266
vn -0.1001 0.8755 -0.4728
vn -0.7695 0.5824 -0.2619
vn -0.7605 0.6215 -0.1882
vn -0.7356 0.6687 -0.1082
vn -0.6727 0.7399 -0.0060
vn -0.4953 0.8564 0.1457
vn -0.1899 0.9422 0.2762
vn 0.9776 -0.1895 -0.0917
vn 0.9774 -0.1877 -0.0968
vn 0.9786 -0.1842 -0.0913
vn 0.9786 -0.1851 -0.0894
vn 0.9638 0.1441 -0.2242
vn 0.9649 0.1425 -0.2207
vn 0.9858 -0.0052 -0.1679
vn -0.1269 0.3589 -0.9247
vn -0.1504 0.0179 -0.9885
vn -0.1564 -0.3626 -0.9187
vn -0.1467 -0.5892 -0.7945
vn 0.1559 0.1606 0.9746
vn 0.1526 0.4970 0.8542
vn 0.0582 -0.8158 0.5754
vn 0.1119 -0.5019 0.8577
vn -0.1201 -0.8174 -0.5634
vn -0.0556 0.8271 -0.5592
vn -0.0956 0.6226 -0.7767
vn 0.1143 0.8443 0.5236
vn -0.0074 0.9613 -0.2756
vn 0.0567 0.9906 0.1245
vn -0.0181 -0.9935 0.1125
vn 0.0227 -0.9314 0.3634
vn -0.0707 -0.9739 -0.2158
vn 0.1476 -0.0951 0.9845
vn 0.9874 -0.0612 -0.1460
vn -0.1098 0.8955 0.4312
vn -0.1097 0.9004 0.4210
vn -0.1085 0.9043 0.4128
vn -0.1109 0.9053 0.4100
vn -0.0953 0.9029 0.4192
vn -0.0915 0.8985 0.4293
vn -0.1013 0.9177 0.3841
vn -0.1016 0.9235 0.3700
vn -0.1074 0.9148 0.3894
vn -0.1019 0.9239 0.3689
vn -0.1079 0.9147 0.3893
vn 0.0253 0.9573 0.2879
vn 0.0231 0.9578 0.2864
vn 0.0486 0.9558 0.2901
vn 0.0495 0.9560 0.2892
vn 0.0717 0.9509 0.3010
vn 0.0739 0.9528 0.2945
vn 0.0877 0.9453 0.3141
vn 0.0973 0.9477 0.3041
vn 0.1028 0.9385 0.3296
vn 0.1183 0.9408 0.3177
vn 0.1141 0.9314 0.3457
vn 0.1363 0.9324 0.3347
vn 0.1214 0.9235 0.3640
vn 0.1504 0.9228 0.3547
vn 0.1270 0.9144 0.3843
vn 0.1590 0.9118 0.3787
vn 0.1563 0.9077 0.3895
vn 0.1130 0.9064 0.4071
vn 0.1609 0.9047 0.3946
vn 0.1598 0.8984 0.4091
vn 0.1584 0.9022 0.4011
vn 0.1550 0.8959 0.4164
vn 0.1432 0.8932 0.4263
vn 0.1477 0.8885 0.4345
vn 0.1281 0.8909 0.4358
vn 0.1319 0.8883 0.4399
vn 0.1470 0.8731 0.4649
vn 0.1404 0.8656 0.4805
vn 0.1465 0.8715 0.4679
vn 0.1460 0.8784 0.4550
vn 0.1329 0.8611 0.4907
vn 0.1292 0.8700 0.4758
vn 0.1093 0.8715 0.4781
vn 0.0938 0.8650 0.4929
vn 0.1157 0.8542 0.5069
vn 0.0767 0.8613 0.5023
vn 0.0941 0.8477 0.5221
vn 0.0592 0.8577 0.5106
vn 0.0701 0.8440 0.5318
vn 0.0400 0.8556 0.5160
vn 0.0447 0.8423 0.5372
vn 0.0200 0.8553 0.5178
vn 0.0190 0.8426 0.5382
vn -0.0059 0.8449 0.5349
vn 0.0006 0.8561 0.5169
vn -0.0496 0.8540 0.5179
vn -0.0287 0.8488 0.5280
vn -0.0198 0.8580 0.5132
vn -0.0386 0.8621 0.5053
vn -0.0680 0.8606 0.5047
vn -0.0538 0.8668 0.4957
vn -0.0692 0.8733 0.4823
vn -0.0846 0.8674 0.4903
vn -0.0804 0.8825 0.4634
vn -0.0970 0.8769 0.4708
vn -0.0874 0.8894 0.4486
vn -0.1047 0.8861 0.4516
vn -0.0457 0.9417 0.3332
vn -0.0416 0.9459 0.3218
vn -0.0370 0.9469 0.3194
vn -0.0411 0.9488 0.3131
vn -0.0487 0.9445 0.3249
vn -0.0463 0.9423 0.3316
vn 0.0132 0.9589 0.2835
vn -0.0000 0.9598 0.2807
vn 0.0131 0.9659 0.2587
vn 0.0283 0.9583 0.2842
vn 0.0405 0.9573 0.2863
vn 0.0502 0.9537 0.2964
vn 0.0627 0.9515 0.3011
vn 0.0815 0.9452 0.3163
vn 0.0779 0.9436 0.3217
vn 0.0845 0.9380 0.3363
vn 0.0903 0.9323 0.3503
vn 0.1029 0.9288 0.3561
vn 0.0986 0.9168 0.3870
vn 0.1104 0.9234 0.3676
vn 0.1048 0.9150 0.3895
vn 0.1043 0.8929 0.4380
vn 0.0947 0.8897 0.4466
vn 0.0895 0.8880 0.4510
vn 0.1059 0.8936 0.4362
vn 0.0910 0.8788 0.4684
vn 0.0629 0.8696 0.4897
vn 0.0829 0.8822 0.4636
vn 0.0903 0.8804 0.4656
vn 0.0829 0.8803 0.4671
vn 0.0855 0.8878 0.4523
vn 0.0538 0.8714 0.4875
vn 0.0481 0.8725 0.4862
vn 0.0321 0.8700 0.4920
vn 0.0130 0.8687 0.4952
vn 0.0075 0.8690 0.4947
vn -0.0062 0.8702 0.4926
vn -0.0291 0.8725 0.4878
vn -0.0397 0.8761 0.4805
vn -0.0503 0.8816 0.4693
vn -0.0618 0.8886 0.4546
vn -0.0659 0.8911 0.4491
vn -0.9890 -0.0410 0.1419
vn -0.9994 0.0316 -0.0163
vn -0.9793 0.1033 -0.1739
vn -0.9295 0.1718 -0.3263
vn -0.8515 0.2351 -0.4687
vn -0.7476 0.2912 -0.5969
vn -0.6210 0.3385 -0.7070
vn -0.4755 0.3755 -0.7955
vn -0.3155 0.4011 -0.8600
vn -0.1460 0.4146 -0.8982
vn 0.0280 0.4154 -0.9092
vn 0.2036 0.4033 -0.8921
vn 0.3776 0.3777 -0.8454
vn 0.5413 0.3390 -0.7695
vn 0.6865 0.2887 -0.6673
vn 0.8084 0.2287 -0.5425
vn 0.9027 0.1608 -0.3991
vn 0.9663 0.0874 -0.2422
vn 0.9970 0.0111 -0.0770
vn 0.9937 -0.0656 0.0908
vn 0.9566 -0.1401 0.2555
vn 0.8869 -0.2098 0.4115
vn 0.7870 -0.2723 0.5535
vn 0.6603 -0.3256 0.6767
vn 0.5112 -0.3678 0.7768
vn 0.3446 -0.3975 0.8504
vn 0.1663 -0.4136 0.8951
vn -0.0177 -0.4157 0.9093
vn -0.1986 -0.4038 0.8930
vn -0.1985 -0.4038 0.8930
vn -0.5239 -0.3439 0.7793
vn -0.3681 -0.3795 0.8488
vn -0.6638 -0.2979 0.6860
vn -0.7835 -0.2428 0.5720
vn -0.8795 -0.1803 0.4405
vn -0.9487 -0.1123 0.2957
vn -0.0732 0.9026 0.4243
vn -0.0712 0.8918 0.4467
vn 0.5722 0.7831 0.2437
vn 0.5947 0.7253 0.3468
vn -0.0682 0.9143 0.3993
vn 0.5818 0.7015 0.4117
vn 0.5435 0.7190 0.4332
vn -0.0522 0.9336 0.3546
vn 0.4703 0.7239 0.5048
vn 0.3977 0.7176 0.5716
vn -0.0352 0.9513 0.3063
vn 0.3365 0.7133 0.6148
vn -0.0198 0.9552 0.2953
vn 0.2637 0.7088 0.6543
vn -0.0181 0.9587 0.2839
vn 0.1983 0.7041 0.6819
vn 0.1316 0.7014 0.7005
vn 0.0545 0.6989 0.7132
vn -0.0194 0.7003 0.7136
vn -0.0844 0.7035 0.7056
vn -0.1717 0.7134 0.6794
vn -0.2460 0.7205 0.6483
vn -0.2909 0.7292 0.6194
vn -0.3490 0.7423 0.5720
vn -0.4113 0.7590 0.5047
vn -0.4690 0.7753 0.4230
vn -0.5136 0.7942 0.3246
vn -0.5546 0.7976 0.2372
vn -0.5819 0.7933 0.1790
vn -0.5625 0.8195 0.1097
vn -0.4924 0.8700 0.0238
vn 0.0698 0.8774 0.4747
vn -0.4170 0.9076 -0.0495
vn -0.3440 0.9329 -0.1061
vn -0.2368 0.9585 -0.1587
vn -0.1382 0.9717 -0.1919
vn -0.0383 0.9775 -0.2074
vn 0.0808 0.9756 -0.2044
vn 0.1865 0.9659 -0.1793
vn 0.2721 0.9515 -0.1438
vn 0.3564 0.9303 -0.0861
vn 0.4365 0.8996 -0.0151
vn 0.4967 0.8655 0.0652
vn 0.5412 0.8274 0.1501
vn 0.6121 0.6996 0.3686
vn 0.5978 0.7560 0.2668
vn 0.6013 0.6842 0.4126
vn 0.6007 0.6911 0.4019
vn 0.5379 0.7199 0.4387
vn 0.5004 0.7222 0.4775
vn 0.4158 0.7157 0.5612
vn 0.3583 0.7100 0.6062
vn 0.2870 0.7047 0.6489
vn 0.2167 0.6993 0.6812
vn 0.1491 0.6958 0.7025
vn 0.0687 0.6958 0.7149
vn -0.0109 0.6975 0.7165
vn -0.2981 0.7281 0.6173
vn -0.2509 0.7196 0.6475
vn -0.3609 0.7419 0.5651
vn -0.4254 0.7593 0.4924
vn -0.4844 0.7763 0.4034
vn -0.5353 0.7916 0.2946
vn -0.5261 0.7873 0.3216
vn -0.5635 0.7951 0.2244
vn -0.5582 0.7961 0.2336
vn -0.6127 0.7704 0.1762
vn -0.5976 0.7845 0.1655
vn -0.5881 0.7997 0.1206
vn -0.5261 0.8497 0.0369
vn -0.4442 0.8946 -0.0487
vn -0.3717 0.9220 -0.1080
vn -0.2623 0.9511 -0.1633
vn -0.1522 0.9677 -0.2008
vn -0.0465 0.9755 -0.2151
vn 0.0834 0.9738 -0.2118
vn 0.1977 0.9621 -0.1877
vn 0.2901 0.9453 -0.1489
vn 0.3825 0.9198 -0.0875
vn 0.4652 0.8851 -0.0108
vn 0.5285 0.8454 0.0768
vn 0.5680 0.8067 0.1629
vn -0.1779 0.7122 0.6791
vn -0.0771 0.7004 0.7095
vn 0.1127 0.9017 0.4175
vn 0.1054 0.9060 0.4100
vn 0.1053 0.9062 0.4095
vn 0.0817 0.9065 0.4142
vn 0.0840 0.9113 0.4030
vn 0.3410 0.8365 0.4289
vn 0.3394 0.8735 0.3490
vn -0.8869 0.3481 0.3036
vn -0.8893 0.4504 0.0792
vn -0.0619 0.7520 -0.6563
vn 0.1777 0.7406 -0.6480
vn -0.0446 0.7201 0.6924
vn 0.0456 0.7185 0.6940
vn 0.1334 0.7262 0.6744
vn -0.3042 0.7368 -0.6038
vn -0.5237 0.6953 -0.4922
vn 0.2117 0.7432 0.6347
vn -0.7009 0.6299 -0.3347
vn 0.2752 0.7693 0.5765
vn -0.8257 0.5462 -0.1408
vn 0.3186 0.8011 0.5068
vn 0.1262 0.9854 0.1142
vn 0.0394 0.9945 0.0969
vn -0.0456 0.0032 0.9990
vn -0.2875 0.0307 0.9573
vn -0.0497 0.9936 0.1016
vn 0.2008 0.0036 0.9796
vn -0.1349 0.9826 0.1278
vn 0.4343 0.0309 0.9003
vn -0.2095 0.9621 0.1748
vn 0.6373 0.0855 0.7658
vn -0.2679 0.9334 0.2387
vn 0.7867 0.1564 0.5971
vn -0.2999 0.9077 0.2934
vn 0.8739 0.2282 0.4292
vn -0.5074 0.0833 0.8577
vn 0.2043 0.9673 0.1505
vn -0.6885 0.1574 0.7080
vn 0.2684 0.9412 0.2051
vn -0.8183 0.2496 0.5178
vn 0.3145 0.9094 0.2722
vn -0.3150 0.8798 0.3559
vn 0.9174 0.3064 0.2541
vn 0.9140 0.4037 0.0395
vn -0.3146 0.8414 0.4393
vn 0.3678 0.7110 -0.5993
vn -0.1130 0.7284 0.6758
vn 0.5389 0.6673 -0.5141
vn -0.1741 0.7441 0.6450
vn -0.2404 0.7710 0.5897
vn 0.7135 0.5951 -0.3698
vn -0.2893 0.8039 0.5196
vn 0.8450 0.5043 -0.1781
vn -0.9146 0.2907 0.2811
vn -0.9171 0.3957 0.0495
vn -0.9172 0.3953 0.0504
vn -0.9145 0.2905 0.2815
vn -0.0634 0.7075 -0.7039
vn 0.1825 0.6951 -0.6953
vn 0.1810 0.6953 -0.6956
vn -0.0650 0.7074 -0.7038
vn -0.5372 0.6490 -0.5388
vn -0.3124 0.6920 -0.6508
vn -0.3140 0.6918 -0.6503
vn -0.5386 0.6486 -0.5379
vn -0.7212 0.5816 -0.3762
vn -0.7222 0.5812 -0.3750
vn -0.8510 0.4951 -0.1751
vn -0.8515 0.4946 -0.1740
vn -0.9172 0.3953 0.0503
vn -0.2965 -0.0352 0.9544
vn -0.2977 -0.0350 0.9540
vn -0.0487 -0.0629 0.9968
vn -0.0471 -0.0630 0.9969
vn 0.2050 -0.0625 0.9768
vn 0.2067 -0.0624 0.9764
vn 0.4447 -0.0338 0.8950
vn 0.4462 -0.0335 0.8943
vn 0.6524 0.0213 0.7575
vn 0.6536 0.0218 0.7565
vn 0.8065 0.0948 0.5836
vn 0.8065 0.0948 0.5835
vn 0.8070 0.0951 0.5829
vn 0.6537 0.0218 0.7565
vn 0.8953 0.1689 0.4122
vn 0.8955 0.1692 0.4116
vn -0.5230 0.0188 0.8521
vn -0.5238 0.0191 0.8516
vn -0.7100 0.0951 0.6977
vn -0.7103 0.0953 0.6974
vn -0.8438 0.1880 0.5026
vn 0.9405 0.2504 0.2295
vn 0.9404 0.2499 0.2308
vn 0.9368 0.3496 0.0108
vn 0.9368 0.3498 0.0104
vn 0.1826 0.6951 -0.6953
vn 0.3767 0.6648 -0.6451
vn 0.3761 0.6650 -0.6453
vn 0.1811 0.6953 -0.6956
vn 0.5520 0.6201 -0.5575
vn 0.5514 0.6202 -0.5579
vn 0.7311 0.5465 -0.4085
vn 0.7308 0.5466 -0.4088
vn 0.8658 0.4531 -0.2124
vn 0.5094 0.7540 0.4147
vn 0.5072 0.8107 0.2926
vn 0.1915 0.5845 0.7885
vn 0.0575 0.5724 0.8180
vn 0.3112 0.6113 0.7277
vn 0.4082 0.6506 0.6404
vn 0.4757 0.6994 0.5335
vn 0.0473 0.9945 -0.0931
vn 0.1809 0.9812 -0.0669
vn -0.0887 0.9917 -0.0926
vn -0.2175 0.9749 -0.0467
vn -0.3311 0.9432 0.0283
vn -0.4097 0.9043 0.1197
vn -0.2768 0.9112 0.3050
vn 0.3005 0.9537 -0.0106
vn 0.3990 0.9141 0.0723
vn 0.4695 0.8653 0.1758
vn -0.0765 0.5773 0.8129
vn -0.3172 0.8791 0.3558
vn -0.4671 0.7715 0.4319
vn -0.1797 0.5923 0.7854
vn -0.2709 0.6194 0.7368
vn -0.3608 0.6682 0.6506
vn -0.3960 0.7389 0.5452
vn 0.6894 0.6178 0.3782
vn 0.6867 0.6957 0.2106
vn 0.0683 0.3652 0.9284
vn 0.2518 0.3846 0.8881
vn 0.4161 0.4216 0.8057
vn 0.5495 0.4755 0.6870
vn 0.6427 0.5426 0.5409
vn 0.0592 0.9582 -0.2801
vn 0.2387 0.9274 -0.2880
vn -0.1109 0.9602 -0.2564
vn -0.2785 0.9398 -0.1980
vn -0.4203 0.9015 -0.1028
vn -0.5270 0.8498 0.0090
vn -0.2662 0.9142 0.3056
vn 0.4038 0.8915 -0.2053
vn 0.5381 0.8378 -0.0920
vn 0.6350 0.7709 0.0501
vn -0.1147 0.3591 0.9262
vn -0.3223 0.8780 0.3540
vn -0.5910 0.6920 0.4145
vn -0.2307 0.4469 0.8643
vn -0.3419 0.4875 0.8034
vn -0.4483 0.5622 0.6950
vn -0.4724 0.6733 0.5687
vn 0.7240 0.5837 0.3675
vn 0.7213 0.6657 0.1913
vn 0.0810 0.3076 0.9481
vn 0.2654 0.3399 0.9022
vn 0.4353 0.3769 0.8176
vn 0.5765 0.4341 0.6922
vn 0.6748 0.5046 0.5386
vn 0.2606 0.9019 -0.3445
vn 0.0597 0.9519 -0.3005
vn 0.4324 0.8655 -0.2528
vn 0.5638 0.8158 -0.1290
vn 0.6667 0.7450 0.0219
vn -0.1166 0.2896 0.9500
vn 0.7176 0.5899 0.3703
vn 0.7154 0.6702 0.1978
vn 0.2683 0.3492 0.8978
vn 0.4407 0.3879 0.8095
vn 0.5753 0.4439 0.6870
vn 0.6696 0.5127 0.5373
vn 0.5674 0.8159 -0.1115
vn 0.6636 0.7473 0.0333
vn -0.0717 0.8984 0.4333
vn -0.1090 0.9094 0.4015
vn -0.0635 0.9191 0.3890
vn -0.0804 0.9224 0.3777
vn -0.0598 0.9222 0.3820
vn -0.0759 0.9104 0.4067
vn -0.0762 0.9406 0.3308
vn -0.0705 0.9429 0.3255
vn -0.0698 0.9430 0.3254
vn -0.0645 0.9438 0.3242
vn -0.0611 0.9462 0.3179
vn -0.0563 0.9359 0.3478
vn -0.0569 0.9254 0.3748
vn -0.0554 0.9236 0.3794
vn -0.0549 0.9244 0.3775
vn -0.0544 0.9238 0.3789
vn -0.0575 0.9231 0.3802
vn -0.0226 0.9592 0.2819
vn -0.0307 0.9519 0.3049
vn -0.0288 0.9526 0.3028
vn -0.0771 0.9028 0.4232
vn -0.0711 0.8955 0.4394
vn -0.0734 0.8975 0.4349
vn -0.0935 0.9292 0.3575
vn -0.0916 0.9323 0.3499
vn -0.0739 0.9259 0.3704
vn -0.0849 0.9355 0.3430
vn -0.0839 0.9363 0.3410
vn -0.0540 0.9478 0.3141
vn -0.0423 0.9513 0.3054
vn -0.0428 0.9512 0.3057
vn -0.0536 0.9479 0.3140
vn -0.0550 0.9244 0.3775
vn -0.0562 0.9234 0.3796
vn -0.0306 0.9537 0.2992
vn -0.0316 0.9534 0.3000
vn -0.0208 0.9547 0.2967
vn -0.0277 0.9534 0.3004
vn -0.0127 0.9548 0.2970
vn -0.0307 0.9532 0.3007
vn -0.0103 0.9557 0.2943
vn -0.0063 0.9558 0.2940
vn 0.0019 0.9569 0.2904
vn -0.0090 0.9559 0.2936
vn 0.0102 0.9573 0.2890
vn 0.0104 0.9570 0.2900
vn 0.0096 0.9571 0.2897
vn -0.0211 0.9553 0.2950
vn 0.1637 0.6537 -0.7389
vn 0.5136 0.5938 -0.6193
vn 0.9414 0.3320 -0.0599
vn 0.9403 0.1707 0.2944
vn 0.7840 0.0232 0.6203
vn 0.5060 -0.0817 0.8587
vn 0.1539 -0.1312 0.9793
vn -0.9388 0.2068 0.2755
vn -0.9344 0.3532 -0.0465
vn 0.5198 -0.0416 0.8533
vn 0.1593 -0.1013 0.9820
vn -0.2233 -0.0977 0.9698
vn -0.9280 0.3672 -0.0630
vn -0.7862 0.5023 -0.3601
vn -0.1990 0.6671 -0.7179
vn 0.1661 0.6704 -0.7232
vn 0.5239 0.5176 -0.6765
vn 0.7975 0.4073 -0.4451
vn 0.8281 -0.0462 0.5587
vn 0.5535 -0.1568 0.8179
vn -0.2101 -0.2023 0.9565
vn -0.5694 -0.1290 0.8119
vn -0.7891 0.4370 -0.4316
vn -0.5226 0.5354 -0.6635
vn 0.1792 0.5790 -0.7954
vn 0.7886 0.4816 -0.3824
vn -0.8006 0.4884 -0.3472
vn -0.5500 0.5946 -0.5865
vn -0.2118 0.6540 -0.7262
vn 0.5023 0.6170 -0.6059
vn 0.7669 0.5167 -0.3807
vn 0.9237 0.3770 -0.0685
vn 0.9342 0.2192 0.2814
vn -0.0832 0.9358 0.3425
vn 0.7928 0.0712 0.6053
vn -0.5672 -0.0326 0.8229
vn -0.8171 0.0808 0.5707
vn -0.9398 0.2197 0.2619
vn -0.5316 0.6081 -0.5896
vn -0.8102 0.0650 0.5825
vn -0.5583 -0.0506 0.8281
vn -0.2190 -0.1200 0.9683
vn 0.9566 0.2613 -0.1294
vn 0.9691 0.1022 0.2243
vn 0.1875 -0.2124 0.9590
vn -0.8334 -0.0057 0.5526
vn -0.9639 0.1456 0.2231
vn -0.9457 0.3013 -0.1223
vn -0.1857 0.5845 -0.7899
vn 0.1841 0.6512 -0.7362
vn 0.5301 0.5883 -0.6107
vn 0.9432 0.3280 -0.0536
vn 0.9412 0.1704 0.2917
vn 0.7919 0.0270 0.6100
vn 0.5213 -0.0787 0.8497
vn 0.1730 -0.1310 0.9762
vn -0.9373 0.2020 0.2839
vn -0.9341 0.3535 -0.0489
vn 0.5212 -0.0424 0.8524
vn 0.1707 -0.1017 0.9801
vn -0.2049 -0.1003 0.9736
vn -0.9312 0.3608 -0.0517
vn -0.7874 0.5011 -0.3590
vn -0.1880 0.6674 -0.7206
vn 0.1804 0.6686 -0.7215
vn 0.5461 0.5109 -0.6639
vn 0.8159 0.3956 -0.4216
vn 0.8178 -0.0533 0.5731
vn 0.5454 -0.1599 0.8228
vn -0.1966 -0.2045 0.9589
vn -0.5504 -0.1356 0.8238
vn -0.8024 0.4288 -0.4151
vn -0.5319 0.5324 -0.6585
vn 0.1957 0.5769 -0.7930
vn 0.7977 0.4753 -0.3711
vn -0.7937 0.4924 -0.3572
vn -0.5338 0.5986 -0.5973
vn -0.1906 0.6549 -0.7313
vn 0.5187 0.6123 -0.5967
vn 0.7812 0.5079 -0.3630
vn 0.9287 0.3674 -0.0501
vn 0.9321 0.2122 0.2935
vn 0.7890 0.0678 0.6106
vn -0.5475 -0.0393 0.8359
vn -0.8039 0.0706 0.5906
vn -0.9367 0.2102 0.2801
vn -0.5273 0.6085 -0.5930
vn -0.8011 0.0582 0.5957
vn -0.5427 -0.0562 0.8380
vn -0.2004 -0.1229 0.9720
vn 0.9634 0.2480 -0.1016
vn 0.9645 0.0902 0.2480
vn 0.1889 -0.2131 0.9586
vn -0.8178 -0.0174 0.5753
vn -0.9587 0.1317 0.2520
vn -0.9527 0.2884 -0.0959
vn -0.1821 0.5842 -0.7909
vn 0.2043 0.8733 0.4423
vn 0.1787 0.8917 0.4159
vn 0.1321 0.8901 0.4362
vn 0.1446 0.8806 0.4512
vn 0.2097 0.8693 0.4476
vn 0.1375 0.8868 0.4411
vn 0.2248 0.8809 0.4165
vn 0.1493 0.8995 0.4106
vn 0.1919 0.8784 0.4378
vn 0.1492 0.8997 0.4102
vn 0.1618 0.8749 0.4564
vn 0.1190 0.8957 0.4285
vn 0.1409 0.8739 0.4653
vn 0.1083 0.8946 0.4336
vn 0.1109 0.8734 0.4743
vn 0.0886 0.8937 0.4398
vn 0.0881 0.8732 0.4793
vn 0.0704 0.8935 0.4435
vn 0.0736 0.8737 0.4809
vn 0.0644 0.8930 0.4455
vn 0.0427 0.8758 0.4807
vn 0.0416 0.8951 0.4439
vn 0.0159 0.8775 0.4793
vn 0.0196 0.8960 0.4436
vn -0.0563 0.8870 0.4584
vn -0.0565 0.8866 0.4591
vn -0.0290 0.9025 0.4297
vn -0.0255 0.9021 0.4307
vn -0.0777 0.8921 0.4451
vn -0.0423 0.9065 0.4200
vn -0.1008 0.8982 0.4279
vn -0.0576 0.9104 0.4097
vn -0.1194 0.9045 0.4094
vn -0.0695 0.9158 0.3957
vn -0.1508 0.9168 0.3697
vn -0.0966 0.9283 0.3591
vn -0.1719 0.9239 0.3419
vn -0.0995 0.9270 0.3616
vn -0.1685 0.9081 0.3833
vn -0.0993 0.9097 0.4031
vn -0.1416 0.9183 0.3697
vn -0.0915 0.9112 0.4017
vn -0.1098 0.9286 0.3545
vn -0.0700 0.9194 0.3871
vn -0.1088 0.9292 0.3532
vn -0.0732 0.9188 0.3878
vn -0.0726 0.9352 0.3466
vn -0.0528 0.9210 0.3860
vn -0.0276 0.9403 0.3392
vn -0.0130 0.9262 0.3769
vn -0.0135 0.9412 0.3376
vn -0.0026 0.9264 0.3765
vn 0.0005 0.9411 0.3383
vn 0.0023 0.9266 0.3759
vn 0.0373 0.9389 0.3422
vn 0.0323 0.9244 0.3801
vn 0.0629 0.9363 0.3455
vn 0.0519 0.9229 0.3815
vn 0.0661 0.9358 0.3464
vn 0.0478 0.9232 0.3812
vn 0.0844 0.9316 0.3536
vn 0.0623 0.9201 0.3867
vn 0.1088 0.9252 0.3636
vn 0.0768 0.9164 0.3928
vn 0.1228 0.9200 0.3721
vn 0.0869 0.9127 0.3993
vn 0.1508 0.9078 0.3914
vn 0.1066 0.9035 0.4152
vn -0.0308 0.8837 0.4671
vn -0.0155 0.9005 0.4345
vn 0.0026 0.8790 0.4769
vn 0.0130 0.8968 0.4423
vn 0.0237 0.9112 0.4114
vn -0.0857 0.9363 0.3406
vn -0.0749 0.9015 0.4263
vn -0.0779 0.9022 0.4241
vn -0.0771 0.9018 0.4252
vn -0.1309 0.9106 0.3921
vn -0.0546 0.9239 0.3787
vn -0.0901 0.9118 0.4006
vn -0.0930 0.9113 0.4010
vn -0.0911 0.9116 0.4008
vn -0.0605 0.9182 0.3915
vn -0.0627 0.9024 0.4263
vn -0.0612 0.9015 0.4285
vn -0.0620 0.9020 0.4273
vn -0.0670 0.9049 0.4203
vn -0.1074 0.9092 0.4023
vn -0.1103 0.9002 0.4214
vn -0.0855 0.9093 0.4073
vn -0.0701 0.9116 0.4051
vn -0.0794 0.9135 0.3991
vn -0.0719 0.9005 0.4289
vn -0.0718 0.9007 0.4284
vn -0.0840 0.9362 0.3413
vn -0.0659 0.9391 0.3373
vn -0.0540 0.9215 0.3846
vn -0.0400 0.9460 0.3217
vn -0.0545 0.9239 0.3787
vn -0.1291 0.9332 0.3353
vn -0.0761 0.9347 0.3472
vn -0.0763 0.9347 0.3471
vn -0.0759 0.9347 0.3473
vn -0.0746 0.9378 0.3390
vn -0.0610 0.9421 0.3297
vn -0.0609 0.9423 0.3291
vn -0.0610 0.9423 0.3293
vn -0.0613 0.9416 0.3310
vn -0.0741 0.9344 0.3485
vn -0.0557 0.9361 0.3472
vn -0.0577 0.9365 0.3459
vn -0.0555 0.9361 0.3473
vn -0.0551 0.9360 0.3476
vn -0.0696 0.9427 0.3264
vn -0.0272 0.9670 0.2534
vn -0.0265 0.9606 0.2766
vn 0.0124 0.9573 0.2887
vn -0.0032 0.9565 0.2917
vn -0.0156 0.9530 0.3026
vn -0.0158 0.9520 0.3056
vn -0.0140 0.9529 0.3030
vn -0.0097 0.9561 0.2928
vn -0.0094 0.9547 0.2976
vn -0.0179 0.9522 0.3050
vn -0.0165 0.9519 0.3059
vn -0.0192 0.9524 0.3041
vn -0.0302 0.9535 0.2998
vn -0.0268 0.9538 0.2992
vn -0.0104 0.9531 0.3024
vn -0.0202 0.9573 0.2884
vn -0.0202 0.9573 0.2883
vn -0.0211 0.9569 0.2897
vn -0.0213 0.9568 0.2899
vn -0.0216 0.9567 0.2904
vn -0.0012 0.9126 0.4088
vn -0.0205 0.8630 0.5048
vn 0.5446 0.4465 -0.7100
vn 0.6241 0.4209 -0.6583
vn 0.6246 0.4121 -0.6634
vn 0.5450 0.4377 -0.7152
vn 0.4617 0.4596 -0.7587
vn 0.4615 0.4684 -0.7534
vn 0.1087 0.9725 0.2059
vn 0.1151 0.9631 0.2435
vn 0.3761 0.4865 -0.7885
vn 0.2901 0.5009 -0.8154
vn 0.0802 0.9696 0.2312
vn 0.0959 0.9654 0.2427
vn 0.0603 0.9707 0.2326
vn 0.0676 0.9785 0.1949
vn 0.0425 0.9747 0.2195
vn 0.1960 0.5126 -0.8360
vn 0.0839 0.5213 -0.8492
vn 0.1961 0.5038 -0.8412
vn 0.0836 0.5126 -0.8545
vn 0.3764 0.4778 -0.7938
vn 0.2902 0.4922 -0.8207
vn -0.7468 0.3970 -0.5336
vn -0.6514 0.4350 -0.6216
vn -0.6524 0.4262 -0.6267
vn -0.7480 0.3881 -0.5384
vn -0.8281 0.3456 -0.4413
vn -0.8268 0.3546 -0.4366
vn -0.1793 0.9278 0.3272
vn -0.1506 0.9396 0.3074
vn -0.8905 0.3091 -0.3338
vn -0.9377 0.2620 -0.2283
vn -0.1854 0.9230 0.3372
vn -0.1705 0.9181 0.3577
vn -0.1783 0.9111 0.3717
vn -0.1773 0.9045 0.3880
vn -0.1993 0.8954 0.3982
vn -0.1978 0.8904 0.4099
vn -0.9863 0.1644 -0.0126
vn -0.9885 0.1125 0.1010
vn -0.9877 0.1553 -0.0169
vn -0.9899 0.1032 0.0969
vn -0.8919 0.3001 -0.3384
vn -0.9692 0.2140 -0.1217
vn -0.9391 0.2529 -0.2328
vn -0.9706 0.2048 -0.1261
vn -0.4279 -0.2520 0.8680
vn -0.5372 -0.2242 0.8131
vn -0.5406 -0.2332 0.8083
vn -0.4287 -0.2617 0.8647
vn -0.3133 -0.2835 0.9063
vn -0.3126 -0.2739 0.9096
vn -0.0250 0.7891 0.6138
vn -0.0404 0.8084 0.5872
vn -0.1957 -0.2893 0.9370
vn -0.0757 -0.2987 0.9513
vn -0.0002 0.8009 0.5988
vn -0.0182 0.8119 0.5835
vn 0.0163 0.8052 0.5928
vn 0.0331 0.8021 0.5963
vn 0.0487 0.8068 0.5889
vn 0.0671 0.7953 0.6025
vn 0.0853 0.8115 0.5781
vn 0.0879 0.7908 0.6057
vn 0.1096 0.8051 0.5830
vn 0.3065 -0.2878 0.9073
vn 0.4322 -0.2695 0.8606
vn 0.3066 -0.2976 0.9041
vn 0.4323 -0.2792 0.8574
vn -0.1963 -0.2990 0.9339
vn 0.0492 -0.3021 0.9520
vn -0.0761 -0.3084 0.9482
vn 0.1777 -0.2986 0.9377
vn 0.0489 -0.3118 0.9489
vn 0.1775 -0.3083 0.9346
vn 0.5506 -0.2523 0.7958
vn 0.6776 -0.2724 0.6831
vn 0.6523 -0.2290 0.7225
vn 0.7290 -0.2337 0.6434
vn 0.7152 -0.1238 0.6878
vn 0.7005 -0.0245 0.7132
vn 0.6356 -0.1647 0.7542
vn 0.1441 0.8235 0.5486
vn 0.1645 0.8211 0.5466
vn 0.1264 0.8420 0.5244
vn 0.1480 0.8197 0.5534
vn 0.1367 0.8144 0.5640
vn 0.1203 0.8126 0.5702
vn -0.0556 0.8127 0.5800
vn -0.0727 0.8137 0.5767
vn -0.0851 0.8240 0.5601
vn -0.1085 0.8057 0.5823
vn -0.1134 0.8218 0.5584
vn -0.6463 -0.1881 0.7396
vn -0.1325 0.8365 0.5318
vn -0.7423 -0.1465 0.6538
vn -0.8265 -0.1091 0.5523
vn -0.7435 -0.1560 0.6503
vn -0.8252 -0.0997 0.5559
vn -0.8924 -0.0488 0.4485
vn -0.8938 -0.0583 0.4447
vn -0.1207 0.8312 0.5427
vn -0.1601 0.8449 0.5104
vn -0.9423 0.0045 0.3346
vn -0.9437 -0.0049 0.3307
vn -0.1436 0.8424 0.5194
vn -0.1898 0.8457 0.4988
vn -0.9743 0.0588 0.2176
vn -0.9757 0.0494 0.2136
vn -0.1569 0.8597 0.4861
vn -0.1786 0.8633 0.4721
vn -0.1769 0.8725 0.4554
vn -0.1806 0.8794 0.4405
vn -0.1793 0.8875 0.4245
vn -0.1564 0.9333 0.3232
vn -0.1349 0.9511 0.2777
vn -0.5428 0.4672 -0.6979
vn -0.5438 0.4585 -0.7029
vn -0.1407 0.9451 0.2949
vn -0.1327 0.9604 0.2451
vn -0.4239 0.4928 -0.7599
vn -0.4247 0.4840 -0.7651
vn -0.1090 0.9554 0.2745
vn -0.0956 0.9622 0.2551
vn -0.2982 0.5110 -0.8062
vn -0.2987 0.5022 -0.8115
vn -0.0801 0.9657 0.2471
vn -0.0684 0.9701 0.2330
vn -0.0509 0.9710 0.2334
vn -0.0371 0.9748 0.2199
vn -0.0109 0.9730 0.2308
vn -0.0216 0.9803 0.1961
vn 0.0081 0.9760 0.2178
vn -0.0409 0.5248 -0.8502
vn -0.1693 0.5215 -0.8363
vn 0.0252 0.9749 0.2214
vn 0.1278 0.9578 0.2573
vn 0.1501 0.9627 0.2253
vn 0.1475 0.9538 0.2616
vn 0.1853 0.9489 0.2553
vn 0.6986 0.3945 -0.5969
vn 0.7650 0.3628 -0.5321
vn 0.7670 0.3697 -0.5245
vn 0.6991 0.3849 -0.6026
vn 0.7834 0.2911 -0.5492
vn 0.7806 0.3000 -0.5484
vn 0.1564 0.9484 0.2758
vn 0.1606 0.9423 0.2938
vn 0.1195 0.9389 0.3229
vn 0.0950 0.9479 0.3040
vn 0.7870 0.3200 -0.5275
vn -0.0413 0.5161 -0.8555
vn -0.1699 0.5128 -0.8415
vn -0.6492 -0.1970 0.7347
vn 0.5510 -0.2478 0.7969
vn 0.5489 -0.2342 0.8024
vn 0.3248 -0.2640 -0.9082
vn 0.4594 -0.5029 -0.7322
vn 0.4810 -0.4401 -0.7583
vn 0.4007 -0.1261 -0.9075
vn 0.4098 -0.5349 -0.7389
vn 0.2623 -0.3554 -0.8972
vn 0.5362 -0.6742 -0.5080
vn 0.4176 -0.1657 -0.8934
vn 0.1667 0.4153 -0.8943
vn -0.0409 0.2431 -0.9691
vn 0.4438 0.4813 -0.7559
vn 0.5431 -0.2059 -0.8141
vn 0.7670 0.3131 -0.5600
vn 0.3107 0.9120 -0.2677
vn 0.1337 0.9342 -0.3308
vn 0.0944 0.9883 0.1200
vn 0.6677 -0.3304 -0.6671
vn 0.5768 -0.1310 -0.8063
vn 0.5250 -0.4686 -0.7105
vn 0.5697 -0.4546 -0.6847
vn 0.7645 0.3184 -0.5605
vn 0.1235 0.9405 -0.3165
vn 0.3387 0.8790 -0.3355
vn 0.0877 0.9912 0.0993
vn -0.1408 0.9894 0.0369
vn -0.2230 0.8736 -0.4325
vn -0.1187 0.1254 -0.9850
vn -0.4490 0.7227 0.5255
vn -0.4849 0.7911 0.3728
vn -0.3956 0.8061 0.4401
vn -0.5325 0.7418 0.4076
vn -0.5418 0.6963 0.4708
vn -0.5570 0.7182 0.4169
vn -0.6097 0.7904 -0.0590
vn -0.5322 0.8425 -0.0834
vn -0.5438 0.6977 -0.4664
vn -0.4540 0.7492 -0.4823
vn -0.3601 0.9275 -0.1009
vn -0.5360 0.6750 -0.5070
vn -0.1986 0.8832 0.4249
vn 0.7496 -0.5326 0.3930
vn 0.7001 -0.6744 0.2347
vn 0.7476 -0.5671 0.3457
vn 0.7659 -0.5778 0.2819
vn 0.7366 -0.6754 0.0357
vn 0.7684 -0.6172 0.1691
vn 0.7086 -0.7050 -0.0308
vn 0.7376 -0.6586 0.1489
vn 0.7473 -0.6506 0.1353
vn 0.7060 -0.7026 -0.0889
vn 0.7502 -0.6492 0.1256
vn 0.7147 -0.6940 -0.0874
vn 0.5930 -0.7692 -0.2380
vn 0.5848 -0.7268 -0.3602
vn 0.5477 -0.7228 -0.4213
vn 0.5619 -0.7702 -0.3018
vn 0.5721 -0.8142 -0.0989
vn 0.6224 -0.7792 -0.0745
vn 0.6235 -0.7799 -0.0551
vn 0.1135 -0.8802 -0.4607
vn 0.5299 -0.8420 -0.1007
vn 0.5441 -0.8240 -0.1580
vn 0.7077 -0.7021 -0.0790
vn 0.7478 -0.6522 0.1241
vn 0.6776 -0.7078 -0.1998
vn 0.6899 -0.7009 -0.1814
vn 0.7030 -0.6977 -0.1378
vn 0.7194 -0.6907 -0.0738
vn 0.6641 -0.7033 -0.2538
vn 0.6833 -0.7042 -0.1930
vn 0.6455 -0.7208 -0.2527
vn 0.6431 -0.7107 -0.2852
vn 0.5963 -0.7139 -0.3672
vn 0.6182 -0.7080 -0.3414
vn 0.5860 -0.7030 -0.4030
vn 0.6086 -0.7026 -0.3688
vn 0.6372 -0.7039 -0.3139
vn 0.5587 -0.6951 -0.4524
vn 0.5790 -0.6993 -0.4192
vn 0.6097 -0.7189 -0.3338
vn 0.6369 -0.7152 -0.2877
vn 0.5431 -0.6974 -0.4676
vn 0.5400 -0.7017 -0.4649
vn 0.5243 -0.6755 -0.5185
vn 0.4872 -0.6806 -0.5472
vn 0.4254 -0.5831 -0.6921
vn 0.4255 -0.6083 -0.6700
vn 0.7055 -0.7084 -0.0207
vn 0.6753 -0.7363 -0.0426
vn 0.6408 -0.7638 -0.0775
vn 0.6285 -0.7735 -0.0820
vn 0.7274 -0.6828 0.0676
vn 0.7374 -0.6735 0.0506
vn 0.7135 -0.6999 -0.0319
vn 0.7029 -0.7103 -0.0371
vn 0.6496 -0.7389 -0.1790
vn 0.6242 -0.7530 -0.2085
vn 0.7216 -0.5493 0.4213
vn 0.7259 -0.6873 -0.0254
vn 0.7084 -0.7004 -0.0875
vn 0.6920 -0.7120 -0.1189
vn 0.6725 -0.7250 -0.1488
vn 0.6616 -0.7101 -0.2411
vn 0.7493 -0.5715 0.3346
vn 0.7422 -0.6681 0.0516
vn -0.0023 0.8508 0.5255
vn -0.3000 0.9193 0.2546
vn -0.5412 0.8403 0.0316
vn -0.5800 0.8102 0.0842
vn -0.6985 0.6902 -0.1891
vn -0.2067 0.8373 0.5062
vn 0.1432 0.7455 0.6509
vn 0.0823 0.7073 0.7021
vn 0.1962 0.6733 0.7129
vn 0.1679 0.6581 0.7339
vn 0.7097 0.0039 0.7045
vn 0.6993 -0.0225 0.7145
vn 0.7282 -0.0698 0.6818
vn 0.7326 -0.1130 0.6713
vn 0.7071 -0.0399 0.7060
vn 0.6923 0.0252 0.7212
vn 0.7712 -0.3500 0.5317
vn 0.7728 -0.3222 0.5468
vn 0.7254 -0.0472 0.6867
vn 0.7072 0.0288 0.7064
vn 0.7626 -0.3275 0.5579
vn 0.7423 -0.5303 0.4096
vn 0.7924 -0.3387 0.5073
vn 0.7551 -0.4186 0.5046
vn 0.7448 -0.4374 0.5039
vn 0.7282 -0.4717 0.4973
vn 0.7183 -0.4712 0.5119
vn 0.5832 -0.2042 0.7862
vn 0.5530 -0.1928 0.8105
vn 0.4529 -0.0698 0.8888
vn 0.4882 -0.0703 0.8699
vn 0.5420 -0.0409 0.8393
vn 0.6245 -0.1733 0.7616
vn 0.6010 -0.0216 0.7990
vn 0.6647 -0.1424 0.7334
vn 0.6826 -0.0553 0.7287
vn 0.7226 -0.1544 0.6738
vn -0.7211 0.6909 0.0517
vn -0.7211 0.6922 0.0296
vn -0.6831 0.7142 0.1526
vn -0.6990 0.7064 0.1112
vn -0.3258 0.8109 0.4861
vn -0.4854 0.7800 0.3949
vn -0.6755 0.7329 0.0806
vn -0.6094 0.7823 0.1288
vn -0.7207 0.6882 -0.0836
vn 0.6656 -0.0333 0.7455
vn 0.1063 0.5998 0.7931
vn 0.0202 0.5783 0.8155
vn -0.0810 0.5492 0.8317
vn -0.1562 0.5269 0.8354
vn -0.1998 0.5243 0.8278
vn -0.0385 0.6985 0.7146
vn 0.1287 0.5872 0.7992
vn -0.1535 0.6817 0.7153
vn -0.2888 0.6801 0.6739
vn -0.4059 0.6740 0.6172
vn -0.2401 0.5460 0.8027
vn -0.4905 0.6776 0.5479
vn -0.5984 0.7459 0.2923
vn -0.7087 0.7052 0.0195
vn 0.1471 0.8544 0.4984
vn 0.1559 0.8528 0.4984
vn 0.1579 0.8593 0.4864
vn 0.1639 0.8638 0.4764
vn 0.1708 0.8688 0.4647
vn 0.1744 0.8749 0.4518
vn 0.1792 0.8795 0.4408
vn 0.1809 0.8865 0.4259
vn 0.1833 0.8906 0.4161
vn 0.1807 0.8989 0.3992
vn 0.1828 0.9019 0.3915
vn 0.1757 0.9113 0.3725
vn 0.1777 0.9128 0.3676
vn 0.1658 0.9231 0.3470
vn 0.1688 0.9230 0.3459
vn 0.1490 0.9343 0.3239
vn 0.1314 0.9437 0.3037
vn 0.1082 0.9517 0.2874
vn 0.0819 0.9578 0.2757
vn 0.0544 0.9619 0.2678
vn 0.1285 0.8455 0.5183
vn 0.1046 0.8388 0.5343
vn 0.0778 0.8341 0.5461
vn 0.0491 0.8315 0.5533
vn 0.0192 0.8311 0.5557
vn -0.0103 0.8329 0.5534
vn -0.5536 0.7011 0.4494
vn -0.5615 0.7417 0.3670
vn -0.5705 0.7865 0.2365
vn -0.5659 0.7258 0.3911
vn -0.7013 0.7031 0.1177
vn -0.6916 0.7042 0.1607
vn -0.7124 0.6975 0.0778
vn -0.7116 0.6971 0.0876
vn -0.5001 0.6829 0.5325
vn -0.6519 0.7060 0.2767
vn -0.5767 0.7070 0.4094
vn -0.6012 0.7038 0.3784
vn -0.6048 0.7080 0.3645
vn -0.6273 0.7098 0.3203
vn -0.6486 0.7215 0.2424
vn -0.6263 0.7272 0.2808
vn -0.6599 0.7069 0.2548
vn -0.6564 0.7094 0.2569
vn -0.6716 0.7151 0.1936
vn -0.7033 0.7036 0.1018
vn -0.7231 0.6908 -0.0042
vn -0.7417 0.6695 -0.0409
vn -0.7264 0.6869 0.0231
vn -0.7134 0.6995 0.0423
vn -0.7159 0.6966 0.0472
vn -0.6862 0.7180 0.1166
vn -0.7089 0.7001 0.0852
vn -0.7268 0.6862 0.0288
vn -0.6829 0.7283 0.0570
vn -0.6295 0.7751 0.0543
vn -0.5815 0.8130 0.0292
vn -0.5985 0.7902 0.1320
vn -0.6475 0.7536 0.1132
vn -0.5888 0.7725 0.2377
vn -0.6222 0.7567 0.2005
vn -0.6482 0.7430 0.1669
vn -0.6579 0.7475 0.0916
vn -0.6683 0.7305 0.1408
vn -0.6808 0.6937 -0.2350
vn -0.5513 0.8334 0.0396
vn -0.5754 0.7938 0.1969
vn -0.5998 0.7332 0.3203
vn -0.6143 0.5559 -0.5600
vn -0.5508 0.8264 -0.1170
vn -0.6179 0.5556 -0.5564
vn -0.2335 -0.1934 -0.9529
vn -0.2328 0.2374 -0.9431
vn -0.5542 0.8139 -0.1745
vn 0.2121 -0.4184 -0.8831
vn 0.2476 -0.4312 -0.8676
vn -0.1883 0.1543 -0.9699
vn 0.2876 -0.4409 -0.8502
vn -0.1057 0.0535 -0.9930
vn 0.2907 -0.4196 -0.8599
vn -0.1040 0.0652 -0.9924
vn 0.3119 -0.4742 -0.8233
vn 0.2908 -0.4868 -0.8237
vn 0.2071 -0.3805 -0.9013
vn 0.2410 -0.4515 -0.8591
vn 0.3686 -0.6208 -0.6919
vn -0.2410 -0.1660 -0.9562
vn -0.0005 -0.6462 -0.7632
vn 0.4721 -0.6927 -0.5452
vn 0.5100 -0.7852 -0.3513
vn -0.5421 0.6528 -0.5291
vn -0.5468 0.6910 -0.4729
vn -0.5740 0.7738 -0.2679
vn -0.5920 0.7765 -0.2161
vn -0.5473 0.6834 -0.4832
vn -0.5331 0.6342 -0.5601
vn -0.6225 0.7703 -0.1383
vn -0.5877 0.8081 -0.0409
vn -0.5792 0.7862 -0.2155
vn -0.7185 0.5963 -0.3580
vn -0.7345 0.5760 -0.3587
vn -0.7047 0.6071 -0.3671
vn -0.6318 0.6187 -0.4669
vn -0.6336 0.5401 -0.5539
vn -0.5348 0.5115 -0.6726
vn -0.4950 0.4155 -0.7631
vn -0.4743 0.3888 -0.7899
vn -0.4740 0.3524 -0.8069
vn -0.4006 0.2424 -0.8836
vn -0.4202 0.2081 -0.8833
vn -0.3352 0.0292 -0.9417
vn -0.3625 0.0227 -0.9317
vn -0.2896 -0.3056 -0.9070
vn -0.2385 -0.6408 -0.7297
vn -0.1983 -0.8225 -0.5331
vn -0.2818 -0.2642 -0.9224
vn -0.2377 -0.5893 -0.7721
vn -0.2097 -0.8015 -0.5600
vn -0.8740 0.3316 -0.3552
vn -0.8713 0.3423 -0.3516
vn -0.8240 0.4384 -0.3588
vn -0.8373 0.4375 -0.3278
vn -0.9471 0.1926 -0.2566
vn -0.9173 0.2013 -0.3434
vn -0.9002 0.1792 -0.3969
vn -0.8670 0.3545 -0.3502
vn -0.2295 0.9217 0.3127
vn -0.2069 0.9329 0.2947
vn -0.2112 0.9316 0.2957
vn -0.2296 0.9218 0.3124
vn -0.1836 0.9474 0.2620
vn -0.1855 0.9464 0.2643
vn -0.2753 0.8804 0.3861
vn -0.2406 0.8990 0.3660
vn 0.2187 -0.9249 -0.3111
vn 0.2197 -0.9242 -0.3123
vn 0.3323 -0.8173 -0.4707
vn 0.3331 -0.8155 -0.4733
vn 0.4926 -0.5235 -0.6952
vn 0.4920 -0.5209 -0.6976
vn 0.5751 -0.1159 -0.8098
vn 0.5733 -0.1144 -0.8114
vn 0.5534 0.2980 -0.7778
vn 0.5505 0.3015 -0.7785
vn 0.4274 0.6778 -0.5983
vn 0.4195 0.6873 -0.5930
vn 0.1842 0.9495 -0.2541
vn 0.1677 0.9571 -0.2364
vn -0.0780 0.9906 0.1121
vn -0.0662 0.9930 0.0979
vn 0.1843 -0.9463 -0.2658
vn 0.1475 -0.9649 -0.2171
vn 0.2015 -0.9356 -0.2900
vn 0.2025 -0.9357 -0.2888
vn 0.2018 -0.9355 -0.2900
vn 0.2009 -0.9365 -0.2874
vn 0.1987 -0.9381 -0.2837
vn -0.1694 -0.8628 -0.4764
vn -0.1732 -0.8631 -0.4743
vn -0.1562 -0.8681 -0.4711
vn -0.0761 -0.9049 -0.4188
vn -0.0747 -0.9098 -0.4083
vn -0.0671 -0.9051 -0.4198
vn -0.0321 -0.9677 -0.2499
vn -0.0030 -0.9541 -0.2994
vn 0.0044 -0.9537 -0.3007
vn -0.9666 0.1986 -0.1619
vn -0.9589 0.1851 -0.2152
vn -0.9796 0.1238 0.1581
vn -0.9774 0.1183 0.1754
vn -0.9816 0.1220 0.1468
vn -0.8472 -0.0847 0.5245
vn -0.7842 -0.1329 0.6061
vn -0.6463 -0.3074 0.6984
vn -0.4895 -0.4791 0.7286
vn -0.4709 -0.5152 0.7161
vn -0.5810 -0.4011 0.7083
vn -0.4297 -0.5835 0.6891
vn -0.8151 -0.1359 0.5631
vn -0.3154 -0.6862 0.6554
vn -0.3006 -0.7841 0.5430
vn -0.1913 -0.8559 0.4805
vn -0.1296 -0.9762 0.1737
vn -0.0618 -0.9776 0.2013
vn -0.0172 -0.9973 -0.0707
vn -0.0704 -0.9615 0.2655
vn -0.0188 -0.9991 -0.0389
vn -0.2202 -0.7430 0.6320
vn -0.1708 -0.9496 0.2629
vn 0.0104 -0.9999 0.0049
vn 0.0632 -0.9955 -0.0706
vn -0.1712 -0.9499 0.2616
vn -0.3853 -0.7317 0.5623
vn -0.3732 -0.7727 0.5134
vn -0.5258 -0.3749 0.7635
vn -0.5277 -0.4491 0.7210
vn -0.5611 0.1342 0.8168
vn -0.5888 0.0429 0.8071
vn -0.4281 0.6538 0.6239
vn -0.4958 0.5407 0.6795
vn -0.3037 0.8283 0.4709
vn 0.5483 -0.2034 0.8112
vn 0.5476 -0.2074 0.8107
vn 0.3836 -0.0153 0.9234
vn 0.3517 0.0259 0.9357
vn 0.3388 0.0298 0.9404
vn 0.3609 0.0143 0.9325
vn 0.3384 0.0299 0.9405
vn -0.8156 -0.1165 0.5667
vn -0.4258 0.6492 0.6303
vn -0.6424 0.7038 0.3033
vn 0.4343 -0.0573 0.8989
vn 0.5605 -0.2070 0.8019
vn -0.7055 0.6994 0.1145
vn -0.4688 0.6682 0.5776
vn -0.1766 0.5097 0.8420
vn 0.4077 -0.0236 0.9128
vn -0.2194 0.5398 0.8127
vn 0.7401 -0.5184 0.4284
vn -0.1286 0.9251 0.3572
vn -0.1373 0.9138 0.3822
vn -0.1410 0.9019 0.4083
vn -0.1384 0.8900 0.4344
vn -0.1313 0.8784 0.4595
vn -0.1194 0.8675 0.4830
vn -0.1032 0.8576 0.5039
vn -0.0835 0.8490 0.5218
vn -0.0610 0.8419 0.5361
vn -0.0363 0.8364 0.5469
vn -0.1158 0.9355 0.3337
vn -0.0983 0.9447 0.3130
vn -0.0773 0.9525 0.2946
vn -0.0526 0.9574 0.2840
vn -0.0273 0.9619 0.2720
vn -0.0002 0.9638 0.2665
vn 0.0272 0.9638 0.2651
vn 0.0137 0.7691 0.6390
vn -0.0323 0.7719 0.6350
vn -0.0780 0.7782 0.6231
vn -0.1213 0.7880 0.6036
vn -0.1598 0.8009 0.5770
vn -0.1923 0.8165 0.5443
vn -0.2175 0.8343 0.5066
vn -0.2346 0.8536 0.4652
vn -0.2430 0.8737 0.4215
vn -0.2422 0.8940 0.3770
vn -0.2324 0.9137 0.3334
vn -0.2138 0.9322 0.2921
vn 0.0591 0.7697 0.6357
vn 0.1031 0.7735 0.6254
vn 0.1445 0.7804 0.6083
vn 0.1821 0.7903 0.5851
vn 0.2147 0.8027 0.5564
vn 0.2414 0.8173 0.5231
vn 0.2615 0.8338 0.4862
vn 0.2743 0.8515 0.4468
vn -0.1872 0.9487 0.2547
vn -0.1535 0.9628 0.2224
vn -0.1139 0.9739 0.1963
vn -0.0698 0.9817 0.1773
vn -0.0227 0.9859 0.1660
vn 0.0257 0.9863 0.1629
vn 0.0730 0.9831 0.1677
vn 0.2796 0.8700 0.4060
vn 0.2770 0.8888 0.3651
vn 0.2668 0.9072 0.3252
vn 0.2491 0.9248 0.2875
vn 0.2246 0.9410 0.2532
vn 0.1937 0.9553 0.2232
vn 0.1576 0.9674 0.1985
vn 0.1172 0.9767 0.1798
vn 0.7655 0.3429 -0.5445
vn 0.7096 -0.3386 -0.6179
vn 0.3953 -0.6888 -0.6078
vn 0.3640 -0.6651 -0.6521
vn 0.2901 -0.6365 -0.7146
vn 0.2504 -0.6240 -0.7402
vn 0.0768 -0.5924 -0.8020
vn 0.0213 -0.5886 -0.8082
vn 0.2090 -0.6134 -0.7616
vn 0.1665 -0.6047 -0.7789
vn -0.3398 -0.6353 -0.6935
vn -0.3860 -0.6545 -0.6500
vn -0.5004 -0.7703 -0.3954
vn -0.5010 -0.7957 -0.3402
vn -0.4246 -0.6759 -0.6024
vn -0.4552 -0.6987 -0.5520
vn -0.4776 -0.7221 -0.5005
vn -0.4925 -0.7458 -0.4485
vn -0.2828 -0.9592 0.0050
vn -0.2284 -0.9730 0.0328
vn 0.1299 -0.9900 0.0559
vn 0.1918 -0.9808 0.0338
vn -0.1725 -0.9836 0.0535
vn -0.1157 -0.9910 0.0675
vn -0.0573 -0.9955 0.0751
vn 0.0037 -0.9971 0.0761
vn 0.2514 -0.9679 0.0035
vn 0.3030 -0.9524 -0.0322
vn 0.3464 -0.9354 -0.0709
vn -0.4537 -0.8745 -0.1717
vn -0.4210 -0.8991 -0.1196
vn -0.4780 -0.8485 -0.2269
vn -0.4938 -0.8220 -0.2836
vn -0.2870 -0.6187 -0.7313
vn -0.2289 -0.6054 -0.7623
vn -0.1673 -0.5957 -0.7856
vn 0.3271 -0.6511 -0.6849
vn 0.1237 -0.5978 -0.7920
vn -0.0404 -0.5875 -0.8082
vn -0.1038 -0.5898 -0.8009
vn -0.3808 -0.9219 -0.0720
vn -0.3342 -0.9420 -0.0301
vn 0.0666 -0.9953 0.0699
vn 0.3727 -0.9228 -0.0981
vn 0.3964 -0.9089 -0.1293
vn 0.4306 -0.8827 -0.1881
vn 0.4581 -0.8501 -0.2596
vn 0.4717 -0.8167 -0.3323
vn 0.4718 -0.7826 -0.4061
vn 0.4583 -0.7487 -0.4790
vn 0.4327 -0.7189 -0.5440
vn 0.6133 -0.3786 -0.6932
vn -0.8029 0.4849 -0.3468
vn 0.7126 -0.3337 -0.6171
vn -0.1122 0.9147 0.3883
vn -0.1148 0.8999 0.4207
vn -0.1080 0.8852 0.4526
vn -0.0924 0.8715 0.4816
vn -0.0691 0.8598 0.5060
vn -0.0395 0.8508 0.5239
vn -0.0057 0.8453 0.5342
vn 0.0299 0.8435 0.5363
vn 0.0650 0.8456 0.5298
vn 0.0971 0.8515 0.5153
vn 0.1241 0.8607 0.4938
vn 0.1441 0.8726 0.4667
vn 0.1558 0.8864 0.4359
vn 0.1584 0.9012 0.4035
vn 0.1516 0.9159 0.3716
vn 0.1360 0.9296 0.3425
vn 0.1126 0.9413 0.3182
vn 0.0831 0.9502 0.3002
vn 0.0493 0.9558 0.2899
vn 0.0137 0.9576 0.2879
vn -0.0214 0.9554 0.2944
vn -0.0535 0.9496 0.3089
vn -0.0805 0.9404 0.3304
vn -0.1005 0.9285 0.3575
vn -0.2812 0.8966 0.3421
vn -0.2869 0.8633 0.4152
vn -0.2717 0.8301 0.4869
vn -0.2366 0.7992 0.5525
vn -0.1839 0.7729 0.6074
vn -0.1172 0.7527 0.6478
vn -0.0411 0.7402 0.6711
vn 0.0392 0.7362 0.6756
vn 0.1183 0.7410 0.6610
vn 0.1907 0.7542 0.6284
vn 0.2516 0.7749 0.5799
vn 0.2967 0.8017 0.5188
vn 0.3231 0.8329 0.4494
vn 0.3288 0.8662 0.3763
vn 0.3136 0.8994 0.3045
vn 0.2784 0.9303 0.2389
vn 0.2257 0.9566 0.1841
vn 0.1590 0.9768 0.1436
vn 0.0830 0.9893 0.1203
vn 0.0027 0.9933 0.1158
vn -0.0764 0.9885 0.1304
vn -0.1488 0.9753 0.1631
vn -0.2097 0.9546 0.2116
vn -0.2549 0.9278 0.2726
vn -0.6922 0.7033 0.1621
vn -0.7057 0.6253 0.3332
vn -0.6700 0.5475 0.5013
vn -0.5877 0.4753 0.6548
vn -0.4643 0.4135 0.7832
vn -0.3082 0.3664 0.8779
vn -0.1300 0.3372 0.9324
vn 0.0580 0.3278 0.9430
vn 0.2431 0.3389 0.9089
vn 0.4127 0.3698 0.8324
vn 0.5552 0.4183 0.7188
vn 0.6609 0.4812 0.5759
vn 0.7226 0.5541 0.4133
vn 0.7361 0.6321 0.2421
vn 0.7005 0.7098 0.0741
vn 0.6181 0.7820 -0.0794
vn 0.4947 0.8438 -0.2079
vn 0.3386 0.8909 -0.3026
vn 0.1605 0.9202 -0.3571
vn -0.0276 0.9296 -0.3676
vn -0.2127 0.9184 -0.3335
vn -0.3823 0.8876 -0.2571
vn -0.5248 0.8390 -0.1435
vn -0.6305 0.7762 -0.0005
vn -0.9569 0.2760 -0.0908
vn -0.9752 0.1700 0.1418
vn -0.9268 0.0643 0.3701
vn -0.8149 -0.0338 0.5786
vn -0.6472 -0.1177 0.7532
vn -0.4351 -0.1817 0.8818
vn -0.1931 -0.2215 0.9559
vn 0.0624 -0.2342 0.9702
vn 0.3139 -0.2191 0.9238
vn 0.5443 -0.1771 0.8200
vn 0.7379 -0.1112 0.6657
vn 0.8815 -0.0258 0.4715
vn 0.9653 0.0732 0.2506
vn 0.9836 0.1792 0.0180
vn 0.9352 0.2848 -0.2103
vn 0.8234 0.3830 -0.4188
vn 0.6557 0.4669 -0.5934
vn 0.4436 0.5309 -0.7221
vn 0.2016 0.5706 -0.7961
vn -0.0539 0.5834 -0.8104
vn -0.3054 0.5683 -0.7640
vn -0.5359 0.5263 -0.6602
vn -0.7294 0.4604 -0.5059
vn -0.8730 0.3750 -0.3117
vn -0.9980 -0.0047 0.0630
vn -0.8347 -0.2123 0.5082
vn -0.4477 -0.3631 0.8172
vn -0.2011 -0.4036 0.8926
vn 0.0593 -0.4166 0.9072
vn 0.3155 -0.4012 0.8600
vn 0.5503 -0.3584 0.7541
vn 0.7476 -0.2912 0.5969
vn 0.8939 -0.2042 0.3990
vn 0.9793 -0.1033 0.1739
vn 0.9980 0.0047 -0.0630
vn 0.9487 0.1123 -0.2957
vn 0.8347 0.2123 -0.5082
vn 0.6638 0.2979 -0.6860
vn 0.4477 0.3631 -0.8172
vn 0.2011 0.4036 -0.8926
vn -0.0592 0.4166 -0.9072
vn -0.5503 0.3584 -0.7541
vn -0.8939 0.2042 -0.3990
vn -0.0690 0.8598 0.5060
vn -0.0057 0.8453 0.5343
vn 0.0299 0.8435 0.5362
vn 0.1361 0.9296 0.3425
vn 0.1127 0.9413 0.3182
vn -0.1006 0.9285 0.3575
vn -0.2870 0.8633 0.4152
vn 0.1591 0.9768 0.1436
vn 0.6181 0.7821 -0.0794
vn -0.9268 0.0644 0.3701
vn 0.4436 0.5309 -0.7220
vn 0.2016 0.5707 -0.7961
vn -0.5358 0.5263 -0.6602
vn -0.8731 0.3750 -0.3117
vn 0.3155 -0.4011 0.8600
vn -0.0593 0.4166 -0.9072
vn -0.3155 0.4011 -0.8599
vn -0.0764 0.9149 0.3965
vn -0.0782 0.9040 0.4202
vn -0.0733 0.8932 0.4436
vn -0.0618 0.8832 0.4649
vn -0.0447 0.8746 0.4827
vn -0.0230 0.8681 0.4959
vn 0.0017 0.8640 0.5035
vn 0.0278 0.8627 0.5049
vn 0.0535 0.8643 0.5002
vn 0.0771 0.8686 0.4896
vn 0.0969 0.8753 0.4738
vn 0.1116 0.8840 0.4539
vn 0.1202 0.8941 0.4314
vn 0.1220 0.9050 0.4076
vn 0.1171 0.9158 0.3842
vn 0.1056 0.9258 0.3629
vn 0.0885 0.9344 0.3451
vn 0.0668 0.9409 0.3319
vn 0.0421 0.9450 0.3243
vn 0.0160 0.9463 0.3229
vn -0.0097 0.9448 0.3276
vn -0.0333 0.9405 0.3382
vn -0.0531 0.9337 0.3540
vn -0.0678 0.9250 0.3739
vn -0.2510 0.9020 0.3513
vn -0.2562 0.8720 0.4171
vn -0.2425 0.8421 0.4818
vn -0.2108 0.8143 0.5408
vn -0.1634 0.7905 0.5903
vn -0.1033 0.7724 0.6267
vn -0.0347 0.7611 0.6477
vn 0.0376 0.7575 0.6517
vn 0.1088 0.7618 0.6386
vn 0.1741 0.7737 0.6092
vn 0.2289 0.7923 0.5655
vn 0.2696 0.8165 0.5105
vn 0.2933 0.8446 0.4479
vn 0.2985 0.8746 0.3821
vn 0.2848 0.9045 0.3174
vn 0.2531 0.9323 0.2584
vn 0.2056 0.9561 0.2089
vn 0.1456 0.9742 0.1725
vn 0.0770 0.9854 0.1516
vn 0.0047 0.9891 0.1475
vn -0.0665 0.9848 0.1606
vn -0.1318 0.9729 0.1900
vn -0.1866 0.9542 0.2337
vn -0.2273 0.9300 0.2887
vn -0.3081 0.3664 0.8779
vn 0.3386 0.8910 -0.3026
vn -0.3823 0.8876 -0.2570
vn -0.5248 0.8391 -0.1435
vn -0.4477 -0.3631 0.8171
vn 0.3156 -0.4011 0.8599
vn -0.0987 0.8638 -0.4941
vn 0.2013 0.8528 -0.4818
vn 0.2014 0.8529 -0.4818
vn -0.1043 0.8635 -0.4934
vn -0.3835 0.8270 -0.4111
vn -0.3928 0.8249 -0.4065
vn -0.6161 0.7485 -0.2453
vn -0.6254 0.7439 -0.2357
vn -0.7686 0.6394 -0.0207
vn -0.7742 0.6329 -0.0073
vn -0.8252 0.5144 0.2335
vn -0.8254 0.5074 0.2476
vn -0.7827 0.3887 0.4861
vn -0.7783 0.3829 0.4977
vn -0.6494 0.2766 0.7084
vn -0.6431 0.2729 0.7155
vn -0.4423 0.1901 0.8765
vn -0.4377 0.1887 0.8791
vn -0.1852 0.1381 0.9730
vn 0.0936 0.1262 0.9876
vn 0.0882 0.1261 0.9881
vn 0.3637 0.1559 0.9184
vn 0.3545 0.1541 0.9223
vn 0.5951 0.2247 0.7716
vn 0.5852 0.2205 0.7803
vn 0.7603 0.3257 0.5620
vn 0.7534 0.3195 0.5748
vn 0.8376 0.4482 0.3122
vn 0.8359 0.4412 0.3264
vn 0.8143 0.5782 0.0511
vn 0.8178 0.5721 0.0634
vn 0.6895 0.6993 -0.1887
vn 0.6955 0.6953 -0.1809
vn 0.4763 0.7953 -0.3750
vn 0.4810 0.7938 -0.3721
vn -0.0022 0.8626 0.5059
vn -0.0022 0.8626 0.5060
vn -0.0023 0.8625 0.5060
vn -0.0022 0.8625 0.5060
vn -0.0835 0.9149 0.3949
vn -0.2676 0.8992 0.3463
vn -0.2731 0.8673 0.4161
vn -0.0855 0.9033 0.4204
vn -0.2585 0.8356 0.4847
vn -0.0802 0.8917 0.4454
vn -0.2249 0.8062 0.5473
vn -0.0680 0.8810 0.4683
vn -0.1746 0.7809 0.5997
vn -0.0496 0.8718 0.4874
vn -0.1109 0.7617 0.6383
vn -0.0263 0.8647 0.5015
vn -0.0382 0.7498 0.6606
vn 0.0002 0.8604 0.5097
vn 0.0385 0.7460 0.6649
vn 0.0283 0.8590 0.5112
vn 0.1140 0.7505 0.6510
vn 0.0558 0.8606 0.5061
vn 0.1832 0.7631 0.6198
vn 0.0811 0.8652 0.4948
vn 0.2413 0.7829 0.5734
vn 0.1023 0.8725 0.4778
vn 0.2845 0.8085 0.5151
vn 0.1181 0.8818 0.4565
vn 0.3096 0.8383 0.4488
vn 0.1273 0.8927 0.4323
vn 0.3151 0.8701 0.3790
vn 0.1293 0.9043 0.4068
vn 0.3006 0.9018 0.3104
vn 0.1240 0.9159 0.3818
vn 0.2670 0.9313 0.2478
vn 0.1117 0.9267 0.3589
vn 0.2166 0.9565 0.1954
vn 0.0933 0.9359 0.3397
vn 0.1530 0.9757 0.1567
vn 0.0701 0.9429 0.3256
vn 0.0803 0.9877 0.1345
vn 0.0435 0.9473 0.3175
vn 0.0036 0.9915 0.1302
vn 0.0155 0.9487 0.3159
vn -0.0720 0.9869 0.1441
vn -0.0121 0.9470 0.3210
vn -0.1411 0.9743 0.1753
vn -0.0374 0.9424 0.3324
vn -0.1993 0.9546 0.2216
vn -0.0586 0.9352 0.3493
vn -0.2424 0.9289 0.2799
vn -0.0743 0.9258 0.3706
vn -0.6601 0.7290 0.1809
vn -0.6730 0.6545 0.3445
vn -0.6390 0.5802 0.5051
vn -0.5603 0.5112 0.6518
vn -0.4423 0.4521 0.7746
vn -0.2931 0.4071 0.8651
vn -0.1229 0.3791 0.9171
vn 0.0568 0.3702 0.9272
vn 0.2337 0.3808 0.8946
vn 0.3958 0.4103 0.8216
vn 0.5320 0.4567 0.7130
vn 0.6330 0.5168 0.5764
vn 0.6920 0.5864 0.4210
vn 0.7049 0.6610 0.2575
vn 0.6708 0.7353 0.0969
vn 0.5921 0.8043 -0.0498
vn 0.4742 0.8634 -0.1726
vn 0.3250 0.9084 -0.2631
vn 0.1547 0.9363 -0.3152
vn -0.0250 0.9453 -0.3253
vn -0.2019 0.9347 -0.2927
vn -0.3640 0.9052 -0.2196
vn -0.5002 0.8588 -0.1111
vn -0.6012 0.7987 0.0255
vn -0.9422 0.3291 -0.0634
vn -0.9602 0.2246 0.1659
vn -0.9125 0.1205 0.3910
vn -0.8022 0.0237 0.5966
vn -0.6368 -0.0591 0.7688
vn -0.4277 -0.1222 0.8956
vn -0.1890 -0.1614 0.9686
vn 0.0629 -0.1739 0.9827
vn 0.3109 -0.1590 0.9370
vn 0.5381 -0.1177 0.8346
vn 0.7290 -0.0527 0.6825
vn 0.8706 0.0316 0.4910
vn 0.9532 0.1292 0.2732
vn 0.9713 0.2337 0.0439
vn 0.9236 0.3379 -0.1813
vn 0.8133 0.4347 -0.3869
vn 0.6479 0.5174 -0.5590
vn 0.4388 0.5805 -0.6859
vn 0.2001 0.6197 -0.7589
vn -0.0518 0.6323 -0.7730
vn -0.2998 0.6174 -0.7273
vn -0.5270 0.5760 -0.6249
vn -0.7179 0.5110 -0.4728
vn -0.8595 0.4268 -0.2812
vn -0.9532 -0.1292 -0.2732
vn -0.9713 -0.2337 -0.0439
vn -0.9236 -0.3379 0.1813
vn -0.8133 -0.4347 0.3869
vn -0.6479 -0.5174 0.5590
vn -0.4388 -0.5805 0.6859
vn -0.2001 -0.6197 0.7589
vn 0.0518 -0.6323 0.7730
vn 0.2998 -0.6174 0.7273
vn 0.5270 -0.5760 0.6249
vn 0.7179 -0.5110 0.4728
vn 0.8595 -0.4268 0.2812
vn 0.9422 -0.3291 0.0634
vn 0.9602 -0.2246 -0.1659
vn 0.9125 -0.1205 -0.3910
vn 0.8022 -0.0237 -0.5966
vn 0.6368 0.0591 -0.7688
vn 0.4277 0.1222 -0.8956
vn 0.1890 0.1614 -0.9686
vn -0.0629 0.1739 -0.9827
vn -0.3109 0.1590 -0.9370
vn -0.5381 0.1177 -0.8346
vn -0.7290 0.0527 -0.6825
vn -0.8706 -0.0316 -0.4910
vn -0.7016 -0.5765 -0.4187
vn -0.7147 -0.6521 -0.2528
vn -0.6801 -0.7275 -0.0898
vn -0.6003 -0.7976 0.0590
vn -0.4806 -0.8575 0.1836
vn -0.3293 -0.9032 0.2754
vn -0.1565 -0.9315 0.3282
vn 0.0258 -0.9406 0.3385
vn 0.2053 -0.9298 0.3054
vn 0.3697 -0.8999 0.2313
vn 0.5079 -0.8528 0.1212
vn 0.6104 -0.7919 -0.0175
vn 0.6702 -0.7212 -0.1751
vn 0.6833 -0.6456 -0.3411
vn 0.6487 -0.5702 -0.5040
vn 0.5689 -0.5001 -0.6528
vn 0.4492 -0.4402 -0.7774
vn 0.2979 -0.3946 -0.8693
vn 0.1251 -0.3662 -0.9221
vn -0.0572 -0.3571 -0.9323
vn -0.2367 -0.3679 -0.8992
vn -0.4012 -0.3978 -0.8251
vn -0.5393 -0.4449 -0.7150
vn -0.6418 -0.5058 -0.5764
vn -0.4611 -0.7649 -0.4497
vn -0.4695 -0.8136 -0.3429
vn -0.4473 -0.8621 -0.2381
vn -0.3959 -0.9072 -0.1423
vn -0.3189 -0.9458 -0.0621
vn -0.2214 -0.9752 -0.0030
vn -0.1103 -0.9934 0.0310
vn 0.0071 -0.9993 0.0376
vn 0.1226 -0.9923 0.0163
vn 0.2284 -0.9731 -0.0314
vn 0.3173 -0.9428 -0.1023
vn 0.3833 -0.9036 -0.1915
vn 0.4218 -0.8581 -0.2929
vn 0.4302 -0.8094 -0.3998
vn 0.4080 -0.7609 -0.5046
vn 0.3566 -0.7158 -0.6004
vn 0.2796 -0.6772 -0.6806
vn 0.1822 -0.6478 -0.7397
vn 0.0710 -0.6296 -0.7737
vn -0.0464 -0.6237 -0.7803
vn -0.1619 -0.6307 -0.7590
vn -0.2677 -0.6499 -0.7113
vn -0.3566 -0.6802 -0.6404
vn -0.4226 -0.7194 -0.5512
vn -0.9794 0.0998 -0.1755
vn -0.9981 -0.0082 0.0615
vn -0.9981 -0.0082 0.0614
vn -0.9487 -0.1158 0.2941
vn -0.8347 -0.2158 0.5066
vn -0.6639 -0.3013 0.6845
vn -0.6639 -0.3013 0.6844
vn -0.4478 -0.3666 0.8156
vn -0.2011 -0.4070 0.8910
vn -0.2012 -0.4070 0.8910
vn 0.0592 -0.4200 0.9056
vn 0.3155 -0.4046 0.8584
vn 0.3154 -0.4046 0.8584
vn 0.5502 -0.3619 0.7525
vn 0.7475 -0.2947 0.5953
vn 0.8938 -0.2077 0.3974
vn 0.9792 -0.1068 0.1723
vn 0.9979 0.0012 -0.0646
vn 0.9486 0.1089 -0.2973
vn 0.8346 0.2089 -0.5098
vn 0.6637 0.2944 -0.6876
vn 0.4476 0.3596 -0.8187
vn 0.2010 0.4001 -0.8942
vn -0.0593 0.4131 -0.9088
vn -0.3156 0.3977 -0.8615
vn -0.5504 0.3549 -0.7557
vn -0.7477 0.2878 -0.5985
vn -0.8940 0.2008 -0.4006
vn -0.6143 0.7617 0.2060
vn -0.6263 0.6921 0.3587
vn -0.4498 0.8001 0.3968
vn -0.4410 0.8509 0.2854
vn -0.5945 0.6227 0.5086
vn -0.4266 0.7495 0.5062
vn -0.5211 0.5583 0.6456
vn -0.3730 0.7025 0.6061
vn -0.4110 0.5032 0.7602
vn -0.2927 0.6623 0.6897
vn -0.2717 0.4612 0.8447
vn -0.1911 0.6316 0.7514
vn -0.1128 0.4351 0.8933
vn -0.0751 0.6126 0.7868
vn 0.0550 0.4267 0.9027
vn 0.0473 0.6065 0.7937
vn 0.2202 0.4366 0.8723
vn 0.1678 0.6137 0.7715
vn 0.3715 0.4642 0.8041
vn 0.2782 0.6338 0.7217
vn 0.4986 0.5075 0.7028
vn 0.3709 0.6654 0.6478
vn 0.5929 0.5635 0.5752
vn 0.4397 0.7063 0.5548
vn 0.6480 0.6286 0.4302
vn 0.4799 0.7538 0.4489
vn 0.6600 0.6982 0.2775
vn 0.4887 0.8045 0.3375
vn 0.6282 0.7675 0.1275
vn 0.4655 0.8552 0.2281
vn 0.5547 0.8320 -0.0094
vn 0.4119 0.9022 0.1282
vn 0.4446 0.8871 -0.1240
vn 0.3315 0.9424 0.0446
vn 0.3053 0.9291 -0.2085
vn 0.2299 0.9731 -0.0171
vn 0.1464 0.9552 -0.2571
vn 0.1140 0.9921 -0.0525
vn -0.0214 0.9636 -0.2665
vn -0.0084 0.9982 -0.0594
vn -0.1865 0.9537 -0.2361
vn -0.1289 0.9910 -0.0372
vn -0.3378 0.9261 -0.1679
vn -0.2393 0.9709 0.0126
vn -0.4650 0.8828 -0.0666
vn -0.3321 0.9393 0.0865
vn -0.5593 0.8268 0.0610
vn -0.4009 0.8984 0.1795
vn -0.0356 0.9073 0.4189
vn -0.0345 0.9135 0.4053
vn -0.0328 0.9011 0.4324
vn -0.0262 0.8953 0.4446
vn -0.0163 0.8904 0.4549
vn -0.0039 0.8866 0.4625
vn 0.0104 0.8843 0.4668
vn 0.0254 0.8836 0.4676
vn 0.0402 0.8844 0.4649
vn 0.0537 0.8869 0.4588
vn 0.0651 0.8908 0.4497
vn 0.0735 0.8958 0.4383
vn 0.0785 0.9016 0.4253
vn 0.0795 0.9079 0.4117
vn 0.0767 0.9141 0.3983
vn 0.0701 0.9198 0.3860
vn 0.0603 0.9248 0.3757
vn 0.0478 0.9285 0.3682
vn 0.0336 0.9309 0.3638
vn 0.0186 0.9316 0.3630
vn 0.0038 0.9307 0.3657
vn -0.0098 0.9283 0.3718
vn -0.0212 0.9244 0.3809
vn -0.0296 0.9194 0.3923
vn -0.7447 0.6549 0.1284
vn -0.7592 0.5713 0.3119
vn -0.7209 0.4879 0.4921
vn -0.6326 0.4104 0.6567
vn -0.5003 0.3442 0.7945
vn -0.3329 0.2937 0.8961
vn -0.1418 0.2623 0.9545
vn 0.0598 0.2522 0.9658
vn 0.2583 0.2642 0.9292
vn 0.4402 0.2973 0.8473
vn 0.5930 0.3493 0.7255
vn 0.7064 0.4167 0.5722
vn 0.7725 0.4949 0.3978
vn 0.7870 0.5785 0.2143
vn 0.7488 0.6619 0.0340
vn 0.6605 0.7394 -0.1306
vn 0.5281 0.8057 -0.2683
vn 0.3607 0.8562 -0.3699
vn 0.1697 0.8875 -0.4283
vn -0.0320 0.8976 -0.4397
vn -0.2305 0.8857 -0.4031
vn -0.4124 0.8526 -0.3211
vn -0.5652 0.8005 -0.1993
vn -0.6785 0.7331 -0.0460
vn 0.0013 0.8635 0.5044
vn 0.0211 0.9074 0.4197
vn 0.0544 0.8516 0.5214
vn -0.0240 0.7954 0.6056
vn 0.0513 0.7757 0.6290
vn 0.0497 0.9053 0.4219
vn 0.1237 0.9038 0.4097
vn 0.2515 0.8679 0.4284
vn 0.1257 0.9063 0.4034
vn 0.3792 0.8150 0.4382
vn 0.3825 0.8105 0.4435
vn 0.2550 0.8622 0.4378
vn 0.1215 0.8978 0.4233
vn 0.2414 0.8657 0.4386
vn 0.1258 0.9063 0.4035
vn 0.2185 0.8641 0.4534
vn 0.1187 0.9049 0.4088
vn 0.1858 0.8604 0.4746
vn 0.0926 0.9073 0.4102
vn 0.1647 0.8568 0.4886
vn 0.0747 0.9080 0.4123
vn 0.1342 0.8563 0.4988
vn 0.0634 0.9052 0.4203
vn 0.1005 0.8501 0.5169
vn 0.1114 0.7702 0.6280
vn 0.1645 0.7760 0.6089
vn 0.1929 0.7849 0.5888
vn 0.2401 0.7860 0.5696
vn 0.2787 0.7971 0.5357
vn 0.3233 0.7995 0.5063
vn 0.3702 0.7999 0.4724
vn 0.0494 0.7833 0.6197
vn -0.0255 0.7910 0.6113
vn 0.1166 0.7791 0.6160
vn 0.1762 0.7771 0.6042
vn 0.2446 0.7769 0.5802
vn 0.2913 0.7757 0.5599
vn 0.2905 0.7843 0.5482
vn 0.3295 0.7866 0.5222
vn 0.3951 0.7915 0.4663
vn 0.4153 0.7905 0.4502
vn 0.3182 0.8421 0.4355
vn 0.0298 0.9241 0.3810
vn 0.0491 0.9555 0.2908
vn 0.1056 0.9508 0.2912
vn 0.0731 0.9824 0.1717
vn 0.1531 0.9734 0.1703
vn 0.0570 0.9197 0.3886
vn 0.2362 0.8658 0.4412
vn 0.1203 0.8952 0.4291
vn 0.1204 0.8956 0.4283
vn 0.3429 0.8243 0.4504
vn 0.2524 0.8701 0.4233
vn 0.1192 0.8964 0.4269
vn 0.2500 0.8847 0.3936
vn 0.1131 0.8976 0.4260
vn 0.2027 0.9057 0.3723
vn 0.1027 0.9109 0.3995
vn 0.2270 0.8929 0.3889
vn 0.1902 0.9178 0.3487
vn 0.0762 0.9109 0.4055
vn 0.1702 0.9259 0.3373
vn 0.0692 0.9163 0.3944
vn 0.1467 0.9395 0.3097
vn 0.2093 0.9594 0.1890
vn 0.2503 0.9418 0.2242
vn 0.2677 0.9297 0.2529
vn 0.3042 0.9097 0.2826
vn 0.3198 0.8928 0.3172
vn 0.3870 0.8540 0.3476
vn 0.3798 0.8226 0.4232
vn 0.0962 0.9390 0.3303
vn 0.0436 0.9473 0.3173
vn 0.1375 0.9280 0.3463
vn 0.1662 0.9277 0.3344
vn 0.2158 0.9198 0.3277
vn 0.2784 0.9024 0.3289
vn 0.2902 0.8889 0.3544
vn 0.2908 0.8840 0.3661
vn 0.2792 0.8695 0.4074
vn 0.2561 0.8612 0.4390
vn 0.0592 0.8345 0.5478
vn -0.0080 0.8402 0.5423
vn 0.1113 0.8323 0.5430
vn 0.1591 0.8284 0.5371
vn 0.2136 0.8239 0.5250
vn 0.2611 0.8126 0.5211
vn 0.2921 0.8281 0.4784
vn 0.3141 0.8383 0.4456
vn 0.2396 0.8698 0.4313
vn 0.0393 0.9407 0.3369
vn 0.0953 0.9332 0.3465
vn 0.1299 0.9307 0.3420
vn 0.1370 0.9230 0.3596
vn 0.2118 0.9060 0.3665
vn 0.2049 0.8887 0.4102
vn 0.2122 0.8727 0.4397
vn 0.0196 0.9047 0.4255
vn 0.0992 0.8916 0.4419
vn 0.1491 0.8834 0.4442
vn 0.1508 0.8929 0.4242
vn 0.1372 0.8979 0.4182
vn 0.0919 0.9096 0.4051
vn 0.1000 0.9171 0.3860
vn 0.0316 0.9273 0.3729
vn 0.0264 0.9178 0.3961
vn 0.1462 0.8968 0.4175
vn 0.1295 0.9059 0.4031
vn 0.0758 0.9087 0.4104
vn 0.0634 0.9105 0.4085
vn 0.0258 0.9166 0.3991
vn 0.0246 0.9143 0.4043
vn -0.0555 0.8632 0.5019
vn -0.1046 0.7922 0.6012
vn -0.0062 0.9112 0.4119
vn -0.2013 0.9156 0.3480
vn -0.0704 0.9241 0.3755
vn -0.0696 0.9269 0.3687
vn -0.3327 0.8900 0.3118
vn -0.3384 0.8865 0.3156
vn -0.2088 0.9111 0.3554
vn -0.0741 0.9184 0.3886
vn -0.1959 0.9118 0.3609
vn -0.0696 0.9269 0.3688
vn -0.1803 0.9062 0.3826
vn -0.0652 0.9243 0.3762
vn -0.1582 0.8967 0.4135
vn -0.0412 0.9214 0.3864
vn -0.1443 0.8894 0.4337
vn -0.0253 0.9186 0.3945
vn -0.1199 0.8831 0.4537
vn -0.0183 0.9138 0.4058
vn -0.0963 0.8709 0.4819
vn -0.1604 0.7989 0.5797
vn -0.2015 0.8146 0.5439
vn -0.2188 0.8284 0.5157
vn -0.2555 0.8383 0.4816
vn -0.2772 0.8557 0.4370
vn -0.3075 0.8660 0.3942
vn -0.3390 0.8747 0.3464
vn -0.0982 0.7988 0.5935
vn -0.1592 0.8082 0.5670
vn -0.2104 0.8178 0.5356
vn -0.2650 0.8307 0.4897
vn -0.3013 0.8382 0.4545
vn -0.2948 0.8461 0.4442
vn -0.3212 0.8552 0.4067
vn -0.3614 0.8713 0.3320
vn -0.3747 0.8738 0.3099
vn -0.2702 0.9041 0.3310
vn -0.0038 0.9624 0.2718
vn -0.0019 0.9897 0.1430
vn 0.0013 0.9255 0.3787
vn -0.0755 0.9159 0.3942
vn -0.1920 0.9109 0.3652
vn -0.0753 0.9163 0.3934
vn -0.3016 0.8923 0.3359
vn -0.1999 0.9178 0.3430
vn -0.0735 0.9167 0.3927
vn -0.1846 0.9305 0.3164
vn -0.0674 0.9166 0.3940
vn -0.1297 0.9407 0.3133
vn -0.0461 0.9267 0.3731
vn -0.1603 0.9337 0.3202
vn -0.1077 0.9492 0.2957
vn -0.0238 0.9215 0.3877
vn -0.0838 0.9527 0.2922
vn -0.0125 0.9249 0.3799
vn -0.0501 0.9602 0.2747
vn -0.0625 0.9881 0.1408
vn -0.1156 0.9805 0.1591
vn -0.1439 0.9731 0.1799
vn -0.1915 0.9620 0.1946
vn -0.2210 0.9499 0.2212
vn -0.3010 0.9266 0.2255
vn -0.3265 0.8971 0.2979
vn -0.0109 0.9502 0.3113
vn -0.0565 0.9484 0.3120
vn -0.0788 0.9535 0.2909
vn -0.1237 0.9556 0.2675
vn -0.1851 0.9513 0.2464
vn -0.2073 0.9414 0.2660
vn -0.2129 0.9371 0.2767
vn -0.2192 0.9221 0.3190
vn -0.2105 0.9104 0.3562
vn -0.0724 0.8484 0.5244
vn -0.1188 0.8566 0.5022
vn -0.1614 0.8622 0.4802
vn -0.2083 0.8684 0.4500
vn -0.2528 0.8668 0.4298
vn -0.2636 0.8867 0.3798
vn -0.2706 0.9000 0.3418
vn -0.1910 0.9152 0.3548
vn -0.0167 0.9450 0.3266
vn -0.0475 0.9494 0.3105
vn -0.0615 0.9439 0.3243
vn -0.1360 0.9427 0.3047
vn -0.1481 0.9259 0.3476
vn -0.1680 0.9128 0.3722
vn -0.0614 0.9085 0.4134
vn -0.1094 0.9107 0.3983
vn -0.1023 0.9196 0.3793
vn -0.0868 0.9215 0.3785
vn -0.0377 0.9316 0.3615
vn -0.0383 0.9234 0.3820
vn -0.0951 0.9223 0.3747
vn -0.0730 0.9273 0.3671
vn -0.0256 0.9194 0.3924
vn -0.0132 0.9186 0.3949
vn -0.2716 -0.7730 0.5733
vn -0.1779 -0.7907 0.5858
vn -0.1709 -0.8586 0.4834
vn -0.2813 -0.8376 0.4683
vn -0.1673 -0.7222 0.6712
vn -0.2780 -0.7092 0.6479
vn -0.3379 -0.7430 0.5778
vn -0.1694 -0.7437 0.6467
vn -0.0530 -0.9510 -0.3046
vn -0.1721 -0.8186 0.5479
vn -0.3268 -0.8023 0.4995
vn -0.1966 -0.9182 -0.3439
vn -0.0196 -0.8853 -0.4647
vn -0.1567 -0.8536 -0.4967
vn 0.0600 -0.6243 -0.7788
vn 0.0424 -0.6963 -0.7165
vn -0.0721 -0.6647 -0.7436
vn -0.0728 -0.6062 -0.7920
vn 0.0819 -0.5758 -0.8135
vn -0.0521 -0.5694 -0.8204
vn 0.0259 -0.7556 -0.6546
vn -0.0878 -0.7354 -0.6719
vn 0.0809 -0.5730 -0.8156
vn -0.0544 -0.5527 -0.8316
vn -0.1655 -0.8802 0.4449
vn -0.3001 -0.8489 0.4351
vn -0.1903 -0.2827 0.9401
vn -0.4052 -0.2204 0.8873
vn -0.2018 -0.2750 0.9400
vn -0.4361 -0.2138 0.8742
vn -0.4177 -0.2140 0.8830
vn -0.4614 -0.7864 0.4107
vn -0.4484 -0.7848 0.4279
vn -0.6194 -0.7265 0.2975
vn -0.6350 -0.7037 0.3185
vn -0.7485 -0.6390 0.1773
vn -0.7551 -0.6048 0.2532
vn -0.8547 -0.5026 0.1299
vn -0.8508 -0.4836 0.2056
vn -0.4574 -0.7603 0.4612
vn -0.3264 -0.8490 -0.4156
vn -0.5609 -0.7247 0.4003
vn -0.4423 -0.7519 -0.4889
vn -0.6688 -0.6873 0.2833
vn -0.5671 -0.6282 -0.5327
vn -0.7597 -0.6134 0.2160
vn -0.7002 -0.5041 -0.5055
vn -0.7942 -0.5611 0.2333
vn -0.7834 -0.4352 -0.4436
vn -0.8300 -0.5166 0.2105
vn -0.8280 -0.3178 -0.4620
vn -0.8899 -0.4474 0.0883
vn -0.8237 -0.1959 -0.5321
vn -0.9368 -0.3441 -0.0639
vn -0.8137 -0.1135 -0.5701
vn -0.9487 -0.2805 -0.1459
vn -0.8150 -0.0900 -0.5725
vn -0.4290 -0.7305 0.5313
vn -0.6298 -0.6441 0.4341
vn -0.7383 -0.5779 0.3478
vn -0.3708 -0.7156 0.5920
vn -0.5820 -0.6603 0.4747
vn -0.5220 -0.7062 0.4784
vn -0.5490 -0.7197 0.4249
vn -0.4472 -0.7530 0.4828
vn -0.4478 -0.7130 0.5396
vn -0.7367 -0.5984 0.3148
vn -0.6931 -0.6887 0.2128
vn -0.6640 -0.6730 0.3257
vn -0.8042 -0.5345 0.2600
vn -0.8155 -0.5281 0.2367
vn -0.7638 -0.5749 0.2934
vn -0.3397 -0.8144 0.4704
vn -0.8437 -0.4995 0.1965
vn -0.9195 -0.3906 0.0438
vn -0.9422 -0.3168 -0.1095
vn -0.8868 -0.4515 0.0985
vn -0.4327 -0.6895 -0.5808
vn -0.4057 -0.6085 -0.6820
vn -0.2530 -0.6979 -0.6700
vn -0.2996 -0.8039 -0.5137
vn -0.2202 -0.5618 -0.7974
vn -0.2318 -0.6097 -0.7580
vn -0.3849 -0.5585 -0.7348
vn -0.3615 -0.5172 -0.7758
vn -0.3824 -0.4740 -0.7932
vn -0.2088 -0.5232 -0.8262
vn -0.3708 -0.4783 -0.7960
vn -0.2070 -0.5117 -0.8338
vn -0.4414 -0.7426 -0.5037
vn -0.3252 -0.8584 -0.3967
vn -0.5184 -0.4118 -0.7495
vn -0.5188 -0.3865 -0.7625
vn -0.6443 -0.3161 -0.6964
vn -0.6425 -0.3081 -0.7016
vn -0.7330 -0.2390 -0.6368
vn -0.7306 -0.2536 -0.6339
vn -0.5345 -0.5787 -0.6160
vn -0.5656 -0.6230 -0.5404
vn -0.6925 -0.4804 -0.5382
vn -0.6478 -0.4769 -0.5941
vn -0.4934 -0.5220 -0.6957
vn -0.5812 -0.4521 -0.6765
vn -0.7919 -0.2138 -0.5719
vn -0.7908 -0.1942 -0.5805
vn -0.8189 -0.1389 -0.5569
vn -0.8315 -0.1411 -0.5374
vn -0.6578 -0.3444 -0.6698
vn -0.5400 -0.4379 -0.7188
vn -0.8017 -0.1911 -0.5664
vn -0.7378 -0.2231 -0.6371
vn -0.6825 -0.3859 -0.6207
vn -0.4554 -0.4640 -0.7598
vn -0.4828 -0.4857 -0.7287
vn -0.7452 -0.4357 -0.5049
vn -0.7852 -0.4443 -0.4313
vn -0.8395 -0.3513 -0.4145
vn -0.7940 -0.2881 -0.5353
vn -0.8060 -0.1744 -0.5656
vn -0.8150 -0.1809 -0.5505
vn -0.8090 -0.1265 -0.5741
vn -0.8096 -0.1199 -0.5746
vn -0.8176 -0.1076 -0.5657
vn -0.8222 -0.1134 -0.5578
vn -0.9326 -0.3609 -0.0082
vn -0.9507 -0.2482 -0.1860
vn -0.5677 -0.1495 0.8095
vn -0.7264 -0.0842 0.6821
vn -0.6184 -0.7245 0.3044
vn -0.4444 -0.8004 0.4023
vn -0.9477 -0.2779 0.1568
vn -0.7472 -0.6304 0.2103
vn -0.8945 -0.1049 0.4346
vn -0.5670 -0.1442 0.8110
vn -0.7055 -0.0875 0.7033
vn -0.7228 -0.0812 0.6863
vn -0.5591 -0.1312 0.8186
vn -0.9199 -0.3782 0.1035
vn -0.9027 -0.4242 0.0723
vn -0.8887 -0.0400 0.4567
vn -0.8633 -0.0191 0.5044
vn -0.9631 -0.2156 -0.1610
vn -0.9132 -0.4075 0.0052
vn -0.9138 -0.4062 -0.0029
vn -0.1704 -0.8089 0.5627
vn -0.0268 -0.8022 0.5965
vn -0.0206 -0.8615 0.5074
vn 0.0044 -0.7282 0.6854
vn -0.0274 -0.7608 0.6484
vn -0.0195 -0.8235 0.5670
vn 0.0927 -0.9535 -0.2868
vn 0.1110 -0.8882 -0.4458
vn 0.1651 -0.6927 -0.7020
vn 0.1958 -0.6261 -0.7548
vn 0.1925 -0.5953 -0.7801
vn 0.1404 -0.7571 -0.6381
vn 0.1921 -0.5895 -0.7846
vn -0.0138 -0.8838 0.4677
vn 0.0554 -0.2965 0.9534
vn 0.0779 -0.3261 0.9421
vn 0.1314 -0.8517 0.5073
vn 0.1306 -0.8714 0.4728
vn 0.3259 -0.8083 0.4903
vn 0.3368 -0.8269 0.4503
vn 0.4965 -0.7414 0.4514
vn 0.4917 -0.7630 0.4195
vn 0.5788 -0.6828 0.4458
vn 0.5989 -0.7047 0.3804
vn 0.2533 -0.9252 -0.2824
vn 0.1172 -0.8161 0.5660
vn 0.4255 -0.8495 -0.3120
vn 0.2525 -0.7963 0.5498
vn 0.5669 -0.7590 -0.3202
vn 0.3734 -0.7804 0.5015
vn 0.6933 -0.6665 -0.2739
vn 0.4939 -0.7490 0.4417
vn 0.7701 -0.5977 -0.2229
vn 0.5903 -0.7106 0.3829
vn 0.8385 -0.4984 -0.2204
vn 0.6658 -0.6753 0.3173
vn 0.8954 -0.3778 -0.2357
vn 0.7526 -0.6145 0.2365
vn 0.9052 -0.3018 -0.2993
vn 0.8208 -0.5417 0.1813
vn 0.8982 -0.2903 -0.3301
vn 0.8523 -0.4978 0.1604
vn 0.1300 -0.7994 0.5866
vn 0.3035 -0.7659 0.5668
vn 0.4735 -0.7037 0.5298
vn 0.6656 -0.6480 0.3702
vn 0.1379 -0.7263 0.6734
vn 0.3041 -0.7131 0.6316
vn 0.5044 -0.7126 0.4876
vn 0.1081 -0.7517 0.6505
vn 0.1119 -0.8144 0.5694
vn 0.2538 -0.7774 0.5755
vn 0.2143 -0.7357 0.6425
vn 0.2969 -0.7422 0.6008
vn 0.4407 -0.7288 0.5240
vn 0.5803 -0.7039 0.4096
vn 0.6670 -0.6776 0.3099
vn 0.6127 -0.6832 0.3972
vn -0.0112 -0.8311 0.5560
vn 0.8250 -0.5411 0.1627
vn 0.7225 -0.6104 0.3246
vn 0.7416 -0.6162 0.2650
vn 0.3081 -0.7400 -0.5980
vn 0.4570 -0.7054 -0.5418
vn 0.4532 -0.7746 -0.4411
vn 0.2736 -0.8669 -0.4168
vn 0.4787 -0.6480 -0.5924
vn 0.3230 -0.6761 -0.6622
vn 0.3348 -0.6196 -0.7099
vn 0.4767 -0.6057 -0.6371
vn 0.3460 -0.5858 -0.7328
vn 0.5114 -0.5671 -0.6456
vn 0.3634 -0.5665 -0.7396
vn 0.4962 -0.5746 -0.6508
vn 0.4412 -0.8278 -0.3464
vn 0.2324 -0.9410 -0.2460
vn 0.6386 -0.5149 -0.5719
vn 0.6377 -0.5304 -0.5586
vn 0.7523 -0.4608 -0.4709
vn 0.7535 -0.4591 -0.4707
vn 0.8228 -0.4282 -0.3737
vn 0.8342 -0.3905 -0.3893
vn 0.7015 -0.6439 -0.3056
vn 0.5591 -0.7733 -0.2991
vn 0.5683 -0.7173 -0.4031
vn 0.6932 -0.6102 -0.3836
vn 0.5780 -0.6243 -0.5254
vn 0.8708 -0.3898 -0.2995
vn 0.8783 -0.3609 -0.3137
vn 0.9090 -0.3436 -0.2357
vn 0.9115 -0.3209 -0.2574
vn 0.7494 -0.4877 -0.4479
vn 0.6474 -0.5517 -0.5259
vn 0.8880 -0.3338 -0.3163
vn 0.8403 -0.4039 -0.3615
vn 0.7505 -0.5356 -0.3872
vn 0.6581 -0.5828 -0.4767
vn 0.5827 -0.5993 -0.5489
vn 0.5655 -0.5823 -0.5841
vn 0.7604 -0.6215 -0.1886
vn 0.7608 -0.5907 -0.2688
vn 0.8433 -0.4611 -0.2760
vn 0.8987 -0.3482 -0.2664
vn 0.9086 -0.3065 -0.2836
vn 0.8899 -0.3042 -0.3400
vn 0.9044 -0.3176 -0.2849
vn 0.8957 -0.3038 -0.3248
vn 0.7034 -0.6329 0.3234
vn 0.3194 -0.8292 0.4586
vn 0.4433 -0.2037 0.8729
vn 0.2573 -0.2484 0.9339
vn 0.8234 -0.1112 0.5565
vn 0.6360 -0.1640 0.7541
vn 0.4458 -0.2051 0.8713
vn 0.2629 -0.2462 0.9329
vn 0.2427 -0.2226 0.9442
vn 0.8096 -0.1193 0.5748
vn 0.6348 -0.1645 0.7550
vn 0.9267 -0.0629 0.3705
vn 0.9267 -0.0630 0.3705
vn 0.8497 -0.1557 0.5038
vn 0.9267 -0.0624 0.3705
vt 0.831286 0.669152
vt 0.831286 0.671803
vt 0.821526 0.671803
vt 0.821526 0.669152
vt 0.395741 0.669152
vt 0.395742 0.671803
vt 0.384601 0.671803
vt 0.384601 0.669152
vt 0.457547 0.669152
vt 0.457547 0.671803
vt 0.447271 0.671803
vt 0.447270 0.669152
vt 0.406675 0.669152
vt 0.406676 0.671803
vt 0.417313 0.669152
vt 0.417314 0.671803
vt 0.427581 0.669152
vt 0.427581 0.671803
vt 0.437421 0.669152
vt 0.437421 0.671803
vt 0.545477 0.669152
vt 0.545477 0.671803
vt 0.534919 0.671803
vt 0.534919 0.669152
vt 0.555740 0.669152
vt 0.555740 0.671803
vt 0.565512 0.669152
vt 0.565512 0.671803
vt 0.501526 0.669152
vt 0.501526 0.671803
vt 0.490277 0.671803
vt 0.490277 0.669152
vt 0.479133 0.671803
vt 0.479133 0.669152
vt 0.468193 0.671803
vt 0.468193 0.669152
vt 0.373354 0.671803
vt 0.373353 0.669152
vt 0.362105 0.671803
vt 0.362105 0.669152
vt 0.350963 0.671803
vt 0.350962 0.669152
vt 0.329384 0.669152
vt 0.329384 0.671803
vt 0.319112 0.671803
vt 0.319111 0.669152
vt 0.340026 0.669152
vt 0.340026 0.671803
vt 0.512773 0.669152
vt 0.512773 0.671803
vt 0.523947 0.669152
vt 0.523947 0.671803
vt 0.821538 0.661352
vt 0.831267 0.661454
vt 0.383483 0.615173
vt 0.388396 0.596082
vt 0.395786 0.595517
vt 0.447726 0.593312
vt 0.457298 0.593312
vt 0.406361 0.594759
vt 0.416891 0.593836
vt 0.427194 0.593312
vt 0.437074 0.593312
vt 0.535124 0.593312
vt 0.545738 0.593312
vt 0.556052 0.593312
vt 0.565631 0.593312
vt 0.490216 0.593312
vt 0.501533 0.593312
vt 0.479005 0.593312
vt 0.468002 0.593312
vt 0.376900 0.629352
vt 0.369853 0.640460
vt 0.361997 0.648090
vt 0.350891 0.654620
vt 0.319092 0.661454
vt 0.328975 0.660783
vt 0.339711 0.659280
vt 0.512848 0.593312
vt 0.524089 0.593312
vt 0.383284 0.544158
vt 0.381982 0.529053
vt 0.393662 0.530405
vt 0.395774 0.559290
vt 0.406296 0.559161
vt 0.405170 0.532687
vt 0.415661 0.559491
vt 0.413065 0.534634
vt 0.425081 0.561216
vt 0.420881 0.536431
vt 0.428176 0.538173
vt 0.433822 0.563409
vt 0.435096 0.552716
vt 0.441184 0.566442
vt 0.448230 0.577052
vt 0.321304 0.507941
vt 0.309276 0.507647
vt 0.309112 0.503383
vt 0.321641 0.503931
vt 0.381025 0.512853
vt 0.393606 0.513509
vt 0.401438 0.513988
vt 0.410553 0.514295
vt 0.333830 0.508849
vt 0.321626 0.508208
vt 0.321963 0.504199
vt 0.334311 0.504243
vt 0.345012 0.503989
vt 0.345801 0.509950
vt 0.355977 0.503883
vt 0.357326 0.511173
vt 0.309134 0.499474
vt 0.322058 0.500008
vt 0.378435 0.503860
vt 0.391773 0.503962
vt 0.367087 0.503808
vt 0.357474 0.500078
vt 0.322379 0.500275
vt 0.335967 0.500273
vt 0.347176 0.500254
vt 0.308989 0.496544
vt 0.323731 0.497508
vt 0.368680 0.499387
vt 0.324858 0.497200
vt 0.340082 0.497643
vt 0.353532 0.498296
vt 0.463651 0.589831
vt 0.468788 0.591415
vt 0.457773 0.585918
vt 0.452788 0.582386
vt 0.420190 0.525498
vt 0.321429 0.511360
vt 0.309326 0.510283
vt 0.333923 0.513650
vt 0.321751 0.511627
vt 0.345644 0.516897
vt 0.357538 0.521661
vt 0.388719 0.560072
vt 0.369079 0.528227
vt 0.390299 0.577625
vt 0.369259 0.512126
vt 0.816053 0.671803
vt 0.815947 0.669152
vt 0.746360 0.671803
vt 0.735219 0.671803
vt 0.735219 0.669152
vt 0.746360 0.669152
vt 0.683690 0.671803
vt 0.673413 0.671803
vt 0.673414 0.669152
vt 0.683690 0.669152
vt 0.724285 0.671803
vt 0.724285 0.669152
vt 0.713647 0.671803
vt 0.713647 0.669152
vt 0.703380 0.671803
vt 0.703380 0.669152
vt 0.693540 0.671803
vt 0.693540 0.669152
vt 0.596042 0.671803
vt 0.585485 0.671803
vt 0.585484 0.669152
vt 0.596042 0.669152
vt 0.575221 0.671803
vt 0.575221 0.669152
vt 0.640684 0.671803
vt 0.629435 0.671803
vt 0.629435 0.669152
vt 0.640684 0.669152
vt 0.651828 0.671803
vt 0.651828 0.669152
vt 0.662768 0.671803
vt 0.662768 0.669152
vt 0.618189 0.671803
vt 0.618188 0.669152
vt 0.607014 0.671803
vt 0.607014 0.669152
vt 0.815146 0.661719
vt 0.811916 0.661809
vt 0.811935 0.659772
vt 0.815933 0.665865
vt 0.735950 0.615358
vt 0.745796 0.632365
vt 0.746724 0.662150
vt 0.683992 0.593312
vt 0.673663 0.593312
vt 0.724653 0.596386
vt 0.730209 0.598128
vt 0.714948 0.594310
vt 0.704373 0.593312
vt 0.693887 0.593312
vt 0.595837 0.593312
vt 0.585222 0.593312
vt 0.574908 0.593312
vt 0.640745 0.593312
vt 0.629428 0.593312
vt 0.651956 0.593312
vt 0.662959 0.593312
vt 0.758028 0.661809
vt 0.747422 0.661809
vt 0.759070 0.644257
vt 0.769639 0.649551
vt 0.769145 0.661809
vt 0.780348 0.653515
vt 0.780160 0.661809
vt 0.790907 0.661809
vt 0.790885 0.656174
vt 0.801551 0.658280
vt 0.801559 0.661809
vt 0.618113 0.593312
vt 0.606872 0.593312
vt 0.736835 0.546038
vt 0.727404 0.531033
vt 0.738391 0.530116
vt 0.724686 0.560014
vt 0.730345 0.560370
vt 0.716305 0.560012
vt 0.717921 0.532831
vt 0.706672 0.561355
vt 0.709377 0.535428
vt 0.702245 0.538468
vt 0.697828 0.563417
vt 0.694999 0.553871
vt 0.682731 0.577052
vt 0.689777 0.566442
vt 0.821608 0.503650
vt 0.821773 0.507914
vt 0.809384 0.508379
vt 0.808969 0.504099
vt 0.750042 0.529788
vt 0.742146 0.513386
vt 0.751384 0.512913
vt 0.731630 0.513601
vt 0.720178 0.515560
vt 0.797872 0.509039
vt 0.798006 0.503765
vt 0.785919 0.510159
vt 0.785949 0.503989
vt 0.773636 0.511380
vt 0.774212 0.503715
vt 0.821631 0.499741
vt 0.808133 0.500197
vt 0.738383 0.505342
vt 0.751994 0.504053
vt 0.761348 0.503581
vt 0.773486 0.500078
vt 0.796714 0.500093
vt 0.783785 0.500254
vt 0.821485 0.496811
vt 0.806103 0.497200
vt 0.759284 0.499756
vt 0.794513 0.496930
vt 0.779728 0.497491
vt 0.662173 0.591415
vt 0.667310 0.589831
vt 0.673187 0.585918
vt 0.678173 0.582386
vt 0.710771 0.526878
vt 0.821823 0.510550
vt 0.809195 0.510691
vt 0.797886 0.511604
vt 0.785680 0.513363
vt 0.773051 0.517171
vt 0.727808 0.580409
vt 0.761513 0.521878
vt 0.761702 0.512126
vt 0.536085 0.586709
vt 0.546371 0.586709
vt 0.556357 0.586709
vt 0.565626 0.586709
vt 0.492348 0.586709
vt 0.503415 0.586709
vt 0.481346 0.586709
vt 0.514446 0.586709
vt 0.525377 0.586709
vt 0.444344 0.562315
vt 0.451164 0.571947
vt 0.309549 0.493786
vt 0.326065 0.495026
vt 0.326525 0.495098
vt 0.344673 0.495839
vt 0.363452 0.495177
vt 0.376494 0.497191
vt 0.466258 0.583548
vt 0.471304 0.584986
vt 0.460490 0.579996
vt 0.455605 0.576790
vt 0.439556 0.551599
vt 0.425523 0.526462
vt 0.433848 0.539317
vt 0.400146 0.502240
vt 0.416676 0.515841
vt 0.584590 0.586709
vt 0.594875 0.586709
vt 0.574604 0.586709
vt 0.627546 0.586709
vt 0.638613 0.586709
vt 0.649615 0.586709
vt 0.616515 0.586709
vt 0.605584 0.586709
vt 0.691510 0.551396
vt 0.697881 0.538070
vt 0.679797 0.571947
vt 0.686617 0.562315
vt 0.804516 0.493560
vt 0.822045 0.494053
vt 0.790493 0.494422
vt 0.773826 0.495902
vt 0.752924 0.499018
vt 0.659657 0.584986
vt 0.664703 0.583548
vt 0.670471 0.579996
vt 0.675356 0.576790
vt 0.706367 0.525144
vt 0.715269 0.514974
vt 0.734821 0.504328
vt 0.537937 0.585210
vt 0.547350 0.585360
vt 0.557205 0.585360
vt 0.565907 0.585509
vt 0.494538 0.584463
vt 0.505113 0.584911
vt 0.483242 0.584164
vt 0.516967 0.585061
vt 0.526750 0.585061
vt 0.447324 0.560057
vt 0.453958 0.569556
vt 0.310314 0.490758
vt 0.328459 0.492839
vt 0.328632 0.492451
vt 0.351496 0.493099
vt 0.372580 0.493636
vt 0.393102 0.496300
vt 0.468798 0.580993
vt 0.473627 0.582599
vt 0.463859 0.577766
vt 0.459350 0.574105
vt 0.443859 0.550406
vt 0.434647 0.527799
vt 0.440837 0.540546
vt 0.413746 0.504652
vt 0.428057 0.517792
vt 0.584586 0.585504
vt 0.594718 0.585496
vt 0.574881 0.585551
vt 0.627353 0.585378
vt 0.638411 0.585290
vt 0.649520 0.585202
vt 0.616350 0.585378
vt 0.605725 0.585378
vt 0.690053 0.550998
vt 0.696226 0.537448
vt 0.678177 0.570728
vt 0.685269 0.561446
vt 0.804569 0.490821
vt 0.822810 0.491026
vt 0.785434 0.492583
vt 0.765816 0.494092
vt 0.749281 0.498423
vt 0.659079 0.583371
vt 0.663834 0.582065
vt 0.669644 0.578926
vt 0.673697 0.575216
vt 0.704604 0.524666
vt 0.713947 0.514010
vt 0.731851 0.503806
vt 0.820553 0.641310
vt 0.828472 0.641383
vt 0.367613 0.608180
vt 0.370441 0.594483
vt 0.357453 0.626321
vt 0.362842 0.618352
vt 0.351218 0.631796
vt 0.342220 0.636480
vt 0.316297 0.641383
vt 0.324354 0.640902
vt 0.333123 0.639823
vt 0.309648 0.510550
vt 0.314960 0.534139
vt 0.307462 0.533120
vt 0.322630 0.535766
vt 0.330754 0.537673
vt 0.339390 0.541091
vt 0.367356 0.568649
vt 0.361163 0.557231
vt 0.348525 0.545802
vt 0.370416 0.581241
vt 0.812747 0.640177
vt 0.751971 0.608313
vt 0.758276 0.619441
vt 0.748342 0.595951
vt 0.769856 0.629045
vt 0.778413 0.632843
vt 0.787103 0.635687
vt 0.804316 0.639106
vt 0.795659 0.637595
vt 0.758807 0.558580
vt 0.751975 0.568862
vt 0.819636 0.533120
vt 0.811970 0.533221
vt 0.804872 0.533700
vt 0.797211 0.535138
vt 0.788611 0.537869
vt 0.747869 0.583238
vt 0.780291 0.541393
vt 0.770709 0.546922
vt 0.815026 0.622829
vt 0.820710 0.628992
vt 0.815029 0.628992
vt 0.821770 0.627296
vt 0.776171 0.628992
vt 0.774793 0.627383
vt 0.780984 0.622829
vt 0.747865 0.662659
vt 0.758131 0.662659
vt 0.751327 0.669521
vt 0.769168 0.662659
vt 0.763053 0.669521
vt 0.820490 0.622829
vt 0.811946 0.662659
vt 0.814602 0.662659
vt 0.812889 0.669520
vt 0.803410 0.669520
vt 0.790991 0.662659
vt 0.801570 0.662659
vt 0.794302 0.669521
vt 0.784360 0.669521
vt 0.780223 0.662659
vt 0.773820 0.669520
vt 0.776006 0.622829
vt 0.780987 0.628992
vt 0.787678 0.622829
vt 0.787681 0.628992
vt 0.810760 0.622829
vt 0.810764 0.628992
vt 0.800148 0.622829
vt 0.805479 0.622829
vt 0.805482 0.628992
vt 0.800151 0.628992
vt 0.793998 0.622829
vt 0.794002 0.628992
vt 0.811520 0.540574
vt 0.820268 0.540914
vt 0.819419 0.548978
vt 0.810199 0.548144
vt 0.775381 0.549529
vt 0.776973 0.547796
vt 0.779182 0.554101
vt 0.774532 0.557593
vt 0.783945 0.544375
vt 0.793097 0.541782
vt 0.793061 0.549585
vt 0.785944 0.551443
vt 0.802023 0.540621
vt 0.801455 0.548254
vt 0.977482 0.616897
vt 0.978916 0.617296
vt 0.981629 0.617313
vt 0.983095 0.616936
vt 0.984575 0.616321
vt 0.975941 0.616210
vt 0.974419 0.615296
vt 0.986212 0.615331
vt 0.987687 0.613870
vt 0.972973 0.614006
vt 0.989008 0.612123
vt 0.971601 0.612325
vt 0.990162 0.610139
vt 0.970515 0.610401
vt 0.991139 0.608078
vt 0.969513 0.608200
vt 0.991790 0.606073
vt 0.968862 0.605967
vt 0.991994 0.604927
vt 0.968716 0.604765
vt 0.992046 0.603271
vt 0.968625 0.603470
vt 0.991914 0.602197
vt 0.968664 0.602357
vt 0.991558 0.601179
vt 0.968895 0.601309
vt 0.969672 0.599989
vt 0.990928 0.600067
vt 0.970644 0.598948
vt 0.990103 0.599158
vt 0.989019 0.598130
vt 0.971726 0.597922
vt 0.987678 0.597057
vt 0.972983 0.597005
vt 0.986277 0.596363
vt 0.974428 0.596252
vt 0.976397 0.595609
vt 0.984558 0.595716
vt 0.982929 0.595359
vt 0.977550 0.595380
vt 0.978478 0.595272
vt 0.982144 0.595302
vt 0.979198 0.595195
vt 0.981460 0.595238
vt 0.980900 0.595200
vt 0.979754 0.595186
vt 0.983095 0.617375
vt 0.984575 0.616761
vt 0.986212 0.615770
vt 0.987687 0.614309
vt 0.989008 0.612563
vt 0.990162 0.610579
vt 0.991139 0.608518
vt 0.991790 0.606512
vt 0.991995 0.605366
vt 0.992046 0.603710
vt 0.991914 0.602636
vt 0.991558 0.601618
vt 0.990928 0.600507
vt 0.990103 0.599597
vt 0.989019 0.598569
vt 0.987678 0.597496
vt 0.986277 0.596802
vt 0.984558 0.596155
vt 0.982929 0.595798
vt 0.982144 0.595741
vt 0.981460 0.595677
vt 0.980900 0.595639
vt 0.980524 0.595634
vt 0.979754 0.595625
vt 0.979198 0.595635
vt 0.978478 0.595711
vt 0.977551 0.595819
vt 0.976397 0.596048
vt 0.974428 0.596692
vt 0.972983 0.597444
vt 0.971726 0.598361
vt 0.970644 0.599388
vt 0.969672 0.600429
vt 0.968895 0.601748
vt 0.968664 0.602796
vt 0.968625 0.603910
vt 0.968716 0.605205
vt 0.968862 0.606406
vt 0.969513 0.608639
vt 0.970515 0.610840
vt 0.971601 0.612764
vt 0.972973 0.614446
vt 0.974419 0.615735
vt 0.975941 0.616649
vt 0.977482 0.617336
vt 0.978917 0.617735
vt 0.980275 0.617743
vt 0.981629 0.617752
vt 0.161907 0.931649
vt 0.154024 0.930833
vt 0.154469 0.905648
vt 0.172493 0.876029
vt 0.170013 0.932296
vt 0.184260 0.934061
vt 0.182340 0.874852
vt 0.207506 0.898172
vt 0.200342 0.933977
vt 0.216742 0.934029
vt 0.234479 0.920263
vt 0.233151 0.934132
vt 0.241109 0.924430
vt 0.249270 0.934367
vt 0.249203 0.925606
vt 0.255609 0.923036
vt 0.154770 0.875437
vt 0.171902 0.864446
vt 0.155064 0.847460
vt 0.176539 0.866447
vt 0.176238 0.862143
vt 0.172301 0.853822
vt 0.174546 0.835961
vt 0.178718 0.856235
vt 0.183772 0.851899
vt 0.195425 0.836142
vt 0.190379 0.849962
vt 0.198083 0.851318
vt 0.212001 0.836939
vt 0.203790 0.855440
vt 0.224658 0.837888
vt 0.227343 0.858952
vt 0.246386 0.840754
vt 0.246863 0.863473
vt 0.246299 0.880329
vt 0.229707 0.878714
vt 0.262598 0.843515
vt 0.262885 0.868275
vt 0.261756 0.883874
vt 0.280460 0.847865
vt 0.280211 0.873513
vt 0.279986 0.895842
vt 0.155426 0.818612
vt 0.155619 0.793291
vt 0.174280 0.793538
vt 0.174079 0.818829
vt 0.155761 0.766136
vt 0.174446 0.766192
vt 0.175083 0.674301
vt 0.174889 0.705170
vt 0.156213 0.705289
vt 0.156411 0.674478
vt 0.155987 0.736903
vt 0.174672 0.736811
vt 0.156596 0.642548
vt 0.175251 0.642335
vt 0.175542 0.580940
vt 0.175405 0.612272
vt 0.156745 0.612240
vt 0.156869 0.580640
vt 0.175677 0.527863
vt 0.175618 0.553640
vt 0.156962 0.553455
vt 0.157027 0.527761
vt 0.157060 0.499516
vt 0.175696 0.499704
vt 0.157082 0.441965
vt 0.175729 0.442222
vt 0.175730 0.469768
vt 0.157068 0.469697
vt 0.157070 0.412849
vt 0.157015 0.382902
vt 0.175672 0.383247
vt 0.175722 0.413090
vt 0.156948 0.356591
vt 0.156850 0.327608
vt 0.175510 0.327712
vt 0.175600 0.356734
vt 0.156718 0.296901
vt 0.156576 0.268516
vt 0.175251 0.268651
vt 0.175383 0.297220
vt 0.156401 0.237886
vt 0.175086 0.238130
vt 0.155934 0.181695
vt 0.174678 0.181753
vt 0.174872 0.210875
vt 0.156169 0.210591
vt 0.170070 0.149761
vt 0.155748 0.149645
vt 0.165743 0.134493
vt 0.155564 0.123966
vt 0.164244 0.122219
vt 0.154634 0.093183
vt 0.162673 0.105994
vt 0.161908 0.091930
vt 0.159953 0.069792
vt 0.154346 0.069779
vt 0.169991 0.098559
vt 0.168718 0.108261
vt 0.173359 0.089498
vt 0.169132 0.081184
vt 0.178963 0.081528
vt 0.167083 0.068960
vt 0.175119 0.068096
vt 0.183516 0.066777
vt 0.186520 0.075020
vt 0.192855 0.065828
vt 0.195610 0.070151
vt 0.177943 0.054415
vt 0.187230 0.051433
vt 0.200589 0.065519
vt 0.205680 0.066905
vt 0.215862 0.046699
vt 0.216991 0.065222
vt 0.205576 0.047354
vt 0.226180 0.046946
vt 0.225353 0.065324
vt 0.257238 0.078536
vt 0.249507 0.064800
vt 0.267134 0.069315
vt 0.269583 0.091836
vt 0.273295 0.091635
vt 0.280486 0.067793
vt 0.271969 0.111062
vt 0.280694 0.091378
vt 0.280936 0.118678
vt 0.154321 0.060299
vt 0.159343 0.060266
vt 0.281190 0.148853
vt 0.269703 0.128676
vt 0.261549 0.144556
vt 0.267127 0.145011
vt 0.262928 0.180871
vt 0.281460 0.179597
vt 0.281665 0.209846
vt 0.263539 0.210212
vt 0.263696 0.237527
vt 0.281812 0.237214
vt 0.281990 0.267931
vt 0.263867 0.267961
vt 0.282134 0.296359
vt 0.264012 0.296715
vt 0.264141 0.326571
vt 0.282256 0.325783
vt 0.282362 0.356018
vt 0.264244 0.356252
vt 0.264312 0.382912
vt 0.282435 0.382518
vt 0.282492 0.412402
vt 0.264365 0.412748
vt 0.282511 0.469556
vt 0.264386 0.469615
vt 0.264392 0.442013
vt 0.282514 0.441823
vt 0.282488 0.499637
vt 0.282442 0.527808
vt 0.264318 0.527818
vt 0.264365 0.499674
vt 0.282378 0.553514
vt 0.264253 0.553614
vt 0.264038 0.612391
vt 0.264168 0.580896
vt 0.282295 0.580778
vt 0.282165 0.612405
vt 0.263724 0.674569
vt 0.263904 0.642521
vt 0.282016 0.642870
vt 0.281828 0.675013
vt 0.281398 0.737380
vt 0.263301 0.737077
vt 0.263529 0.705401
vt 0.281622 0.705862
vt 0.281011 0.793817
vt 0.262915 0.793730
vt 0.263125 0.766609
vt 0.281226 0.766812
vt 0.280738 0.819481
vt 0.262655 0.819207
vt 0.279795 0.913968
vt 0.266720 0.908708
vt 0.260721 0.906259
vt 0.255956 0.901117
vt 0.262078 0.911166
vt 0.270849 0.934163
vt 0.279314 0.933690
vt 0.268038 0.916285
vt 0.261761 0.934484
vt 0.260287 0.917865
vt 0.187712 0.149473
vt 0.196110 0.182040
vt 0.197273 0.155688
vt 0.208138 0.159709
vt 0.212628 0.181764
vt 0.218847 0.161406
vt 0.229616 0.181619
vt 0.228782 0.161355
vt 0.238376 0.159589
vt 0.246550 0.181322
vt 0.247202 0.210420
vt 0.221769 0.210613
vt 0.247369 0.237709
vt 0.222021 0.237890
vt 0.222184 0.268341
vt 0.247535 0.268139
vt 0.247672 0.296879
vt 0.222318 0.297032
vt 0.222448 0.327585
vt 0.247799 0.327196
vt 0.247893 0.356239
vt 0.222540 0.356322
vt 0.222608 0.383204
vt 0.247963 0.383070
vt 0.248012 0.412830
vt 0.222659 0.412931
vt 0.248035 0.442098
vt 0.248034 0.469593
vt 0.222687 0.469596
vt 0.222682 0.442148
vt 0.248015 0.499728
vt 0.222666 0.499714
vt 0.222411 0.581171
vt 0.222562 0.553741
vt 0.247910 0.553620
vt 0.247827 0.581079
vt 0.222621 0.527846
vt 0.247968 0.527849
vt 0.222151 0.642174
vt 0.222276 0.612231
vt 0.247697 0.612325
vt 0.247555 0.642366
vt 0.247373 0.674338
vt 0.221956 0.674110
vt 0.221544 0.736677
vt 0.221758 0.704977
vt 0.247179 0.705176
vt 0.246961 0.736876
vt 0.221123 0.793587
vt 0.221311 0.766238
vt 0.246774 0.766414
vt 0.246558 0.793647
vt 0.222863 0.818984
vt 0.246302 0.819057
vt 0.247302 0.156096
vt 0.255126 0.150983
vt 0.195680 0.793535
vt 0.195467 0.818987
vt 0.196112 0.736683
vt 0.195887 0.766230
vt 0.196531 0.674185
vt 0.196331 0.705070
vt 0.196700 0.642284
vt 0.196961 0.581144
vt 0.196842 0.612366
vt 0.197113 0.527877
vt 0.197044 0.553762
vt 0.197151 0.499712
vt 0.197173 0.442284
vt 0.197166 0.469728
vt 0.197150 0.413160
vt 0.197097 0.383359
vt 0.197028 0.356697
vt 0.196937 0.327820
vt 0.196804 0.297253
vt 0.196671 0.268677
vt 0.196505 0.238210
vt 0.196329 0.210966
vt 0.279233 0.047445
vt 0.282220 0.047522
vt 0.283370 0.055427
vt 0.280518 0.055538
vt 0.279433 0.039653
vt 0.277165 0.040383
vt 0.275147 0.030719
vt 0.272801 0.031950
vt 0.266933 0.024487
vt 0.268756 0.022897
vt 0.259855 0.016139
vt 0.258426 0.018070
vt 0.248901 0.010013
vt 0.247718 0.012329
vt 0.246915 0.014040
vt 0.236405 0.010517
vt 0.236980 0.008427
vt 0.237942 0.005790
vt 0.224100 0.006324
vt 0.223799 0.003766
vt 0.212899 0.006137
vt 0.212442 0.003758
vt 0.202022 0.007343
vt 0.201247 0.004602
vt 0.189237 0.010679
vt 0.188717 0.007550
vt 0.178691 0.016113
vt 0.177767 0.013327
vt 0.169309 0.022255
vt 0.167640 0.019625
vt 0.162572 0.030276
vt 0.160790 0.027974
vt 0.157949 0.037269
vt 0.155702 0.035776
vt 0.154442 0.046661
vt 0.151464 0.045141
vt 0.153495 0.053198
vt 0.149573 0.051626
vt 0.277772 0.047540
vt 0.279212 0.054917
vt 0.271261 0.032688
vt 0.265805 0.025770
vt 0.257815 0.019500
vt 0.275476 0.040630
vt 0.243514 0.021267
vt 0.229298 0.017476
vt 0.224335 0.008394
vt 0.215385 0.016753
vt 0.213240 0.008212
vt 0.202921 0.018171
vt 0.202289 0.009554
vt 0.192194 0.021385
vt 0.190267 0.012581
vt 0.180728 0.026840
vt 0.179214 0.018065
vt 0.171258 0.032996
vt 0.170241 0.023816
vt 0.167303 0.036533
vt 0.163452 0.031736
vt 0.163237 0.043221
vt 0.159433 0.038243
vt 0.159761 0.049782
vt 0.155998 0.047515
vt 0.159382 0.055111
vt 0.154784 0.053960
vt 0.255599 0.027970
vt 0.264183 0.035473
vt 0.270784 0.043922
vt 0.271131 0.051676
vt 0.270087 0.058771
vt 0.261170 0.053747
vt 0.250119 0.050729
vt 0.237308 0.047988
vt 0.252468 0.039047
vt 0.240063 0.033815
vt 0.226873 0.031356
vt 0.215620 0.030822
vt 0.233398 0.065106
vt 0.204428 0.031941
vt 0.193652 0.034661
vt 0.196523 0.048773
vt 0.173887 0.043867
vt 0.183125 0.038642
vt 0.171647 0.056870
vt 0.167328 0.049148
vt 0.165205 0.059071
vt 0.164431 0.052987
vt 0.262155 0.044680
vt 0.153149 0.060341
vt 0.149222 0.059828
vt 0.148815 0.069631
vt 0.153355 0.069712
vt 0.152827 0.930496
vt 0.149525 0.930444
vt 0.149446 0.904945
vt 0.153096 0.904914
vt 0.153242 0.942427
vt 0.150381 0.943078
vt 0.153360 0.875084
vt 0.148688 0.874979
vt 0.148358 0.847114
vt 0.153663 0.847157
vt 0.147683 0.818617
vt 0.154028 0.818607
vt 0.154225 0.793248
vt 0.147270 0.766145
vt 0.147503 0.737005
vt 0.154582 0.736927
vt 0.154351 0.766181
vt 0.147649 0.793264
vt 0.147737 0.705426
vt 0.154812 0.705311
vt 0.147936 0.674625
vt 0.155011 0.674569
vt 0.147322 0.642328
vt 0.155200 0.642379
vt 0.147593 0.580519
vt 0.155469 0.580556
vt 0.155346 0.612195
vt 0.147467 0.612214
vt 0.147682 0.527743
vt 0.155625 0.527750
vt 0.155559 0.553415
vt 0.147681 0.553421
vt 0.147717 0.499507
vt 0.147725 0.469558
vt 0.155664 0.469685
vt 0.155659 0.499481
vt 0.147855 0.441867
vt 0.155683 0.441912
vt 0.147846 0.412316
vt 0.155671 0.412609
vt 0.155544 0.356537
vt 0.155614 0.382832
vt 0.147787 0.382759
vt 0.147719 0.356507
vt 0.147776 0.296780
vt 0.147630 0.268341
vt 0.155173 0.268401
vt 0.155317 0.296878
vt 0.147413 0.237709
vt 0.147174 0.210410
vt 0.154757 0.210509
vt 0.154994 0.237803
vt 0.147474 0.181500
vt 0.154522 0.181592
vt 0.154156 0.124540
vt 0.147698 0.125095
vt 0.148493 0.093643
vt 0.153878 0.093319
vt 0.154353 0.150261
vt 0.147383 0.151004
vt 0.154414 0.941937
vt 0.154917 0.951302
vt 0.151322 0.954080
vt 0.159285 0.964342
vt 0.156127 0.965923
vt 0.157190 0.957564
vt 0.164934 0.971416
vt 0.162321 0.973543
vt 0.172634 0.979328
vt 0.170199 0.982221
vt 0.184050 0.985721
vt 0.182118 0.989535
vt 0.197385 0.990117
vt 0.196513 0.993661
vt 0.210808 0.992050
vt 0.210596 0.995550
vt 0.226011 0.992140
vt 0.226474 0.995503
vt 0.241383 0.989234
vt 0.242887 0.992824
vt 0.254880 0.983446
vt 0.257080 0.987080
vt 0.266291 0.975633
vt 0.269540 0.979373
vt 0.273767 0.966386
vt 0.278437 0.970275
vt 0.277290 0.956998
vt 0.283679 0.959671
vt 0.279433 0.949716
vt 0.286226 0.951661
vt 0.280598 0.942215
vt 0.288082 0.943412
vt 0.155620 0.950616
vt 0.157818 0.957416
vt 0.161737 0.964054
vt 0.160204 0.963961
vt 0.165550 0.970807
vt 0.166293 0.969947
vt 0.184763 0.984737
vt 0.173760 0.978146
vt 0.197793 0.989029
vt 0.210835 0.990861
vt 0.225818 0.990917
vt 0.225654 0.989449
vt 0.240026 0.986647
vt 0.240765 0.987952
vt 0.210764 0.989684
vt 0.198039 0.987968
vt 0.185291 0.983752
vt 0.174293 0.977518
vt 0.169400 0.964162
vt 0.161315 0.956020
vt 0.165643 0.950899
vt 0.172645 0.957299
vt 0.160073 0.948661
vt 0.162899 0.946158
vt 0.166344 0.942546
vt 0.169474 0.944818
vt 0.160124 0.939694
vt 0.164454 0.939146
vt 0.168696 0.939775
vt 0.176804 0.941299
vt 0.193146 0.944811
vt 0.185215 0.943123
vt 0.183877 0.950982
vt 0.175455 0.947519
vt 0.181138 0.963064
vt 0.178057 0.971422
vt 0.212775 0.946003
vt 0.202329 0.945440
vt 0.202843 0.955464
vt 0.192811 0.953729
vt 0.201484 0.970803
vt 0.190926 0.967540
vt 0.200309 0.980863
vt 0.188058 0.976931
vt 0.223304 0.945999
vt 0.233722 0.945350
vt 0.243848 0.944136
vt 0.244953 0.952596
vt 0.234480 0.955031
vt 0.253526 0.942431
vt 0.254749 0.949285
vt 0.257349 0.960073
vt 0.247189 0.965707
vt 0.263783 0.945295
vt 0.266206 0.953043
vt 0.268212 0.957699
vt 0.260376 0.967624
vt 0.272331 0.945241
vt 0.271029 0.951323
vt 0.275823 0.956752
vt 0.277967 0.949570
vt 0.279200 0.941983
vt 0.271809 0.941078
vt 0.262697 0.940389
vt 0.271716 0.963624
vt 0.264180 0.973247
vt 0.253112 0.981252
vt 0.249785 0.974749
vt 0.237743 0.979726
vt 0.224741 0.982329
vt 0.211366 0.982555
vt 0.272507 0.965176
vt 0.265115 0.974469
vt 0.253945 0.982334
vt 0.224081 0.971920
vt 0.235991 0.969758
vt 0.223557 0.956331
vt 0.211896 0.972081
vt 0.212456 0.956403
vt 0.281126 0.933792
vt 0.288336 0.933819
vt 0.281628 0.067971
vt 0.284144 0.068316
vt 0.284606 0.091536
vt 0.282006 0.091556
vt 0.282252 0.119046
vt 0.284949 0.119208
vt 0.285196 0.148473
vt 0.282503 0.148495
vt 0.285231 0.179284
vt 0.282778 0.179339
vt 0.282990 0.209746
vt 0.285929 0.209668
vt 0.286534 0.237032
vt 0.283136 0.237126
vt 0.286861 0.296285
vt 0.286980 0.325304
vt 0.283577 0.325462
vt 0.283452 0.296303
vt 0.287078 0.355899
vt 0.287189 0.382419
vt 0.283759 0.382456
vt 0.283681 0.355891
vt 0.287445 0.412076
vt 0.287634 0.441571
vt 0.283836 0.441877
vt 0.283818 0.412212
vt 0.287843 0.469525
vt 0.283836 0.469540
vt 0.287705 0.499445
vt 0.283809 0.499611
vt 0.283696 0.553473
vt 0.283760 0.527798
vt 0.287978 0.527771
vt 0.287931 0.553465
vt 0.283614 0.580785
vt 0.287807 0.580805
vt 0.283486 0.612434
vt 0.288291 0.612424
vt 0.283337 0.642946
vt 0.288430 0.642855
vt 0.288577 0.675187
vt 0.283148 0.675153
vt 0.288752 0.737551
vt 0.282718 0.737434
vt 0.282943 0.705943
vt 0.288777 0.706028
vt 0.289472 0.793772
vt 0.282324 0.793806
vt 0.282544 0.766844
vt 0.289101 0.766812
vt 0.281226 0.903252
vt 0.288755 0.903208
vt 0.281914 0.874265
vt 0.288928 0.875369
vt 0.288967 0.848674
vt 0.282004 0.848551
vt 0.282052 0.819449
vt 0.289550 0.819446
vt 0.283313 0.267985
vt 0.155446 0.327491
vt 0.170120 0.119847
vt 0.173775 0.131048
vt 0.179800 0.141238
vt 0.242735 0.069250
vt 0.147869 0.327351
vt 0.286716 0.267943
vt 0.100036 0.207020
vt 0.099975 0.236096
vt 0.048616 0.236254
vt 0.048631 0.207031
vt 0.048678 0.175656
vt 0.048117 0.147376
vt 0.073815 0.147205
vt 0.100026 0.175680
vt 0.048594 0.266679
vt 0.099938 0.266548
vt 0.048561 0.323687
vt 0.048575 0.294129
vt 0.099919 0.294345
vt 0.099905 0.323541
vt 0.048561 0.354778
vt 0.099890 0.354367
vt 0.048562 0.412601
vt 0.048396 0.382300
vt 0.099884 0.383051
vt 0.099885 0.412073
vt 0.048641 0.531334
vt 0.048606 0.502490
vt 0.099890 0.502013
vt 0.099967 0.529265
vt 0.100004 0.558381
vt 0.048677 0.558878
vt 0.100180 0.647314
vt 0.100258 0.677995
vt 0.048924 0.679590
vt 0.048843 0.646640
vt 0.100052 0.587179
vt 0.048960 0.586834
vt 0.100110 0.616856
vt 0.050231 0.616610
vt 0.049214 0.771461
vt 0.049106 0.741642
vt 0.100446 0.741453
vt 0.100619 0.771287
vt 0.100709 0.798430
vt 0.049299 0.799291
vt 0.101025 0.881123
vt 0.101178 0.909348
vt 0.049835 0.910452
vt 0.049689 0.881284
vt 0.100776 0.824894
vt 0.049424 0.826826
vt 0.100351 0.711593
vt 0.049011 0.711330
vt 0.048587 0.471057
vt 0.048572 0.442760
vt 0.099894 0.441002
vt 0.099896 0.470180
vt 0.049565 0.854612
vt 0.100901 0.853265
vt 0.075187 0.943003
vt 0.049337 0.936158
vt 0.102243 0.940118
vt 0.045436 0.236280
vt 0.045446 0.207121
vt 0.045502 0.175350
vt 0.045117 0.147329
vt 0.045416 0.265927
vt 0.045389 0.323641
vt 0.045397 0.294016
vt 0.045391 0.354755
vt 0.045394 0.412432
vt 0.045455 0.382324
vt 0.045513 0.559085
vt 0.045476 0.531090
vt 0.045753 0.679697
vt 0.045678 0.646820
vt 0.045585 0.586851
vt 0.046126 0.616266
vt 0.046118 0.799450
vt 0.046037 0.771779
vt 0.046659 0.910394
vt 0.046514 0.881307
vt 0.046244 0.826990
vt 0.045836 0.711509
vt 0.045407 0.442666
vt 0.045423 0.471066
vt 0.045928 0.741598
vt 0.046388 0.854519
vt 0.046807 0.936403
vt 0.045442 0.502181
vt 0.009610 0.235080
vt 0.009426 0.206771
vt 0.009260 0.176252
vt 0.009497 0.146111
vt 0.009559 0.266489
vt 0.009408 0.324689
vt 0.009605 0.295331
vt 0.009410 0.355497
vt 0.010174 0.412759
vt 0.009620 0.382739
vt 0.010192 0.556728
vt 0.009524 0.530146
vt 0.010906 0.680038
vt 0.011240 0.647410
vt 0.010770 0.584456
vt 0.010941 0.616382
vt 0.010452 0.799470
vt 0.010659 0.772185
vt 0.010695 0.908776
vt 0.010559 0.880939
vt 0.010285 0.825508
vt 0.010331 0.711052
vt 0.010000 0.442918
vt 0.010017 0.471440
vt 0.010882 0.743005
vt 0.010439 0.854814
vt 0.010217 0.936993
vt 0.009828 0.501525
vt 0.103059 0.207111
vt 0.103005 0.236051
vt 0.100056 0.147449
vt 0.103086 0.147164
vt 0.103055 0.175843
vt 0.102962 0.266550
vt 0.102943 0.294291
vt 0.102929 0.323373
vt 0.102920 0.354620
vt 0.102915 0.383166
vt 0.102916 0.411914
vt 0.102916 0.501565
vt 0.102989 0.529153
vt 0.103199 0.647003
vt 0.103283 0.678326
vt 0.103027 0.558273
vt 0.103075 0.587326
vt 0.103483 0.741593
vt 0.103639 0.771451
vt 0.104055 0.881242
vt 0.104196 0.909546
vt 0.103732 0.798670
vt 0.102925 0.441120
vt 0.102921 0.470121
vt 0.103132 0.616742
vt 0.103390 0.711959
vt 0.103799 0.825145
vt 0.103924 0.853377
vt 0.104952 0.939978
vt 0.139691 0.207264
vt 0.139649 0.235296
vt 0.139682 0.147658
vt 0.139670 0.177288
vt 0.139597 0.266523
vt 0.139585 0.295276
vt 0.139576 0.325938
vt 0.139572 0.355535
vt 0.139576 0.382653
vt 0.139584 0.412202
vt 0.139872 0.504472
vt 0.139661 0.530539
vt 0.139884 0.647040
vt 0.139992 0.679926
vt 0.139709 0.559104
vt 0.139759 0.588206
vt 0.140144 0.741863
vt 0.140216 0.771331
vt 0.140731 0.881995
vt 0.140873 0.911169
vt 0.140338 0.799493
vt 0.139597 0.442124
vt 0.139804 0.471115
vt 0.139816 0.617583
vt 0.140095 0.711894
vt 0.140477 0.825202
vt 0.140601 0.853519
vt 0.140807 0.935747
vt 0.044677 0.120566
vt 0.047700 0.120888
vt 0.009518 0.117161
vt 0.100092 0.121291
vt 0.103112 0.121485
vt 0.139700 0.120514
vt 0.103117 0.100361
vt 0.139730 0.089705
vt 0.103377 0.081381
vt 0.139414 0.064613
vt 0.044677 0.097480
vt 0.009275 0.088406
vt 0.008587 0.064871
vt 0.045092 0.065822
vt 0.044698 0.080124
vt 0.009679 0.052812
vt 0.045470 0.057874
vt 0.012818 0.041750
vt 0.046045 0.049622
vt 0.017185 0.031900
vt 0.047242 0.043790
vt 0.025386 0.025696
vt 0.050634 0.037449
vt 0.033943 0.019889
vt 0.043690 0.015485
vt 0.055828 0.032933
vt 0.061473 0.030248
vt 0.054801 0.012212
vt 0.067911 0.028894
vt 0.066850 0.010741
vt 0.078047 0.010742
vt 0.076732 0.028817
vt 0.090568 0.011523
vt 0.082878 0.029480
vt 0.102403 0.014539
vt 0.088791 0.031271
vt 0.112417 0.018415
vt 0.093994 0.034116
vt 0.120315 0.023221
vt 0.097824 0.037749
vt 0.126906 0.028959
vt 0.100454 0.041789
vt 0.132808 0.037125
vt 0.101835 0.046390
vt 0.136418 0.044780
vt 0.102623 0.051088
vt 0.103214 0.057853
vt 0.138374 0.053709
vt 0.103444 0.065496
vt 0.100127 0.099793
vt 0.100154 0.081519
vt 0.100628 0.065476
vt 0.047614 0.097839
vt 0.047517 0.080523
vt 0.047632 0.065916
vt 0.047906 0.058065
vt 0.048893 0.050332
vt 0.050139 0.044666
vt 0.053388 0.038884
vt 0.057879 0.035154
vt 0.062797 0.032840
vt 0.068514 0.031487
vt 0.076663 0.031104
vt 0.082308 0.031636
vt 0.087376 0.033181
vt 0.091942 0.035762
vt 0.095423 0.038805
vt 0.097979 0.042436
vt 0.099406 0.046790
vt 0.100274 0.057632
vt 0.099813 0.051217
vt 0.061561 0.075733
vt 0.067182 0.072800
vt 0.074530 0.047889
vt 0.080882 0.072803
vt 0.091216 0.085528
vt 0.090352 0.080229
vt 0.086685 0.075749
vt 0.057940 0.080035
vt 0.056517 0.085300
vt 0.056600 0.107602
vt 0.091250 0.108278
vt 0.073493 0.071779
vt 0.061646 0.116852
vt 0.073757 0.120458
vt 0.083666 0.119136
vt 0.086970 0.116800
vt 0.090225 0.112959
vt 0.058105 0.112732
vt 0.067085 0.119679
vt 0.090249 0.085566
vt 0.089498 0.080814
vt 0.085932 0.076918
vt 0.080775 0.074485
vt 0.062425 0.077111
vt 0.059072 0.080878
vt 0.057512 0.086106
vt 0.057685 0.107779
vt 0.074573 0.073523
vt 0.067280 0.074598
vt 0.086472 0.116089
vt 0.089322 0.112374
vt 0.083258 0.118272
vt 0.058989 0.112464
vt 0.062219 0.116222
vt 0.090406 0.108455
vt 0.067349 0.118839
vt 0.073758 0.119690
vt 0.085331 0.084047
vt 0.084720 0.081740
vt 0.085556 0.109778
vt 0.080486 0.078482
vt 0.083018 0.079790
vt 0.063562 0.081800
vt 0.065260 0.079831
vt 0.062963 0.084107
vt 0.062818 0.110099
vt 0.075348 0.077814
vt 0.070768 0.078030
vt 0.084488 0.113067
vt 0.081566 0.115268
vt 0.077568 0.116057
vt 0.063901 0.113097
vt 0.066826 0.115288
vt 0.072334 0.116355
vt 0.003829 0.235062
vt 0.003529 0.206965
vt 0.003709 0.176279
vt 0.003718 0.145520
vt 0.003787 0.266249
vt 0.003733 0.324590
vt 0.004015 0.294928
vt 0.003740 0.355647
vt 0.004006 0.412965
vt 0.003828 0.382695
vt 0.003959 0.556503
vt 0.003788 0.530035
vt 0.004418 0.680158
vt 0.004453 0.647538
vt 0.004201 0.584212
vt 0.004418 0.616243
vt 0.004728 0.799549
vt 0.004732 0.772585
vt 0.004934 0.908790
vt 0.004801 0.881155
vt 0.004808 0.825466
vt 0.004445 0.711050
vt 0.003953 0.442971
vt 0.003957 0.471417
vt 0.004645 0.743203
vt 0.004771 0.854755
vt 0.004910 0.937733
vt 0.003857 0.501625
vt 0.145698 0.207256
vt 0.145660 0.234993
vt 0.145699 0.147580
vt 0.145678 0.177491
vt 0.145660 0.266278
vt 0.145650 0.295247
vt 0.145642 0.326300
vt 0.145641 0.355742
vt 0.145652 0.382625
vt 0.145660 0.412660
vt 0.145668 0.504788
vt 0.145189 0.530754
vt 0.145410 0.647001
vt 0.145526 0.680170
vt 0.145231 0.559098
vt 0.145282 0.588376
vt 0.145659 0.741770
vt 0.145709 0.771398
vt 0.146260 0.881916
vt 0.146097 0.911443
vt 0.145839 0.799432
vt 0.145675 0.442072
vt 0.145663 0.471116
vt 0.145341 0.617629
vt 0.145630 0.711903
vt 0.146009 0.825237
vt 0.146132 0.853736
vt 0.146243 0.935398
vt 0.003746 0.116561
vt 0.145717 0.120330
vt 0.145743 0.088561
vt 0.145180 0.064572
vt 0.003531 0.088383
vt 0.003708 0.064659
vt 0.004643 0.051818
vt 0.007833 0.039083
vt 0.012506 0.028802
vt 0.020042 0.021544
vt 0.029384 0.014429
vt 0.039761 0.009903
vt 0.052525 0.006490
vt 0.065468 0.004863
vt 0.077781 0.004432
vt 0.092100 0.005787
vt 0.104827 0.008213
vt 0.116069 0.012965
vt 0.125083 0.018465
vt 0.132646 0.025557
vt 0.138582 0.034263
vt 0.142025 0.042587
vt 0.144477 0.052741
vt 0.139609 0.949163
vt 0.105195 0.945596
vt 0.136821 0.958091
vt 0.104868 0.952736
vt 0.132268 0.966913
vt 0.102845 0.958247
vt 0.125602 0.974409
vt 0.116744 0.980538
vt 0.100061 0.962513
vt 0.092972 0.967189
vt 0.104584 0.985510
vt 0.093374 0.988479
vt 0.086496 0.969764
vt 0.078738 0.971006
vt 0.080464 0.990050
vt 0.066075 0.989485
vt 0.069815 0.970981
vt 0.063837 0.969532
vt 0.050613 0.986595
vt 0.059319 0.967932
vt 0.037649 0.982081
vt 0.054862 0.964985
vt 0.027110 0.975706
vt 0.051045 0.960791
vt 0.019348 0.967989
vt 0.049137 0.956077
vt 0.014809 0.959542
vt 0.047691 0.951091
vt 0.012387 0.951731
vt 0.047157 0.945342
vt 0.102051 0.945266
vt 0.101921 0.952237
vt 0.100326 0.957374
vt 0.097859 0.961048
vt 0.091846 0.965261
vt 0.085664 0.967674
vt 0.078645 0.968984
vt 0.070324 0.968869
vt 0.064977 0.967614
vt 0.060486 0.965904
vt 0.056572 0.963688
vt 0.053184 0.959810
vt 0.051104 0.955476
vt 0.049963 0.950670
vt 0.049330 0.945204
vt 0.144838 0.950097
vt 0.142313 0.959115
vt 0.137311 0.968753
vt 0.130879 0.977197
vt 0.120399 0.984365
vt 0.108347 0.990769
vt 0.095738 0.994331
vt 0.081467 0.995792
vt 0.064818 0.995827
vt 0.047944 0.992583
vt 0.033567 0.987169
vt 0.022566 0.980140
vt 0.014916 0.970725
vt 0.009872 0.961505
vt 0.007222 0.953598
vt 0.082541 0.084436
vt 0.082239 0.082961
vt 0.082892 0.109122
vt 0.081181 0.081918
vt 0.079363 0.080988
vt 0.067159 0.082259
vt 0.066211 0.083162
vt 0.065808 0.084819
vt 0.075409 0.080698
vt 0.071305 0.080908
vt 0.065673 0.109510
vt 0.080132 0.112569
vt 0.082100 0.110604
vt 0.077290 0.112892
vt 0.066547 0.111130
vt 0.068180 0.112452
vt 0.072669 0.113393
vt 0.290925 0.679217
vt 0.295088 0.679392
vt 0.295088 0.694110
vt 0.290925 0.693734
vt 0.290925 0.645676
vt 0.295088 0.645077
vt 0.295088 0.664089
vt 0.290925 0.663862
vt 0.295088 0.713013
vt 0.290925 0.712591
vt 0.290925 0.725145
vt 0.295088 0.725746
vt 0.295088 0.740515
vt 0.290925 0.740020
vt 0.295088 0.753985
vt 0.290925 0.753388
vt 0.290925 0.764835
vt 0.295088 0.764947
vt 0.295088 0.777459
vt 0.290925 0.777524
vt 0.290925 0.827423
vt 0.295088 0.827298
vt 0.295088 0.839598
vt 0.290925 0.839126
vt 0.290925 0.881734
vt 0.295088 0.881834
vt 0.295088 0.895217
vt 0.290925 0.895118
vt 0.295088 0.853948
vt 0.290925 0.854325
vt 0.295088 0.867870
vt 0.290925 0.867940
vt 0.290925 0.934030
vt 0.295088 0.933673
vt 0.295088 0.945055
vt 0.290925 0.944960
vt 0.290925 0.977871
vt 0.295088 0.977780
vt 0.295088 0.988483
vt 0.290925 0.988515
vt 0.295088 0.955780
vt 0.290925 0.955904
vt 0.295088 0.908427
vt 0.290925 0.908609
vt 0.295088 0.790197
vt 0.290925 0.789808
vt 0.295088 0.802739
vt 0.290925 0.802413
vt 0.295088 0.921614
vt 0.290925 0.921597
vt 0.295088 0.966564
vt 0.290925 0.966439
vt 0.291129 0.096575
vt 0.294726 0.096872
vt 0.294726 0.102055
vt 0.291129 0.101849
vt 0.295088 0.814753
vt 0.290925 0.814963
vt 0.294956 0.243647
vt 0.291171 0.243622
vt 0.291171 0.226947
vt 0.294956 0.227029
vt 0.294956 0.209362
vt 0.291171 0.209069
vt 0.291171 0.191235
vt 0.294956 0.190329
vt 0.294956 0.258732
vt 0.291171 0.258692
vt 0.294956 0.284768
vt 0.291171 0.284505
vt 0.291171 0.271581
vt 0.294956 0.271352
vt 0.294956 0.298079
vt 0.291171 0.297796
vt 0.294956 0.324867
vt 0.291171 0.324212
vt 0.291171 0.310467
vt 0.294956 0.310661
vt 0.294956 0.376582
vt 0.291171 0.376797
vt 0.291171 0.364977
vt 0.294956 0.363586
vt 0.294956 0.449305
vt 0.291171 0.449162
vt 0.291171 0.434922
vt 0.294956 0.435251
vt 0.294956 0.390028
vt 0.291170 0.390094
vt 0.294956 0.404721
vt 0.291170 0.404996
vt 0.294956 0.489156
vt 0.291171 0.489774
vt 0.291171 0.476908
vt 0.294956 0.476815
vt 0.294956 0.546445
vt 0.291171 0.546608
vt 0.291171 0.536835
vt 0.294956 0.537059
vt 0.294956 0.504020
vt 0.291171 0.504128
vt 0.294956 0.350506
vt 0.291171 0.350600
vt 0.291171 0.336998
vt 0.294956 0.337205
vt 0.294956 0.419594
vt 0.291171 0.419822
vt 0.294956 0.464162
vt 0.291171 0.463188
vt 0.294956 0.525466
vt 0.291171 0.525736
vt 0.291171 0.513596
vt 0.294956 0.514201
vt 0.291129 0.168660
vt 0.294726 0.168756
vt 0.294726 0.171450
vt 0.291129 0.171441
vt 0.290925 0.625011
vt 0.295088 0.624716
vt 0.291171 0.173147
vt 0.294956 0.172664
vt 0.291129 0.004081
vt 0.294726 0.004196
vt 0.294726 0.010589
vt 0.291129 0.010716
vt 0.294726 0.016865
vt 0.291129 0.016801
vt 0.295088 0.609073
vt 0.290925 0.608945
vt 0.290925 0.587959
vt 0.295088 0.587826
vt 0.290925 0.568943
vt 0.295088 0.568495
vt 0.290925 0.549639
vt 0.295088 0.548283
vt 0.291129 0.090804
vt 0.294726 0.090484
vt 0.294726 0.095289
vt 0.291129 0.095354
vt 0.291129 0.086443
vt 0.294726 0.086430
vt 0.291129 0.082213
vt 0.294726 0.081937
vt 0.291129 0.077480
vt 0.294726 0.077210
vt 0.291129 0.072121
vt 0.294726 0.072035
vt 0.291129 0.066671
vt 0.294726 0.066649
vt 0.291129 0.061759
vt 0.294726 0.061759
vt 0.291129 0.056301
vt 0.294726 0.056426
vt 0.291129 0.051612
vt 0.294726 0.051628
vt 0.291129 0.046999
vt 0.294726 0.047093
vt 0.291129 0.042309
vt 0.294726 0.042249
vt 0.291129 0.037209
vt 0.294726 0.037016
vt 0.291129 0.031554
vt 0.294726 0.032036
vt 0.291129 0.026804
vt 0.294726 0.027072
vt 0.294726 0.021970
vt 0.291129 0.021590
vt 0.291129 0.166177
vt 0.294726 0.166206
vt 0.291129 0.163782
vt 0.294726 0.163925
vt 0.291129 0.161039
vt 0.294726 0.160751
vt 0.291129 0.157815
vt 0.294726 0.158107
vt 0.291129 0.154448
vt 0.294726 0.154833
vt 0.291129 0.150708
vt 0.294726 0.151222
vt 0.291129 0.146259
vt 0.294726 0.146363
vt 0.291129 0.141923
vt 0.294726 0.142431
vt 0.291129 0.137638
vt 0.294726 0.137775
vt 0.291129 0.132637
vt 0.294726 0.132333
vt 0.291129 0.126932
vt 0.294726 0.127267
vt 0.291129 0.121152
vt 0.294726 0.121667
vt 0.291129 0.116166
vt 0.294726 0.116482
vt 0.291129 0.111411
vt 0.294726 0.111475
vt 0.291129 0.107155
vt 0.294726 0.107328
vt 0.244787 0.127432
vt 0.241467 0.128195
vt 0.223865 0.114117
vt 0.203501 0.128205
vt 0.249523 0.122015
vt 0.247616 0.125262
vt 0.245082 0.100186
vt 0.247863 0.102389
vt 0.241779 0.099383
vt 0.250544 0.115403
vt 0.250316 0.109501
vt 0.203818 0.098930
vt 0.199067 0.126799
vt 0.195851 0.123010
vt 0.194715 0.117854
vt 0.196057 0.104034
vt 0.199354 0.100283
vt 0.194346 0.111113
vt 0.170148 0.098836
vt 0.175599 0.100288
vt 0.168844 0.108535
vt 0.174685 0.108485
vt 0.170428 0.119871
vt 0.175989 0.119017
vt 0.174370 0.130956
vt 0.179943 0.129805
vt 0.173466 0.089961
vt 0.179135 0.092790
vt 0.178941 0.081886
vt 0.184474 0.084247
vt 0.186517 0.075221
vt 0.189298 0.079135
vt 0.197253 0.075629
vt 0.195570 0.070425
vt 0.206038 0.067125
vt 0.212378 0.071597
vt 0.230962 0.072488
vt 0.216889 0.065599
vt 0.225051 0.065928
vt 0.242404 0.069916
vt 0.244358 0.077574
vt 0.257014 0.079080
vt 0.256594 0.086611
vt 0.267712 0.092122
vt 0.262534 0.099271
vt 0.271276 0.110731
vt 0.265783 0.111327
vt 0.264363 0.124583
vt 0.269037 0.128126
vt 0.256544 0.141254
vt 0.260961 0.143812
vt 0.254587 0.150160
vt 0.246813 0.155191
vt 0.249775 0.146829
vt 0.237935 0.158636
vt 0.238367 0.152621
vt 0.228480 0.160364
vt 0.226180 0.154778
vt 0.218902 0.160397
vt 0.208429 0.152825
vt 0.208260 0.158760
vt 0.197404 0.154816
vt 0.199567 0.149562
vt 0.188093 0.148759
vt 0.191648 0.143362
vt 0.180199 0.140742
vt -1.658420 2.678880
vt -1.658626 2.750722
vt -1.803034 2.790131
vt -1.807899 2.720345
vt -0.188386 2.248086
vt 0.000932 2.244976
vt 0.000920 2.314346
vt -0.187946 2.317205
vt -0.308344 2.295903
vt -0.400052 2.350170
vt -0.401217 2.281718
vt -0.631579 2.411515
vt -0.633709 2.343927
vt -0.877819 2.425624
vt -0.874494 2.492514
vt -0.926897 2.477872
vt -1.122689 2.581626
vt -1.127398 2.514979
vt -1.369393 2.667417
vt -1.375462 2.600387
vt -1.236173 2.577026
vt -1.618687 2.702427
vt -2.198915 2.849776
vt -2.202282 2.777628
vt -2.579431 2.860123
vt -2.581586 2.786942
vt -2.946002 2.856781
vt -2.946928 2.783763
vt -3.297167 2.882508
vt -3.297174 2.810195
vt -2.969512 17.636650
vt -3.312725 17.719158
vt -3.312717 17.632601
vt -2.971351 17.551991
vt -2.605095 17.466778
vt -2.587449 17.440945
vt -2.380963 17.471571
vt -2.583654 17.523119
vt -2.385769 17.390736
vt -2.173281 17.434870
vt -2.179044 17.355255
vt -1.962242 17.420195
vt -1.968930 17.341597
vt -1.757379 17.353649
vt -1.749847 17.431467
vt -1.543981 17.391766
vt -1.536040 17.468992
vt -1.312502 17.460217
vt -1.304467 17.536993
vt -1.483473 17.466778
vt -1.066892 17.559954
vt -1.059353 17.636368
vt -0.830068 17.676399
vt -0.823508 17.752462
vt -0.601536 17.799278
vt -0.596302 17.875010
vt -0.380498 17.917671
vt -0.377090 17.992992
vt -0.178424 18.015314
vt -0.176855 18.090405
vt 0.000528 18.084873
vt 0.000519 18.160051
vt 0.212759 0.880143
vt 0.200117 0.868483
vt 0.204660 0.863088
vt 0.217821 0.874092
vt 0.230053 0.886292
vt 0.224758 0.891298
vt 0.197519 0.866131
vt 0.201539 0.860922
vt 0.224435 0.906681
vt 0.220892 0.903560
vt 0.224109 0.899755
vt 0.227382 0.903767
vt 0.230261 0.906391
vt 0.227344 0.909391
vt 0.234656 0.909165
vt 0.230863 0.912814
vt 0.239140 0.911291
vt 0.234228 0.915883
vt 0.195141 0.858198
vt 0.198126 0.859213
vt 0.194705 0.863854
vt 0.192314 0.862045
vt 0.208030 0.880736
vt 0.202380 0.886966
vt 0.183886 0.870380
vt 0.190230 0.862890
vt 0.229153 0.895194
vt 0.233659 0.890106
vt 0.235287 0.891682
vt 0.230916 0.896963
vt 0.237807 0.893871
vt 0.233504 0.899066
vt 0.240421 0.896021
vt 0.236189 0.901343
vt 0.243024 0.898197
vt 0.238428 0.902730
vt 0.245859 0.900759
vt 0.241162 0.905755
vt 0.248362 0.903186
vt 0.243518 0.908166
vt 0.743722 0.444109
vt 0.751068 0.405732
vt 0.762640 0.403162
vt 0.757643 0.440393
vt 0.732595 0.447417
vt 0.740385 0.407354
vt 0.721900 0.448830
vt 0.730458 0.407350
vt 0.710729 0.448793
vt 0.720753 0.406285
vt 0.601056 0.420883
vt 0.615124 0.421551
vt 0.606212 0.433479
vt 0.599218 0.430732
vt 0.612315 0.437550
vt 0.700616 0.400933
vt 0.689363 0.442286
vt 0.677065 0.435863
vt 0.688187 0.396250
vt 0.711909 0.404818
vt 0.700733 0.446761
vt 0.848169 0.447668
vt 0.832780 0.446224
vt 0.828053 0.426494
vt 0.847831 0.422800
vt 0.816725 0.446844
vt 0.811032 0.429540
vt 0.792274 0.449371
vt 0.789891 0.433810
vt 0.788648 0.434042
vt 0.790856 0.449599
vt 0.768482 0.454482
vt 0.770792 0.437180
vt 0.752819 0.459776
vt 0.735935 0.467950
vt 0.725531 0.470040
vt 0.715841 0.472084
vt 0.700748 0.475138
vt 0.665143 0.464819
vt 0.651929 0.454745
vt 0.664063 0.427800
vt 0.676275 0.471186
vt 0.689473 0.474160
vt 0.891543 0.441938
vt 0.902469 0.440889
vt 0.905747 0.451600
vt 0.892088 0.453654
vt 0.655277 0.486792
vt 0.644309 0.476117
vt 0.666768 0.492352
vt 0.679592 0.494432
vt 0.693211 0.492835
vt 0.710689 0.484105
vt 0.628459 0.453999
vt 0.621618 0.445454
vt 0.627896 0.427108
vt 0.639153 0.440678
vt 0.722704 0.476255
vt 0.870516 0.452150
vt 0.860109 0.449988
vt 0.863797 0.431046
vt 0.870989 0.436622
vt 0.876539 0.439473
vt 0.880575 0.453309
vt 0.918691 0.448315
vt 0.915979 0.436963
vt 0.859440 0.426290
vt 0.855289 0.420366
vt 0.773586 0.400806
vt 0.831385 0.389308
vt 0.819178 0.392647
vt 0.823647 0.354921
vt 0.812996 0.357285
vt 0.819120 0.324401
vt 0.809755 0.325389
vt 0.815658 0.286237
vt 0.807304 0.287336
vt 0.814348 0.251741
vt 0.805655 0.252038
vt 0.813670 0.213326
vt 0.804436 0.214153
vt 0.812661 0.180564
vt 0.803555 0.181067
vt 0.812110 0.146060
vt 0.802402 0.147337
vt 0.811390 0.120713
vt 0.801331 0.121217
vt 0.811212 0.101088
vt 0.799904 0.102651
vt 0.804586 0.396213
vt 0.800300 0.359890
vt 0.798410 0.326513
vt 0.796695 0.288278
vt 0.795775 0.252294
vt 0.794779 0.214238
vt 0.793639 0.181425
vt 0.792977 0.148374
vt 0.791509 0.122619
vt 0.790349 0.103584
vt 0.787485 0.398982
vt 0.786721 0.362389
vt 0.786666 0.326867
vt 0.786369 0.289187
vt 0.786018 0.252324
vt 0.785548 0.214159
vt 0.785156 0.181942
vt 0.784513 0.149000
vt 0.783682 0.122431
vt 0.783227 0.104167
vt 0.775254 0.364395
vt 0.785829 0.362550
vt 0.786466 0.399131
vt 0.775788 0.327931
vt 0.785827 0.326922
vt 0.776625 0.289450
vt 0.785543 0.289234
vt 0.776824 0.251904
vt 0.785222 0.252311
vt 0.776781 0.214222
vt 0.784715 0.214172
vt 0.776202 0.182398
vt 0.784253 0.182005
vt 0.775426 0.148981
vt 0.783495 0.149030
vt 0.774560 0.121648
vt 0.782570 0.122339
vt 0.773599 0.104078
vt 0.782049 0.104202
vt 0.766015 0.365689
vt 0.767296 0.328877
vt 0.768053 0.289845
vt 0.768815 0.252229
vt 0.768343 0.214635
vt 0.767578 0.182821
vt 0.766904 0.148826
vt 0.765641 0.121288
vt 0.765571 0.103547
vt 0.847580 0.404158
vt 0.841953 0.386416
vt 0.834473 0.352246
vt 0.830319 0.323045
vt 0.826185 0.285873
vt 0.823784 0.250631
vt 0.822447 0.212763
vt 0.822682 0.179332
vt 0.822215 0.144452
vt 0.824304 0.156174
vt 0.822982 0.168605
vt 0.822647 0.119224
vt 0.849343 0.403008
vt 0.843640 0.386307
vt 0.862573 0.417928
vt 0.857000 0.419389
vt 0.852386 0.385389
vt 0.835987 0.351988
vt 0.844660 0.350236
vt 0.832008 0.322775
vt 0.841057 0.320683
vt 0.828013 0.285879
vt 0.837366 0.285694
vt 0.825933 0.250377
vt 0.835217 0.249299
vt 0.824699 0.212593
vt 0.833879 0.211824
vt 0.825119 0.179117
vt 0.832994 0.178690
vt 0.830944 0.142481
vt 0.827043 0.148033
vt 0.834195 0.119060
vt 0.834944 0.138607
vt 0.822302 0.098409
vt 0.835840 0.097028
vt 0.910168 0.323816
vt 0.909245 0.290523
vt 0.924997 0.291288
vt 0.925989 0.325049
vt 0.894510 0.322325
vt 0.892946 0.289506
vt 0.896530 0.417086
vt 0.884048 0.418563
vt 0.875606 0.384729
vt 0.888349 0.385156
vt 0.878988 0.320483
vt 0.877525 0.287996
vt 0.878520 0.247970
vt 0.894674 0.248051
vt 0.981718 0.252671
vt 0.978418 0.291817
vt 0.959582 0.291833
vt 0.963612 0.251912
vt 0.943730 0.291761
vt 0.946188 0.251062
vt 0.928356 0.250204
vt 0.912258 0.248906
vt 0.942813 0.325936
vt 0.959587 0.326619
vt 0.977871 0.326658
vt 0.973363 0.386257
vt 0.959394 0.386322
vt 0.959078 0.357735
vt 0.976124 0.358159
vt 0.945202 0.386910
vt 0.942363 0.357260
vt 0.932496 0.386643
vt 0.928088 0.357051
vt 0.898494 0.355634
vt 0.913677 0.356576
vt 0.918890 0.386771
vt 0.904193 0.385888
vt 0.882330 0.354015
vt 0.868497 0.351426
vt 0.863735 0.318957
vt 0.972564 0.405728
vt 0.960713 0.406059
vt 0.948166 0.406955
vt 0.936345 0.408291
vt 0.923306 0.410448
vt 0.910409 0.413168
vt 0.863590 0.384429
vt 0.871955 0.418124
vt 0.856597 0.350277
vt 0.851956 0.319075
vt 0.861873 0.286089
vt 0.861664 0.247357
vt 0.965566 0.210145
vt 0.982854 0.209748
vt 0.950882 0.210662
vt 0.932681 0.211124
vt 0.914341 0.211426
vt 0.896143 0.211115
vt 0.880608 0.211340
vt 0.862534 0.210820
vt 0.968242 0.173534
vt 0.985032 0.173564
vt 0.954079 0.174025
vt 0.937042 0.174590
vt 0.919337 0.175457
vt 0.900999 0.176263
vt 0.883198 0.177061
vt 0.863518 0.177209
vt 0.971036 0.140358
vt 0.985839 0.139732
vt 0.956910 0.140668
vt 0.941195 0.141051
vt 0.925243 0.141041
vt 0.905617 0.141033
vt 0.886929 0.141269
vt 0.865089 0.141616
vt 0.848967 0.286188
vt 0.847627 0.247879
vt 0.847444 0.210650
vt 0.847296 0.177637
vt 0.848157 0.142205
vt 0.836224 0.141052
vt 0.832646 0.145327
vt 0.754883 0.367990
vt 0.757297 0.328714
vt 0.758651 0.290146
vt 0.758699 0.254109
vt 0.758803 0.213601
vt 0.757864 0.183085
vt 0.756571 0.148132
vt 0.755367 0.120069
vt 0.754627 0.101625
vt 0.745334 0.370372
vt 0.748301 0.328505
vt 0.749831 0.290866
vt 0.749571 0.255354
vt 0.750449 0.213738
vt 0.749754 0.182981
vt 0.747362 0.147608
vt 0.744530 0.118074
vt 0.742910 0.097916
vt 0.735879 0.369310
vt 0.739182 0.328445
vt 0.740707 0.291590
vt 0.741659 0.255676
vt 0.740801 0.214963
vt 0.739973 0.184051
vt 0.736870 0.146624
vt 0.733374 0.116323
vt 0.730881 0.093606
vt 0.725878 0.368140
vt 0.730814 0.327130
vt 0.732266 0.292500
vt 0.732862 0.255803
vt 0.731749 0.215569
vt 0.730293 0.184096
vt 0.725726 0.145071
vt 0.722346 0.115158
vt 0.719802 0.091262
vt 0.594932 0.358159
vt 0.596679 0.326658
vt 0.615226 0.326538
vt 0.611834 0.357935
vt 0.988569 0.386702
vt 0.993026 0.357935
vt 0.926923 0.429937
vt 0.915373 0.434345
vt 0.962214 0.419403
vt 0.950766 0.421522
vt 0.972223 0.418624
vt 0.984919 0.405952
vt 0.597226 0.291817
vt 0.616137 0.292336
vt 0.647073 0.355958
vt 0.664525 0.353454
vt 0.661598 0.369500
vt 0.656911 0.386645
vt 0.638630 0.394101
vt 0.633144 0.326000
vt 0.634536 0.292351
vt 0.629587 0.356889
vt 0.607378 0.386702
vt 0.624406 0.389984
vt 0.618280 0.409066
vt 0.603727 0.405952
vt 0.973659 0.429298
vt 0.972281 0.420769
vt 0.982248 0.420883
vt 0.981291 0.430712
vt 0.629286 0.415737
vt 0.636557 0.412008
vt 0.650307 0.325195
vt 0.652589 0.291811
vt 0.634778 0.253025
vt 0.651873 0.252121
vt 0.667674 0.323017
vt 0.669250 0.291863
vt 0.667523 0.250544
vt 0.940072 0.424939
vt 0.600526 0.252671
vt 0.618110 0.252991
vt 0.601662 0.209748
vt 0.618039 0.209156
vt 0.603840 0.173564
vt 0.618463 0.173541
vt 0.604647 0.139732
vt 0.618423 0.139375
vt 0.633527 0.208473
vt 0.632637 0.173350
vt 0.631953 0.139522
vt 0.649637 0.208702
vt 0.647129 0.173627
vt 0.644911 0.139954
vt 0.665850 0.210057
vt 0.664557 0.176314
vt 0.657961 0.141480
vt 0.662227 0.150793
vt 0.663592 0.161582
vt 0.665500 0.150071
vt 0.661648 0.141619
vt 0.674409 0.140911
vt 0.680156 0.179478
vt 0.667785 0.176912
vt 0.666754 0.161337
vt 0.688792 0.141030
vt 0.693629 0.182092
vt 0.701646 0.142045
vt 0.706441 0.183331
vt 0.714878 0.143617
vt 0.719339 0.183756
vt 0.683980 0.212845
vt 0.669001 0.210445
vt 0.696419 0.214073
vt 0.708574 0.215065
vt 0.721201 0.216622
vt 0.685356 0.251327
vt 0.670554 0.250415
vt 0.698239 0.253273
vt 0.710919 0.254570
vt 0.722462 0.255385
vt 0.686353 0.291037
vt 0.672168 0.291601
vt 0.698637 0.291320
vt 0.710568 0.291948
vt 0.721956 0.292673
vt 0.685507 0.322919
vt 0.670557 0.322830
vt 0.697643 0.324098
vt 0.709816 0.324856
vt 0.720384 0.326109
vt 0.683380 0.358292
vt 0.667363 0.353621
vt 0.694822 0.361064
vt 0.706730 0.364215
vt 0.716873 0.366079
vt 0.677231 0.392129
vt 0.659586 0.386924
vt 0.664414 0.370059
vt 0.982599 0.418768
vt 0.901736 0.438205
vt 0.891340 0.439525
vt 0.876984 0.436972
vt 0.883508 0.439609
vt 0.871224 0.433907
vt 0.865178 0.429207
vt 0.615633 0.419154
vt 0.601407 0.418768
vt 0.623426 0.417955
vt 0.623999 0.419764
vt 0.971431 0.129480
vt 0.972884 0.114955
vt 0.986884 0.114527
vt 0.986229 0.130164
vt 0.986122 0.133091
vt 0.971243 0.132396
vt 0.958118 0.129009
vt 0.959251 0.115253
vt 0.957871 0.131928
vt 0.942880 0.128867
vt 0.945371 0.115177
vt 0.942381 0.131789
vt 0.907476 0.129306
vt 0.910138 0.114443
vt 0.929571 0.114783
vt 0.927460 0.128976
vt 0.926940 0.131908
vt 0.907036 0.132233
vt 0.888726 0.129401
vt 0.891236 0.114029
vt 0.888272 0.132326
vt 0.866194 0.129637
vt 0.867883 0.114474
vt 0.865916 0.132564
vt 0.848532 0.134965
vt 0.849625 0.115567
vt 0.848458 0.131779
vt 0.840057 0.134985
vt 0.842482 0.117726
vt 0.617927 0.114201
vt 0.618211 0.130731
vt 0.605037 0.130164
vt 0.605692 0.114527
vt 0.604930 0.133091
vt 0.618242 0.133661
vt 0.631033 0.113494
vt 0.631713 0.131097
vt 0.631808 0.134030
vt 0.643044 0.113106
vt 0.644380 0.132252
vt 0.644585 0.135222
vt 0.657157 0.112995
vt 0.658217 0.137982
vt 0.652091 0.134105
vt 0.650364 0.136729
vt 0.670344 0.112623
vt 0.684700 0.112292
vt 0.697996 0.112650
vt 0.710785 0.113667
vt 0.987473 0.090830
vt 0.974643 0.091578
vt 0.962536 0.091763
vt 0.949793 0.091594
vt 0.934955 0.091539
vt 0.916147 0.091328
vt 0.896164 0.091355
vt 0.872854 0.097399
vt 0.852811 0.088932
vt 0.858379 0.090869
vt 0.853748 0.103293
vt 0.845823 0.100786
vt 0.849144 0.086176
vt 0.862892 0.101786
vt 0.866005 0.090780
vt 0.618190 0.089589
vt 0.606281 0.090830
vt 0.630521 0.088508
vt 0.641028 0.087994
vt 0.653975 0.087320
vt 0.667674 0.086793
vt 0.681493 0.086593
vt 0.694851 0.087548
vt 0.703968 0.092626
vt 0.707849 0.094512
vt 0.712267 0.094176
vt 0.716812 0.093058
vt 0.988546 0.061069
vt 0.977082 0.061574
vt 0.966908 0.061791
vt 0.955153 0.061794
vt 0.942127 0.061807
vt 0.924625 0.061355
vt 0.905438 0.060833
vt 0.885270 0.065623
vt 0.882795 0.061086
vt 0.896306 0.051180
vt 0.873124 0.088215
vt 0.838310 0.074834
vt 0.846241 0.082198
vt 0.617998 0.060567
vt 0.607354 0.061069
vt 0.630015 0.060276
vt 0.638914 0.060326
vt 0.650751 0.060537
vt 0.664990 0.060989
vt 0.679086 0.061284
vt 0.691215 0.061204
vt 0.989162 0.023998
vt 0.980500 0.023635
vt 0.971997 0.023343
vt 0.962401 0.023287
vt 0.952627 0.022790
vt 0.940619 0.022235
vt 0.922705 0.021793
vt 0.876540 0.058155
vt 0.883128 0.045879
vt 0.870326 0.017566
vt 0.896760 0.020271
vt 0.843898 0.042291
vt 0.860885 0.057325
vt 0.854752 0.059170
vt 0.863763 0.042282
vt 0.851803 0.014442
vt 0.839915 0.059407
vt 0.617551 0.025361
vt 0.607970 0.023998
vt 0.628507 0.027726
vt 0.636378 0.029383
vt 0.648656 0.031879
vt 0.661463 0.033903
vt 0.675086 0.035626
vt 0.687512 0.036434
vt 0.697922 0.036221
vt 0.698993 0.060277
vt 0.703628 0.059360
vt 0.708975 0.033180
vt 0.709525 0.058246
vt 0.773627 0.097595
vt 0.781750 0.098710
vt 0.766039 0.094882
vt 0.758174 0.088451
vt 0.752631 0.082342
vt 0.741132 0.086200
vt 0.739931 0.077302
vt 0.747773 0.075355
vt 0.738835 0.068756
vt 0.745016 0.068143
vt 0.737934 0.059373
vt 0.744445 0.059743
vt 0.737865 0.049022
vt 0.745859 0.051268
vt 0.738996 0.036261
vt 0.749836 0.043556
vt 0.748494 0.014228
vt 0.757604 0.035620
vt 0.760964 0.010058
vt 0.767190 0.031008
vt 0.773062 0.007926
vt 0.776102 0.029882
vt 0.777081 0.007135
vt 0.788977 0.006324
vt 0.787827 0.030720
vt 0.779127 0.029759
vt 0.801916 0.006851
vt 0.799605 0.034722
vt 0.816393 0.008508
vt 0.810715 0.042580
vt 0.824887 0.045082
vt 0.815857 0.050391
vt 0.827682 0.058795
vt 0.819379 0.058479
vt 0.827447 0.068343
vt 0.819619 0.067112
vt 0.825093 0.078489
vt 0.817434 0.074621
vt 0.822793 0.086960
vt 0.812978 0.081416
vt 0.807241 0.087855
vt 0.799191 0.094336
vt 0.790058 0.097879
vt 0.782956 0.098739
vt 0.726758 0.059813
vt 0.724591 0.043623
vt 0.716355 0.060137
vt 0.729244 0.078951
vt 0.722187 0.079420
vt 0.718320 0.064609
vt 0.962400 0.421601
vt 0.965138 0.429332
vt 0.927545 0.432689
vt 0.930292 0.443813
vt 0.940488 0.427452
vt 0.951171 0.423794
vt 0.952889 0.432827
vt 0.941850 0.438357
vt 0.883330 0.441369
vt 0.860722 0.424623
vt 0.648860 0.417334
vt 0.637192 0.466436
vt 0.649687 0.398586
vt 0.642750 0.406548
vt 0.644123 0.408493
vt 0.637588 0.414522
vt 0.651742 0.400268
vt 0.630934 0.417192
vt 0.829344 0.149498
vt 0.825425 0.168552
vt 0.826708 0.156556
vt 0.724852 0.033886
vt 0.725896 0.025588
vt 0.737448 0.020220
vt 0.791278 0.449192
vt 0.789105 0.433978
vt 0.789538 0.433875
vt 0.791723 0.449114
vt 0.786827 0.399069
vt 0.787176 0.399035
vt 0.786116 0.362505
vt 0.786435 0.362511
vt 0.786093 0.326895
vt 0.786383 0.326878
vt 0.785814 0.289233
vt 0.786110 0.289209
vt 0.785497 0.252303
vt 0.785768 0.252314
vt 0.785009 0.214176
vt 0.785297 0.214170
vt 0.784536 0.182005
vt 0.784882 0.181978
vt 0.783846 0.149017
vt 0.784208 0.149022
vt 0.782945 0.122367
vt 0.783282 0.122409
vt 0.782454 0.104171
vt 0.782898 0.104165
vt 0.781969 0.097065
vt 0.782485 0.097033
vt 0.841661 0.137529
vt 0.630379 0.416701
vt 0.629752 0.416251
vt 0.636777 0.412835
vt 0.637192 0.413799
vt 0.871047 0.435873
vt 0.864471 0.430488
vt 0.865031 0.429917
vt 0.871114 0.434884
vt 0.823905 0.168474
vt 0.824745 0.168528
vt 0.824461 0.179184
vt 0.823496 0.179250
vt 0.835956 0.140318
vt 0.832217 0.144223
vt 0.831483 0.143348
vt 0.835632 0.139342
vt 0.658576 0.140991
vt 0.657880 0.139049
vt 0.660340 0.141428
vt 0.601344 0.419555
vt 0.615458 0.419868
vt 0.615292 0.420775
vt 0.601216 0.420355
vt 0.902246 0.440009
vt 0.891492 0.441225
vt 0.891438 0.440365
vt 0.901991 0.439086
vt 0.876897 0.437833
vt 0.876681 0.438717
vt 0.915788 0.436034
vt 0.915634 0.435234
vt 0.843160 0.386349
vt 0.848802 0.403223
vt 0.848177 0.403633
vt 0.842583 0.386386
vt 0.834975 0.352180
vt 0.835504 0.352102
vt 0.830912 0.322953
vt 0.831535 0.322842
vt 0.826804 0.285879
vt 0.827389 0.285863
vt 0.824576 0.250529
vt 0.825308 0.250440
vt 0.823289 0.212697
vt 0.824028 0.212627
vt 0.828706 0.149031
vt 0.828000 0.148438
vt 0.826075 0.156428
vt 0.825243 0.156272
vt 0.927121 0.430793
vt 0.927322 0.431736
vt 0.962305 0.420894
vt 0.951038 0.423076
vt 0.950881 0.422185
vt 0.962220 0.420174
vt 0.972192 0.420180
vt 0.972179 0.419565
vt 0.657899 0.386628
vt 0.662522 0.369683
vt 0.663574 0.369868
vt 0.658831 0.386742
vt 0.982298 0.420221
vt 0.982426 0.419401
vt 0.669703 0.322888
vt 0.666455 0.353524
vt 0.665353 0.353491
vt 0.668593 0.322977
vt 0.671383 0.291722
vt 0.670165 0.291876
vt 0.669732 0.250464
vt 0.668440 0.250485
vt 0.940359 0.426606
vt 0.940245 0.425767
vt 0.666800 0.210118
vt 0.667999 0.210184
vt 0.665669 0.176514
vt 0.666816 0.176777
vt 0.664432 0.150326
vt 0.663104 0.150552
vt 0.883532 0.440134
vt 0.883441 0.440759
vt 0.623573 0.418575
vt 0.623775 0.419196
vt 0.986301 0.132208
vt 0.971249 0.131360
vt 0.971242 0.130506
vt 0.986198 0.131164
vt 0.958152 0.130891
vt 0.942482 0.130742
vt 0.942665 0.129773
vt 0.958051 0.130072
vt 0.907290 0.130194
vt 0.927287 0.129895
vt 0.927246 0.130958
vt 0.907212 0.131239
vt 0.840619 0.135726
vt 0.841206 0.136684
vt 0.631787 0.133154
vt 0.618324 0.132638
vt 0.618276 0.131755
vt 0.631882 0.132028
vt 0.644465 0.133072
vt 0.651527 0.135047
vt 0.650810 0.136004
vt 0.644462 0.134244
vt 0.860253 0.425070
vt 0.859750 0.425710
vt 0.856406 0.419639
vt 0.855916 0.419982
vt 0.643242 0.407245
vt 0.643703 0.407875
vt 0.605212 0.132342
vt 0.605469 0.131352
vt 0.888769 0.130266
vt 0.888519 0.131376
vt 0.865959 0.131911
vt 0.866073 0.130584
vt 0.650253 0.399271
vt 0.651014 0.399818
vt 0.664752 0.161514
vt 0.665887 0.161467
vt 0.848580 0.132611
vt 0.848530 0.134095
vt 0.777150 0.033121
vt 0.773867 0.008088
vt 0.776325 0.007774
vt 0.778284 0.033275
vt 0.774274 0.095109
vt 0.767530 0.092154
vt 0.759789 0.086650
vt 0.754368 0.080895
vt 0.750205 0.074308
vt 0.748018 0.067922
vt 0.747878 0.060133
vt 0.748642 0.052690
vt 0.751861 0.046157
vt 0.759245 0.038894
vt 0.767386 0.034918
vt 0.785616 0.034394
vt 0.798534 0.038888
vt 0.809484 0.045585
vt 0.813839 0.051716
vt 0.817183 0.058862
vt 0.817532 0.066839
vt 0.815272 0.073576
vt 0.811117 0.080469
vt 0.805600 0.086692
vt 0.798071 0.092506
vt 0.789437 0.095874
vt 0.877234 0.083882
vt 0.850115 0.063081
vt 0.868703 0.056781
vt 0.881614 0.067519
vt 0.879529 0.064071
vt 0.860367 0.061176
vt 0.855977 0.062612
vt 0.871362 0.084742
vt 0.874828 0.081434
vt 0.865338 0.086729
vt 0.859108 0.086861
vt 0.854339 0.085323
vt 0.849558 0.080195
vt 0.851519 0.083204
vt 0.852700 0.065631
vt 0.867365 0.060862
vt 0.874167 0.061936
vt 0.796072 0.567041
vt 0.793934 0.567147
vt 0.793206 0.552665
vt 0.797103 0.552473
vt 0.798270 0.567246
vt 0.801109 0.552846
vt 0.782885 0.601587
vt 0.786517 0.603332
vt 0.779690 0.618607
vt 0.773072 0.615428
vt 0.790326 0.603993
vt 0.786632 0.619812
vt 0.795813 0.604043
vt 0.796100 0.619958
vt 0.800324 0.603041
vt 0.804852 0.618078
vt 0.796630 0.619903
vt 0.803609 0.601979
vt 0.810838 0.616142
vt 0.807313 0.600129
vt 0.817588 0.612771
vt 0.777910 0.585213
vt 0.777453 0.589861
vt 0.763173 0.594058
vt 0.764005 0.585587
vt 0.810978 0.578093
vt 0.808755 0.574306
vt 0.820217 0.565712
vt 0.824268 0.572613
vt 0.812502 0.581966
vt 0.827045 0.579671
vt 0.813461 0.586125
vt 0.828792 0.587251
vt 0.813709 0.590349
vt 0.829245 0.594948
vt 0.812288 0.595252
vt 0.826655 0.603883
vt 0.803998 0.569663
vt 0.801593 0.568326
vt 0.807164 0.554814
vt 0.811548 0.557250
vt 0.810107 0.597922
vt 0.822681 0.608749
vt 0.778656 0.596726
vt 0.780343 0.599362
vt 0.768439 0.611374
vt 0.765365 0.606570
vt 0.777740 0.593658
vt 0.763695 0.600978
vt 0.779003 0.580840
vt 0.765998 0.577618
vt 0.791466 0.568136
vt 0.788708 0.554467
vt 0.788896 0.569256
vt 0.784025 0.556509
vt 0.780550 0.577046
vt 0.768816 0.570705
vt 0.785523 0.571328
vt 0.782794 0.573737
vt 0.772905 0.564675
vt 0.777878 0.560284
vt 0.806790 0.572052
vt 0.816635 0.561604
vt 0.869157 0.064214
vt 0.870780 0.066700
vt 0.864526 0.072904
vt 0.858934 0.064946
vt 0.860754 0.063443
vt 0.871256 0.077879
vt 0.870497 0.080699
vt 0.868180 0.082742
vt 0.865104 0.083424
vt 0.862175 0.082727
vt 0.860095 0.081400
vt 0.858328 0.079295
vt 0.857791 0.067601
vt 0.863692 0.062638
vt 0.866608 0.062962
vt 0.783690 0.047473
vt 0.787167 0.048222
vt 0.786808 0.050160
vt 0.783769 0.049513
vt 0.796109 0.071191
vt 0.792797 0.075300
vt 0.791840 0.073686
vt 0.794812 0.069941
vt 0.788832 0.077773
vt 0.788090 0.075752
vt 0.796466 0.066028
vt 0.798049 0.066115
vt 0.796582 0.061716
vt 0.798290 0.061140
vt 0.795412 0.057145
vt 0.796906 0.056236
vt 0.793647 0.051978
vt 0.792759 0.053486
vt 0.789737 0.051337
vt 0.790326 0.049529
vt 0.780634 0.049509
vt 0.780344 0.047613
vt 0.776482 0.048430
vt 0.776935 0.050263
vt 0.773385 0.052068
vt 0.772506 0.050582
vt 0.770084 0.055576
vt 0.768932 0.054342
vt 0.768135 0.060418
vt 0.766670 0.059935
vt 0.768364 0.066140
vt 0.769949 0.069978
vt 0.768586 0.070968
vt 0.766751 0.066641
vt 0.771679 0.074933
vt 0.772881 0.073362
vt 0.781026 0.076831
vt 0.780858 0.079097
vt 0.775855 0.077691
vt 0.776833 0.075868
vt 0.784291 0.076655
vt 0.784384 0.078935
vt 0.786375 0.052009
vt 0.783749 0.051499
vt 0.790892 0.071752
vt 0.793128 0.069077
vt 0.787497 0.073923
vt 0.794444 0.065882
vt 0.794678 0.062249
vt 0.793725 0.058289
vt 0.791658 0.055337
vt 0.789005 0.053186
vt 0.780881 0.051457
vt 0.777569 0.052186
vt 0.774470 0.053779
vt 0.771794 0.056674
vt 0.770077 0.061004
vt 0.770321 0.065731
vt 0.771692 0.068997
vt 0.774139 0.071914
vt 0.777631 0.074154
vt 0.781246 0.074983
vt 0.784184 0.074869
vt 0.773471 0.088055
vt 0.780937 0.089354
vt 0.780626 0.094489
vt 0.772203 0.092643
vt 0.765415 0.088923
vt 0.766509 0.084738
vt 0.759008 0.081625
vt 0.761431 0.079905
vt 0.755400 0.075065
vt 0.758275 0.074457
vt 0.753091 0.067870
vt 0.755985 0.067753
vt 0.752347 0.061154
vt 0.754967 0.061920
vt 0.753039 0.054531
vt 0.755559 0.055975
vt 0.754818 0.048635
vt 0.756977 0.050624
vt 0.758268 0.043983
vt 0.760462 0.046327
vt 0.764232 0.039745
vt 0.766060 0.042697
vt 0.771637 0.037605
vt 0.772132 0.041208
vt 0.779638 0.037487
vt 0.779383 0.041015
vt 0.786821 0.038401
vt 0.786253 0.042051
vt 0.794926 0.040820
vt 0.793789 0.043947
vt 0.802935 0.045802
vt 0.800161 0.047659
vt 0.806586 0.050726
vt 0.803912 0.051980
vt 0.809627 0.056329
vt 0.806846 0.057172
vt 0.810691 0.063270
vt 0.808274 0.063239
vt 0.810024 0.069911
vt 0.807678 0.069655
vt 0.807528 0.076628
vt 0.805475 0.075882
vt 0.803511 0.083312
vt 0.801649 0.081506
vt 0.796898 0.090011
vt 0.795884 0.086267
vt 0.788254 0.093791
vt 0.788216 0.088771
vt 0.775822 0.080570
vt 0.781693 0.081556
vt 0.776502 0.079062
vt 0.781895 0.080088
vt 0.770549 0.078137
vt 0.771796 0.076620
vt 0.766288 0.074516
vt 0.768441 0.072617
vt 0.763196 0.070085
vt 0.766035 0.068224
vt 0.761288 0.065267
vt 0.765056 0.063718
vt 0.760523 0.060471
vt 0.764547 0.059794
vt 0.760883 0.056049
vt 0.765115 0.056165
vt 0.762412 0.052272
vt 0.766278 0.053140
vt 0.765176 0.049313
vt 0.768154 0.050809
vt 0.769885 0.046948
vt 0.771809 0.048695
vt 0.775045 0.045993
vt 0.776026 0.047463
vt 0.780506 0.045876
vt 0.780650 0.047138
vt 0.786196 0.046470
vt 0.786407 0.047623
vt 0.791856 0.047985
vt 0.791098 0.049294
vt 0.796659 0.050358
vt 0.794610 0.052131
vt 0.800266 0.053560
vt 0.796978 0.055178
vt 0.802567 0.057480
vt 0.798697 0.058006
vt 0.803431 0.061975
vt 0.799393 0.061431
vt 0.802901 0.066740
vt 0.799214 0.065567
vt 0.800992 0.071419
vt 0.798079 0.069671
vt 0.797718 0.075613
vt 0.795740 0.073717
vt 0.793201 0.078913
vt 0.792328 0.076924
vt 0.787679 0.080973
vt 0.787526 0.079409
vt 0.780732 0.095875
vt 0.772010 0.093304
vt 0.764885 0.089656
vt 0.757827 0.082178
vt 0.754062 0.075341
vt 0.751430 0.067738
vt 0.750740 0.060500
vt 0.751134 0.053502
vt 0.753254 0.047177
vt 0.757093 0.041932
vt 0.763587 0.037407
vt 0.771412 0.035145
vt 0.779866 0.035021
vt 0.787456 0.035987
vt 0.796021 0.038542
vt 0.805359 0.044296
vt 0.808967 0.049011
vt 0.811930 0.054992
vt 0.813118 0.062266
vt 0.812476 0.069650
vt 0.809838 0.076503
vt 0.805418 0.083920
vt 0.797780 0.091318
vt 0.788809 0.095153
vt 0.700655 0.088851
vt 0.699372 0.084774
vt 0.695902 0.068478
vt 0.696714 0.063901
vt 0.722458 0.084052
vt 0.721951 0.088110
vt 0.713176 0.058442
vt 0.706038 0.089981
vt 0.708999 0.091407
vt 0.712037 0.091071
vt 0.715547 0.090183
vt 0.709755 0.061466
vt 0.703973 0.062350
vt 0.715905 0.065644
vt 0.714515 0.063472
vt 0.717618 0.088847
vt 0.702591 0.083969
vt 0.703875 0.087356
vt 0.701408 0.063842
vt 0.699697 0.068593
vt 0.699934 0.066201
vt 0.719698 0.083132
vt 0.719313 0.079765
vt 0.718961 0.086616
vt 0.712716 0.062007
vt 0.712528 0.066695
vt 0.713610 0.067795
vt 0.709013 0.075683
vt 0.708224 0.066117
vt 0.710325 0.066104
vt 0.709426 0.087232
vt 0.707433 0.086780
vt 0.703646 0.084090
vt 0.703018 0.081462
vt 0.706212 0.066692
vt 0.714783 0.069529
vt 0.715166 0.071613
vt 0.711928 0.086546
vt 0.715220 0.081811
vt 0.713968 0.084532
vt 0.703127 0.071757
vt 0.703592 0.069803
vt 0.704605 0.068003
vt 0.705409 0.085735
vt 0.849056 0.876362
vt 0.826456 0.861842
vt 0.831184 0.854598
vt 0.854407 0.855758
vt 0.819313 0.866867
vt 0.819018 0.868512
vt 0.826122 0.831085
vt 0.833461 0.818499
vt 0.831003 0.837948
vt 0.853973 0.813432
vt 0.856063 0.834567
vt 0.752959 0.716069
vt 0.747650 0.746800
vt 0.731486 0.745489
vt 0.731532 0.714538
vt 0.715324 0.746975
vt 0.708901 0.716952
vt 0.699653 0.751211
vt 0.687083 0.723435
vt 0.684952 0.758070
vt 0.666821 0.733764
vt 0.671666 0.767342
vt 0.648805 0.747590
vt 0.660199 0.778747
vt 0.633649 0.764440
vt 0.650899 0.791937
vt 0.621869 0.783741
vt 0.640246 0.800011
vt 0.651312 0.798186
vt 0.629503 0.804824
vt 0.620838 0.812739
vt 0.613866 0.804836
vt 0.614804 0.822983
vt 0.609913 0.827006
vt 0.612093 0.834765
vt 0.613037 0.846891
vt 0.610143 0.849497
vt 0.625153 0.867577
vt 0.635028 0.874416
vt 0.614551 0.871542
vt 0.617555 0.858190
vt 0.622984 0.892391
vt 0.646010 0.878076
vt 0.650947 0.883959
vt 0.660261 0.897049
vt 0.635156 0.911333
vt 0.671739 0.908329
vt 0.650653 0.927724
vt 0.685035 0.917458
vt 0.668947 0.941006
vt 0.699744 0.924157
vt 0.689415 0.950726
vt 0.715418 0.928224
vt 0.711359 0.956553
vt 0.734033 0.958289
vt 0.731582 0.929535
vt 0.776122 0.950307
vt 0.755422 0.956116
vt 0.747745 0.928049
vt 0.763415 0.923813
vt 0.795506 0.941037
vt 0.778116 0.916954
vt 0.791476 0.908425
vt 0.812984 0.928589
vt 0.802869 0.896277
vt 0.828025 0.913339
vt 0.812168 0.883087
vt 0.840172 0.895752
vt 0.779762 0.782835
vt 0.777462 0.776161
vt 0.783067 0.772334
vt 0.791329 0.766695
vt 0.794511 0.773458
vt 0.789854 0.780707
vt 0.751345 0.753114
vt 0.763882 0.752454
vt 0.757813 0.755280
vt 0.744557 0.751846
vt 0.737664 0.751780
vt 0.730971 0.752877
vt 0.724471 0.755630
vt 0.718412 0.759234
vt 0.712947 0.763766
vt 0.707830 0.769710
vt 0.704461 0.776209
vt 0.702185 0.783670
vt 0.662475 0.799040
vt 0.701160 0.791523
vt 0.672569 0.803198
vt 0.691944 0.851390
vt 0.703126 0.856289
vt 0.687919 0.860635
vt 0.701956 0.849077
vt 0.705137 0.863537
vt 0.708769 0.869658
vt 0.657234 0.878839
vt 0.665612 0.877451
vt 0.672838 0.874526
vt 0.681438 0.868503
vt 0.713672 0.875003
vt 0.718959 0.879648
vt 0.724927 0.882863
vt 0.731408 0.885242
vt 0.738197 0.886215
vt 0.745084 0.886290
vt 0.751867 0.884968
vt 0.758343 0.882654
vt 0.764304 0.879130
vt 0.769579 0.874536
vt 0.774393 0.868272
vt 0.862585 0.855455
vt 0.856884 0.877405
vt 0.864349 0.832879
vt 0.862122 0.810363
vt 0.848201 0.792994
vt 0.855973 0.788591
vt 0.838922 0.773876
vt 0.846087 0.768224
vt 0.826417 0.756659
vt 0.832766 0.749881
vt 0.811068 0.741864
vt 0.816414 0.734120
vt 0.793340 0.729943
vt 0.797527 0.721420
vt 0.773772 0.721256
vt 0.776681 0.712166
vt 0.754508 0.706639
vt 0.731682 0.705008
vt 0.707571 0.707580
vt 0.684328 0.714486
vt 0.662742 0.725491
vt 0.643549 0.740220
vt 0.627403 0.758171
vt 0.614854 0.778733
vt 0.606328 0.801206
vt 0.602116 0.824825
vt 0.602362 0.848785
vt 0.607057 0.872270
vt 0.616041 0.894481
vt 0.629009 0.914661
vt 0.645518 0.932123
vt 0.665008 0.946272
vt 0.686812 0.956627
vt 0.710190 0.962835
vt 0.734346 0.964684
vt 0.779185 0.956181
vt 0.757132 0.962370
vt 0.799835 0.946306
vt 0.818455 0.933044
vt 0.834478 0.916798
vt 0.847419 0.898062
vt 0.780126 0.854913
vt 0.778010 0.862128
vt 0.777106 0.861515
vt 0.779161 0.854508
vt 0.780933 0.846566
vt 0.779954 0.846307
vt 0.779493 0.790734
vt 0.780472 0.790901
vt 0.778798 0.782830
vt 0.776564 0.776348
vt 0.773475 0.768799
vt 0.772661 0.769139
vt 0.769051 0.763335
vt 0.768356 0.763820
vt 0.763778 0.758916
vt 0.763213 0.759510
vt 0.757409 0.755970
vt 0.751112 0.753861
vt 0.744477 0.752621
vt 0.737760 0.752557
vt 0.731270 0.753621
vt 0.724946 0.756301
vt 0.719016 0.759828
vt 0.713678 0.764256
vt 0.708694 0.770045
vt 0.705423 0.776358
vt 0.703199 0.783650
vt 0.702193 0.791349
vt 0.702987 0.848760
vt 0.704137 0.855847
vt 0.706099 0.862916
vt 0.709615 0.868838
vt 0.714414 0.874067
vt 0.719572 0.878599
vt 0.725379 0.881726
vt 0.731695 0.884044
vt 0.738308 0.884992
vt 0.745023 0.885065
vt 0.751631 0.883778
vt 0.757943 0.881523
vt 0.763740 0.878097
vt 0.768868 0.873631
vt 0.773583 0.867498
vt 0.775087 0.852961
vt 0.773256 0.859648
vt 0.775790 0.845132
vt 0.775347 0.792077
vt 0.774723 0.784530
vt 0.772724 0.778340
vt 0.769234 0.771453
vt 0.765386 0.766372
vt 0.760789 0.762252
vt 0.755603 0.758868
vt 0.749978 0.756849
vt 0.744049 0.755659
vt 0.721309 0.762515
vt 0.726604 0.759154
vt 0.716543 0.766738
vt 0.712094 0.772260
vt 0.709176 0.778283
vt 0.707192 0.785243
vt 0.706297 0.792592
vt 0.707040 0.847402
vt 0.708072 0.854170
vt 0.709828 0.860920
vt 0.712973 0.866577
vt 0.717264 0.871573
vt 0.721875 0.875905
vt 0.727063 0.878896
vt 0.732706 0.881114
vt 0.738615 0.882025
vt 0.744613 0.882102
vt 0.750515 0.880879
vt 0.756152 0.878732
vt 0.761328 0.875467
vt 0.765906 0.871207
vt 0.770114 0.865356
vt 0.732253 0.756601
vt 0.738050 0.755591
vt 0.693909 0.841663
vt 0.693810 0.834304
vt 0.692169 0.826762
vt 0.687890 0.817367
vt 0.681064 0.809734
vt 0.623156 0.837817
vt 0.625003 0.828838
vt 0.627474 0.829394
vt 0.625764 0.837702
vt 0.648791 0.869568
vt 0.657283 0.870646
vt 0.657220 0.873421
vt 0.648042 0.872256
vt 0.639535 0.868684
vt 0.640920 0.866263
vt 0.634253 0.860977
vt 0.632330 0.862972
vt 0.629284 0.854102
vt 0.626960 0.855541
vt 0.626383 0.846146
vt 0.623824 0.846943
vt 0.652320 0.806551
vt 0.661579 0.806469
vt 0.661317 0.808696
vt 0.652749 0.808772
vt 0.670504 0.808859
vt 0.669575 0.810907
vt 0.678434 0.813545
vt 0.676913 0.815243
vt 0.684781 0.820178
vt 0.682786 0.821381
vt 0.689074 0.828267
vt 0.686757 0.828866
vt 0.690723 0.835105
vt 0.688292 0.835222
vt 0.644509 0.811130
vt 0.643414 0.809100
vt 0.637207 0.815596
vt 0.635523 0.813926
vt 0.631385 0.821838
vt 0.629230 0.820672
vt 0.691012 0.841800
vt 0.688551 0.841388
vt 0.686842 0.849696
vt 0.689165 0.850779
vt 0.663841 0.869785
vt 0.664322 0.872583
vt 0.669806 0.867959
vt 0.670754 0.870517
vt 0.678645 0.865691
vt 0.677108 0.863493
vt 0.684938 0.858945
vt 0.682931 0.857251
vt 0.639395 0.833154
vt 0.638355 0.838207
vt 0.652361 0.857589
vt 0.657527 0.858245
vt 0.643518 0.852364
vt 0.647574 0.855579
vt 0.640496 0.848182
vt 0.638732 0.843343
vt 0.654769 0.820611
vt 0.659980 0.820564
vt 0.665003 0.821910
vt 0.669466 0.824547
vt 0.673038 0.828280
vt 0.675454 0.832833
vt 0.676387 0.836699
vt 0.649757 0.822045
vt 0.645315 0.824762
vt 0.641774 0.828558
vt 0.676545 0.840449
vt 0.675505 0.845502
vt 0.661515 0.857721
vt 0.665143 0.856611
vt 0.669585 0.853894
vt 0.673126 0.850098
vt 0.620459 0.837383
vt 0.622452 0.827699
vt 0.638125 0.870674
vt 0.647300 0.874526
vt 0.630354 0.864513
vt 0.624563 0.856499
vt 0.621181 0.847226
vt 0.661900 0.803573
vt 0.651914 0.803662
vt 0.671526 0.806151
vt 0.680079 0.811205
vt 0.686924 0.818359
vt 0.691554 0.827084
vt 0.693333 0.834458
vt 0.642309 0.806411
vt 0.633798 0.811617
vt 0.627011 0.818892
vt 0.657199 0.875782
vt 0.693645 0.841679
vt 0.691652 0.851363
vt 0.664858 0.874879
vt 0.671795 0.872651
vt 0.680307 0.867446
vt 0.687093 0.860170
vt 0.617039 0.836420
vt 0.619219 0.825825
vt 0.646403 0.877055
vt 0.636366 0.872841
vt 0.627864 0.866101
vt 0.621528 0.857333
vt 0.617828 0.847189
vt 0.662376 0.799431
vt 0.651451 0.799528
vt 0.640943 0.802536
vt 0.631631 0.808231
vt 0.624206 0.816191
vt 0.657232 0.878430
vt 0.614768 0.835636
vt 0.617073 0.824431
vt 0.635207 0.874155
vt 0.626216 0.867026
vt 0.619515 0.857753
vt 0.615602 0.847024
vt 0.630200 0.805823
vt 0.622348 0.814241
vt 0.810853 0.868827
vt 0.832783 0.846194
vt 0.818883 0.826636
vt 0.823193 0.821036
vt 0.790050 0.839558
vt 0.788448 0.847983
vt 0.830682 0.779161
vt 0.825859 0.772198
vt 0.818631 0.767677
vt 0.788138 0.789410
vt 0.789899 0.797779
vt 0.801928 0.827249
vt 0.801997 0.809240
vt 0.810489 0.810612
vt 0.810389 0.825277
vt 0.767218 0.757393
vt 0.778040 0.761597
vt 0.783878 0.760228
vt 0.790227 0.856229
vt 0.795112 0.863072
vt 0.802356 0.867492
vt 0.826104 0.803548
vt 0.818949 0.808647
vt 0.830854 0.796157
vt 0.832474 0.787610
vt 0.810137 0.766320
vt 0.799314 0.756650
vt 0.801667 0.768349
vt 0.794766 0.804733
vt 0.794786 0.832263
vt 0.788814 0.756703
vt 0.792096 0.751570
vt 0.792027 0.739724
vt 0.788687 0.734806
vt 0.793224 0.745607
vt 0.777869 0.730574
vt 0.772034 0.731927
vt 0.783717 0.731586
vt 0.763820 0.740554
vt 0.762689 0.746534
vt 0.767101 0.735428
vt 0.772188 0.760612
vt 0.810885 0.867336
vt 0.818881 0.865484
vt 0.830100 0.853888
vt 0.831612 0.845945
vt 0.829930 0.838151
vt 0.825316 0.831665
vt 0.818474 0.827460
vt 0.791224 0.839673
vt 0.789710 0.847635
vt 0.824919 0.772811
vt 0.818088 0.768539
vt 0.810059 0.767256
vt 0.789268 0.789079
vt 0.790932 0.796989
vt 0.802366 0.807821
vt 0.810392 0.809118
vt 0.783598 0.759154
vt 0.788264 0.755823
vt 0.791300 0.739775
vt 0.788143 0.735127
vt 0.777919 0.731128
vt 0.772404 0.732406
vt 0.764699 0.751807
vt 0.767852 0.756475
vt 0.778081 0.760449
vt 0.825632 0.860734
vt 0.791391 0.855429
vt 0.796008 0.861897
vt 0.802854 0.866074
vt 0.818388 0.807261
vt 0.825150 0.802442
vt 0.829640 0.795456
vt 0.831172 0.787378
vt 0.829512 0.779441
vt 0.802054 0.769174
vt 0.795291 0.774002
vt 0.790889 0.780854
vt 0.795533 0.803562
vt 0.795700 0.832778
vt 0.802450 0.828039
vt 0.810447 0.826175
vt 0.791366 0.750971
vt 0.792432 0.745336
vt 0.783446 0.732083
vt 0.767742 0.735715
vt 0.764641 0.740560
vt 0.763572 0.746212
vt 0.772550 0.759518
vt 0.811397 0.861016
vt 0.816878 0.859746
vt 0.824570 0.851797
vt 0.825606 0.846352
vt 0.824453 0.841009
vt 0.821290 0.836562
vt 0.816600 0.833679
vt 0.797919 0.842052
vt 0.796881 0.847510
vt 0.820869 0.777316
vt 0.816175 0.774380
vt 0.810657 0.773499
vt 0.796370 0.788495
vt 0.797513 0.793931
vt 0.805371 0.801374
vt 0.810886 0.802266
vt 0.781830 0.754637
vt 0.784879 0.752460
vt 0.786862 0.741975
vt 0.784800 0.738938
vt 0.778119 0.736325
vt 0.774516 0.737160
vt 0.769482 0.749836
vt 0.771542 0.752886
vt 0.778225 0.755482
vt 0.821507 0.856490
vt 0.798034 0.852853
vt 0.801199 0.857287
vt 0.805892 0.860151
vt 0.816381 0.800990
vt 0.821028 0.797678
vt 0.824113 0.792877
vt 0.825166 0.787326
vt 0.824025 0.781872
vt 0.805157 0.774816
vt 0.800509 0.778135
vt 0.797484 0.782843
vt 0.800675 0.798448
vt 0.800987 0.837325
vt 0.805615 0.834076
vt 0.811096 0.832799
vt 0.786905 0.749290
vt 0.787602 0.745608
vt 0.781731 0.736949
vt 0.771470 0.739322
vt 0.769444 0.742488
vt 0.768746 0.746181
vt 0.774612 0.754874
vt 0.754822 0.835519
vt 0.755629 0.832752
vt 0.755966 0.829492
vt 0.756068 0.807288
vt 0.755849 0.804115
vt 0.755041 0.801495
vt 0.753607 0.798563
vt 0.752012 0.796382
vt 0.750096 0.794596
vt 0.747927 0.793109
vt 0.745565 0.792188
vt 0.743069 0.791613
vt 0.735684 0.792854
vt 0.733430 0.794193
vt 0.731395 0.795900
vt 0.729485 0.798158
vt 0.728219 0.800643
vt 0.727342 0.803534
vt 0.726920 0.806607
vt 0.726935 0.829546
vt 0.727337 0.832384
vt 0.728042 0.835229
vt 0.729340 0.837632
vt 0.731128 0.839769
vt 0.733052 0.841639
vt 0.735226 0.842957
vt 0.737597 0.843956
vt 0.740086 0.844412
vt 0.742616 0.844525
vt 0.745114 0.844091
vt 0.747504 0.843267
vt 0.749706 0.841971
vt 0.751661 0.840250
vt 0.753467 0.837861
vt 0.738084 0.791854
vt 0.740537 0.791507
vt 0.741543 0.818107
vt 0.676723 0.694211
vt 0.662779 0.700442
vt 0.662154 0.699557
vt 0.676267 0.693195
vt 0.690605 0.688503
vt 0.690925 0.689461
vt 0.705564 0.688316
vt 0.691532 0.691568
vt 0.705161 0.686162
vt 0.719231 0.684247
vt 0.719432 0.686429
vt 0.705687 0.691449
vt 0.733200 0.688913
vt 0.732965 0.685812
vt 0.751290 0.686880
vt 0.732961 0.683621
vt 0.751554 0.684704
vt 0.732960 0.682617
vt 0.751715 0.683786
vt 0.704959 0.685128
vt 0.719156 0.683166
vt 0.867759 0.761542
vt 0.856214 0.744105
vt 0.857086 0.743445
vt 0.868894 0.760887
vt 0.877681 0.779778
vt 0.876652 0.780013
vt 0.880684 0.799492
vt 0.874593 0.780820
vt 0.882832 0.798957
vt 0.886383 0.817846
vt 0.884184 0.818110
vt 0.881523 0.822661
vt 0.885295 0.836226
vt 0.881523 0.849851
vt 0.884189 0.854361
vt 0.880689 0.872996
vt 0.886388 0.854625
vt 0.882838 0.873531
vt 0.887680 0.854821
vt 0.884178 0.873855
vt 0.883886 0.798732
vt 0.887510 0.836225
vt 0.887239 0.817769
vt 0.888513 0.836157
vt 0.770689 0.984318
vt 0.789755 0.978271
vt 0.790075 0.979008
vt 0.770863 0.985068
vt 0.751728 0.988595
vt 0.751596 0.987803
vt 0.733025 0.986700
vt 0.751332 0.985627
vt 0.733023 0.988891
vt 0.714414 0.987756
vt 0.714683 0.985581
vt 0.733200 0.983598
vt 0.707274 0.981350
vt 0.695840 0.982091
vt 0.682139 0.974671
vt 0.676952 0.976034
vt 0.658563 0.963768
vt 0.658545 0.967330
vt 0.641179 0.956040
vt 0.657458 0.969239
vt 0.639839 0.957785
vt 0.656921 0.970059
vt 0.639228 0.958557
vt 0.733077 0.989846
vt 0.695296 0.984215
vt 0.714335 0.988654
vt 0.676133 0.978069
vt 0.695082 0.985203
vt 0.675729 0.978979
vt 0.623071 0.944660
vt 0.606963 0.927351
vt 0.608618 0.927314
vt 0.598692 0.915145
vt 0.600380 0.914072
vt 0.601662 0.912662
vt 0.610190 0.927092
vt 0.602740 0.911138
vt 0.612678 0.927395
vt 0.603942 0.909486
vt 0.618896 0.930735
vt 0.625395 0.942380
vt 0.637265 0.948972
vt 0.760571 0.981090
vt 0.770151 0.982193
vt 0.787010 0.973649
vt 0.788924 0.976245
vt 0.807425 0.967569
vt 0.808486 0.969492
vt 0.824834 0.956331
vt 0.826169 0.958079
vt 0.842879 0.944923
vt 0.826843 0.958864
vt 0.842224 0.944274
vt 0.856209 0.928413
vt 0.857108 0.929062
vt 0.811617 0.961529
vt 0.840659 0.942724
vt 0.867759 0.910970
vt 0.868926 0.911599
vt 0.833553 0.945143
vt 0.854443 0.927090
vt 0.876656 0.892489
vt 0.877970 0.892999
vt 0.852072 0.925050
vt 0.865828 0.909898
vt 0.866543 0.901932
vt 0.874597 0.891682
vt 0.876473 0.876578
vt 0.876472 0.795934
vt 0.865828 0.762615
vt 0.842231 0.728245
vt 0.842898 0.727590
vt 0.866543 0.770580
vt 0.854448 0.745427
vt 0.826174 0.714437
vt 0.826759 0.713708
vt 0.852072 0.747462
vt 0.840666 0.729795
vt 0.808525 0.703041
vt 0.809055 0.702141
vt 0.831444 0.725858
vt 0.824840 0.716186
vt 0.811617 0.710983
vt 0.807444 0.704953
vt 0.787010 0.698863
vt 0.789020 0.696310
vt 0.770127 0.690313
vt 0.770665 0.688188
vt 0.789833 0.694272
vt 0.760571 0.691422
vt 0.679120 0.698967
vt 0.677534 0.696250
vt 0.663790 0.702392
vt 0.650526 0.709979
vt 0.649322 0.708140
vt 0.636585 0.717241
vt 0.635247 0.715637
vt 0.648751 0.707340
vt 0.628033 0.725151
vt 0.622413 0.726810
vt 0.654414 0.711210
vt 0.637972 0.718950
vt 0.632078 0.728508
vt 0.631555 0.725526
vt 0.770948 0.687041
vt 0.790256 0.693232
vt 0.808956 0.970277
vt 0.623825 0.943926
vt 0.377299 0.728443
vt 0.377392 0.730886
vt 0.368490 0.727195
vt 0.368767 0.724884
vt 0.390184 0.731598
vt 0.388683 0.728725
vt 0.388581 0.739641
vt 0.513880 0.861091
vt 0.518844 0.857879
vt 0.520391 0.858938
vt 0.514673 0.862386
vt 0.525222 0.852104
vt 0.523823 0.851645
vt 0.528421 0.846203
vt 0.529703 0.846762
vt 0.526528 0.852589
vt 0.532596 0.839667
vt 0.534895 0.840205
vt 0.531138 0.847682
vt 0.358926 0.717045
vt 0.361635 0.718513
vt 0.360892 0.720769
vt 0.357115 0.723134
vt 0.530553 0.838887
vt 0.527072 0.845695
vt 0.527901 0.853274
vt 0.521598 0.859702
vt 0.505023 0.865264
vt 0.504070 0.863482
vt 0.535222 0.857515
vt 0.524594 0.862213
vt 0.529709 0.854121
vt 0.518614 0.867570
vt 0.541647 0.883353
vt 0.508367 0.872272
vt 0.507092 0.868338
vt 0.516584 0.865326
vt 0.506172 0.866993
vt 0.515547 0.863736
vt 0.523050 0.860650
vt 0.532647 0.848755
vt 0.536859 0.840632
vt 0.631108 0.990717
vt 0.619638 0.989769
vt 0.619075 0.988372
vt 0.608034 0.985187
vt 0.312529 0.869933
vt 0.305684 0.875889
vt 0.311298 0.863304
vt 0.317680 0.865976
vt 0.332953 0.848147
vt 0.329952 0.859410
vt 0.340355 0.853932
vt 0.347969 0.836575
vt 0.349009 0.849929
vt 0.369110 0.830080
vt 0.488403 0.745095
vt 0.443595 0.743679
vt 0.444050 0.734560
vt 0.483325 0.732268
vt 0.525690 0.739169
vt 0.519538 0.746398
vt 0.523269 0.752387
vt 0.547724 0.729084
vt 0.531806 0.732094
vt 0.520400 0.730419
vt 0.328987 0.839987
vt 0.358175 0.846200
vt 0.359658 0.817018
vt 0.380256 0.811812
vt 0.421405 0.801412
vt 0.411181 0.817004
vt 0.386911 0.798271
vt 0.427896 0.790039
vt 0.342732 0.814135
vt 0.366399 0.802391
vt 0.352157 0.786455
vt 0.371839 0.787297
vt 0.375931 0.771870
vt 0.396909 0.770175
vt 0.392476 0.784354
vt 0.378644 0.756245
vt 0.400180 0.755849
vt 0.441700 0.755185
vt 0.438839 0.766788
vt 0.402270 0.741492
vt 0.357000 0.757696
vt 0.376494 0.737608
vt 0.357124 0.728649
vt 0.403618 0.731575
vt 0.443949 0.729768
vt 0.498482 0.780015
vt 0.500920 0.768890
vt 0.507143 0.761269
vt 0.513353 0.753769
vt 0.487184 0.794495
vt 0.480239 0.794542
vt 0.488489 0.784456
vt 0.494696 0.776621
vt 0.477870 0.763634
vt 0.483302 0.754321
vt 0.484843 0.797232
vt 0.450231 0.804691
vt 0.459739 0.791723
vt 0.466067 0.782372
vt 0.472119 0.772997
vt 0.433718 0.778473
vt 0.443702 0.812638
vt 0.399206 0.829263
vt 0.596916 0.899502
vt 0.597719 0.899047
vt 0.598345 0.898726
vt 0.627695 0.980843
vt 0.629829 0.982254
vt 0.623448 0.980255
vt 0.625150 0.979574
vt 0.633097 0.984671
vt 0.622100 0.981328
vt 0.632752 0.985948
vt 0.621399 0.982373
vt 0.632268 0.986946
vt 0.620685 0.983682
vt 0.631969 0.987630
vt 0.620143 0.984996
vt 0.631643 0.988726
vt 0.619494 0.986110
vt 0.631449 0.989765
vt 0.618960 0.987183
vt 0.594776 0.901109
vt 0.595420 0.900575
vt 0.596181 0.899946
vt 0.594276 0.901684
vt 0.593811 0.902201
vt 0.593320 0.902770
vt 0.604089 0.982750
vt 0.602245 0.983683
vt 0.590356 0.979550
vt 0.589019 0.980770
vt 0.578980 0.977193
vt 0.577846 0.979036
vt 0.570471 0.975899
vt 0.569261 0.977760
vt 0.559562 0.976729
vt 0.560329 0.974410
vt 0.571194 0.974099
vt 0.561669 0.972825
vt 0.563739 0.971480
vt 0.572164 0.972697
vt 0.580920 0.974142
vt 0.579924 0.975652
vt 0.592789 0.976829
vt 0.591702 0.978204
vt 0.606527 0.980861
vt 0.605414 0.981795
vt 0.559326 0.958826
vt 0.575677 0.961187
vt 0.574122 0.967044
vt 0.563931 0.965506
vt 0.608959 0.977421
vt 0.594539 0.972549
vt 0.594071 0.971103
vt 0.609369 0.976056
vt 0.608342 0.973027
vt 0.607466 0.979597
vt 0.593808 0.975381
vt 0.582445 0.972489
vt 0.573179 0.970678
vt 0.565000 0.969467
vt 0.608339 0.978428
vt 0.594272 0.974065
vt 0.583411 0.971090
vt 0.573801 0.969110
vt 0.565224 0.967893
vt 0.584728 0.969903
vt 0.585942 0.969065
vt 0.609303 0.897280
vt 0.594563 0.887260
vt 0.600077 0.873722
vt 0.586833 0.863619
vt 0.595383 0.848888
vt 0.584273 0.839263
vt 0.595383 0.823624
vt 0.585826 0.814822
vt 0.600077 0.798790
vt 0.591451 0.790972
vt 0.609303 0.775232
vt 0.600992 0.768373
vt 0.622749 0.753752
vt 0.614186 0.747649
vt 0.639956 0.735081
vt 0.660338 0.719856
vt 0.683202 0.708595
vt 0.707768 0.701681
vt 0.733200 0.699350
vt 0.622749 0.918760
vt 0.639956 0.937431
vt 0.660338 0.952656
vt 0.683202 0.963917
vt 0.707768 0.970831
vt 0.733200 0.973162
vt 0.500087 0.887720
vt 0.461213 0.896753
vt 0.457853 0.884246
vt 0.495632 0.875082
vt 0.498841 0.944560
vt 0.538052 0.944309
vt 0.510686 0.954938
vt 0.516286 0.959866
vt 0.519305 0.961929
vt 0.477993 0.955954
vt 0.504766 0.897949
vt 0.551970 0.907831
vt 0.510145 0.907938
vt 0.516198 0.917625
vt 0.478049 0.922987
vt 0.471892 0.915379
vt 0.565907 0.930273
vt 0.522891 0.926953
vt 0.484611 0.930409
vt 0.583072 0.950056
vt 0.592323 0.967287
vt 0.602989 0.966636
vt 0.473378 0.952592
vt 0.437078 0.950330
vt 0.436619 0.937371
vt 0.450673 0.933473
vt 0.464003 0.944884
vt 0.446698 0.944895
vt 0.427318 0.930116
vt 0.403032 0.927896
vt 0.386386 0.918740
vt 0.405460 0.911848
vt 0.414829 0.920483
vt 0.426560 0.905285
vt 0.431940 0.916196
vt 0.437979 0.921975
vt 0.421022 0.925273
vt 0.444228 0.927740
vt 0.366075 0.907568
vt 0.395539 0.899910
vt 0.424340 0.892500
vt 0.466163 0.907621
vt 0.362115 0.903563
vt 0.393074 0.895839
vt 0.360226 0.899783
vt 0.392538 0.894199
vt 0.392114 0.892395
vt 0.422603 0.885310
vt 0.422914 0.886779
vt 0.455789 0.876088
vt 0.456147 0.877672
vt 0.491702 0.866665
vt 0.492616 0.868234
vt 0.402877 0.728047
vt 0.443249 0.726120
vt 0.482476 0.725378
vt 0.481840 0.722178
vt 0.512641 0.721848
vt 0.514984 0.724791
vt 0.548655 0.721639
vt 0.548924 0.725926
vt 0.482982 0.727790
vt 0.517214 0.726800
vt 0.493524 0.869790
vt 0.456578 0.879432
vt 0.423362 0.888322
vt 0.457067 0.881195
vt 0.494382 0.871368
vt 0.423914 0.890580
vt 0.356457 0.907265
vt 0.360566 0.908942
vt 0.354903 0.910473
vt 0.349195 0.908794
vt 0.353626 0.905671
vt 0.345158 0.906976
vt 0.352083 0.904083
vt 0.341985 0.904632
vt 0.351201 0.902566
vt 0.339739 0.902376
vt 0.350916 0.900911
vt 0.338145 0.899807
vt 0.350988 0.899414
vt 0.351249 0.897739
vt 0.559199 0.721798
vt 0.557429 0.726215
vt 0.553940 0.730472
vt 0.337157 0.896791
vt 0.568674 0.725850
vt 0.563609 0.729708
vt 0.558641 0.733711
vt 0.402489 0.930585
vt 0.382378 0.920530
vt 0.432102 0.948785
vt 0.427073 0.948919
vt 0.401630 0.933684
vt 0.394555 0.956023
vt 0.371164 0.945579
vt 0.379415 0.922103
vt 0.346074 0.934111
vt 0.417040 0.966572
vt 0.573528 0.756266
vt 0.578464 0.752325
vt 0.583383 0.748397
vt 0.324512 0.909573
vt 0.326146 0.915540
vt 0.328085 0.920218
vt 0.330753 0.924346
vt 0.334672 0.928065
vt 0.340522 0.931711
vt 0.508245 0.808392
vt 0.496971 0.798592
vt 0.524570 0.795355
vt 0.512984 0.778237
vt 0.540896 0.782320
vt 0.531501 0.758093
vt 0.557216 0.769290
vt 0.527031 0.755303
vt 0.505706 0.778164
vt 0.492653 0.796070
vt 0.435633 0.951667
vt 0.432678 0.952838
vt 0.439841 0.952888
vt 0.437647 0.953706
vt 0.435172 0.955303
vt 0.439002 0.956589
vt 0.436758 0.957513
vt 0.440372 0.959181
vt 0.437098 0.960375
vt 0.439351 0.961220
vt 0.443167 0.959474
vt 0.443748 0.960997
vt 0.442245 0.956925
vt 0.439570 0.962574
vt 0.444396 0.962467
vt 0.440732 0.964572
vt 0.445464 0.964072
vt 0.442569 0.966486
vt 0.490652 0.798462
vt 0.488200 0.800593
vt 0.491318 0.803914
vt 0.494335 0.801401
vt 0.439576 0.968130
vt 0.437669 0.964607
vt 0.503325 0.812379
vt 0.498606 0.815997
vt 0.434310 0.979713
vt 0.431670 0.977465
vt 0.429828 0.975728
vt 0.427697 0.973829
vt 0.423414 0.970200
vt 0.478554 0.966503
vt 0.479712 0.963737
vt 0.480516 0.961318
vt 0.479528 0.958009
vt 0.522955 0.966583
vt 0.523278 0.968249
vt 0.521984 0.963691
vt 0.523007 0.970518
vt 0.522469 0.972899
vt 0.869505 0.812482
vt 0.871608 0.836256
vt 0.869505 0.860029
vt 0.863261 0.883080
vt 0.853065 0.904709
vt 0.839226 0.924257
vt 0.822167 0.941132
vt 0.802404 0.954820
vt 0.780538 0.964905
vt 0.757234 0.971082
vt 0.863261 0.789431
vt 0.853065 0.767803
vt 0.839226 0.748255
vt 0.822167 0.731380
vt 0.802404 0.717692
vt 0.780538 0.707607
vt 0.757234 0.701430
vt 0.756240 0.707307
vt 0.733254 0.705318
vt 0.708930 0.707547
vt 0.685435 0.714160
vt 0.663568 0.724930
vt 0.644074 0.739492
vt 0.627617 0.757348
vt 0.614757 0.777892
vt 0.605933 0.800423
vt 0.601444 0.824174
vt 0.601444 0.848338
vt 0.605933 0.872089
vt 0.778529 0.713214
vt 0.799441 0.722860
vt 0.818343 0.735951
vt 0.834659 0.752091
vt 0.847893 0.770787
vt 0.857645 0.791472
vt 0.863617 0.813519
vt 0.865628 0.836256
vt 0.614757 0.894620
vt 0.627617 0.915164
vt 0.644074 0.933020
vt 0.663568 0.947582
vt 0.685435 0.958352
vt 0.708930 0.964965
vt 0.733254 0.967194
vt 0.863617 0.858993
vt 0.857645 0.881039
vt 0.847893 0.901725
vt 0.834659 0.920421
vt 0.818343 0.936560
vt 0.799441 0.949652
vt 0.778529 0.959298
vt 0.756240 0.965205
vt 0.619225 0.724979
vt 0.633105 0.713313
vt 0.660053 0.695962
vt 0.674437 0.689094
vt 0.733084 0.678465
vt 0.752335 0.679522
vt 0.689373 0.684250
vt 0.704209 0.681026
vt 0.859893 0.741369
vt 0.872023 0.759422
vt 0.890564 0.855171
vt 0.887173 0.874487
vt 0.881205 0.778621
vt 0.887381 0.798007
vt 0.890635 0.817409
vt 0.891664 0.836245
vt 0.791407 0.982270
vt 0.771808 0.988562
vt 0.654748 0.973843
vt 0.636392 0.962238
vt 0.752317 0.992285
vt 0.733029 0.993663
vt 0.713872 0.992502
vt 0.694272 0.988781
vt 0.620191 0.947572
vt 0.603796 0.929643
vt 0.594554 0.916689
vt 0.859839 0.931243
vt 0.845754 0.947701
vt 0.871995 0.913106
vt 0.881066 0.894124
vt 0.845853 0.724749
vt 0.829371 0.710501
vt 0.811047 0.698537
vt 0.646310 0.703952
vt 0.718826 0.678995
vt 0.771999 0.682782
vt 0.791880 0.689191
vt 0.829130 0.961862
vt 0.810698 0.973259
vt 0.674189 0.982676
vt 0.588723 0.891815
vt 0.588655 0.905396
vt 0.584036 0.893787
vt 0.581322 0.867552
vt 0.576100 0.868591
vt 0.578189 0.842379
vt 0.573053 0.842746
vt 0.579286 0.817040
vt 0.574539 0.816530
vt 0.584582 0.792226
vt 0.579689 0.791081
vt 0.593939 0.768613
vt 0.589663 0.767196
vt 0.607104 0.746852
vt 0.603548 0.744533
vt 0.614508 0.737608
vt 0.357106 0.717192
vt 0.939194 0.814108
vt 0.948592 0.814108
vt 0.948272 0.816541
vt 0.947333 0.818807
vt 0.945840 0.820754
vt 0.943893 0.822247
vt 0.941627 0.823186
vt 0.939194 0.823506
vt 0.936762 0.823186
vt 0.934495 0.822247
vt 0.932549 0.820754
vt 0.931055 0.818807
vt 0.930116 0.816541
vt 0.929796 0.814108
vt 0.930116 0.811676
vt 0.931055 0.809409
vt 0.932549 0.807463
vt 0.934495 0.805969
vt 0.936762 0.805030
vt 0.939194 0.804710
vt 0.941627 0.805030
vt 0.943893 0.805969
vt 0.945840 0.807463
vt 0.947333 0.809409
vt 0.948272 0.811676
vt 0.957990 0.814108
vt 0.957350 0.818973
vt 0.955472 0.823506
vt 0.952485 0.827399
vt 0.948592 0.830386
vt 0.944059 0.832264
vt 0.939194 0.832904
vt 0.934329 0.832264
vt 0.929796 0.830386
vt 0.925903 0.827399
vt 0.922916 0.823506
vt 0.921039 0.818973
vt 0.920398 0.814108
vt 0.921039 0.809243
vt 0.922916 0.804710
vt 0.925903 0.800817
vt 0.929796 0.797830
vt 0.934329 0.795953
vt 0.939194 0.795312
vt 0.944059 0.795953
vt 0.948592 0.797830
vt 0.952485 0.800817
vt 0.955472 0.804710
vt 0.957350 0.809243
vt 0.960495 0.814108
vt 0.959769 0.819621
vt 0.957641 0.824758
vt 0.954256 0.829170
vt 0.949844 0.832555
vt 0.944707 0.834683
vt 0.939194 0.835409
vt 0.933681 0.834683
vt 0.928544 0.832555
vt 0.924133 0.829170
vt 0.920748 0.824758
vt 0.918620 0.819621
vt 0.917894 0.814108
vt 0.918620 0.808595
vt 0.920748 0.803458
vt 0.924133 0.799047
vt 0.928544 0.795662
vt 0.933681 0.793534
vt 0.939194 0.792808
vt 0.944707 0.793534
vt 0.949844 0.795662
vt 0.954256 0.799047
vt 0.957641 0.803458
vt 0.959769 0.808595
vt 0.961532 0.814108
vt 0.960771 0.819890
vt 0.958539 0.825277
vt 0.954989 0.829903
vt 0.950363 0.833453
vt 0.944976 0.835685
vt 0.939194 0.836446
vt 0.933413 0.835685
vt 0.928025 0.833453
vt 0.923399 0.829903
vt 0.919849 0.825277
vt 0.917618 0.819890
vt 0.916857 0.814108
vt 0.917618 0.808327
vt 0.919849 0.802939
vt 0.923399 0.798313
vt 0.928025 0.794763
vt 0.933413 0.792532
vt 0.939194 0.791771
vt 0.944976 0.792532
vt 0.950363 0.794763
vt 0.954989 0.798313
vt 0.958539 0.802939
vt 0.960771 0.808327
vt 0.973264 0.814108
vt 0.972100 0.822976
vt 0.968686 0.831240
vt 0.963257 0.838337
vt 0.956180 0.843782
vt 0.947940 0.847205
vt 0.939097 0.848372
vt 0.930254 0.847205
vt 0.922014 0.843782
vt 0.914937 0.838337
vt 0.909508 0.831240
vt 0.906094 0.822976
vt 0.904930 0.814108
vt 0.906094 0.805240
vt 0.909508 0.796976
vt 0.914937 0.789880
vt 0.922014 0.784435
vt 0.930254 0.781012
vt 0.939097 0.779844
vt 0.947940 0.781012
vt 0.956180 0.784435
vt 0.963257 0.789880
vt 0.968686 0.796976
vt 0.972100 0.805240
vt 0.939416 0.903095
vt 0.948764 0.903095
vt 0.948446 0.905514
vt 0.947512 0.907769
vt 0.946026 0.909705
vt 0.944090 0.911191
vt 0.941835 0.912125
vt 0.939416 0.912443
vt 0.936996 0.912125
vt 0.934742 0.911191
vt 0.932806 0.909705
vt 0.931320 0.907769
vt 0.930386 0.905514
vt 0.930068 0.903095
vt 0.930386 0.900675
vt 0.931320 0.898421
vt 0.932806 0.896485
vt 0.934742 0.894999
vt 0.936996 0.894065
vt 0.939416 0.893747
vt 0.941835 0.894065
vt 0.944090 0.894999
vt 0.946026 0.896485
vt 0.947512 0.898421
vt 0.948446 0.900675
vt 0.958112 0.903095
vt 0.957475 0.907934
vt 0.955608 0.912443
vt 0.952636 0.916315
vt 0.948764 0.919287
vt 0.944255 0.921154
vt 0.939416 0.921791
vt 0.934577 0.921154
vt 0.930068 0.919287
vt 0.926196 0.916315
vt 0.923224 0.912443
vt 0.921356 0.907934
vt 0.920719 0.903095
vt 0.921356 0.898256
vt 0.923224 0.893747
vt 0.926195 0.889875
vt 0.930068 0.886903
vt 0.934577 0.885035
vt 0.939416 0.884398
vt 0.944255 0.885035
vt 0.948764 0.886903
vt 0.952636 0.889874
vt 0.955608 0.893747
vt 0.957475 0.898256
vt 0.960603 0.903095
vt 0.959881 0.908579
vt 0.957765 0.913689
vt 0.954398 0.918077
vt 0.950010 0.921444
vt 0.944900 0.923561
vt 0.939416 0.924282
vt 0.933932 0.923561
vt 0.928822 0.921444
vt 0.924434 0.918077
vt 0.921067 0.913689
vt 0.918950 0.908579
vt 0.918228 0.903095
vt 0.918950 0.897611
vt 0.921067 0.892501
vt 0.924434 0.888113
vt 0.928822 0.884746
vt 0.933932 0.882629
vt 0.939416 0.881907
vt 0.944900 0.882629
vt 0.950010 0.884746
vt 0.954398 0.888113
vt 0.957765 0.892501
vt 0.959881 0.897611
vt 0.961635 0.903095
vt 0.960878 0.908846
vt 0.958658 0.914205
vt 0.955127 0.918806
vt 0.950526 0.922337
vt 0.945167 0.924557
vt 0.939416 0.925314
vt 0.933665 0.924557
vt 0.928306 0.922337
vt 0.923704 0.918806
vt 0.920173 0.914205
vt 0.917954 0.908846
vt 0.917197 0.903095
vt 0.917954 0.897344
vt 0.920173 0.891985
vt 0.923704 0.887384
vt 0.928306 0.883852
vt 0.933665 0.881633
vt 0.939416 0.880876
vt 0.945167 0.881633
vt 0.950526 0.883852
vt 0.955127 0.887383
vt 0.958658 0.891985
vt 0.960878 0.897344
vt 0.972771 0.902998
vt 0.971628 0.911807
vt 0.968276 0.920015
vt 0.962945 0.927064
vt 0.955996 0.932473
vt 0.947905 0.935873
vt 0.939222 0.937033
vt 0.930538 0.935873
vt 0.922447 0.932473
vt 0.915499 0.927064
vt 0.910167 0.920015
vt 0.906815 0.911807
vt 0.905672 0.902998
vt 0.906815 0.894189
vt 0.910167 0.885980
vt 0.915499 0.878931
vt 0.922447 0.873522
vt 0.930538 0.870122
vt 0.939222 0.868962
vt 0.947905 0.870122
vt 0.955996 0.873522
vt 0.962945 0.878931
vt 0.968276 0.885980
vt 0.971628 0.894189
vt 0.881217 0.960126
vt 0.886847 0.960126
vt 0.886656 0.961583
vt 0.886093 0.962941
vt 0.885198 0.964107
vt 0.884032 0.965002
vt 0.882674 0.965565
vt 0.881217 0.965756
vt 0.879760 0.965565
vt 0.878402 0.965002
vt 0.877236 0.964107
vt 0.876341 0.962941
vt 0.875779 0.961583
vt 0.875587 0.960126
vt 0.875779 0.958669
vt 0.876341 0.957311
vt 0.877236 0.956145
vt 0.878402 0.955250
vt 0.879760 0.954688
vt 0.881217 0.954496
vt 0.882674 0.954688
vt 0.884032 0.955250
vt 0.885198 0.956145
vt 0.886093 0.957311
vt 0.886656 0.958669
vt 0.892441 0.960126
vt 0.892058 0.963031
vt 0.890937 0.965738
vt 0.889153 0.968062
vt 0.886829 0.969846
vt 0.884122 0.970967
vt 0.881217 0.971350
vt 0.878312 0.970967
vt 0.875605 0.969846
vt 0.873281 0.968062
vt 0.871497 0.965738
vt 0.870376 0.963031
vt 0.869994 0.960126
vt 0.870376 0.957221
vt 0.871497 0.954514
vt 0.873281 0.952190
vt 0.875605 0.950406
vt 0.878312 0.949285
vt 0.881217 0.948903
vt 0.884122 0.949285
vt 0.886829 0.950406
vt 0.889153 0.952190
vt 0.890937 0.954514
vt 0.892058 0.957221
vt 0.894857 0.960126
vt 0.894393 0.963656
vt 0.893030 0.966946
vt 0.890862 0.969771
vt 0.888037 0.971939
vt 0.884747 0.973302
vt 0.881217 0.973766
vt 0.877687 0.973302
vt 0.874397 0.971939
vt 0.871572 0.969771
vt 0.869404 0.966946
vt 0.868042 0.963656
vt 0.867577 0.960126
vt 0.868042 0.956596
vt 0.869404 0.953306
vt 0.871572 0.950481
vt 0.874397 0.948313
vt 0.877687 0.946951
vt 0.881217 0.946486
vt 0.884747 0.946951
vt 0.888037 0.948313
vt 0.890862 0.950481
vt 0.893030 0.953306
vt 0.894393 0.956596
vt 0.895858 0.960126
vt 0.895360 0.963916
vt 0.893897 0.967447
vt 0.891570 0.970479
vt 0.888538 0.972806
vt 0.885007 0.974269
vt 0.881217 0.974768
vt 0.877428 0.974269
vt 0.873896 0.972806
vt 0.870864 0.970479
vt 0.868537 0.967447
vt 0.867075 0.963916
vt 0.866576 0.960126
vt 0.867075 0.956337
vt 0.868537 0.952805
vt 0.870864 0.949773
vt 0.873896 0.947446
vt 0.877428 0.945984
vt 0.881217 0.945485
vt 0.885007 0.945984
vt 0.888538 0.947446
vt 0.891570 0.949773
vt 0.893897 0.952805
vt 0.895360 0.956337
vt 0.904910 0.960414
vt 0.904104 0.966462
vt 0.901742 0.972099
vt 0.897984 0.976939
vt 0.893086 0.980653
vt 0.887383 0.982988
vt 0.881263 0.983785
vt 0.875143 0.982988
vt 0.869440 0.980653
vt 0.864543 0.976939
vt 0.860785 0.972099
vt 0.858423 0.966462
vt 0.857617 0.960414
vt 0.858423 0.954365
vt 0.860785 0.948728
vt 0.864543 0.943888
vt 0.869440 0.940174
vt 0.875143 0.937839
vt 0.881263 0.937043
vt 0.887383 0.937839
vt 0.893086 0.940174
vt 0.897984 0.943888
vt 0.901742 0.948728
vt 0.904104 0.954365
vt 0.976488 0.971809
vt 0.976995 0.968890
vt 0.979005 0.968890
vt 0.978377 0.972507
vt 0.975029 0.974375
vt 0.976569 0.975688
vt 0.972793 0.976280
vt 0.973798 0.978049
vt 0.970050 0.977294
vt 0.970400 0.979305
vt 0.967132 0.977294
vt 0.966783 0.979305
vt 0.964389 0.976280
vt 0.963384 0.978049
vt 0.962154 0.974375
vt 0.960614 0.975688
vt 0.960695 0.971809
vt 0.958805 0.972507
vt 0.960188 0.968890
vt 0.958177 0.968890
vt 0.960695 0.965972
vt 0.958805 0.965274
vt 0.962154 0.963405
vt 0.960614 0.962093
vt 0.964389 0.961501
vt 0.963384 0.959732
vt 0.967132 0.960487
vt 0.966783 0.958476
vt 0.970050 0.960487
vt 0.970400 0.958476
vt 0.972793 0.961501
vt 0.973798 0.959732
vt 0.975029 0.963405
vt 0.976569 0.962093
vt 0.976488 0.965972
vt 0.978377 0.965274
vt 0.911901 0.668846
vt 0.911183 0.663582
vt 0.917514 0.663746
vt 0.916845 0.669017
vt 0.923587 0.665544
vt 0.921576 0.670462
vt 0.928988 0.668853
vt 0.925773 0.673083
vt 0.933348 0.673446
vt 0.929148 0.676700
vt 0.936371 0.679011
vt 0.931472 0.681067
vt 0.937850 0.685170
vt 0.932586 0.685887
vt 0.937686 0.691501
vt 0.932415 0.690832
vt 0.935888 0.697574
vt 0.930970 0.695563
vt 0.932580 0.702974
vt 0.928350 0.699759
vt 0.927986 0.707335
vt 0.924732 0.703134
vt 0.922421 0.710358
vt 0.920365 0.705458
vt 0.916263 0.711837
vt 0.915545 0.706573
vt 0.909931 0.711673
vt 0.910601 0.706402
vt 0.903858 0.709875
vt 0.905869 0.704957
vt 0.898458 0.706566
vt 0.901673 0.702336
vt 0.894097 0.701973
vt 0.898298 0.698719
vt 0.891074 0.696408
vt 0.895974 0.694352
vt 0.889595 0.690250
vt 0.894859 0.689532
vt 0.889760 0.683918
vt 0.895031 0.684587
vt 0.891557 0.677845
vt 0.896476 0.679856
vt 0.894866 0.672445
vt 0.899096 0.675660
vt 0.899459 0.668084
vt 0.902713 0.672285
vt 0.905025 0.665061
vt 0.907080 0.669961
vt 0.910645 0.660620
vt 0.917761 0.660746
vt 0.924602 0.662710
vt 0.930702 0.666378
vt 0.935644 0.671499
vt 0.939093 0.677725
vt 0.940812 0.684632
vt 0.940686 0.691748
vt 0.938722 0.698589
vt 0.935054 0.704688
vt 0.929933 0.709631
vt 0.923707 0.713080
vt 0.916801 0.714799
vt 0.909684 0.714673
vt 0.902843 0.712709
vt 0.896744 0.709041
vt 0.891801 0.703920
vt 0.888353 0.697694
vt 0.886633 0.690787
vt 0.886759 0.683671
vt 0.888723 0.676830
vt 0.892391 0.670731
vt 0.897512 0.665788
vt 0.903738 0.662339
vt 0.910295 0.658810
vt 0.917892 0.658907
vt 0.925204 0.660968
vt 0.931734 0.664851
vt 0.937037 0.670291
vt 0.940751 0.676919
vt 0.942622 0.684282
vt 0.942525 0.691879
vt 0.940464 0.699191
vt 0.936582 0.705721
vt 0.931141 0.711024
vt 0.924514 0.714737
vt 0.917151 0.716609
vt 0.909554 0.716512
vt 0.902241 0.714451
vt 0.895711 0.710568
vt 0.890409 0.705128
vt 0.886695 0.698500
vt 0.884823 0.691137
vt 0.884921 0.683540
vt 0.886981 0.676228
vt 0.890864 0.669698
vt 0.896304 0.664395
vt 0.902932 0.660682
vt 0.910043 0.656759
vt 0.918179 0.656861
vt 0.926012 0.659066
vt 0.933007 0.663222
vt 0.938687 0.669048
vt 0.942667 0.676145
vt 0.944674 0.684030
vt 0.944571 0.692166
vt 0.942367 0.699999
vt 0.938210 0.706993
vt 0.932385 0.712674
vt 0.925287 0.716654
vt 0.917402 0.718660
vt 0.909266 0.718558
vt 0.901434 0.716353
vt 0.894439 0.712197
vt 0.888758 0.706371
vt 0.884779 0.699274
vt 0.882772 0.691389
vt 0.882874 0.683253
vt 0.885079 0.675420
vt 0.889235 0.668426
vt 0.895061 0.662745
vt 0.902158 0.658766
vt 0.909660 0.655001
vt 0.918264 0.655064
vt 0.926558 0.657352
vt 0.933978 0.661709
vt 0.940017 0.667837
vt 0.944265 0.675320
vt 0.946431 0.683647
vt 0.946368 0.692251
vt 0.944080 0.700545
vt 0.939723 0.707965
vt 0.933595 0.714004
vt 0.926112 0.718252
vt 0.917785 0.720417
vt 0.909181 0.720354
vt 0.900887 0.718067
vt 0.893467 0.713710
vt 0.887428 0.707582
vt 0.883181 0.700099
vt 0.881015 0.691772
vt 0.881078 0.683168
vt 0.883366 0.674874
vt 0.887722 0.667454
vt 0.893850 0.661415
vt 0.901333 0.657167
vt 0.909059 0.649065
vt 0.919220 0.649175
vt 0.929006 0.651911
vt 0.937750 0.657086
vt 0.944858 0.664348
vt 0.949843 0.673203
vt 0.952367 0.683046
vt 0.952257 0.693206
vt 0.949521 0.702992
vt 0.944346 0.711737
vt 0.937084 0.718844
vt 0.928229 0.723830
vt 0.918387 0.726354
vt 0.908226 0.726244
vt 0.898440 0.723508
vt 0.889695 0.718333
vt 0.882588 0.711071
vt 0.877602 0.702216
vt 0.875078 0.692373
vt 0.875188 0.682213
vt 0.877924 0.672426
vt 0.883099 0.663682
vt 0.890361 0.656575
vt 0.899216 0.651589
vt 0.907187 0.633557
vt 0.921425 0.633711
vt 0.935139 0.637544
vt 0.947393 0.644796
vt 0.957352 0.654973
vt 0.964338 0.667381
vt 0.967875 0.681174
vt 0.967721 0.695412
vt 0.963888 0.709125
vt 0.956635 0.721379
vt 0.946459 0.731339
vt 0.934051 0.738325
vt 0.920258 0.741862
vt 0.906020 0.741708
vt 0.892307 0.737874
vt 0.880053 0.730622
vt 0.870093 0.720446
vt 0.863107 0.708038
vt 0.859570 0.694245
vt 0.859724 0.680007
vt 0.863557 0.666293
vt 0.870810 0.654040
vt 0.880986 0.644080
vt 0.893394 0.637094
vt 0.906120 0.624730
vt 0.922680 0.624909
vt 0.938664 0.629388
vt 0.952844 0.637780
vt 0.964463 0.649636
vt 0.972588 0.664066
vt 0.976702 0.680107
vt 0.976524 0.696666
vt 0.972065 0.712615
vt 0.963631 0.726867
vt 0.951796 0.738450
vt 0.937366 0.746575
vt 0.921325 0.750689
vt 0.904766 0.750510
vt 0.888817 0.746052
vt 0.874565 0.737618
vt 0.862982 0.725783
vt 0.854857 0.711353
vt 0.850743 0.695312
vt 0.850922 0.678752
vt 0.855380 0.662804
vt 0.863814 0.648552
vt 0.875649 0.636969
vt 0.890079 0.628844
vt 0.915423 0.678153
vt 0.912892 0.678038
vt 0.917839 0.678918
vt 0.919974 0.680283
vt 0.921683 0.682154
vt 0.922849 0.684403
vt 0.923394 0.686878
vt 0.923280 0.689410
vt 0.922514 0.691825
vt 0.921149 0.693960
vt 0.919278 0.695669
vt 0.917029 0.696836
vt 0.914554 0.697381
vt 0.912022 0.697266
vt 0.909607 0.696501
vt 0.907472 0.695136
vt 0.905763 0.693265
vt 0.904596 0.691016
vt 0.904051 0.688541
vt 0.904166 0.686009
vt 0.904931 0.683594
vt 0.906296 0.681459
vt 0.908167 0.679749
vt 0.910417 0.678583
vt 0.913723 0.687708
vt 0.905144 0.616645
vt 0.923829 0.616846
vt 0.941826 0.621876
vt 0.957907 0.631393
vt 0.970977 0.644747
vt 0.980146 0.661030
vt 0.984788 0.679131
vt 0.984586 0.697816
vt 0.979556 0.715812
vt 0.970039 0.731894
vt 0.956684 0.744964
vt 0.940402 0.754132
vt 0.922301 0.758774
vt 0.903616 0.758573
vt 0.885620 0.753543
vt 0.869538 0.744026
vt 0.856468 0.730671
vt 0.847300 0.714389
vt 0.842658 0.696288
vt 0.842859 0.677603
vt 0.847889 0.659606
vt 0.857406 0.643525
vt 0.870761 0.630455
vt 0.887043 0.621286
vt 0.948687 0.580512
vt 0.948687 0.583400
vt 0.941258 0.579288
vt 0.948688 0.577390
vt 0.942111 0.576536
vt 0.940788 0.582115
vt 0.915703 0.548557
vt 0.918651 0.548252
vt 0.915703 0.548611
vt 0.921708 0.547641
vt 0.921886 0.521837
vt 0.918585 0.521773
vt 0.915662 0.521755
vt 0.919002 0.553622
vt 0.916109 0.554020
vt 0.920088 0.558272
vt 0.917498 0.559954
vt 0.922573 0.564297
vt 0.921266 0.567523
vt 0.924315 0.567062
vt 0.926571 0.574005
vt 0.928158 0.571729
vt 0.933196 0.578986
vt 0.934017 0.576199
vt 0.936740 0.574500
vt 0.933832 0.572717
vt 0.930255 0.569762
vt 0.927193 0.566209
vt 0.924751 0.562146
vt 0.923004 0.557699
vt 0.921821 0.552991
vt 0.944355 0.570712
vt 0.948687 0.570992
vt 0.938593 0.569290
vt 0.934573 0.567553
vt 0.931027 0.564791
vt 0.928322 0.561907
vt 0.926163 0.558359
vt 0.925060 0.554887
vt 0.924686 0.552338
vt 0.924666 0.547316
vt 0.924490 0.522092
vt 0.948659 0.459994
vt 0.948659 0.462885
vt 0.941173 0.464103
vt 0.948659 0.466033
vt 0.942025 0.466883
vt 0.940703 0.461274
vt 0.918566 0.494988
vt 0.915618 0.494776
vt 0.915618 0.494722
vt 0.921645 0.495833
vt 0.918916 0.489726
vt 0.916024 0.489318
vt 0.920090 0.484312
vt 0.917412 0.483391
vt 0.922472 0.479061
vt 0.921181 0.475836
vt 0.921240 0.481795
vt 0.924229 0.476304
vt 0.926485 0.469366
vt 0.928072 0.471645
vt 0.933111 0.464395
vt 0.933931 0.467185
vt 0.936655 0.468913
vt 0.933747 0.470692
vt 0.930170 0.473642
vt 0.927108 0.477190
vt 0.924666 0.481249
vt 0.922853 0.485472
vt 0.921643 0.490654
vt 0.943633 0.472778
vt 0.948659 0.472503
vt 0.938508 0.474189
vt 0.934488 0.475913
vt 0.930901 0.478442
vt 0.927773 0.481660
vt 0.925641 0.485073
vt 0.924958 0.487840
vt 0.924349 0.491256
vt 0.924527 0.496846
vt 0.944738 0.566768
vt 0.948685 0.567022
vt 0.939485 0.565473
vt 0.935819 0.563893
vt 0.932586 0.561376
vt 0.930120 0.558751
vt 0.927146 0.552350
vt 0.926804 0.546895
vt 0.926625 0.522187
vt 0.948660 0.477216
vt 0.943655 0.477466
vt 0.938602 0.478752
vt 0.935052 0.484654
vt 0.930208 0.486625
vt 0.929104 0.491334
vt 0.928911 0.497190
vt 0.948679 0.558019
vt 0.940697 0.557712
vt 0.933545 0.551831
vt 0.933209 0.545359
vt 0.932622 0.522273
vt 0.939351 0.496924
vt 0.939111 0.489064
vt 0.948656 0.487565
vt 0.948663 0.496851
vt 0.933465 0.497081
vt 0.934081 0.490450
vt 0.941130 0.522371
vt 0.942541 0.541369
vt 0.948674 0.539070
vt 0.948669 0.522381
vt 0.956050 0.579288
vt 0.955197 0.576536
vt 0.956519 0.582115
vt 0.978657 0.548252
vt 0.981605 0.548557
vt 0.981605 0.548611
vt 0.975600 0.547641
vt 0.975422 0.521837
vt 0.978723 0.521773
vt 0.981646 0.521755
vt 0.978306 0.553622
vt 0.981199 0.554020
vt 0.977220 0.558272
vt 0.979810 0.559954
vt 0.974735 0.564297
vt 0.976042 0.567523
vt 0.972993 0.567062
vt 0.970737 0.574005
vt 0.969150 0.571729
vt 0.964112 0.578986
vt 0.963291 0.576199
vt 0.960568 0.574500
vt 0.963476 0.572717
vt 0.967053 0.569762
vt 0.970115 0.566209
vt 0.972557 0.562146
vt 0.974304 0.557699
vt 0.975487 0.552991
vt 0.952953 0.570712
vt 0.958715 0.569290
vt 0.962735 0.567553
vt 0.966280 0.564791
vt 0.968986 0.561907
vt 0.971145 0.558359
vt 0.972247 0.554887
vt 0.972622 0.552338
vt 0.972642 0.547316
vt 0.972818 0.522092
vt 0.956135 0.464103
vt 0.955282 0.466883
vt 0.956605 0.461274
vt 0.981690 0.494776
vt 0.978742 0.494988
vt 0.981690 0.494722
vt 0.975663 0.495833
vt 0.978392 0.489726
vt 0.981284 0.489318
vt 0.977218 0.484312
vt 0.979895 0.483391
vt 0.974836 0.479061
vt 0.976127 0.475836
vt 0.976067 0.481795
vt 0.973079 0.476304
vt 0.970822 0.469366
vt 0.969236 0.471645
vt 0.964197 0.464395
vt 0.963377 0.467185
vt 0.960653 0.468913
vt 0.963561 0.470692
vt 0.967138 0.473642
vt 0.970200 0.477190
vt 0.972642 0.481249
vt 0.974455 0.485472
vt 0.975665 0.490654
vt 0.953675 0.472778
vt 0.958800 0.474189
vt 0.962820 0.475913
vt 0.966407 0.478442
vt 0.969535 0.481660
vt 0.971667 0.485073
vt 0.972350 0.487840
vt 0.972959 0.491256
vt 0.972781 0.496846
vt 0.952570 0.566768
vt 0.957823 0.565473
vt 0.961489 0.563893
vt 0.964722 0.561376
vt 0.967188 0.558751
vt 0.970162 0.552350
vt 0.970503 0.546895
vt 0.970683 0.522187
vt 0.953652 0.477466
vt 0.958706 0.478752
vt 0.962256 0.484654
vt 0.967100 0.486625
vt 0.968204 0.491334
vt 0.968397 0.497190
vt 0.956611 0.557712
vt 0.963763 0.551831
vt 0.964099 0.545359
vt 0.964686 0.522273
vt 0.958197 0.489064
vt 0.957957 0.496924
vt 0.963843 0.497081
vt 0.963227 0.490450
vt 0.956178 0.522371
vt 0.954767 0.541369
vt 0.540785 0.533224
vt 0.556075 0.533688
vt 0.556055 0.554245
vt 0.538459 0.553742
vt 0.555696 0.511125
vt 0.544377 0.511347
vt 0.545586 0.497599
vt 0.555404 0.496801
vt 0.555196 0.491973
vt 0.555273 0.494011
vt 0.546009 0.494645
vt 0.546268 0.492365
vt 0.555090 0.488844
vt 0.546203 0.489026
vt 0.554702 0.471611
vt 0.554828 0.477540
vt 0.544461 0.478212
vt 0.543223 0.472338
vt 0.554561 0.465328
vt 0.541948 0.466259
vt 0.554959 0.482930
vt 0.545283 0.483383
vt 0.554424 0.459819
vt 0.540609 0.460814
vt 0.556511 0.569880
vt 0.536683 0.569244
vt 0.556205 0.574839
vt 0.535067 0.574395
vt 0.556229 0.580568
vt 0.533290 0.580047
vt 0.516870 0.566843
vt 0.520576 0.551387
vt 0.496838 0.561909
vt 0.503132 0.546926
vt 0.479648 0.554745
vt 0.486559 0.540805
vt 0.463887 0.545426
vt 0.472291 0.533124
vt 0.538344 0.495181
vt 0.538166 0.492794
vt 0.529066 0.495834
vt 0.528221 0.493331
vt 0.519648 0.497374
vt 0.519371 0.494785
vt 0.509780 0.499956
vt 0.509421 0.497211
vt 0.501200 0.502959
vt 0.500251 0.500453
vt 0.489056 0.509423
vt 0.487806 0.506518
vt 0.479208 0.515275
vt 0.477368 0.511923
vt 0.464982 0.524602
vt 0.464409 0.520264
vt 0.452653 0.532466
vt 0.450642 0.528627
vt 0.526594 0.531070
vt 0.510985 0.528240
vt 0.495135 0.523367
vt 0.534008 0.509720
vt 0.522561 0.507460
vt 0.529963 0.499120
vt 0.537856 0.498561
vt 0.512178 0.502603
vt 0.520319 0.500188
vt 0.491396 0.511974
vt 0.503650 0.505649
vt 0.482133 0.518163
vt 0.467972 0.528683
vt 0.526940 0.490788
vt 0.525217 0.487040
vt 0.535710 0.484954
vt 0.537457 0.489629
vt 0.531088 0.474620
vt 0.533609 0.480174
vt 0.522817 0.482325
vt 0.520382 0.478170
vt 0.514392 0.473094
vt 0.528598 0.468816
vt 0.510679 0.468133
vt 0.525788 0.463424
vt 0.501494 0.479378
vt 0.496872 0.474602
vt 0.491021 0.485971
vt 0.485768 0.482150
vt 0.481191 0.493360
vt 0.475855 0.490269
vt 0.518565 0.491965
vt 0.509161 0.494492
vt 0.517499 0.488553
vt 0.508019 0.490786
vt 0.472109 0.502387
vt 0.466895 0.499867
vt 0.464134 0.511014
vt 0.459738 0.509496
vt 0.496488 0.491354
vt 0.505373 0.485183
vt 0.474262 0.505645
vt 0.486099 0.499821
vt 0.498501 0.494361
vt 0.515167 0.479293
vt 0.516423 0.484085
vt 0.499772 0.497480
vt 0.486976 0.503338
vt 0.475717 0.508749
vt 0.463920 0.515780
vt 0.451889 0.521747
vt 0.456404 0.537649
vt 0.515373 0.572024
vt 0.494369 0.567169
vt 0.461024 0.548201
vt 0.477109 0.559851
vt 0.513130 0.577953
vt 0.491666 0.572941
vt 0.457654 0.550676
vt 0.473701 0.564848
vt 0.447484 0.535238
vt 0.451001 0.539856
vt 0.571473 0.532249
vt 0.575048 0.552532
vt 0.568279 0.510498
vt 0.564719 0.496747
vt 0.564259 0.494201
vt 0.563767 0.491896
vt 0.563838 0.488594
vt 0.565474 0.477665
vt 0.566592 0.471674
vt 0.568042 0.465512
vt 0.564604 0.483089
vt 0.569277 0.460206
vt 0.577648 0.568148
vt 0.579149 0.573012
vt 0.581440 0.579243
vt 0.593133 0.549125
vt 0.596712 0.564752
vt 0.611629 0.543211
vt 0.617990 0.558008
vt 0.626978 0.536639
vt 0.633726 0.550437
vt 0.637614 0.528926
vt 0.645578 0.542993
vt 0.572245 0.491639
vt 0.572209 0.493975
vt 0.582182 0.491457
vt 0.581972 0.494064
vt 0.591073 0.492568
vt 0.590814 0.495108
vt 0.600910 0.494437
vt 0.600101 0.497257
vt 0.610252 0.496816
vt 0.608970 0.499578
vt 0.622267 0.501678
vt 0.621135 0.504497
vt 0.633989 0.506918
vt 0.632105 0.509389
vt 0.648381 0.514533
vt 0.646431 0.518045
vt 0.661057 0.521033
vt 0.657396 0.526854
vt 0.588340 0.528755
vt 0.605097 0.524289
vt 0.616652 0.515209
vt 0.629786 0.512817
vt 0.583322 0.508654
vt 0.598824 0.504786
vt 0.606946 0.502756
vt 0.572836 0.496489
vt 0.581918 0.497169
vt 0.589927 0.498408
vt 0.599261 0.500260
vt 0.619635 0.507706
vt 0.643202 0.523282
vt 0.574278 0.483656
vt 0.584512 0.484789
vt 0.583013 0.488706
vt 0.572780 0.488448
vt 0.586358 0.480880
vt 0.576148 0.478764
vt 0.578454 0.473095
vt 0.589522 0.475293
vt 0.581431 0.467101
vt 0.595509 0.470335
vt 0.584211 0.462041
vt 0.598535 0.465644
vt 0.612623 0.471601
vt 0.609411 0.476610
vt 0.624070 0.478156
vt 0.619318 0.482235
vt 0.634237 0.485691
vt 0.629856 0.489354
vt 0.591852 0.490002
vt 0.602216 0.491777
vt 0.592650 0.487270
vt 0.643295 0.494920
vt 0.639595 0.498134
vt 0.650667 0.504168
vt 0.647433 0.506026
vt 0.614511 0.487671
vt 0.606491 0.482298
vt 0.636763 0.501574
vt 0.624528 0.496021
vt 0.612658 0.491042
vt 0.604107 0.487329
vt 0.593898 0.483141
vt 0.595084 0.477237
vt 0.611385 0.494293
vt 0.623444 0.499110
vt 0.635870 0.504552
vt 0.648943 0.510731
vt 0.659130 0.514620
vt 0.653457 0.534422
vt 0.619910 0.562863
vt 0.598040 0.569612
vt 0.650056 0.547929
vt 0.636831 0.555652
vt 0.625500 0.570625
vt 0.602250 0.577891
vt 0.657433 0.554246
vt 0.643621 0.562951
vt 0.665766 0.533179
vt 0.662960 0.542333
s 1
usemtl knuckles_left
f 1/1/1 2/2/2 3/3/3
f 3/3/3 4/4/4 1/1/1
f 5/5/5 6/6/6 7/7/7
f 7/7/7 8/8/8 5/5/5
f 9/9/9 10/10/10 11/11/11
f 11/11/11 12/12/12 9/9/9
f 13/13/13 14/14/14 6/6/6
f 6/6/6 5/5/5 13/13/13
f 15/15/15 16/16/16 14/14/14
f 14/14/14 13/13/13 15/15/15
f 17/17/17 18/18/18 16/16/16
f 16/16/16 15/15/15 17/17/17
f 19/19/19 20/20/20 18/18/18
f 18/18/18 17/17/17 19/19/19
f 12/12/12 11/11/11 20/20/20
f 20/20/20 19/19/19 12/12/12
f 21/21/21 22/22/22 23/23/23
f 23/23/23 24/24/24 21/21/21
f 25/25/25 26/26/26 22/22/22
f 22/22/22 21/21/21 25/25/25
f 27/27/27 28/28/28 26/26/26
f 26/26/26 25/25/25 27/27/27
f 29/29/29 30/30/30 31/31/31
f 31/31/31 32/32/32 29/29/29
f 32/32/32 31/31/31 33/33/33
f 33/33/33 34/34/34 32/32/32
f 34/34/34 33/33/33 35/35/35
f 35/35/35 36/36/36 34/34/34
f 36/36/36 35/35/35 10/10/10
f 10/10/10 9/9/9 36/36/36
f 8/8/8 7/7/7 37/37/37
f 37/37/37 38/38/38 8/8/8
f 38/38/38 37/37/37 39/39/39
f 39/39/39 40/40/40 38/38/38
f 40/40/40 39/39/39 41/41/41
f 41/41/41 42/42/42 40/40/40
f 43/43/43 44/44/44 2/45/2
f 2/45/2 1/46/1 43/43/43
f 45/47/45 46/48/46 44/44/44
f 44/44/44 43/43/43 45/47/45
f 42/42/42 41/41/41 46/48/46
f 46/48/46 45/47/45 42/42/42
f 47/49/47 48/50/48 30/30/30
f 30/30/30 29/29/29 47/49/47
f 49/51/49 50/52/50 48/50/48
f 48/50/48 47/49/47 49/51/49
f 24/24/24 23/23/23 50/52/50
f 50/52/50 49/51/49 24/24/24
f 1/1/51 4/4/52 51/53/53
f 51/53/53 52/54/54 1/1/51
f 53/55/55 54/56/56 55/57/57
f 55/57/57 5/5/58 53/55/55
f 53/55/55 5/5/58 8/8/59
f 9/9/60 12/12/61 56/58/62
f 56/58/62 57/59/63 9/9/60
f 13/13/64 5/5/58 55/57/57
f 55/57/57 58/60/65 13/13/64
f 15/15/66 13/13/64 58/60/65
f 58/60/65 59/61/67 15/15/66
f 17/17/68 15/15/66 59/61/67
f 59/61/67 60/62/69 17/17/68
f 19/19/70 17/17/68 60/62/69
f 60/62/69 61/63/71 19/19/70
f 12/12/61 19/19/70 61/63/71
f 61/63/71 56/58/62 12/12/61
f 21/21/72 24/24/73 62/64/74
f 62/64/74 63/65/75 21/21/72
f 25/25/76 21/21/72 63/65/75
f 63/65/75 64/66/77 25/25/76
f 27/27/78 25/25/76 64/66/77
f 64/66/77 65/67/79 27/27/78
f 29/29/80 32/32/81 66/68/82
f 66/68/82 67/69/80 29/29/80
f 32/32/81 34/34/83 68/70/84
f 68/70/84 66/68/82 32/32/81
f 34/34/83 36/36/85 69/71/86
f 69/71/86 68/70/84 34/34/83
f 36/36/85 9/9/60 57/59/63
f 57/59/63 69/71/86 36/36/85
f 70/72/87 38/38/88 71/73/89
f 70/72/87 53/55/55 8/8/59
f 8/8/59 38/38/88 70/72/87
f 38/38/88 40/40/90 72/74/91
f 72/74/91 71/73/89 38/38/88
f 73/75/92 72/74/91 40/40/90
f 40/40/90 42/42/93 73/75/92
f 43/43/94 1/46/51 52/76/54
f 52/76/54 74/77/95 43/43/94
f 45/47/96 43/43/94 74/77/95
f 74/77/95 75/78/97 45/47/96
f 75/78/97 73/75/92 42/42/93
f 42/42/93 45/47/96 75/78/97
f 47/49/98 29/29/80 67/69/80
f 67/69/80 76/79/99 47/49/98
f 49/51/100 47/49/98 76/79/99
f 76/79/99 77/80/101 49/51/100
f 24/24/73 49/51/100 77/80/101
f 77/80/101 62/64/74 24/24/73
f 78/81/102 79/82/103 80/83/104
f 80/83/104 81/84/105 78/81/102
f 82/85/106 81/84/105 80/83/104
f 80/83/104 83/86/107 82/85/106
f 84/87/108 82/85/106 83/86/107
f 83/86/107 85/88/109 84/87/108
f 86/89/110 84/87/108 85/88/109
f 85/88/109 87/90/111 86/89/110
f 88/91/112 86/89/110 87/90/111
f 89/92/113 86/89/110 90/93/114
f 61/63/71 91/94/115 92/95/116
f 92/95/116 56/58/62 61/63/71
f 93/96/117 94/97/118 95/98/119
f 95/98/119 96/99/120 93/96/117
f 79/82/103 97/100/121 98/101/122
f 98/101/122 80/83/104 79/82/103
f 80/83/104 98/101/122 99/102/123
f 99/102/123 83/86/107 80/83/104
f 83/86/107 99/102/123 100/103/124
f 100/103/124 85/88/109 83/86/107
f 101/104/125 93/105/117 96/106/120
f 96/106/120 102/107/126 101/104/125
f 101/104/125 102/107/126 103/108/127
f 103/108/127 104/109/128 101/104/125
f 104/109/128 103/108/127 105/110/129
f 105/110/129 106/111/130 104/109/128
f 96/99/120 95/98/119 107/112/131
f 107/112/131 108/113/132 96/99/120
f 97/100/121 109/114/133 110/115/134
f 110/115/134 98/101/122 97/100/121
f 99/102/123 98/101/122 110/115/134
f 111/116/135 105/110/129 112/117/136
f 102/107/126 96/106/120 108/118/132
f 108/118/132 113/119/137 102/107/126
f 102/107/126 113/119/137 114/120/138
f 114/120/138 103/108/127 102/107/126
f 103/108/127 114/120/138 112/117/136
f 112/117/136 105/110/129 103/108/127
f 108/113/132 107/112/131 115/121/139
f 115/121/139 116/122/140 108/113/132
f 111/116/135 112/117/136 117/123/141
f 117/123/141 109/114/133 111/116/135
f 113/119/137 108/118/132 116/124/140
f 116/124/140 118/125/142 113/119/137
f 113/119/137 118/125/142 119/126/143
f 119/126/143 114/120/138 113/119/137
f 112/117/136 114/120/138 119/126/143
f 119/126/143 117/123/141 112/117/136
f 120/127/144 121/128/145 69/71/86
f 120/127/144 57/59/63 122/129/146
f 122/129/146 57/59/63 56/58/62
f 122/129/146 56/58/62 123/130/147
f 123/130/147 56/58/62 92/95/116
f 57/59/63 120/127/144 69/71/86
f 89/92/113 61/63/71 60/62/69
f 61/63/71 89/92/113 91/94/115
f 90/93/114 91/94/115 89/92/113
f 68/70/84 69/71/86 121/128/145
f 124/131/148 88/91/112 87/90/111
f 110/115/134 100/103/124 99/102/123
f 125/132/149 126/133/150 94/97/118
f 94/97/118 93/96/117 125/132/149
f 127/134/151 125/135/149 93/105/117
f 93/105/117 101/104/125 127/134/151
f 127/134/151 101/104/125 104/109/128
f 104/109/128 128/136/152 127/134/151
f 128/136/152 104/109/128 106/111/130
f 106/111/130 129/137/153 128/136/152
f 110/115/134 109/114/133 117/123/141
f 58/60/65 55/57/57 81/84/105
f 81/84/105 82/85/106 58/60/65
f 78/81/102 81/84/105 130/138/154
f 59/61/67 58/60/65 82/85/106
f 82/85/106 84/87/108 59/61/67
f 60/62/69 59/61/67 84/87/108
f 84/87/108 86/89/110 60/62/69
f 88/91/112 90/93/114 86/89/110
f 60/62/69 86/89/110 89/92/113
f 78/81/102 131/139/155 79/82/103
f 132/140/156 81/84/105 55/57/57
f 81/84/105 132/140/156 130/138/154
f 55/57/57 54/56/56 132/140/156
f 131/139/155 133/141/157 97/100/121
f 97/100/121 79/82/103 131/139/155
f 106/111/130 105/110/129 111/116/135
f 111/116/135 133/141/157 106/111/130
f 129/137/153 106/111/130 133/141/157
f 133/141/157 131/139/155 129/137/153
f 109/114/133 97/100/121 133/141/157
f 133/141/157 111/116/135 109/114/133
f 3/3/3 134/142/158 135/143/159
f 135/143/159 4/4/4 3/3/3
f 136/144/160 137/145/161 138/146/162
f 138/146/162 139/147/163 136/144/160
f 140/148/164 141/149/165 142/150/166
f 142/150/166 143/151/167 140/148/164
f 137/145/161 144/152/168 145/153/169
f 145/153/169 138/146/162 137/145/161
f 144/152/168 146/154/170 147/155/171
f 147/155/171 145/153/169 144/152/168
f 146/154/170 148/156/172 149/157/173
f 149/157/173 147/155/171 146/154/170
f 148/156/172 150/158/174 151/159/175
f 151/159/175 149/157/173 148/156/172
f 150/158/174 140/148/164 143/151/167
f 143/151/167 151/159/175 150/158/174
f 152/160/176 153/161/177 154/162/178
f 154/162/178 155/163/179 152/160/176
f 153/161/177 156/164/180 157/165/181
f 157/165/181 154/162/178 153/161/177
f 156/164/180 28/28/28 27/27/27
f 27/27/27 157/165/181 156/164/180
f 158/166/182 159/167/183 160/168/184
f 160/168/184 161/169/185 158/166/182
f 162/170/186 158/166/182 161/169/185
f 161/169/185 163/171/187 162/170/186
f 164/172/188 162/170/186 163/171/187
f 163/171/187 165/173/189 164/172/188
f 141/149/165 164/172/188 165/173/189
f 165/173/189 142/150/166 141/149/165
f 159/167/183 166/174/190 167/175/191
f 167/175/191 160/168/184 159/167/183
f 166/174/190 168/176/192 169/177/193
f 169/177/193 167/175/191 166/174/190
f 168/176/192 152/160/176 155/163/179
f 155/163/179 169/177/193 168/176/192
f 170/178/194 171/179/195 172/180/196
f 170/178/194 51/53/53 173/181/197
f 173/181/197 51/53/53 4/4/52
f 4/4/52 135/143/198 173/181/197
f 138/146/199 174/182/200 175/183/201
f 175/183/201 176/184/202 138/146/199
f 177/185/203 143/151/204 142/150/205
f 142/150/205 178/186/206 177/185/203
f 145/153/207 179/187/208 180/188/209
f 145/153/207 180/188/209 174/182/200
f 145/153/207 174/182/200 138/146/199
f 179/187/208 145/153/207 147/155/210
f 147/155/210 181/189/211 179/187/208
f 181/189/211 147/155/210 149/157/212
f 149/157/212 182/190/213 181/189/211
f 182/190/213 149/157/212 151/159/214
f 151/159/214 183/191/215 182/190/213
f 183/191/215 151/159/214 143/151/204
f 143/151/204 177/185/203 183/191/215
f 184/192/216 155/163/217 154/162/218
f 154/162/218 185/193/219 184/192/216
f 185/193/219 154/162/218 157/165/220
f 157/165/220 186/194/221 185/193/219
f 186/194/221 157/165/220 27/27/78
f 27/27/78 65/67/79 186/194/221
f 187/195/222 161/169/223 160/168/224
f 160/168/224 188/196/224 187/195/222
f 189/197/225 163/171/226 161/169/223
f 161/169/223 187/195/222 189/197/225
f 190/198/227 165/173/228 163/171/226
f 163/171/226 189/197/225 190/198/227
f 178/186/206 142/150/205 165/173/228
f 165/173/228 190/198/227 178/186/206
f 191/199/229 192/200/230 193/201/231
f 194/202/232 195/203/233 191/199/229
f 191/199/229 193/201/231 194/202/232
f 195/203/233 194/202/232 196/204/234
f 196/204/234 197/205/235 195/203/233
f 198/206/236 199/207/237 200/208/238
f 200/208/238 201/209/239 198/206/236
f 197/205/235 196/204/234 199/207/237
f 199/207/237 198/206/236 197/205/235
f 188/196/224 160/168/224 167/175/240
f 167/175/240 202/210/241 188/196/224
f 202/210/241 167/175/240 169/177/242
f 169/177/242 203/211/243 202/210/241
f 203/211/243 169/177/242 155/163/217
f 155/163/217 184/192/216 203/211/243
f 204/212/244 205/213/245 206/214/246
f 207/215/247 205/213/245 204/212/244
f 207/215/247 204/212/244 208/216/248
f 207/215/247 209/217/249 210/218/250
f 210/218/250 205/213/245 207/215/247
f 210/218/250 209/217/249 211/219/251
f 211/219/251 212/220/252 210/218/250
f 211/219/251 213/221/253 212/220/252
f 213/221/253 214/222/254 215/223/255
f 183/191/215 216/224/256 217/225/257
f 216/224/256 183/191/215 177/185/203
f 95/226/119 94/227/118 218/228/258
f 218/228/258 219/229/259 95/226/119
f 220/230/260 206/214/246 221/231/261
f 221/231/261 222/232/262 220/230/260
f 206/214/246 205/213/245 223/233/263
f 223/233/263 221/231/261 206/214/246
f 205/213/245 210/218/250 224/234/264
f 224/234/264 223/233/263 205/213/245
f 219/229/259 218/228/258 225/235/265
f 225/235/265 226/236/266 219/229/259
f 226/236/266 225/235/265 227/237/267
f 227/237/267 228/238/268 226/236/266
f 227/237/267 229/239/269 230/240/270
f 230/240/270 228/238/268 227/237/267
f 107/241/131 95/226/119 219/229/259
f 219/229/259 231/242/271 107/241/131
f 232/243/272 222/232/262 221/231/261
f 222/232/262 232/243/272 233/244/273
f 221/231/261 223/233/263 232/243/272
f 230/240/270 234/245/274 235/246/275
f 231/242/271 219/229/259 226/236/266
f 226/236/266 236/247/276 231/242/271
f 236/247/276 226/236/266 228/238/268
f 228/238/268 237/248/277 236/247/276
f 228/238/268 230/240/270 235/246/275
f 235/246/275 237/248/277 228/238/268
f 115/249/139 107/241/131 231/242/271
f 231/242/271 238/250/278 115/249/139
f 235/246/275 234/245/274 239/251/279
f 233/244/273 239/251/279 234/245/274
f 238/250/278 231/242/271 236/247/276
f 236/247/276 240/252/280 238/250/278
f 240/252/280 236/247/276 237/248/277
f 237/248/277 241/253/281 240/252/280
f 237/248/277 235/246/275 241/253/281
f 239/251/279 241/253/281 235/246/275
f 242/254/282 243/255/283 190/198/227
f 178/186/206 243/255/283 244/256/284
f 178/186/206 244/256/284 177/185/203
f 177/185/203 244/256/284 245/257/285
f 177/185/203 245/257/285 216/224/256
f 243/255/283 178/186/206 190/198/227
f 182/190/213 183/191/215 217/225/257
f 217/225/257 214/222/254 182/190/213
f 217/225/257 215/223/255 214/222/254
f 190/198/227 189/197/225 242/254/282
f 213/221/253 246/258/286 212/220/252
f 224/234/264 232/243/272 223/233/263
f 94/227/118 126/259/150 247/260/287
f 247/260/287 218/228/258 94/227/118
f 218/228/258 247/260/287 248/261/288
f 248/261/288 225/235/265 218/228/258
f 225/235/265 248/261/288 249/262/289
f 249/262/289 227/237/267 225/235/265
f 249/262/289 250/263/290 229/239/269
f 229/239/269 227/237/267 249/262/289
f 233/244/273 232/243/272 239/251/279
f 251/264/291 180/188/209 179/187/208
f 251/264/291 179/187/208 207/215/247
f 251/264/291 207/215/247 208/216/248
f 207/215/247 179/187/208 181/189/211
f 181/189/211 209/217/249 207/215/247
f 209/217/249 181/189/211 182/190/213
f 182/190/213 211/219/251 209/217/249
f 214/222/254 213/221/253 211/219/251
f 211/219/251 182/190/213 214/222/254
f 252/265/292 220/230/260 222/232/262
f 222/232/262 253/266/293 252/265/292
f 229/239/269 253/266/293 234/245/274
f 234/245/274 230/240/270 229/239/269
f 250/263/290 252/265/292 253/266/293
f 253/266/293 229/239/269 250/263/290
f 233/244/273 234/245/274 253/266/293
f 253/266/293 222/232/262 233/244/273
f 206/214/246 220/230/260 204/212/244
f 124/131/148 87/90/111 85/88/109
f 124/131/148 85/88/109 100/103/124
f 210/218/250 212/220/252 246/258/286
f 210/218/250 246/258/286 224/234/264
f 63/65/294 62/64/295 254/267/296
f 254/267/296 255/268/297 63/65/294
f 64/66/298 63/65/294 255/268/297
f 255/268/297 256/269/299 64/66/298
f 65/67/300 64/66/298 256/269/299
f 256/269/299 257/270/301 65/67/300
f 67/69/302 66/68/303 258/271/304
f 258/271/304 259/272/305 67/69/302
f 66/68/303 68/70/306 260/273/307
f 260/273/307 258/271/304 66/68/303
f 76/79/308 67/69/302 259/272/305
f 259/272/305 261/274/309 76/79/308
f 77/80/310 76/79/308 261/274/309
f 261/274/309 262/275/311 77/80/310
f 62/64/295 77/80/310 262/275/311
f 262/275/311 254/267/296 62/64/295
f 92/95/312 91/94/313 263/276/314
f 263/276/314 264/277/315 92/95/312
f 116/122/316 115/121/317 265/278/318
f 265/278/318 266/279/319 116/122/316
f 118/125/320 116/124/316 266/280/319
f 266/280/319 267/281/321 118/125/320
f 119/126/322 118/125/320 267/281/321
f 267/281/321 268/282/323 119/126/322
f 117/123/324 119/126/322 268/282/323
f 268/282/323 269/283/325 117/123/324
f 121/128/326 120/127/327 270/284/328
f 270/284/328 271/285/329 121/128/326
f 120/127/327 122/129/330 272/286/331
f 272/286/331 270/284/328 120/127/327
f 122/129/330 123/130/332 273/287/333
f 273/287/333 272/286/331 122/129/330
f 123/130/332 92/95/312 264/277/315
f 264/277/315 273/287/333 123/130/332
f 91/94/313 90/93/334 274/288/335
f 274/288/335 263/276/314 91/94/313
f 68/70/306 121/128/326 271/285/329
f 271/285/329 260/273/307 68/70/306
f 88/91/336 124/131/337 275/289/338
f 275/289/338 276/290/339 88/91/336
f 100/103/340 110/115/341 277/291/342
f 277/291/342 278/292/343 100/103/340
f 110/115/341 117/123/324 269/283/325
f 269/283/325 277/291/342 110/115/341
f 90/93/334 88/91/336 276/290/339
f 276/290/339 274/288/335 90/93/334
f 184/192/344 185/193/345 279/293/346
f 279/293/346 280/294/347 184/192/344
f 185/193/345 186/194/348 281/295/349
f 281/295/349 279/293/346 185/193/345
f 186/194/348 65/67/300 257/270/301
f 257/270/301 281/295/349 186/194/348
f 187/195/350 188/196/351 282/296/352
f 282/296/352 283/297/353 187/195/350
f 189/197/354 187/195/350 283/297/353
f 283/297/353 284/298/355 189/197/354
f 188/196/351 202/210/356 285/299/357
f 285/299/357 282/296/352 188/196/351
f 202/210/356 203/211/358 286/300/359
f 286/300/359 285/299/357 202/210/356
f 203/211/358 184/192/344 280/294/347
f 280/294/347 286/300/359 203/211/358
f 213/221/360 215/223/361 287/301/362
f 287/301/362 288/302/363 213/221/360
f 217/225/364 216/224/365 289/303/366
f 289/303/366 290/304/367 217/225/364
f 115/249/317 238/250/368 291/305/369
f 291/305/369 265/306/318 115/249/317
f 238/250/368 240/252/370 292/307/371
f 292/307/371 291/305/369 238/250/368
f 240/252/370 241/253/372 293/308/373
f 293/308/373 292/307/371 240/252/370
f 241/253/372 239/251/374 294/309/375
f 294/309/375 293/308/373 241/253/372
f 243/255/376 242/254/377 295/310/378
f 295/310/378 296/311/379 243/255/376
f 244/256/380 243/255/376 296/311/379
f 296/311/379 297/312/381 244/256/380
f 245/257/382 244/256/380 297/312/381
f 297/312/381 298/313/383 245/257/382
f 216/224/365 245/257/382 298/313/383
f 298/313/383 289/303/366 216/224/365
f 215/223/361 217/225/364 290/304/367
f 290/304/367 287/301/362 215/223/361
f 242/254/377 189/197/354 284/298/355
f 284/298/355 295/310/378 242/254/377
f 246/258/384 213/221/360 288/302/363
f 288/302/363 299/314/385 246/258/384
f 232/243/386 224/234/387 300/315/388
f 300/315/388 301/316/389 232/243/386
f 239/251/374 232/243/386 301/316/389
f 301/316/389 294/309/375 239/251/374
f 124/131/337 100/103/340 278/292/343
f 278/292/343 275/289/338 124/131/337
f 224/234/387 246/258/384 299/314/385
f 299/314/385 300/315/388 224/234/387
f 255/268/390 254/267/391 302/317/391
f 302/317/391 303/318/392 255/268/390
f 256/269/392 255/268/390 303/318/392
f 303/318/392 304/319/392 256/269/392
f 257/270/392 256/269/392 304/319/392
f 304/319/392 305/320/392 257/270/392
f 259/272/393 258/271/394 306/321/395
f 306/321/395 307/322/396 259/272/393
f 258/271/394 260/273/397 308/323/398
f 308/323/398 306/321/395 258/271/394
f 261/274/399 259/272/393 307/322/396
f 307/322/396 309/324/400 261/274/399
f 262/275/401 261/274/399 309/324/400
f 309/324/400 310/325/391 262/275/401
f 254/267/391 262/275/401 310/325/391
f 310/325/391 302/317/391 254/267/391
f 264/277/402 263/276/403 311/326/404
f 311/326/404 312/327/405 264/277/402
f 266/279/406 265/278/407 313/328/408
f 313/328/408 314/329/409 266/279/406
f 267/281/410 266/280/406 314/330/409
f 314/330/409 315/331/411 267/281/410
f 268/282/412 267/281/410 315/331/411
f 315/331/411 316/332/413 268/282/412
f 269/283/414 268/282/412 316/332/413
f 316/332/413 317/333/415 269/283/414
f 271/285/416 270/284/417 318/334/418
f 318/334/418 319/335/419 271/285/416
f 270/284/417 272/286/420 320/336/421
f 320/336/421 318/334/418 270/284/417
f 272/286/420 273/287/422 321/337/423
f 321/337/423 320/336/421 272/286/420
f 273/287/422 264/277/402 312/327/405
f 312/327/405 321/337/423 273/287/422
f 263/276/403 274/288/424 322/338/425
f 322/338/425 311/326/404 263/276/403
f 260/273/397 271/285/416 319/335/419
f 319/335/419 308/323/398 260/273/397
f 276/290/426 275/289/427 323/339/428
f 323/339/428 324/340/429 276/290/426
f 278/292/430 277/291/431 325/341/432
f 325/341/432 326/342/433 278/292/430
f 277/291/431 269/283/414 317/333/415
f 317/333/415 325/341/432 277/291/431
f 274/288/424 276/290/426 324/340/429
f 324/340/429 322/338/425 274/288/424
f 280/294/434 279/293/434 327/343/434
f 327/343/434 328/344/434 280/294/434
f 279/293/434 281/295/434 329/345/434
f 329/345/434 327/343/434 279/293/434
f 281/295/434 257/270/392 305/320/392
f 305/320/392 329/345/434 281/295/434
f 283/297/435 282/296/436 330/346/437
f 330/346/437 331/347/438 283/297/435
f 284/298/439 283/297/435 331/347/438
f 331/347/438 332/348/440 284/298/439
f 282/296/436 285/299/441 333/349/442
f 333/349/442 330/346/437 282/296/436
f 285/299/441 286/300/443 334/350/444
f 334/350/444 333/349/442 285/299/441
f 286/300/443 280/294/434 328/344/434
f 328/344/434 334/350/444 286/300/443
f 288/302/445 287/301/446 335/351/447
f 335/351/447 336/352/448 288/302/445
f 290/304/449 289/303/450 337/353/451
f 337/353/451 338/354/452 290/304/449
f 265/306/407 291/305/453 339/355/454
f 339/355/454 313/356/408 265/306/407
f 291/305/453 292/307/455 340/357/456
f 340/357/456 339/355/454 291/305/453
f 292/307/455 293/308/457 341/358/458
f 341/358/458 340/357/456 292/307/455
f 293/308/457 294/309/459 342/359/460
f 342/359/460 341/358/458 293/308/457
f 296/311/461 295/310/462 343/360/463
f 343/360/463 344/361/464 296/311/461
f 297/312/465 296/311/461 344/361/464
f 344/361/464 345/362/466 297/312/465
f 298/313/467 297/312/465 345/362/466
f 345/362/466 346/363/468 298/313/467
f 289/303/450 298/313/467 346/363/468
f 346/363/468 337/353/451 289/303/450
f 287/301/446 290/304/449 338/354/452
f 338/354/452 335/351/447 287/301/446
f 295/310/462 284/298/439 332/348/440
f 332/348/440 343/360/463 295/310/462
f 299/314/469 288/302/445 336/352/448
f 336/352/448 347/364/470 299/314/469
f 301/316/471 300/315/472 348/365/473
f 348/365/473 349/366/474 301/316/471
f 294/309/459 301/316/471 349/366/474
f 349/366/474 342/359/460 294/309/459
f 275/289/427 278/292/430 326/342/433
f 326/342/433 323/339/428 275/289/427
f 300/315/472 299/314/469 347/364/470
f 347/364/470 348/365/473 300/315/472
f 52/54/475 51/53/476 350/367/477
f 350/367/477 351/368/478 52/54/475
f 54/56/479 53/55/480 352/369/481
f 352/369/481 353/370/482 54/56/479
f 70/72/483 71/73/484 354/371/485
f 354/371/485 355/372/486 70/72/483
f 53/55/480 70/72/483 355/372/486
f 355/372/486 352/369/481 53/55/480
f 71/73/484 72/74/487 356/373/488
f 356/373/488 354/371/485 71/73/484
f 72/74/487 73/75/489 357/374/490
f 357/374/490 356/373/488 72/74/487
f 74/77/491 52/76/475 351/375/478
f 351/375/478 358/376/492 74/77/491
f 75/78/493 74/77/491 358/376/492
f 358/376/492 359/377/494 75/78/493
f 73/75/489 75/78/493 359/377/494
f 359/377/494 357/374/490 73/75/489
f 126/378/495 125/135/496 360/379/497
f 360/379/497 361/380/498 126/378/495
f 125/135/496 127/134/499 362/381/500
f 362/381/500 360/379/497 125/135/496
f 127/134/499 128/136/501 363/382/502
f 363/382/502 362/381/500 127/134/499
f 128/136/501 129/137/503 364/383/504
f 364/383/504 363/382/502 128/136/501
f 78/81/505 130/138/506 365/384/507
f 365/384/507 366/385/508 78/81/505
f 131/139/509 78/81/505 366/385/508
f 366/385/508 367/386/510 131/139/509
f 130/138/506 132/140/511 368/387/512
f 368/387/512 365/384/507 130/138/506
f 132/140/511 54/56/479 353/370/482
f 353/370/482 368/387/512 132/140/511
f 129/137/503 131/139/509 367/386/510
f 367/386/510 364/383/504 129/137/503
f 51/53/476 172/180/513 369/388/514
f 369/388/514 350/367/477 51/53/476
f 175/183/515 174/182/516 370/389/517
f 370/389/517 371/390/518 175/183/515
f 174/182/516 180/188/519 372/391/520
f 372/391/520 370/389/517 174/182/516
f 193/201/521 175/183/515 371/390/518
f 371/390/518 373/392/522 193/201/521
f 194/202/523 193/201/521 373/392/522
f 373/392/522 374/393/524 194/202/523
f 196/204/525 194/202/523 374/393/524
f 374/393/524 375/394/526 196/204/525
f 172/180/513 200/208/527 376/395/528
f 376/395/528 369/388/514 172/180/513
f 200/208/527 199/207/529 377/396/530
f 377/396/530 376/395/528 200/208/527
f 199/207/529 196/204/525 375/394/526
f 375/394/526 377/396/530 199/207/529
f 208/216/531 204/212/532 378/397/532
f 378/397/532 379/398/533 208/216/531
f 247/260/534 126/259/495 361/399/498
f 361/399/498 380/400/535 247/260/534
f 248/261/536 247/260/534 380/400/535
f 380/400/535 381/401/537 248/261/536
f 249/262/538 248/261/536 381/401/537
f 381/401/537 382/402/539 249/262/538
f 250/263/540 249/262/538 382/402/539
f 382/402/539 383/403/541 250/263/540
f 180/188/519 251/264/542 384/404/543
f 384/404/543 372/391/520 180/188/519
f 251/264/542 208/216/531 379/398/533
f 379/398/533 384/404/543 251/264/542
f 220/230/544 252/265/545 385/405/546
f 385/405/546 386/406/547 220/230/544
f 252/265/545 250/263/540 383/403/541
f 383/403/541 385/405/546 252/265/545
f 204/212/532 220/230/544 386/406/547
f 386/406/547 378/397/532 204/212/532
f 201/209/239 200/208/238 172/180/196
f 172/180/196 171/179/195 201/209/239
f 192/200/230 175/183/201 193/201/231
f 176/184/202 139/147/548 138/146/199
f 387/407/549 134/408/550 388/409/551
f 134/408/550 387/407/549 135/410/552
f 136/411/553 139/412/554 389/413/555
f 390/414/556 391/415/556 389/416/556
f 391/415/556 392/417/556 393/418/556
f 393/418/556 389/416/556 391/415/556
f 394/419/557 135/410/552 387/407/549
f 395/420/556 394/421/556 387/422/556
f 387/422/556 396/423/556 395/420/556
f 397/424/556 398/425/556 399/426/556
f 399/426/556 400/427/556 397/424/556
f 401/428/556 397/424/556 400/427/556
f 400/427/556 402/429/556 401/428/556
f 392/417/556 401/428/556 402/429/556
f 402/429/556 393/418/556 392/417/556
f 139/412/554 390/430/558 389/413/555
f 389/413/555 403/431/559 136/411/553
f 398/425/556 395/420/556 396/423/556
f 396/423/556 399/426/556 398/425/556
f 389/413/560 393/432/561 404/433/562
f 404/433/562 403/431/560 389/413/560
f 396/434/563 387/407/564 388/409/564
f 388/409/564 405/435/565 396/434/563
f 400/436/566 399/437/567 406/438/568
f 406/438/568 407/439/569 400/436/566
f 402/440/570 400/436/566 407/439/569
f 407/439/569 408/441/571 402/440/570
f 393/432/561 402/440/570 408/441/571
f 408/441/571 404/433/562 393/432/561
f 399/437/567 396/434/563 405/435/565
f 405/435/565 406/438/568 399/437/567
f 170/178/572 173/181/573 394/421/574
f 192/200/575 390/414/576 176/184/577
f 175/183/201 192/200/230 176/184/202
f 171/179/578 170/178/572 394/421/574
f 394/421/574 395/420/579 171/179/578
f 394/421/574 173/181/573 135/143/159
f 191/199/580 391/415/581 192/200/575
f 390/414/576 192/200/575 391/415/581
f 195/203/582 392/417/583 191/199/580
f 391/415/581 191/199/580 392/417/583
f 197/205/584 401/428/585 195/203/582
f 392/417/583 195/203/582 401/428/585
f 201/209/586 398/425/587 198/206/588
f 397/424/589 198/206/588 398/425/587
f 198/206/588 397/424/589 197/205/584
f 401/428/585 197/205/584 397/424/589
f 171/179/578 395/420/579 201/209/586
f 398/425/587 201/209/586 395/420/579
f 176/184/577 390/414/576 139/147/590
f 409/442/591 136/443/592 403/444/593
f 403/444/593 404/445/594 409/442/591
f 134/446/595 410/447/596 405/448/597
f 405/448/597 388/449/598 134/446/595
f 411/450/599 412/451/600 407/452/601
f 407/452/601 406/453/602 411/450/599
f 412/451/600 413/454/603 408/455/604
f 408/455/604 407/452/601 412/451/600
f 413/454/603 409/442/591 404/445/594
f 404/445/594 408/455/604 413/454/603
f 410/447/596 411/450/599 406/453/602
f 406/453/602 405/448/597 410/447/596
f 170/178/194 172/180/196 51/53/53
f 414/456/605 415/457/605 416/458/605
f 416/458/605 417/459/605 414/456/605
f 414/456/605 417/459/605 418/460/605
f 418/460/605 419/461/605 414/456/605
f 420/462/606 419/461/605 418/460/605
f 418/460/605 421/463/605 420/462/606
f 420/462/606 421/463/605 422/464/607
f 422/464/607 423/465/608 420/462/606
f 423/465/608 422/464/607 424/466/609
f 424/466/609 425/467/610 423/465/608
f 425/467/610 424/466/609 426/468/611
f 426/468/611 427/469/612 425/467/610
f 427/469/612 426/468/611 428/470/613
f 428/470/613 429/471/614 427/469/612
f 429/471/614 428/470/613 430/472/615
f 430/472/615 431/473/616 429/471/614
f 431/473/616 430/472/615 432/474/617
f 432/474/617 433/475/618 431/473/616
f 433/475/618 432/474/617 434/476/619
f 434/476/619 435/477/620 433/475/618
f 435/477/620 434/476/619 436/478/621
f 436/478/621 437/479/622 435/477/620
f 437/479/622 436/478/621 438/480/623
f 438/480/623 439/481/624 437/479/622
f 440/482/625 439/481/624 438/480/623
f 438/480/623 441/483/626 440/482/625
f 442/484/627 440/482/625 441/483/626
f 441/483/626 443/485/628 442/484/627
f 442/484/627 443/485/628 444/486/629
f 444/486/629 445/487/630 442/484/627
f 445/487/630 444/486/629 446/488/631
f 446/488/631 447/489/632 445/487/630
f 447/489/632 446/488/631 448/490/633
f 448/490/633 449/491/634 447/489/632
f 450/492/635 449/491/634 448/490/633
f 448/490/633 451/493/636 450/492/635
f 450/492/635 451/493/636 452/494/637
f 452/494/637 453/495/638 450/492/635
f 454/496/639 453/495/638 452/494/637
f 452/494/637 455/497/640 454/496/639
f 456/498/641 454/496/639 455/497/640
f 455/497/640 457/499/642 456/498/641
f 456/498/641 457/499/642 458/500/643
f 458/500/643 459/501/644 456/498/641
f 303/502/645 302/503/646 418/460/647
f 418/460/647 417/459/648 303/502/645
f 302/503/646 310/504/649 421/463/650
f 421/463/650 418/460/647 302/503/646
f 310/504/649 309/505/651 422/464/652
f 422/464/652 421/463/650 310/504/649
f 309/505/651 307/506/653 424/466/654
f 424/466/654 422/464/652 309/505/651
f 307/506/653 306/507/655 426/468/656
f 426/468/656 424/466/654 307/506/653
f 306/507/655 308/508/657 428/470/658
f 428/470/658 426/468/656 306/507/655
f 308/508/657 319/509/659 430/472/660
f 430/472/660 428/470/658 308/508/657
f 319/509/659 318/510/661 432/474/662
f 432/474/662 430/472/660 319/509/659
f 318/510/661 320/511/663 434/476/664
f 434/476/664 432/474/662 318/510/661
f 320/511/663 321/512/665 436/478/666
f 436/478/666 434/476/664 320/511/663
f 321/512/665 312/513/667 438/480/668
f 438/480/668 436/478/666 321/512/665
f 312/513/667 311/514/669 441/483/670
f 441/483/670 438/480/668 312/513/667
f 311/514/669 322/515/671 443/485/672
f 443/485/672 441/483/670 311/514/669
f 322/515/671 324/516/673 444/486/674
f 444/486/674 443/485/672 322/515/671
f 324/516/673 323/517/675 446/488/676
f 446/488/676 444/486/674 324/516/673
f 323/517/675 326/518/677 448/490/678
f 448/490/678 446/488/676 323/517/675
f 326/518/677 325/519/679 451/493/680
f 451/493/680 448/490/678 326/518/677
f 325/519/679 317/520/681 452/494/682
f 452/494/682 451/493/680 325/519/679
f 317/520/681 316/521/683 455/497/684
f 455/497/684 452/494/682 317/520/681
f 316/521/683 315/522/685 457/499/686
f 457/499/686 455/497/684 316/521/683
f 315/522/685 314/523/687 458/500/688
f 458/500/688 457/499/686 315/522/685
f 313/524/689 339/525/690 459/501/691
f 313/524/689 459/501/691 458/500/688
f 313/524/689 458/500/688 314/523/687
f 339/525/690 340/526/692 456/498/693
f 456/498/693 459/501/691 339/525/690
f 340/526/692 341/527/694 454/496/695
f 454/496/695 456/498/693 340/526/692
f 341/527/694 342/528/696 453/495/697
f 453/495/697 454/496/695 341/527/694
f 342/528/696 349/529/698 450/492/699
f 450/492/699 453/495/697 342/528/696
f 349/529/698 348/530/700 449/491/701
f 449/491/701 450/492/699 349/529/698
f 348/530/700 347/531/702 447/489/703
f 447/489/703 449/491/701 348/530/700
f 347/531/702 336/532/704 445/487/705
f 445/487/705 447/489/703 347/531/702
f 336/532/704 335/533/706 442/484/707
f 442/484/707 445/487/705 336/532/704
f 335/533/706 338/534/708 440/482/709
f 440/482/709 442/484/707 335/533/706
f 338/534/708 337/535/710 439/481/711
f 439/481/711 440/482/709 338/534/708
f 337/535/710 346/536/712 437/479/713
f 437/479/713 439/481/711 337/535/710
f 346/536/712 345/537/714 435/477/715
f 435/477/715 437/479/713 346/536/712
f 345/537/714 344/538/716 433/475/717
f 433/475/717 435/477/715 345/537/714
f 344/538/716 343/539/718 431/473/719
f 431/473/719 433/475/717 344/538/716
f 343/539/718 332/540/720 429/471/721
f 429/471/721 431/473/719 343/539/718
f 332/540/720 331/541/722 427/469/723
f 427/469/723 429/471/721 332/540/720
f 331/541/722 330/542/724 425/467/725
f 425/467/725 427/469/723 331/541/722
f 330/542/724 333/543/726 423/465/727
f 423/465/727 425/467/725 330/542/724
f 333/543/726 334/544/728 420/462/729
f 420/462/729 423/465/727 333/543/726
f 334/544/728 328/545/730 419/461/731
f 419/461/731 420/462/729 334/544/728
f 328/545/730 327/546/732 414/456/733
f 414/456/733 419/461/731 328/545/730
f 327/546/732 329/547/734 415/457/735
f 415/457/735 414/456/733 327/546/732
f 305/548/736 304/549/737 416/458/738
f 305/548/736 416/458/738 415/457/735
f 305/548/736 415/457/735 329/547/734
f 304/549/737 303/502/645 417/459/648
f 417/459/648 416/458/738 304/549/737
f 460/550/739 461/551/740 462/552/741
f 462/552/741 463/553/742 460/550/739
f 464/554/743 460/550/739 463/553/742
f 464/554/743 463/553/742 465/555/744
f 465/555/744 463/553/742 466/556/745
f 465/555/744 467/557/746 468/558/747
f 468/558/747 467/557/746 469/559/748
f 469/559/748 467/557/746 470/560/749
f 469/559/748 470/560/749 471/561/750
f 471/561/750 470/560/749 472/562/751
f 471/561/750 472/562/751 473/563/752
f 473/563/752 472/562/751 474/564/753
f 473/563/752 474/564/753 475/565/754
f 462/552/741 476/566/755 463/553/742
f 477/567/756 476/566/755 478/568/757
f 479/569/758 477/567/756 480/570/759
f 481/571/760 478/568/757 482/572/761
f 480/570/759 477/567/756 481/571/760
f 483/573/762 482/572/761 484/574/763
f 484/574/763 482/572/761 485/575/764
f 484/574/763 485/575/764 486/576/765
f 486/576/765 485/575/764 487/577/766
f 487/577/766 485/575/764 488/578/767
f 487/577/766 488/578/767 489/579/768
f 489/579/768 488/578/767 490/580/769
f 489/579/768 490/580/769 491/581/770
f 492/582/771 493/583/772 491/581/770
f 491/581/770 490/580/769 492/582/771
f 493/583/772 494/584/773 495/585/774
f 495/585/774 491/581/770 493/583/772
f 496/586/775 497/587/776 493/583/772
f 493/583/772 492/582/771 496/586/775
f 497/587/776 498/588/777 494/584/773
f 494/584/773 493/583/772 497/587/776
f 499/589/778 500/590/779 497/587/776
f 497/587/776 496/586/775 499/589/778
f 500/590/779 501/591/780 498/588/777
f 498/588/777 497/587/776 500/590/779
f 478/568/757 502/592/781 482/572/761
f 503/593/782 504/594/783 505/595/784
f 505/595/784 502/592/781 503/593/782
f 506/596/785 507/597/786 504/594/783
f 504/594/783 503/593/782 506/596/785
f 508/598/787 509/599/788 510/600/789
f 510/600/789 511/601/790 508/598/787
f 512/602/791 510/600/789 509/599/788
f 509/599/788 513/603/792 512/602/791
f 511/601/790 514/604/793 515/605/794
f 515/605/794 508/598/787 511/601/790
f 516/606/795 517/607/796 518/608/797
f 518/608/797 519/609/798 516/606/795
f 514/604/793 518/608/797 517/607/796
f 517/607/796 515/605/794 514/604/793
f 520/610/799 521/611/800 522/612/801
f 522/612/801 523/613/802 520/610/799
f 521/611/800 516/606/795 519/609/798
f 519/609/798 522/612/801 521/611/800
f 520/610/799 523/613/802 524/614/803
f 524/614/803 525/615/804 520/610/799
f 526/616/805 527/617/806 528/618/807
f 528/618/807 529/619/808 526/616/805
f 530/620/809 531/621/810 532/622/811
f 532/622/811 533/623/812 530/620/809
f 534/624/813 535/625/814 536/626/815
f 536/626/815 537/627/816 534/624/813
f 538/628/817 539/629/818 540/630/819
f 540/630/819 541/631/820 538/628/817
f 540/630/819 539/629/818 542/632/821
f 542/632/821 543/633/822 540/630/819
f 544/634/823 545/635/824 546/636/825
f 546/636/825 547/637/826 544/634/823
f 548/638/827 545/635/824 544/634/823
f 544/634/823 549/639/828 548/638/827
f 550/640/829 551/641/830 552/642/831
f 551/641/830 550/640/829 549/639/828
f 551/641/830 553/643/832 554/644/833
f 552/642/831 551/641/830 554/644/833
f 554/644/833 553/643/832 555/645/834
f 556/646/835 555/645/834 553/643/832
f 553/643/832 557/647/836 556/646/835
f 558/648/837 559/649/838 554/644/833
f 560/650/839 561/651/840 562/652/841
f 561/651/840 563/653/842 564/654/843
f 564/654/843 562/652/841 561/651/840
f 562/652/841 564/654/843 565/655/844
f 565/655/844 566/656/845 562/652/841
f 567/657/846 568/658/847 566/656/845
f 566/656/845 565/655/844 567/657/846
f 565/655/844 569/659/848 570/660/849
f 570/660/849 567/657/846 565/655/844
f 568/658/847 571/661/850 572/662/851
f 573/663/852 574/664/853 572/662/851
f 572/662/851 575/665/854 573/663/852
f 574/664/853 573/663/852 576/666/855
f 576/666/855 577/667/856 574/664/853
f 578/668/857 579/669/858 580/670/859
f 578/668/857 580/670/859 581/671/860
f 582/672/861 580/670/859 583/673/862
f 584/674/863 585/675/864 586/676/865
f 557/647/836 587/677/866 588/678/867
f 588/678/867 556/646/835 557/647/836
f 589/679/868 590/680/869 586/676/865
f 586/676/865 590/680/869 584/674/863
f 585/675/864 584/674/863 582/672/861
f 591/681/870 592/682/871 593/683/872
f 593/683/872 589/679/868 594/684/873
f 595/685/874 596/686/875 593/683/872
f 593/683/872 594/684/873 595/685/874
f 597/687/876 598/688/877 599/689/878
f 599/689/878 600/690/879 597/687/876
f 600/690/879 599/689/878 601/691/880
f 601/691/880 602/692/881 600/690/879
f 603/693/882 604/694/883 605/695/884
f 605/695/884 606/696/885 603/693/882
f 607/697/886 608/698/887 609/699/888
f 609/699/888 610/700/889 607/697/886
f 611/701/890 612/702/891 613/703/892
f 613/703/892 614/704/893 611/701/890
f 615/705/894 616/706/895 617/707/896
f 617/707/896 618/708/897 615/705/894
f 619/709/898 620/710/899 617/707/896
f 617/707/896 616/706/895 619/709/898
f 621/711/900 622/712/901 623/713/902
f 623/713/902 624/714/903 621/711/900
f 625/715/904 626/716/905 627/717/906
f 627/717/906 628/718/907 625/715/904
f 629/719/908 630/720/909 631/721/910
f 631/721/910 632/722/911 629/719/908
f 625/715/904 628/718/907 632/722/911
f 632/722/911 631/721/910 625/715/904
f 633/723/912 634/724/913 635/725/914
f 635/725/914 636/726/915 633/723/912
f 637/727/916 499/589/778 496/586/775
f 496/586/775 638/728/917 637/727/916
f 633/723/912 637/727/916 638/728/917
f 638/728/917 634/724/913 633/723/912
f 501/591/780 639/729/918 498/588/777
f 498/588/777 640/730/919 641/731/920
f 498/588/777 641/731/920 642/732/921
f 641/731/920 640/730/919 643/733/922
f 644/734/923 639/729/918 645/735/924
f 646/736/925 639/729/918 644/734/923
f 647/737/926 473/563/752 475/565/754
f 479/569/758 466/556/745 463/553/742
f 465/555/744 466/556/745 467/557/746
f 475/565/754 648/738/927 647/737/926
f 640/730/919 646/736/925 643/733/922
f 498/588/777 642/732/921 494/584/773
f 494/584/773 642/732/921 495/585/774
f 477/567/756 479/569/758 463/553/742
f 545/635/824 649/739/928 650/740/929
f 650/740/929 649/739/928 651/741/930
f 650/740/929 651/741/930 652/742/931
f 650/740/929 652/742/931 653/743/932
f 653/743/932 652/742/931 654/744/933
f 653/743/932 654/744/933 655/745/934
f 655/745/934 654/744/933 656/746/935
f 656/746/935 657/747/936 655/745/934
f 655/745/934 657/747/937 658/748/938
f 658/748/938 659/749/939 660/750/940
f 660/750/940 655/745/934 658/748/938
f 660/750/940 659/749/939 661/751/941
f 661/751/941 662/752/942 660/750/940
f 663/753/943 664/754/944 665/755/945
f 665/755/945 666/756/946 663/753/943
f 667/757/947 668/758/948 669/759/949
f 669/759/949 670/760/950 667/757/947
f 671/761/951 672/762/952 673/763/953
f 673/763/953 674/764/954 671/761/951
f 675/765/955 676/766/956 677/767/957
f 677/767/957 678/768/958 675/765/955
f 677/767/957 676/766/956 679/769/959
f 679/769/959 680/770/960 677/767/957
f 681/771/961 682/772/962 683/773/963
f 683/773/963 684/774/964 681/771/961
f 682/772/962 685/775/965 686/776/966
f 686/776/966 683/773/963 682/772/962
f 687/777/967 688/778/968 689/779/969
f 689/779/969 690/780/970 687/777/967
f 684/774/964 689/779/969 688/778/968
f 688/778/968 681/771/961 684/774/964
f 690/780/970 691/781/971 692/782/972
f 692/782/972 687/777/967 690/780/970
f 693/783/973 694/784/974 695/785/975
f 695/785/975 696/786/976 693/783/973
f 694/784/974 692/782/972 691/781/971
f 691/781/971 695/785/975 694/784/974
f 697/787/977 698/788/978 699/789/979
f 699/789/979 700/790/980 697/787/977
f 698/788/978 693/783/973 696/786/976
f 696/786/976 699/789/979 698/788/978
f 490/580/769 701/791/981 702/792/982
f 702/792/982 492/582/771 490/580/769
f 701/791/981 697/787/977 700/790/980
f 700/790/980 702/792/982 701/791/981
f 658/748/938 657/747/937 703/793/983
f 658/748/938 703/793/983 704/794/984
f 591/681/870 593/683/872 704/794/984
f 704/794/984 593/683/872 658/748/938
f 593/683/872 596/686/875 659/749/939
f 659/749/939 658/748/938 593/683/872
f 591/681/870 590/680/869 592/682/871
f 505/595/784 504/594/783 705/795/985
f 705/795/985 706/796/986 505/595/784
f 482/572/761 505/595/784 706/796/986
f 706/796/986 485/575/764 482/572/761
f 707/797/987 708/798/988 507/597/786
f 507/597/786 513/603/792 707/797/987
f 504/594/783 507/597/786 708/798/988
f 708/798/988 705/795/985 504/594/783
f 509/599/788 508/598/787 709/799/989
f 709/799/989 710/800/990 509/599/788
f 710/800/990 707/797/987 513/603/792
f 513/603/792 509/599/788 710/800/990
f 508/598/787 515/605/794 711/801/991
f 711/801/991 709/799/989 508/598/787
f 517/607/796 516/606/795 712/802/992
f 712/802/992 713/803/993 517/607/796
f 515/605/794 517/607/796 713/803/993
f 713/803/993 711/801/991 515/605/794
f 714/804/994 715/805/995 521/611/800
f 521/611/800 520/610/799 714/804/994
f 516/606/795 521/611/800 715/805/995
f 715/805/995 712/802/992 516/606/795
f 714/804/994 520/610/799 525/615/804
f 525/615/804 716/806/996 714/804/994
f 528/618/807 527/617/806 717/807/997
f 717/807/997 718/808/998 528/618/807
f 717/807/997 527/617/806 533/623/812
f 533/623/812 719/809/999 717/807/997
f 720/810/1000 532/622/811 537/627/816
f 537/627/816 721/811/1001 720/810/1000
f 722/812/1002 536/626/815 541/631/820
f 541/631/820 723/813/1003 722/812/1002
f 724/814/1004 540/630/819 543/633/822
f 543/633/822 725/815/1005 724/814/1004
f 546/636/825 545/635/824 650/740/929
f 650/740/929 726/816/1006 546/636/825
f 701/791/981 490/580/769 488/578/767
f 488/578/767 485/575/764 706/796/986
f 701/791/981 488/578/767 706/796/986
f 706/796/986 705/795/985 697/787/977
f 697/787/977 701/791/981 706/796/986
f 708/798/988 707/797/987 693/783/973
f 693/783/973 698/788/978 708/798/988
f 705/795/985 708/798/988 698/788/978
f 698/788/978 697/787/977 705/795/985
f 692/782/972 694/784/974 710/800/990
f 710/800/990 709/799/989 692/782/972
f 707/797/987 710/800/990 694/784/974
f 694/784/974 693/783/973 707/797/987
f 709/799/989 711/801/991 687/777/967
f 687/777/967 692/782/972 709/799/989
f 713/803/993 712/802/992 681/771/961
f 681/771/961 688/778/968 713/803/993
f 688/778/968 687/777/967 711/801/991
f 711/801/991 713/803/993 688/778/968
f 715/805/995 714/804/994 685/775/965
f 685/775/965 682/772/962 715/805/995
f 712/802/992 715/805/995 682/772/962
f 682/772/962 681/771/961 712/802/992
f 685/775/965 714/804/994 716/806/996
f 716/806/996 680/770/960 685/775/965
f 718/808/998 717/807/997 678/768/958
f 678/768/958 677/767/957 718/808/998
f 678/768/958 717/807/997 719/809/999
f 719/809/999 674/764/954 678/768/958
f 671/761/951 720/810/1000 721/811/1001
f 721/811/1001 670/760/950 671/761/951
f 667/757/947 722/812/1002 723/813/1003
f 723/813/1003 666/756/946 667/757/947
f 663/753/943 724/814/1004 725/815/1005
f 725/815/1005 662/752/942 663/753/943
f 726/816/1006 650/740/929 653/743/932
f 653/743/932 660/750/940 726/816/1006
f 702/792/982 700/790/980 634/724/913
f 634/724/913 638/728/917 702/792/982
f 638/728/917 496/586/775 492/582/771
f 492/582/771 702/792/982 638/728/917
f 699/789/979 696/786/976 630/720/909
f 630/720/909 635/725/914 699/789/979
f 635/725/914 634/724/913 700/790/980
f 700/790/980 699/789/979 635/725/914
f 695/785/975 691/781/971 625/715/904
f 625/715/904 631/721/910 695/785/975
f 631/721/910 630/720/909 696/786/976
f 696/786/976 695/785/975 631/721/910
f 691/781/971 690/780/970 626/716/905
f 626/716/905 625/715/904 691/781/971
f 689/779/969 684/774/964 622/712/901
f 622/712/901 621/711/900 689/779/969
f 690/780/970 689/779/969 621/711/900
f 621/711/900 626/716/905 690/780/970
f 683/773/963 686/776/966 617/707/896
f 617/707/896 620/710/899 683/773/963
f 684/774/964 683/773/963 620/710/899
f 620/710/899 622/712/901 684/774/964
f 618/708/897 617/707/896 686/776/966
f 686/776/966 679/769/959 618/708/897
f 676/766/956 675/765/955 613/703/892
f 613/703/892 612/702/891 676/766/956
f 613/703/892 675/765/955 673/763/953
f 673/763/953 610/700/889 613/703/892
f 606/696/885 607/697/886 672/762/952
f 672/762/952 669/759/949 606/696/885
f 602/692/881 603/693/882 668/758/948
f 668/758/948 665/755/945 602/692/881
f 597/687/876 600/690/879 664/754/944
f 664/754/944 661/751/941 597/687/876
f 655/745/934 660/750/940 653/743/932
f 727/817/1007 728/818/1008 729/819/1009
f 729/819/1009 730/820/1010 727/817/1007
f 731/821/1011 728/818/1008 727/817/1007
f 727/817/1007 732/822/1012 731/821/1011
f 733/823/1013 731/821/1011 732/822/1012
f 732/822/1012 734/824/1014 733/823/1013
f 734/824/1014 735/825/1015 736/826/1016
f 736/826/1016 733/823/1013 734/824/1014
f 737/827/1017 736/826/1016 735/825/1015
f 735/825/1015 738/828/1018 737/827/1017
f 739/829/1019 737/827/1017 738/828/1018
f 738/828/1018 740/830/1020 739/829/1019
f 741/831/1021 742/832/1022 743/833/1023
f 743/833/1023 740/830/1024 741/831/1021
f 740/830/1020 743/833/1025 744/834/1026
f 744/834/1026 739/829/1019 740/830/1020
f 744/834/1026 743/833/1025 745/835/1027
f 745/835/1027 746/836/1028 744/834/1026
f 747/837/1029 748/838/1030 746/836/1028
f 746/836/1028 745/835/1027 747/837/1029
f 749/839/1031 750/840/1032 748/838/1030
f 748/838/1030 747/837/1029 749/839/1031
f 751/841/1033 752/842/1034 750/840/1032
f 750/840/1032 749/839/1031 751/841/1033
f 753/843/1035 754/844/1036 752/842/1034
f 752/842/1034 751/841/1033 753/843/1035
f 755/845/1037 756/846/1038 754/844/1036
f 754/844/1036 753/843/1035 755/845/1037
f 757/847/1039 758/848/1040 756/846/1038
f 756/846/1038 755/845/1037 757/847/1039
f 759/849/1041 760/850/1042 758/848/1040
f 758/848/1040 757/847/1039 759/849/1041
f 761/851/1043 762/852/1044 760/850/1042
f 760/850/1042 759/849/1041 761/851/1043
f 763/853/1045 764/854/1046 762/852/1044
f 762/852/1044 761/851/1043 763/853/1045
f 765/855/1047 727/817/1007 730/820/1010
f 730/820/1010 766/856/1048 765/855/1047
f 734/824/1049 767/857/1050 768/858/1051
f 768/858/1051 735/825/1052 734/824/1049
f 768/858/1051 769/859/1053 738/828/1054
f 738/828/1054 735/825/1052 768/858/1051
f 770/860/1055 732/822/1056 727/817/1007
f 727/817/1007 765/855/1047 770/860/1055
f 767/857/1050 734/824/1049 732/822/1056
f 732/822/1056 770/860/1055 767/857/1050
f 769/859/1053 741/831/1021 740/830/1024
f 740/830/1024 738/828/1054 769/859/1053
f 771/861/1057 772/862/1058 742/832/1022
f 742/832/1022 741/831/1021 771/861/1057
f 773/863/1059 742/832/1022 772/862/1058
f 772/862/1058 774/864/1060 773/863/1059
f 773/863/1059 774/864/1060 775/865/1061
f 775/865/1061 774/864/1060 776/866/1062
f 776/866/1062 777/867/1063 775/865/1061
f 778/868/1064 779/869/1065 777/867/1063
f 777/867/1063 776/866/1062 778/868/1064
f 780/870/1066 781/871/1067 779/869/1065
f 779/869/1065 778/868/1064 780/870/1066
f 780/870/1066 782/872/1068 783/873/1069
f 783/873/1069 781/871/1067 780/870/1066
f 782/872/1068 784/874/1070 785/875/1071
f 785/875/1071 783/873/1069 782/872/1068
f 784/874/1070 786/876/1072 787/877/1073
f 787/877/1073 785/875/1071 784/874/1070
f 786/876/1072 788/878/1074 789/879/1075
f 789/879/1075 787/877/1073 786/876/1072
f 788/878/1074 790/880/1076 791/881/1077
f 791/881/1077 789/879/1075 788/878/1074
f 792/882/1078 771/861/1057 741/831/1021
f 741/831/1021 769/859/1053 792/882/1078
f 792/882/1078 769/859/1053 768/858/1051
f 768/858/1051 793/883/1079 792/882/1078
f 793/883/1079 768/858/1051 767/857/1050
f 793/883/1079 767/857/1050 770/860/1055
f 793/883/1079 770/860/1055 794/884/1080
f 794/884/1080 770/860/1055 765/855/1047
f 765/855/1047 766/856/1048 795/885/1081
f 794/884/1080 765/855/1047 795/885/1081
f 796/886/1082 766/856/1048 583/673/862
f 795/885/1081 766/856/1048 796/886/1082
f 796/886/1082 583/673/862 580/670/859
f 796/886/1082 580/670/859 797/887/1083
f 797/887/1083 580/670/859 579/669/858
f 797/887/1083 579/669/858 798/888/1084
f 798/888/1084 579/669/858 799/889/1085
f 800/890/1086 798/888/1084 799/889/1085
f 799/889/1085 801/891/1087 800/890/1086
f 576/666/855 802/892/1088 801/891/1087
f 801/891/1087 799/889/1085 576/666/855
f 771/861/1057 801/891/1087 802/892/1088
f 802/892/1088 772/862/1058 771/861/1057
f 802/892/1088 803/893/1089 774/864/1060
f 774/864/1060 772/862/1058 802/892/1088
f 804/894/1090 577/667/856 576/666/855
f 576/666/855 799/889/1085 804/894/1090
f 576/666/855 573/663/852 803/893/1089
f 803/893/1089 802/892/1088 576/666/855
f 803/893/1089 805/895/1091 776/866/1062
f 776/866/1062 774/864/1060 803/893/1089
f 573/663/852 575/665/854 805/895/1091
f 805/895/1091 803/893/1089 573/663/852
f 805/895/1091 806/896/1092 778/868/1064
f 778/868/1064 776/866/1062 805/895/1091
f 571/661/850 575/665/854 572/662/851
f 575/665/854 571/661/850 807/897/1093
f 807/897/1093 571/661/850 567/657/846
f 567/657/846 570/660/849 807/897/1093
f 808/898/1094 809/899/1095 570/660/849
f 570/660/849 569/659/848 808/898/1094
f 569/659/848 810/900/1096 811/901/1097
f 811/901/1097 808/898/1094 569/659/848
f 786/876/1072 784/874/1070 808/898/1094
f 808/898/1094 811/901/1097 786/876/1072
f 563/653/842 561/651/840 556/646/835
f 565/655/844 564/654/843 810/900/1096
f 810/900/1096 569/659/848 565/655/844
f 810/900/1096 812/902/1098 813/903/1099
f 813/903/1099 811/901/1097 810/900/1096
f 813/903/1099 788/878/1074 786/876/1072
f 786/876/1072 811/901/1097 813/903/1099
f 812/902/1098 563/653/842 556/646/835
f 556/646/835 588/678/867 812/902/1098
f 587/677/866 791/881/1077 790/880/1076
f 790/880/1076 588/678/867 587/677/866
f 790/880/1076 813/903/1099 812/902/1098
f 812/902/1098 588/678/867 790/880/1076
f 792/882/1078 800/890/1086 801/891/1087
f 801/891/1087 771/861/1057 792/882/1078
f 800/890/1086 814/904/1100 797/887/1083
f 797/887/1083 798/888/1084 800/890/1086
f 793/883/1079 814/904/1100 800/890/1086
f 800/890/1086 792/882/1078 793/883/1079
f 795/885/1081 796/886/1082 797/887/1083
f 797/887/1083 814/904/1100 795/885/1081
f 794/884/1080 795/885/1081 814/904/1100
f 814/904/1100 793/883/1079 794/884/1080
f 806/896/1092 805/895/1091 575/665/854
f 575/665/854 807/897/1093 806/896/1092
f 806/896/1092 809/899/1095 780/870/1066
f 780/870/1066 778/868/1064 806/896/1092
f 807/897/1093 570/660/849 809/899/1095
f 809/899/1095 806/896/1092 807/897/1093
f 782/872/1068 780/870/1066 809/899/1095
f 809/899/1095 808/898/1094 782/872/1068
f 782/872/1068 808/898/1094 784/874/1070
f 788/878/1074 813/903/1099 790/880/1076
f 773/863/1059 775/865/1061 747/837/1101
f 747/837/1101 745/835/1102 773/863/1059
f 775/865/1061 777/867/1063 749/839/1103
f 749/839/1103 747/837/1101 775/865/1061
f 777/867/1063 779/869/1065 751/841/1104
f 751/841/1104 749/839/1103 777/867/1063
f 779/869/1065 781/871/1067 753/843/1105
f 753/843/1105 751/841/1104 779/869/1065
f 781/871/1067 783/873/1069 755/845/1106
f 755/845/1106 753/843/1105 781/871/1067
f 783/873/1069 785/875/1071 757/847/1107
f 757/847/1107 755/845/1106 783/873/1069
f 785/875/1071 787/877/1073 759/849/1108
f 759/849/1108 757/847/1107 785/875/1071
f 787/877/1073 789/879/1075 761/851/1109
f 761/851/1109 759/849/1108 787/877/1073
f 791/881/1077 763/853/1110 761/851/1109
f 761/851/1109 789/879/1075 791/881/1077
f 764/854/1046 763/853/1045 815/905/1111
f 815/905/1111 816/906/1112 764/854/1046
f 817/907/1113 816/906/1112 815/905/1111
f 815/905/1111 818/908/1114 817/907/1113
f 587/677/866 557/647/836 818/908/1115
f 818/908/1115 815/905/1116 587/677/866
f 819/909/1117 820/910/1118 821/911/1119
f 821/911/1119 822/912/1120 819/909/1117
f 823/913/1121 824/914/1122 820/910/1118
f 820/910/1118 819/909/1117 823/913/1121
f 825/915/1123 822/912/1120 821/911/1119
f 821/911/1119 826/916/1124 825/915/1123
f 825/915/1123 826/916/1124 827/917/1125
f 827/917/1125 828/918/1126 825/915/1123
f 827/917/1125 829/919/1127 830/920/1128
f 830/920/1128 828/918/1126 827/917/1125
f 502/592/781 478/568/757 828/918/1126
f 828/918/1126 830/920/1128 502/592/781
f 831/921/1129 503/593/782 502/592/781
f 502/592/781 830/920/1128 831/921/1129
f 832/922/1130 833/923/1131 834/924/1132
f 834/924/1132 835/925/1133 832/922/1130
f 836/926/1130 832/922/1130 835/925/1133
f 835/925/1133 831/921/1134 836/926/1130
f 837/927/1135 838/928/1136 834/924/1132
f 834/924/1132 833/923/1131 837/927/1135
f 838/928/1136 837/927/1135 839/929/1137
f 839/929/1137 840/930/1138 838/928/1136
f 841/931/1139 842/932/1140 840/930/1138
f 840/930/1138 839/929/1137 841/931/1139
f 843/933/1141 844/934/1142 845/935/1143
f 845/935/1143 846/936/1144 843/933/1141
f 847/937/1137 848/938/1145 849/939/1146
f 849/939/1146 850/940/1137 847/937/1137
f 851/941/1137 852/942/1147 853/943/1148
f 853/943/1148 854/944/1149 851/941/1137
f 852/942/1147 855/945/1150 856/946/1151
f 856/946/1151 853/943/1148 852/942/1147
f 856/946/1151 855/945/1150 857/947/1152
f 857/947/1152 858/948/1153 856/946/1151
f 859/949/1154 860/950/1155 861/951/1156
f 861/951/1156 862/952/1137 859/949/1154
f 863/953/1157 864/954/1158 865/955/1159
f 865/955/1159 866/956/1160 863/953/1157
f 867/957/1161 868/958/1156 869/959/1162
f 869/959/1162 870/960/1163 867/957/1161
f 868/958/1156 871/961/1137 872/962/1164
f 872/962/1164 869/959/1162 868/958/1156
f 873/963/1165 874/964/1166 875/965/1167
f 875/965/1167 876/966/1168 873/963/1165
f 875/965/1167 817/907/1113 818/908/1114
f 818/908/1114 876/966/1168 875/965/1167
f 873/963/1165 877/967/1169 878/968/1170
f 878/968/1170 874/964/1166 873/963/1165
f 877/967/1169 872/962/1164 871/961/1137
f 871/961/1137 878/968/1170 877/967/1169
f 829/919/1127 836/926/1130 831/921/1134
f 831/921/1134 830/920/1128 829/919/1127
f 461/551/740 879/969/1171 823/913/1172
f 823/913/1172 819/909/1173 461/551/740
f 880/970/1174 881/971/1175 824/914/1122
f 824/914/1122 823/913/1121 880/970/1174
f 882/972/1176 883/973/1177 881/971/1175
f 881/971/1175 884/974/1178 882/972/1176
f 883/973/1177 882/972/1176 885/975/1179
f 885/975/1179 886/976/1180 883/973/1177
f 886/976/1180 885/975/1179 887/977/1181
f 887/977/1181 888/978/1182 886/976/1180
f 889/979/1183 890/980/1184 888/978/1182
f 888/978/1182 887/977/1181 889/979/1183
f 891/981/1185 892/982/1186 890/980/1184
f 890/980/1184 889/979/1183 891/981/1185
f 893/983/1187 894/984/1188 892/982/1186
f 892/982/1186 891/981/1185 893/983/1187
f 895/985/1189 896/986/1190 894/984/1188
f 894/984/1188 893/983/1187 895/985/1189
f 897/987/1191 898/988/1192 896/986/1190
f 896/986/1190 895/985/1189 897/987/1191
f 897/987/1191 899/989/1193 900/990/1194
f 900/990/1194 898/988/1192 897/987/1191
f 899/989/1193 901/991/1195 902/992/1196
f 902/992/1196 900/990/1194 899/989/1193
f 901/991/1195 903/993/1197 904/994/1198
f 904/994/1198 902/992/1196 901/991/1195
f 903/993/1197 905/995/1199 906/996/1200
f 906/996/1200 904/994/1198 903/993/1197
f 907/997/1201 908/998/1202 906/996/1200
f 906/996/1200 905/995/1199 907/997/1201
f 909/999/1203 910/1000/1204 908/998/1202
f 908/998/1202 907/997/1201 909/999/1203
f 911/1001/1205 880/970/1206 823/913/1172
f 823/913/1172 879/969/1171 911/1001/1205
f 912/1002/1207 884/974/1208 880/970/1206
f 880/970/1206 911/1001/1205 912/1002/1207
f 912/1002/1207 913/1003/1209 914/1004/1210
f 914/1004/1210 884/974/1208 912/1002/1207
f 884/974/1208 914/1004/1210 882/972/1211
f 914/1004/1210 915/1005/1212 885/975/1213
f 885/975/1213 882/972/1211 914/1004/1210
f 913/1003/1209 916/1006/1214 915/1005/1212
f 915/1005/1212 914/1004/1210 913/1003/1209
f 917/1007/1215 889/979/1216 887/977/1217
f 887/977/1217 918/1008/1218 917/1007/1215
f 919/1009/1219 891/981/1220 889/979/1216
f 889/979/1216 917/1007/1215 919/1009/1219
f 920/1010/1221 893/983/1222 891/981/1220
f 891/981/1220 919/1009/1219 920/1010/1221
f 921/1011/1223 895/985/1224 893/983/1222
f 893/983/1222 920/1010/1221 921/1011/1223
f 922/1012/1225 923/1013/1226 924/1014/1227
f 924/1014/1227 921/1011/1223 922/1012/1225
f 920/1010/1221 925/1015/1228 922/1012/1225
f 922/1012/1225 921/1011/1223 920/1010/1221
f 919/1009/1219 926/1016/1229 925/1015/1228
f 925/1015/1228 920/1010/1221 919/1009/1219
f 917/1007/1215 927/1017/1230 926/1016/1229
f 926/1016/1229 919/1009/1219 917/1007/1215
f 918/1008/1218 928/1018/1231 927/1017/1230
f 927/1017/1230 917/1007/1215 918/1008/1218
f 918/1008/1218 915/1005/1212 916/1006/1214
f 916/1006/1214 928/1018/1231 918/1008/1218
f 887/977/1217 885/975/1213 915/1005/1212
f 915/1005/1212 918/1008/1218 887/977/1217
f 916/1006/1214 913/1003/1209 929/1019/1232
f 929/1019/1232 913/1003/1209 930/1020/1233
f 931/1021/1234 932/1022/1235 929/1019/1232
f 929/1019/1232 930/1020/1233 931/1021/1234
f 930/1020/1233 933/1023/1236 934/1024/1237
f 934/1024/1237 931/1021/1234 930/1020/1233
f 935/1025/1238 936/1026/1239 931/1021/1234
f 931/1021/1234 934/1024/1237 935/1025/1238
f 934/1024/1237 937/1027/1240 938/1028/1241
f 938/1028/1241 935/1025/1238 934/1024/1237
f 938/1028/1241 939/1029/1242 935/1025/1238
f 460/550/739 938/1028/1241 937/1027/1240
f 938/1028/1241 460/550/739 464/554/743
f 930/1020/1233 913/1003/1209 912/1002/1207
f 911/1001/1205 933/1023/1236 930/1020/1233
f 930/1020/1233 912/1002/1207 911/1001/1205
f 934/1024/1237 933/1023/1236 937/1027/1240
f 460/550/739 937/1027/1240 461/551/740
f 879/969/1171 937/1027/1240 933/1023/1236
f 933/1023/1236 911/1001/1205 879/969/1171
f 937/1027/1240 879/969/1171 461/551/740
f 465/555/744 940/1030/1243 464/554/743
f 464/554/743 940/1030/1243 939/1029/1242
f 936/1026/1239 935/1025/1238 939/1029/1242
f 468/558/747 941/1031/1244 465/555/744
f 465/555/744 941/1031/1244 942/1032/1245
f 465/555/744 942/1032/1245 940/1030/1243
f 943/1033/1246 944/1034/1247 940/1030/1243
f 940/1030/1243 942/1032/1245 943/1033/1246
f 945/1035/1248 932/1022/1235 944/1034/1247
f 944/1034/1247 943/1033/1246 945/1035/1248
f 946/1036/1249 929/1019/1232 932/1022/1235
f 932/1022/1235 945/1035/1248 946/1036/1249
f 928/1018/1231 916/1006/1214 929/1019/1232
f 929/1019/1232 946/1036/1249 928/1018/1231
f 469/559/748 947/1037/1250 468/558/747
f 468/558/747 947/1037/1250 948/1038/1251
f 468/558/747 948/1038/1251 941/1031/1244
f 949/1039/1252 950/1040/1253 941/1031/1244
f 941/1031/1244 948/1038/1251 949/1039/1252
f 951/1041/1254 952/1042/1255 950/1040/1253
f 950/1040/1253 949/1039/1252 951/1041/1254
f 953/1043/1256 954/1044/1257 952/1042/1255
f 952/1042/1255 951/1041/1254 953/1043/1256
f 926/1016/1229 927/1017/1230 954/1044/1257
f 954/1044/1257 953/1043/1256 926/1016/1229
f 947/1037/1250 469/559/748 955/1045/1258
f 955/1045/1258 469/559/748 471/561/750
f 955/1045/1258 471/561/750 956/1046/1259
f 956/1046/1259 471/561/750 957/1047/1260
f 958/1048/1261 959/1049/1262 956/1046/1259
f 956/1046/1259 957/1047/1260 958/1048/1261
f 957/1047/1260 960/1050/1263 961/1051/1264
f 961/1051/1264 958/1048/1261 957/1047/1260
f 962/1052/1265 963/1053/1266 958/1048/1261
f 958/1048/1261 961/1051/1264 962/1052/1265
f 961/1051/1264 964/1054/1267 965/1055/1268
f 965/1055/1268 962/1052/1265 961/1051/1264
f 966/1056/1269 967/1057/1270 962/1052/1265
f 962/1052/1265 965/1055/1268 966/1056/1269
f 965/1055/1268 968/1058/1271 969/1059/1272
f 969/1059/1272 966/1056/1269 965/1055/1268
f 966/1056/1269 969/1059/1272 970/1060/1273
f 970/1060/1273 969/1059/1272 971/1061/1274
f 971/1061/1274 969/1059/1272 972/1062/1275
f 972/1062/1275 969/1059/1272 968/1058/1271
f 972/1062/1275 968/1058/1271 973/1063/1276
f 968/1058/1271 965/1055/1268 964/1054/1267
f 964/1054/1267 973/1063/1276 968/1058/1271
f 973/1063/1276 964/1054/1267 974/1064/1277
f 964/1054/1267 961/1051/1264 960/1050/1263
f 960/1050/1263 974/1064/1277 964/1054/1267
f 974/1064/1277 960/1050/1263 647/737/926
f 647/737/926 960/1050/1263 473/563/752
f 473/563/752 960/1050/1263 957/1047/1260
f 473/563/752 957/1047/1260 471/561/750
f 974/1064/1277 647/737/926 644/734/923
f 644/734/923 647/737/926 648/738/927
f 644/734/923 645/735/924 972/1062/1275
f 970/1060/1273 975/1065/1278 966/1056/1269
f 975/1065/1278 976/1066/1279 967/1057/1270
f 967/1057/1270 966/1056/1269 975/1065/1278
f 976/1066/1279 977/1067/1280 978/1068/1281
f 978/1068/1281 967/1057/1270 976/1066/1279
f 977/1067/1280 923/1013/1226 979/1069/1282
f 979/1069/1282 978/1068/1281 977/1067/1280
f 923/1013/1226 922/1012/1225 980/1070/1283
f 980/1070/1283 979/1069/1282 923/1013/1226
f 922/1012/1225 925/1015/1228 981/1071/1284
f 981/1071/1284 980/1070/1283 922/1012/1225
f 925/1015/1228 926/1016/1229 953/1043/1256
f 953/1043/1256 981/1071/1284 925/1015/1228
f 975/1065/1278 982/1072/1285 983/1073/1286
f 983/1073/1286 976/1066/1279 975/1065/1278
f 984/1074/1287 977/1067/1280 976/1066/1279
f 976/1066/1279 983/1073/1286 984/1074/1287
f 984/1074/1287 924/1014/1227 923/1013/1226
f 923/1013/1226 977/1067/1280 984/1074/1287
f 939/1029/1242 938/1028/1241 464/554/743
f 985/1075/1288 986/1076/1289 979/1069/1282
f 979/1069/1282 980/1070/1283 985/1075/1288
f 986/1076/1289 963/1053/1266 978/1068/1281
f 978/1068/1281 979/1069/1282 986/1076/1289
f 963/1053/1266 962/1052/1265 967/1057/1270
f 967/1057/1270 978/1068/1281 963/1053/1266
f 987/1077/1290 959/1049/1262 986/1076/1289
f 986/1076/1289 985/1075/1288 987/1077/1290
f 959/1049/1262 958/1048/1261 963/1053/1266
f 963/1053/1266 986/1076/1289 959/1049/1262
f 980/1070/1283 981/1071/1284 988/1078/1291
f 988/1078/1291 985/1075/1288 980/1070/1283
f 981/1071/1284 953/1043/1256 951/1041/1254
f 951/1041/1254 988/1078/1291 981/1071/1284
f 955/1045/1258 956/1046/1259 959/1049/1262
f 959/1049/1262 987/1077/1290 955/1045/1258
f 985/1075/1288 988/1078/1291 989/1079/1292
f 989/1079/1292 987/1077/1290 985/1075/1288
f 988/1078/1291 951/1041/1254 949/1039/1252
f 949/1039/1252 989/1079/1292 988/1078/1291
f 987/1077/1290 989/1079/1292 947/1037/1250
f 947/1037/1250 955/1045/1258 987/1077/1290
f 989/1079/1292 949/1039/1252 948/1038/1251
f 948/1038/1251 947/1037/1250 989/1079/1292
f 946/1036/1249 954/1044/1257 927/1017/1230
f 927/1017/1230 928/1018/1231 946/1036/1249
f 945/1035/1248 952/1042/1255 954/1044/1257
f 954/1044/1257 946/1036/1249 945/1035/1248
f 950/1040/1253 943/1033/1246 942/1032/1245
f 942/1032/1245 941/1031/1244 950/1040/1253
f 943/1033/1246 950/1040/1253 952/1042/1255
f 952/1042/1255 945/1035/1248 943/1033/1246
f 936/1026/1239 944/1034/1247 932/1022/1235
f 932/1022/1235 931/1021/1234 936/1026/1239
f 936/1026/1239 940/1030/1243 944/1034/1247
f 940/1030/1243 936/1026/1239 939/1029/1242
f 972/1062/1275 973/1063/1276 644/734/923
f 644/734/923 973/1063/1276 974/1064/1277
f 970/1060/1273 971/1061/1274 907/997/1293
f 907/997/1293 905/995/1294 970/1060/1273
f 982/1072/1285 970/1060/1273 905/995/1294
f 982/1072/1285 905/995/1294 903/993/1295
f 901/991/1296 983/1073/1286 982/1072/1285
f 982/1072/1285 903/993/1295 901/991/1296
f 897/987/1297 924/1014/1227 984/1074/1287
f 984/1074/1287 899/989/1298 897/987/1297
f 897/987/1297 895/985/1224 921/1011/1223
f 921/1011/1223 924/1014/1227 897/987/1297
f 984/1074/1287 983/1073/1286 901/991/1296
f 901/991/1296 899/989/1298 984/1074/1287
f 982/1072/1285 975/1065/1278 970/1060/1273
f 971/1061/1274 972/1062/1275 909/999/1299
f 909/999/1299 907/997/1293 971/1061/1274
f 909/999/1203 990/1080/1300 991/1081/1301
f 991/1081/1301 910/1000/1204 909/999/1203
f 992/1082/1302 993/1083/1303 994/1084/1304
f 994/1084/1304 995/1085/1305 992/1082/1302
f 730/820/1010 729/819/1009 993/1083/1303
f 993/1083/1303 992/1082/1302 730/820/1010
f 996/1086/1306 995/1085/1305 994/1084/1304
f 994/1084/1304 997/1087/1307 996/1086/1306
f 996/1086/1306 997/1087/1307 998/1088/1307
f 998/1088/1307 999/1089/1308 996/1086/1306
f 998/1088/1307 1000/1090/1309 1001/1091/1310
f 1001/1091/1310 999/1089/1308 998/1088/1307
f 1002/1092/1311 1003/1093/1312 1004/1094/1313
f 1004/1094/1313 1005/1095/1314 1002/1092/1311
f 1006/1096/1315 1007/1097/1313 1008/1098/1316
f 1008/1098/1316 1009/1099/1317 1006/1096/1315
f 1010/1100/1318 1011/1101/1319 1012/1102/1320
f 1012/1102/1320 1013/1103/1321 1010/1100/1318
f 1014/1104/1322 1015/1105/1319 1016/1106/1323
f 1016/1106/1323 1017/1107/1324 1014/1104/1322
f 1015/1105/1319 1018/1108/1325 1019/1109/1326
f 1019/1109/1326 1016/1106/1323 1015/1105/1319
f 1019/1109/1326 1018/1108/1325 1020/1110/1327
f 1020/1110/1327 1021/1111/1328 1019/1109/1326
f 1022/1112/1329 1023/1113/1330 1024/1114/1331
f 1024/1114/1331 1025/1115/1332 1022/1112/1329
f 1026/1116/1333 1022/1112/1329 1025/1115/1332
f 1025/1115/1332 1027/1117/1334 1026/1116/1333
f 1028/1118/1335 1026/1116/1333 1027/1117/1334
f 1027/1117/1334 1029/1119/1336 1028/1118/1335
f 1030/1120/1337 1028/1118/1335 1029/1119/1336
f 1029/1119/1336 1031/1121/1338 1030/1120/1337
f 1031/1121/1338 1032/1122/1339 1033/1123/1340
f 1033/1123/1340 1030/1120/1337 1031/1121/1338
f 1034/1124/1341 1035/1125/1342 1036/1126/1343
f 1036/1126/1343 1037/1127/1339 1034/1124/1341
f 1038/1128/1325 1039/1129/1344 1040/1130/1345
f 1040/1130/1345 1041/1131/1346 1038/1128/1325
f 1042/1132/1347 1043/1133/1348 991/1081/1301
f 991/1081/1301 990/1080/1300 1042/1132/1347
f 1044/1134/1349 1045/1135/1350 1043/1133/1348
f 1043/1133/1348 1042/1132/1347 1044/1134/1349
f 1000/1090/1309 1003/1093/1312 1002/1092/1311
f 1002/1092/1311 1001/1091/1310 1000/1090/1309
f 1046/1136/1351 1047/1137/1352 1048/1138/1353
f 1048/1138/1353 1049/1139/1338 1046/1136/1351
f 766/856/1048 730/820/1010 992/1082/1302
f 992/1082/1302 583/673/862 766/856/1048
f 645/735/924 639/729/918 1042/1132/1347
f 1042/1132/1347 990/1080/1354 645/735/924
f 639/729/918 501/591/780 1042/1132/1347
f 501/591/780 500/590/779 1044/1134/1349
f 1044/1134/1349 1042/1132/1347 501/591/780
f 1047/1137/1352 1044/1134/1349 500/590/779
f 500/590/779 499/589/778 1047/1137/1352
f 637/727/916 1048/1138/1353 1047/1137/1352
f 1047/1137/1352 499/589/778 637/727/916
f 633/723/912 1039/1129/1355 1048/1138/1353
f 1048/1138/1353 637/727/916 633/723/912
f 633/723/912 636/726/915 1040/1130/1356
f 1040/1130/1356 1039/1129/1355 633/723/912
f 636/726/915 629/719/908 1035/1125/1357
f 1035/1125/1357 1040/1130/1356 636/726/915
f 629/719/908 632/722/911 1036/1126/1358
f 1036/1126/1358 1035/1125/1357 629/719/908
f 632/722/911 628/718/907 1033/1123/1359
f 1033/1123/1359 1036/1126/1358 632/722/911
f 628/718/907 627/717/906 1030/1120/1337
f 1030/1120/1337 1033/1123/1359 628/718/907
f 627/717/906 624/714/903 1028/1118/1335
f 1028/1118/1335 1030/1120/1337 627/717/906
f 624/714/903 623/713/902 1026/1116/1333
f 1026/1116/1333 1028/1118/1335 624/714/903
f 623/713/902 619/709/898 1022/1112/1329
f 1022/1112/1329 1026/1116/1333 623/713/902
f 619/709/898 616/706/895 1023/1113/1360
f 1023/1113/1360 1022/1112/1329 619/709/898
f 615/705/894 611/701/890 1019/1109/1361
f 1019/1109/1361 1021/1111/1362 615/705/894
f 611/701/890 614/704/893 1016/1106/1363
f 1016/1106/1363 1019/1109/1361 611/701/890
f 1017/1107/1364 1016/1106/1363 614/704/893
f 614/704/893 609/699/888 1017/1107/1364
f 1013/1103/1365 1012/1102/1366 608/698/887
f 608/698/887 605/695/884 1013/1103/1365
f 1009/1099/1367 1008/1098/1368 604/694/883
f 604/694/883 601/691/880 1009/1099/1367
f 1005/1095/1314 1050/1140/1369 599/689/878
f 599/689/878 598/688/877 1005/1095/1314
f 595/685/874 594/684/873 1001/1091/1370
f 1001/1091/1370 1002/1092/1311 595/685/874
f 594/684/873 589/679/868 999/1089/1371
f 999/1089/1371 1001/1091/1370 594/684/873
f 589/679/868 586/676/865 996/1086/1372
f 996/1086/1372 999/1089/1371 589/679/868
f 586/676/865 585/675/864 995/1085/1373
f 995/1085/1373 996/1086/1372 586/676/865
f 972/1062/1275 645/735/924 990/1080/1354
f 990/1080/1354 909/999/1299 972/1062/1275
f 557/647/836 553/643/832 876/966/1374
f 876/966/1374 818/908/1115 557/647/836
f 553/643/832 551/641/830 873/963/1375
f 873/963/1375 876/966/1374 553/643/832
f 551/641/830 549/639/828 877/967/1376
f 877/967/1376 873/963/1375 551/641/830
f 549/639/828 544/634/823 872/962/1377
f 872/962/1377 877/967/1376 549/639/828
f 547/637/826 869/959/1378 872/962/1377
f 872/962/1377 544/634/823 547/637/826
f 539/629/818 865/955/1379 870/960/1380
f 870/960/1380 542/632/821 539/629/818
f 849/939/1146 848/938/1145 523/613/802
f 523/613/802 522/612/801 849/939/1146
f 522/612/801 519/609/798 844/934/1381
f 844/934/1381 849/939/1146 522/612/801
f 518/608/797 845/935/1382 844/934/1381
f 844/934/1381 519/609/798 518/608/797
f 845/935/1382 518/608/797 514/604/793
f 514/604/793 842/932/1383 845/935/1382
f 511/601/790 840/930/1384 842/932/1383
f 842/932/1383 514/604/793 511/601/790
f 512/602/791 834/924/1385 838/928/1386
f 838/928/1386 510/600/789 512/602/791
f 506/596/785 835/925/1387 834/924/1385
f 834/924/1385 512/602/791 506/596/785
f 835/925/1387 506/596/785 503/593/782
f 503/593/782 831/921/1129 835/925/1387
f 476/566/755 825/915/1388 828/918/1126
f 828/918/1126 478/568/757 476/566/755
f 476/566/755 462/552/741 822/912/1389
f 822/912/1389 825/915/1388 476/566/755
f 461/551/740 819/909/1173 822/912/1389
f 822/912/1389 462/552/741 461/551/740
f 523/613/802 848/938/1145 854/944/1149
f 854/944/1149 524/614/803 523/613/802
f 853/943/1390 856/946/1391 526/616/805
f 526/616/805 529/619/808 853/943/1390
f 526/616/805 856/946/1391 858/948/1392
f 858/948/1392 530/620/809 526/616/805
f 531/621/810 860/950/1393 859/949/1394
f 859/949/1394 534/624/813 531/621/810
f 535/625/814 1051/1141/1395 866/956/1396
f 866/956/1396 538/628/817 535/625/814
f 587/677/866 815/905/1116 763/853/1110
f 763/853/1110 791/881/1077 587/677/866
f 745/835/1102 743/833/1023 742/832/1022
f 742/832/1022 773/863/1059 745/835/1102
f 881/971/1175 880/970/1174 884/974/1178
f 549/639/828 550/640/829 548/638/827
f 560/650/839 555/645/834 561/651/840
f 558/648/837 555/645/834 560/650/839
f 552/642/831 554/644/833 559/649/838
f 559/649/838 1052/1142/1397 552/642/831
f 550/640/829 552/642/831 1052/1142/1397
f 1052/1142/1397 1053/1143/1398 550/640/829
f 558/648/837 554/644/833 555/645/834
f 555/645/834 556/646/835 561/651/840
f 548/638/827 550/640/829 1053/1143/1398
f 1053/1143/1398 1054/1144/1399 548/638/827
f 548/638/827 649/739/928 545/635/824
f 1054/1144/1399 649/739/928 548/638/827
f 583/673/862 992/1082/1302 995/1085/1373
f 995/1085/1373 585/675/864 583/673/862
f 583/673/862 585/675/864 582/672/861
f 804/894/1090 1055/1145/1400 577/667/856
f 578/668/857 1055/1145/1400 579/669/858
f 579/669/858 1055/1145/1400 804/894/1090
f 579/669/858 804/894/1090 799/889/1085
f 592/682/871 590/680/869 589/679/868
f 592/682/871 589/679/868 593/683/872
f 810/900/1096 564/654/843 563/653/842
f 563/653/842 812/902/1098 810/900/1096
f 567/657/846 571/661/850 568/658/847
f 582/672/861 584/674/863 581/671/860
f 581/671/860 580/670/859 582/672/861
f 507/597/786 506/596/785 512/602/791
f 512/602/791 513/603/792 507/597/786
f 510/600/789 838/928/1386 840/930/1384
f 840/930/1384 511/601/790 510/600/789
f 842/932/1140 841/931/1139 846/936/1144
f 846/936/1144 845/935/1143 842/932/1140
f 844/934/1142 843/933/1141 850/940/1137
f 850/940/1137 849/939/1146 844/934/1142
f 502/592/781 505/595/784 482/572/761
f 635/725/914 630/720/909 629/719/908
f 629/719/908 636/726/915 635/725/914
f 626/716/905 621/711/900 624/714/903
f 624/714/903 627/717/906 626/716/905
f 622/712/901 620/710/899 619/709/898
f 619/709/898 623/713/902 622/712/901
f 528/618/807 525/615/804 524/614/803
f 524/614/803 529/619/808 528/618/807
f 615/705/894 618/708/897 612/702/891
f 612/702/891 611/701/890 615/705/894
f 680/770/960 679/769/959 686/776/966
f 686/776/966 685/775/965 680/770/960
f 718/808/998 716/806/996 525/615/804
f 525/615/804 528/618/807 718/808/998
f 680/770/960 716/806/996 718/808/998
f 718/808/998 677/767/957 680/770/960
f 618/708/897 679/769/959 676/766/956
f 676/766/956 612/702/891 618/708/897
f 851/941/1137 854/944/1149 848/938/1145
f 848/938/1145 847/937/1137 851/941/1137
f 1021/1111/1328 1020/1110/1327 1024/1114/1331
f 1024/1114/1331 1023/1113/1330 1021/1111/1328
f 615/705/894 1021/1111/1362 1023/1113/1360
f 1023/1113/1360 616/706/895 615/705/894
f 524/614/803 854/944/1149 853/943/1390
f 853/943/1390 529/619/808 524/614/803
f 526/616/805 530/620/809 533/623/812
f 533/623/812 527/617/806 526/616/805
f 610/700/889 609/699/888 614/704/893
f 614/704/893 613/703/892 610/700/889
f 674/764/954 673/763/953 675/765/955
f 675/765/955 678/768/958 674/764/954
f 720/810/1000 719/809/999 533/623/812
f 533/623/812 532/622/811 720/810/1000
f 674/764/954 719/809/999 720/810/1000
f 720/810/1000 671/761/951 674/764/954
f 610/700/889 673/763/953 672/762/952
f 672/762/952 607/697/886 610/700/889
f 860/950/1155 858/948/1153 857/947/1152
f 857/947/1152 861/951/1156 860/950/1155
f 1014/1104/1322 1017/1107/1324 1012/1102/1320
f 1012/1102/1320 1011/1101/1319 1014/1104/1322
f 1017/1107/1364 609/699/888 608/698/887
f 608/698/887 1012/1102/1366 1017/1107/1364
f 530/620/809 858/948/1392 860/950/1393
f 860/950/1393 531/621/810 530/620/809
f 534/624/813 537/627/816 532/622/811
f 532/622/811 531/621/810 534/624/813
f 607/697/886 606/696/885 605/695/884
f 605/695/884 608/698/887 607/697/886
f 670/760/950 669/759/949 672/762/952
f 672/762/952 671/761/951 670/760/950
f 722/812/1002 721/811/1001 537/627/816
f 537/627/816 536/626/815 722/812/1002
f 670/760/950 721/811/1001 722/812/1002
f 722/812/1002 667/757/947 670/760/950
f 606/696/885 669/759/949 668/758/948
f 668/758/948 603/693/882 606/696/885
f 859/949/1154 862/952/1137 1056/1146/1401
f 1056/1146/1401 1051/1141/1402 859/949/1154
f 1010/1100/1318 1013/1103/1321 1008/1098/1316
f 1008/1098/1316 1007/1097/1313 1010/1100/1318
f 1013/1103/1365 605/695/884 604/694/883
f 604/694/883 1008/1098/1368 1013/1103/1365
f 534/624/813 859/949/1394 1051/1141/1395
f 1051/1141/1395 535/625/814 534/624/813
f 538/628/817 541/631/820 536/626/815
f 536/626/815 535/625/814 538/628/817
f 603/693/882 602/692/881 601/691/880
f 601/691/880 604/694/883 603/693/882
f 666/756/946 665/755/945 668/758/948
f 668/758/948 667/757/947 666/756/946
f 724/814/1004 723/813/1003 541/631/820
f 541/631/820 540/630/819 724/814/1004
f 666/756/946 723/813/1003 724/814/1004
f 724/814/1004 663/753/943 666/756/946
f 602/692/881 665/755/945 664/754/944
f 664/754/944 600/690/879 602/692/881
f 863/953/1157 866/956/1160 1051/1141/1402
f 1051/1141/1402 1056/1146/1401 863/953/1157
f 1006/1096/1315 1009/1099/1317 1050/1140/1369
f 1050/1140/1369 1057/1147/1403 1006/1096/1315
f 1009/1099/1367 601/691/880 599/689/878
f 599/689/878 1050/1140/1369 1009/1099/1367
f 538/628/817 866/956/1396 865/955/1379
f 865/955/1379 539/629/818 538/628/817
f 543/633/822 542/632/821 547/637/826
f 547/637/826 546/636/825 543/633/822
f 598/688/877 597/687/876 596/686/875
f 596/686/875 595/685/874 598/688/877
f 662/752/942 661/751/941 664/754/944
f 664/754/944 663/753/943 662/752/942
f 726/816/1006 725/815/1005 543/633/822
f 543/633/822 546/636/825 726/816/1006
f 662/752/942 725/815/1005 726/816/1006
f 726/816/1006 660/750/940 662/752/942
f 597/687/876 661/751/941 659/749/939
f 659/749/939 596/686/875 597/687/876
f 867/957/1161 870/960/1163 865/955/1159
f 865/955/1159 864/954/1158 867/957/1161
f 1005/1095/1314 1004/1094/1313 1057/1147/1403
f 1057/1147/1403 1050/1140/1369 1005/1095/1314
f 1005/1095/1314 598/688/877 595/685/874
f 595/685/874 1002/1092/1311 1005/1095/1314
f 542/632/821 870/960/1380 869/959/1378
f 869/959/1378 547/637/826 542/632/821
f 1033/1123/1340 1032/1122/1339 1037/1127/1339
f 1037/1127/1339 1036/1126/1343 1033/1123/1340
f 1039/1129/1344 1038/1128/1325 1049/1139/1338
f 1049/1139/1338 1048/1138/1353 1039/1129/1344
f 1035/1125/1342 1034/1124/1341 1041/1131/1346
f 1041/1131/1346 1040/1130/1345 1035/1125/1342
f 489/579/768 491/581/770 495/585/774
f 1047/1137/1352 1046/1136/1351 1045/1135/1350
f 1045/1135/1350 1044/1134/1349 1047/1137/1352
f 483/573/762 481/571/760 482/572/761
f 480/570/759 481/571/760 483/573/762
f 476/566/755 477/567/756 463/553/742
f 477/567/756 478/568/757 481/571/760
f 648/738/927 646/736/925 644/734/923
f 646/736/925 648/738/927 643/733/922
f 498/588/777 639/729/918 640/730/919
f 640/730/919 639/729/918 646/736/925
f 1058/1148/1404 1059/1149/1405 1060/1150/1406
f 1060/1150/1406 1061/1151/1407 1058/1148/1404
f 1062/1152/1408 1063/1153/1409 1064/1154/1410
f 1064/1154/1410 1065/1155/1411 1062/1152/1408
f 1066/1156/1412 1060/1150/1406 1059/1149/1405
f 1059/1149/1405 1067/1157/1413 1066/1156/1412
f 1068/1158/1414 1069/1159/1415 1070/1160/1416
f 1070/1160/1416 1071/1161/1417 1068/1158/1414
f 1069/1159/1415 1066/1156/1412 1067/1157/1413
f 1067/1157/1413 1070/1160/1416 1069/1159/1415
f 1072/1162/1418 1068/1158/1414 1071/1161/1417
f 1071/1161/1417 1073/1163/1419 1072/1162/1418
f 1074/1164/1420 1075/1165/1421 1076/1166/1422
f 1076/1166/1422 1077/1167/1423 1074/1164/1420
f 1078/1168/1424 1079/1169/1425 1080/1170/1426
f 1080/1170/1426 1081/1171/1427 1078/1168/1424
f 1081/1171/1427 1082/1172/1428 1083/1173/1429
f 1083/1173/1429 1078/1168/1424 1081/1171/1427
f 1084/1174/1430 1085/1175/1431 1086/1176/1432
f 1086/1176/1432 1087/1177/1433 1084/1174/1430
f 1082/1172/1428 1088/1178/1434 1089/1179/1435
f 1089/1179/1435 1083/1173/1429 1082/1172/1428
f 1088/1178/1434 1090/1180/1436 1091/1181/1437
f 1091/1181/1437 1089/1179/1435 1088/1178/1434
f 1092/1182/1438 1093/1183/1439 1094/1184/1440
f 1094/1184/1440 1095/1185/1441 1092/1182/1438
f 1095/1185/1441 1096/1186/1442 1097/1187/1443
f 1097/1187/1443 1092/1182/1438 1095/1185/1441
f 1098/1188/1444 1099/1189/1445 1100/1190/1446
f 1100/1190/1446 1101/1191/1447 1098/1188/1444
f 1096/1186/1442 1102/1192/1448 1103/1193/1449
f 1103/1193/1449 1097/1187/1443 1096/1186/1442
f 1085/1175/1431 1104/1194/1450 1105/1195/1451
f 1105/1195/1451 1086/1176/1432 1085/1175/1431
f 1106/1196/1452 1107/1197/1453 1108/1198/1454
f 1108/1198/1454 1109/1199/1455 1106/1196/1452
f 1065/1155/1411 1058/1148/1404 1061/1151/1407
f 1061/1151/1407 1062/1152/1408 1065/1155/1411
f 1073/1163/1419 1076/1166/1422 1075/1165/1421
f 1075/1165/1421 1072/1162/1418 1073/1163/1419
f 1077/1167/1423 1108/1198/1454 1107/1197/1453
f 1107/1197/1453 1074/1164/1420 1077/1167/1423
f 1090/1180/1436 1084/1174/1430 1087/1177/1433
f 1087/1177/1433 1091/1181/1437 1090/1180/1436
f 1104/1194/1450 1094/1184/1440 1093/1183/1439
f 1093/1183/1439 1105/1195/1451 1104/1194/1450
f 1110/1200/1456 1103/1193/1449 1102/1192/1448
f 1102/1192/1448 1111/1201/1457 1110/1200/1456
f 1101/1191/1447 1110/1200/1456 1111/1201/1457
f 1111/1201/1457 1098/1188/1444 1101/1191/1447
f 1112/1202/1458 1113/1203/1459 1100/1190/1446
f 1112/1202/1458 1100/1190/1446 1099/1189/1445
f 1112/1202/1458 1099/1189/1445 1114/1204/1460
f 1106/1196/1452 1109/1199/1455 1080/1170/1426
f 1080/1170/1426 1079/1169/1425 1106/1196/1452
f 1061/1151/1407 1060/1150/1406 1115/1205/1461
f 1115/1205/1461 1116/1206/1462 1061/1151/1407
f 1063/1153/1409 1062/1152/1408 1117/1207/1463
f 1117/1207/1463 1118/1208/1464 1063/1153/1409
f 1060/1150/1406 1066/1156/1412 1119/1209/1465
f 1119/1209/1465 1115/1205/1461 1060/1150/1406
f 1069/1159/1415 1068/1158/1414 1120/1210/1466
f 1120/1210/1466 1121/1211/1467 1069/1159/1415
f 1066/1156/1412 1069/1159/1415 1121/1211/1467
f 1121/1211/1467 1119/1209/1465 1066/1156/1412
f 1068/1158/1414 1072/1162/1418 1122/1212/1468
f 1122/1212/1468 1120/1210/1466 1068/1158/1414
f 1075/1165/1421 1074/1164/1420 1123/1213/1469
f 1123/1213/1469 1124/1214/1470 1075/1165/1421
f 1078/1168/1424 1083/1173/1429 1125/1215/1471
f 1125/1215/1471 1126/1216/1472 1078/1168/1424
f 1087/1177/1433 1086/1176/1432 1127/1217/1473
f 1127/1217/1473 1128/1218/1474 1087/1177/1433
f 1083/1173/1429 1089/1179/1435 1129/1219/1475
f 1129/1219/1475 1125/1215/1471 1083/1173/1429
f 1089/1179/1435 1091/1181/1437 1130/1220/1476
f 1130/1220/1476 1129/1219/1475 1089/1179/1435
f 1092/1182/1438 1097/1187/1443 1131/1221/1477
f 1131/1221/1477 1132/1222/1478 1092/1182/1438
f 1101/1191/1447 1100/1190/1446 1133/1223/1479
f 1133/1223/1479 1134/1224/1480 1101/1191/1447
f 1097/1187/1443 1103/1193/1449 1135/1225/1481
f 1135/1225/1481 1131/1221/1477 1097/1187/1443
f 1086/1176/1432 1105/1195/1451 1136/1226/1482
f 1136/1226/1482 1127/1217/1473 1086/1176/1432
f 1062/1152/1408 1061/1151/1407 1116/1206/1462
f 1116/1206/1462 1117/1207/1463 1062/1152/1408
f 1072/1162/1418 1075/1165/1421 1124/1214/1470
f 1124/1214/1470 1122/1212/1468 1072/1162/1418
f 1074/1164/1420 1107/1197/1453 1137/1227/1483
f 1137/1227/1483 1123/1213/1469 1074/1164/1420
f 1107/1197/1453 1106/1196/1452 1138/1228/1484
f 1138/1228/1484 1137/1227/1483 1107/1197/1453
f 1091/1181/1437 1087/1177/1433 1128/1218/1474
f 1128/1218/1474 1130/1220/1476 1091/1181/1437
f 1105/1195/1451 1093/1183/1439 1139/1229/1485
f 1139/1229/1485 1136/1226/1482 1105/1195/1451
f 1093/1183/1439 1092/1182/1438 1132/1222/1478
f 1132/1222/1478 1139/1229/1485 1093/1183/1439
f 1103/1193/1449 1110/1200/1456 1140/1230/1486
f 1140/1230/1486 1135/1225/1481 1103/1193/1449
f 1110/1200/1456 1101/1191/1447 1134/1224/1480
f 1134/1224/1480 1140/1230/1486 1110/1200/1456
f 1100/1190/1446 1113/1203/1459 1141/1231/1487
f 1141/1231/1487 1133/1223/1479 1100/1190/1446
f 1106/1196/1452 1079/1169/1425 1142/1232/1488
f 1142/1232/1488 1138/1228/1484 1106/1196/1452
f 1079/1169/1425 1078/1168/1424 1126/1216/1472
f 1126/1216/1472 1142/1232/1488 1079/1169/1425
f 1116/1206/1462 1115/1205/1461 1143/1233/1489
f 1143/1233/1489 1144/1234/1490 1116/1206/1462
f 1118/1208/1464 1117/1207/1463 1145/1235/1491
f 1145/1235/1491 1146/1236/1492 1118/1208/1464
f 1115/1205/1461 1119/1209/1465 1147/1237/1493
f 1147/1237/1493 1143/1233/1489 1115/1205/1461
f 1121/1211/1467 1120/1210/1466 1148/1238/1494
f 1148/1238/1494 1149/1239/1495 1121/1211/1467
f 1119/1209/1465 1121/1211/1467 1149/1239/1495
f 1149/1239/1495 1147/1237/1493 1119/1209/1465
f 1120/1210/1466 1122/1212/1468 1150/1240/1496
f 1150/1240/1496 1148/1238/1494 1120/1210/1466
f 1124/1214/1470 1123/1213/1469 1151/1241/1497
f 1151/1241/1497 1152/1242/1498 1124/1214/1470
f 1126/1216/1472 1125/1215/1471 1153/1243/1499
f 1153/1243/1499 1154/1244/1500 1126/1216/1472
f 1128/1218/1474 1127/1217/1473 1155/1245/1501
f 1155/1245/1501 1156/1246/1502 1128/1218/1474
f 1125/1215/1471 1129/1219/1475 1157/1247/1503
f 1157/1247/1503 1153/1243/1499 1125/1215/1471
f 1129/1219/1475 1130/1220/1476 1158/1248/1504
f 1158/1248/1504 1157/1247/1503 1129/1219/1475
f 1132/1222/1478 1131/1221/1477 1159/1249/1505
f 1159/1249/1505 1160/1250/1506 1132/1222/1478
f 1134/1224/1480 1133/1223/1479 1161/1251/1507
f 1161/1251/1507 1162/1252/1508 1134/1224/1480
f 1131/1221/1477 1135/1225/1481 1163/1253/1509
f 1163/1253/1509 1159/1249/1505 1131/1221/1477
f 1127/1217/1473 1136/1226/1482 1164/1254/1510
f 1164/1254/1510 1155/1245/1501 1127/1217/1473
f 1117/1207/1463 1116/1206/1462 1144/1234/1490
f 1144/1234/1490 1145/1235/1491 1117/1207/1463
f 1122/1212/1468 1124/1214/1470 1152/1242/1498
f 1152/1242/1498 1150/1240/1496 1122/1212/1468
f 1123/1213/1469 1137/1227/1483 1165/1255/1511
f 1165/1255/1511 1151/1241/1497 1123/1213/1469
f 1137/1227/1483 1138/1228/1484 1166/1256/1512
f 1166/1256/1512 1165/1255/1511 1137/1227/1483
f 1130/1220/1476 1128/1218/1474 1156/1246/1502
f 1156/1246/1502 1158/1248/1504 1130/1220/1476
f 1136/1226/1482 1139/1229/1485 1167/1257/1513
f 1167/1257/1513 1164/1254/1510 1136/1226/1482
f 1139/1229/1485 1132/1222/1478 1160/1250/1506
f 1160/1250/1506 1167/1257/1513 1139/1229/1485
f 1135/1225/1481 1140/1230/1486 1168/1258/1514
f 1168/1258/1514 1163/1253/1509 1135/1225/1481
f 1140/1230/1486 1134/1224/1480 1162/1252/1508
f 1162/1252/1508 1168/1258/1514 1140/1230/1486
f 1133/1223/1479 1141/1231/1515 1169/1259/1516
f 1169/1259/1516 1161/1251/1507 1133/1223/1479
f 1138/1228/1484 1142/1232/1488 1170/1260/1517
f 1170/1260/1517 1166/1256/1512 1138/1228/1484
f 1142/1232/1488 1126/1216/1472 1154/1244/1500
f 1154/1244/1500 1170/1260/1517 1142/1232/1488
f 1059/1149/1405 1058/1148/1404 1171/1261/1518
f 1171/1261/1518 1172/1262/1519 1059/1149/1405
f 1065/1155/1411 1173/1263/1520 1174/1264/1521
f 1174/1264/1521 1175/1265/1522 1065/1155/1411
f 1067/1157/1413 1059/1149/1405 1172/1262/1519
f 1172/1262/1519 1176/1266/1523 1067/1157/1413
f 1071/1161/1417 1070/1160/1416 1177/1267/1524
f 1177/1267/1524 1178/1268/1525 1071/1161/1417
f 1070/1160/1416 1067/1157/1413 1176/1266/1523
f 1176/1266/1523 1177/1267/1524 1070/1160/1416
f 1073/1163/1419 1071/1161/1417 1178/1268/1525
f 1178/1268/1525 1179/1269/1526 1073/1163/1419
f 1077/1167/1423 1076/1166/1422 1180/1270/1527
f 1180/1270/1527 1181/1271/1528 1077/1167/1423
f 1081/1171/1427 1080/1170/1426 1182/1272/1529
f 1182/1272/1529 1183/1273/1530 1081/1171/1427
f 1085/1175/1431 1084/1174/1430 1184/1274/1531
f 1184/1274/1531 1185/1275/1532 1085/1175/1431
f 1082/1172/1428 1081/1171/1427 1183/1273/1530
f 1183/1273/1530 1186/1276/1533 1082/1172/1428
f 1088/1178/1434 1082/1172/1428 1186/1276/1533
f 1186/1276/1533 1187/1277/1534 1088/1178/1434
f 1095/1185/1441 1094/1184/1440 1188/1278/1535
f 1188/1278/1535 1189/1279/1536 1095/1185/1441
f 1099/1189/1445 1098/1188/1444 1190/1280/1537
f 1190/1280/1537 1191/1281/1538 1099/1189/1445
f 1096/1186/1442 1095/1185/1441 1189/1279/1536
f 1189/1279/1536 1192/1282/1539 1096/1186/1442
f 1109/1199/1455 1108/1198/1454 1193/1283/1540
f 1193/1283/1540 1194/1284/1541 1109/1199/1455
f 1058/1148/1404 1065/1155/1411 1175/1265/1522
f 1175/1265/1522 1171/1261/1518 1058/1148/1404
f 1076/1166/1422 1073/1163/1419 1179/1269/1526
f 1179/1269/1526 1180/1270/1527 1076/1166/1422
f 1108/1198/1454 1077/1167/1423 1181/1271/1528
f 1181/1271/1528 1193/1283/1540 1108/1198/1454
f 1090/1180/1436 1088/1178/1434 1187/1277/1534
f 1187/1277/1534 1195/1285/1542 1090/1180/1436
f 1084/1174/1430 1090/1180/1436 1195/1285/1542
f 1195/1285/1542 1184/1274/1531 1084/1174/1430
f 1104/1194/1450 1085/1175/1431 1185/1275/1532
f 1185/1275/1532 1196/1286/1543 1104/1194/1450
f 1094/1184/1440 1104/1194/1450 1196/1286/1543
f 1196/1286/1543 1188/1278/1535 1094/1184/1440
f 1111/1201/1457 1102/1192/1448 1197/1287/1544
f 1197/1287/1544 1198/1288/1545 1111/1201/1457
f 1102/1192/1448 1096/1186/1442 1192/1282/1539
f 1192/1282/1539 1197/1287/1544 1102/1192/1448
f 1098/1188/1444 1111/1201/1457 1198/1288/1545
f 1198/1288/1545 1190/1280/1537 1098/1188/1444
f 1114/1204/1460 1099/1189/1445 1191/1281/1538
f 1191/1281/1538 1199/1289/1546 1114/1204/1460
f 1080/1170/1426 1109/1199/1455 1194/1284/1541
f 1194/1284/1541 1182/1272/1529 1080/1170/1426
f 1172/1262/1519 1171/1261/1518 1200/1290/1547
f 1200/1290/1547 1201/1291/1548 1172/1262/1519
f 1175/1265/1522 1174/1264/1521 1202/1292/1549
f 1202/1292/1549 1203/1293/1550 1175/1265/1522
f 1176/1266/1523 1172/1262/1519 1201/1291/1548
f 1201/1291/1548 1204/1294/1551 1176/1266/1523
f 1178/1268/1525 1177/1267/1524 1205/1295/1552
f 1205/1295/1552 1206/1296/1553 1178/1268/1525
f 1177/1267/1524 1176/1266/1523 1204/1294/1551
f 1204/1294/1551 1205/1295/1552 1177/1267/1524
f 1179/1269/1526 1178/1268/1525 1206/1296/1553
f 1206/1296/1553 1207/1297/1554 1179/1269/1526
f 1181/1271/1528 1180/1270/1527 1208/1298/1555
f 1208/1298/1555 1209/1299/1556 1181/1271/1528
f 1183/1273/1530 1182/1272/1529 1210/1300/1557
f 1210/1300/1557 1211/1301/1558 1183/1273/1530
f 1185/1275/1532 1184/1274/1531 1212/1302/1559
f 1212/1302/1559 1213/1303/1560 1185/1275/1532
f 1186/1276/1533 1183/1273/1530 1211/1301/1558
f 1211/1301/1558 1214/1304/1561 1186/1276/1533
f 1187/1277/1534 1186/1276/1533 1214/1304/1561
f 1214/1304/1561 1215/1305/1562 1187/1277/1534
f 1189/1279/1536 1188/1278/1535 1216/1306/1563
f 1216/1306/1563 1217/1307/1564 1189/1279/1536
f 1191/1281/1538 1190/1280/1537 1218/1308/1565
f 1218/1308/1565 1219/1309/1566 1191/1281/1538
f 1192/1282/1539 1189/1279/1536 1217/1307/1564
f 1217/1307/1564 1220/1310/1567 1192/1282/1539
f 1194/1284/1541 1193/1283/1540 1221/1311/1568
f 1221/1311/1568 1222/1312/1569 1194/1284/1541
f 1171/1261/1518 1175/1265/1522 1203/1293/1550
f 1203/1293/1550 1200/1290/1547 1171/1261/1518
f 1180/1270/1527 1179/1269/1526 1207/1297/1554
f 1207/1297/1554 1208/1298/1555 1180/1270/1527
f 1193/1283/1540 1181/1271/1528 1209/1299/1556
f 1209/1299/1556 1221/1311/1568 1193/1283/1540
f 1195/1285/1542 1187/1277/1534 1215/1305/1562
f 1215/1305/1562 1223/1313/1570 1195/1285/1542
f 1184/1274/1531 1195/1285/1542 1223/1313/1570
f 1223/1313/1570 1212/1302/1559 1184/1274/1531
f 1196/1286/1543 1185/1275/1532 1213/1303/1560
f 1213/1303/1560 1224/1314/1571 1196/1286/1543
f 1188/1278/1535 1196/1286/1543 1224/1314/1571
f 1224/1314/1571 1216/1306/1563 1188/1278/1535
f 1198/1288/1545 1197/1287/1544 1225/1315/1572
f 1225/1315/1572 1226/1316/1573 1198/1288/1545
f 1197/1287/1544 1192/1282/1539 1220/1310/1567
f 1220/1310/1567 1225/1315/1572 1197/1287/1544
f 1190/1280/1537 1198/1288/1545 1226/1316/1573
f 1226/1316/1573 1218/1308/1565 1190/1280/1537
f 1199/1289/1546 1191/1281/1538 1219/1309/1566
f 1219/1309/1566 1227/1317/1574 1199/1289/1546
f 1182/1272/1529 1194/1284/1541 1222/1312/1569
f 1222/1312/1569 1210/1300/1557 1182/1272/1529
f 1063/1153/1409 1118/1208/1464 1228/1318/1575
f 1228/1318/1575 1229/1319/1576 1063/1153/1409
f 1118/1208/1464 1146/1236/1492 1230/1320/1577
f 1230/1320/1577 1228/1318/1575 1118/1208/1464
f 1174/1264/1521 1173/1263/1520 1231/1321/1578
f 1231/1321/1578 1232/1322/1579 1174/1264/1521
f 1202/1292/1549 1174/1264/1521 1232/1322/1579
f 1232/1322/1579 1233/1323/1580 1202/1292/1549
f 1233/1323/1580 1232/1322/1579 1234/1324/1581
f 1234/1324/1581 1235/1325/1582 1233/1323/1580
f 1236/1326/1583 1237/1327/1584 1235/1325/1582
f 1235/1325/1582 1234/1324/1581 1236/1326/1583
f 1238/1328/1585 1230/1320/1577 1239/1329/1586
f 1230/1320/1577 1238/1328/1585 1228/1318/1575
f 1240/1330/1587 1241/1331/1588 1242/1332/1589
f 1239/1329/1586 1242/1332/1589 1238/1328/1585
f 1242/1332/1589 1239/1329/1586 1240/1330/1587
f 1241/1331/1588 1243/1333/1590 1244/1334/1591
f 1243/1333/1590 1241/1331/1588 1240/1330/1587
f 1244/1334/1591 1245/1335/1592 1246/1336/1593
f 1245/1335/1592 1244/1334/1591 1243/1333/1590
f 1246/1336/1593 1247/1337/1594 1248/1338/1595
f 1247/1337/1594 1246/1336/1593 1245/1335/1592
f 1249/1339/1596 1250/1340/1597 1248/1338/1595
f 1248/1338/1595 1247/1337/1594 1249/1339/1596
f 1249/1339/1596 1251/1341/1598 1250/1340/1597
f 1251/1341/1598 1252/1342/1599 1253/1343/1600
f 1253/1343/1600 1250/1340/1597 1251/1341/1598
f 1254/1344/1601 1253/1343/1600 1252/1342/1599
f 1252/1342/1599 1255/1345/1602 1254/1344/1601
f 1256/1346/1603 1254/1344/1601 1255/1345/1602
f 1255/1345/1602 1257/1347/1604 1256/1346/1603
f 1257/1347/1604 1258/1348/1605 1259/1349/1606
f 1259/1349/1606 1256/1346/1603 1257/1347/1604
f 1260/1350/1607 1261/1351/1608 1259/1349/1606
f 1259/1349/1606 1258/1348/1605 1260/1350/1607
f 1262/1352/1609 1263/1353/1610 1261/1351/1608
f 1261/1351/1608 1260/1350/1607 1262/1352/1609
f 1264/1354/1611 1265/1355/1612 1263/1353/1610
f 1263/1353/1610 1262/1352/1609 1264/1354/1611
f 1266/1356/1613 1267/1357/1614 1265/1355/1612
f 1265/1355/1612 1264/1354/1611 1266/1356/1613
f 1268/1358/1615 1269/1359/1616 1267/1357/1614
f 1267/1357/1614 1266/1356/1613 1268/1358/1615
f 1270/1360/1617 1271/1361/1618 1269/1359/1616
f 1269/1359/1616 1268/1358/1615 1270/1360/1617
f 1272/1362/1619 1273/1363/1620 1271/1361/1618
f 1271/1361/1618 1270/1360/1617 1272/1362/1619
f 1274/1364/1621 1275/1365/1622 1237/1327/1584
f 1237/1327/1584 1276/1366/1623 1274/1364/1621
f 1273/1363/1620 1272/1362/1619 1275/1365/1622
f 1275/1365/1622 1274/1364/1621 1273/1363/1620
f 1234/1324/1581 1232/1322/1579 1231/1321/1578
f 1231/1321/1578 1277/1367/1624 1234/1324/1581
f 1278/1368/1625 1279/1369/1626 1276/1366/1623
f 1276/1366/1623 1236/1326/1583 1278/1368/1625
f 1277/1367/1624 1278/1368/1625 1236/1326/1583
f 1236/1326/1583 1234/1324/1581 1277/1367/1624
f 1228/1318/1575 1238/1328/1585 1280/1370/1627
f 1280/1370/1627 1229/1319/1576 1228/1318/1575
f 1281/1371/1628 1280/1370/1627 1238/1328/1585
f 1238/1328/1585 1242/1332/1589 1281/1371/1628
f 1282/1372/1629 1281/1371/1628 1242/1332/1589
f 1242/1332/1589 1241/1331/1588 1282/1372/1629
f 1241/1331/1588 1244/1334/1591 1283/1373/1630
f 1283/1373/1630 1282/1372/1629 1241/1331/1588
f 1244/1334/1591 1246/1336/1593 1284/1374/1631
f 1284/1374/1631 1283/1373/1630 1244/1334/1591
f 1246/1336/1593 1248/1338/1595 1285/1375/1632
f 1285/1375/1632 1284/1374/1631 1246/1336/1593
f 1248/1338/1595 1250/1340/1633 1286/1376/1634
f 1286/1376/1634 1285/1375/1632 1248/1338/1595
f 1250/1340/1633 1253/1343/1600 1287/1377/1635
f 1287/1377/1635 1286/1376/1634 1250/1340/1633
f 1253/1343/1600 1254/1344/1601 1288/1378/1636
f 1288/1378/1636 1287/1377/1635 1253/1343/1600
f 1254/1344/1601 1256/1346/1603 1289/1379/1637
f 1289/1379/1637 1288/1378/1636 1254/1344/1601
f 1256/1346/1603 1259/1349/1606 1290/1380/1638
f 1290/1380/1638 1289/1379/1637 1256/1346/1603
f 1259/1349/1606 1261/1351/1639 1291/1381/1640
f 1291/1381/1640 1290/1380/1638 1259/1349/1606
f 1261/1351/1639 1263/1353/1641 1292/1382/1642
f 1292/1382/1642 1291/1381/1640 1261/1351/1639
f 1263/1353/1641 1265/1355/1643 1293/1383/1644
f 1293/1383/1644 1292/1382/1642 1263/1353/1641
f 1265/1355/1643 1267/1357/1645 1294/1384/1646
f 1294/1384/1646 1293/1383/1644 1265/1355/1643
f 1267/1357/1645 1269/1359/1647 1295/1385/1648
f 1295/1385/1648 1294/1384/1646 1267/1357/1645
f 1269/1359/1647 1271/1361/1649 1296/1386/1650
f 1296/1386/1650 1295/1385/1648 1269/1359/1647
f 1274/1364/1651 1276/1366/1623 1279/1369/1626
f 1279/1369/1626 1297/1387/1652 1274/1364/1651
f 1273/1363/1653 1274/1364/1651 1297/1387/1652
f 1297/1387/1652 1298/1388/1654 1273/1363/1653
f 1271/1361/1649 1273/1363/1653 1298/1388/1654
f 1298/1388/1654 1296/1386/1650 1271/1361/1649
f 1299/1389/1655 1283/1373/1630 1300/1390/1656
f 1301/1391/1657 1283/1373/1630 1284/1374/1631
f 1301/1391/1657 1285/1375/1632 1286/1376/1634
f 1287/1377/1635 1301/1391/1657 1286/1376/1634
f 1301/1391/1657 1287/1377/1635 1288/1378/1636
f 1301/1391/1657 1288/1378/1636 1289/1379/1637
f 1301/1391/1657 1289/1379/1637 1290/1380/1638
f 1301/1391/1657 1290/1380/1638 1291/1381/1640
f 1293/1383/1644 1301/1391/1657 1292/1382/1642
f 1294/1384/1646 1301/1391/1657 1293/1383/1644
f 1295/1385/1648 1301/1391/1657 1294/1384/1646
f 1296/1386/1650 1301/1391/1657 1295/1385/1648
f 1298/1388/1654 1301/1391/1657 1296/1386/1650
f 1297/1387/1652 1301/1391/1657 1298/1388/1654
f 1301/1391/1657 1300/1390/1656 1283/1373/1630
f 1301/1391/1657 1297/1387/1652 1302/1392/1658
f 1292/1382/1642 1301/1391/1657 1291/1381/1640
f 1301/1391/1657 1284/1374/1631 1285/1375/1632
f 1303/1393/1659 1304/1394/1660 1278/1368/1625
f 1302/1392/1658 1297/1387/1652 1305/1395/1661
f 1306/1396/1662 1282/1372/1663 1283/1373/1630
f 1283/1373/1630 1299/1389/1655 1306/1396/1662
f 1307/1397/1664 1282/1372/1663 1306/1396/1662
f 1308/1398/1665 1280/1370/1627 1307/1397/1664
f 1309/1399/1666 1277/1367/1624 1231/1321/1578
f 1302/1392/1658 1310/1400/1667 1301/1391/1657
f 1310/1400/1667 1300/1390/1656 1301/1391/1657
f 1281/1371/1628 1282/1372/1663 1307/1397/1664
f 1278/1368/1625 1277/1367/1624 1303/1393/1659
f 1304/1394/1660 1305/1395/1661 1297/1387/1652
f 1063/1153/1409 1229/1319/1576 1311/1401/1668
f 1312/1402/1669 1313/1403/1670 1173/1263/1520
f 1308/1398/1665 1229/1319/1576 1280/1370/1627
f 1280/1370/1627 1281/1371/1628 1307/1397/1664
f 1279/1369/1626 1278/1368/1625 1304/1394/1660
f 1237/1327/1584 1236/1326/1583 1276/1366/1623
f 1314/1404/1671 1315/1405/1672 1231/1321/1578
f 1173/1263/1520 1314/1404/1671 1231/1321/1578
f 1316/1406/1673 1311/1401/1668 1229/1319/1576
f 1229/1319/1576 1308/1398/1665 1316/1406/1673
f 1309/1399/1666 1303/1393/1659 1277/1367/1624
f 1311/1401/1668 1317/1407/1674 1063/1153/1409
f 1173/1263/1520 1313/1403/1670 1314/1404/1671
f 1315/1405/1672 1309/1399/1666 1231/1321/1578
f 1063/1153/1409 1312/1402/1669 1064/1154/1410
f 1317/1407/1674 1312/1402/1669 1063/1153/1409
f 1279/1369/1626 1304/1394/1660 1297/1387/1652
f 1318/1408/1675 1319/1409/1676 1304/1394/1677
f 1304/1394/1677 1303/1393/1678 1318/1408/1675
f 1320/1410/1679 1321/1411/1680 1302/1392/1681
f 1302/1392/1681 1305/1395/1682 1320/1410/1679
f 1322/1412/1683 1323/1413/1684 1306/1396/1685
f 1306/1396/1685 1299/1389/1686 1322/1412/1683
f 1307/1397/1687 1306/1396/1685 1323/1413/1684
f 1323/1413/1684 1324/1414/1688 1307/1397/1687
f 1324/1414/1688 1325/1415/1689 1308/1398/1690
f 1308/1398/1690 1307/1397/1687 1324/1414/1688
f 1310/1400/1691 1302/1392/1681 1321/1411/1680
f 1321/1411/1680 1326/1416/1692 1310/1400/1691
f 1326/1416/1692 1327/1417/1693 1300/1390/1694
f 1300/1390/1694 1310/1400/1691 1326/1416/1692
f 1319/1409/1676 1320/1410/1679 1305/1395/1682
f 1305/1395/1682 1304/1394/1677 1319/1409/1676
f 1328/1418/1695 1329/1419/1696 1315/1405/1697
f 1315/1405/1697 1314/1404/1698 1328/1418/1695
f 1330/1420/1699 1328/1418/1695 1314/1404/1698
f 1314/1404/1698 1313/1403/1700 1330/1420/1699
f 1331/1421/1701 1332/1422/1702 1311/1401/1703
f 1311/1401/1703 1316/1406/1704 1331/1421/1701
f 1325/1415/1689 1331/1421/1701 1316/1406/1704
f 1316/1406/1704 1308/1398/1690 1325/1415/1689
f 1333/1423/1705 1318/1408/1675 1303/1393/1678
f 1303/1393/1678 1309/1399/1706 1333/1423/1705
f 1332/1422/1702 1334/1424/1707 1317/1407/1708
f 1317/1407/1708 1311/1401/1703 1332/1422/1702
f 1335/1425/1709 1330/1420/1699 1313/1403/1700
f 1313/1403/1700 1312/1402/1710 1335/1425/1709
f 1329/1419/1696 1333/1423/1705 1309/1399/1706
f 1309/1399/1706 1315/1405/1697 1329/1419/1696
f 1334/1424/1707 1335/1425/1709 1312/1402/1710
f 1312/1402/1710 1317/1407/1708 1334/1424/1707
f 1327/1417/1693 1322/1412/1683 1299/1389/1686
f 1299/1389/1686 1300/1390/1694 1327/1417/1693
f 1319/1409/1711 1318/1408/1712 1336/1426/1713
f 1336/1426/1713 1337/1427/1714 1319/1409/1711
f 1338/1428/1715 1336/1426/1713 1318/1408/1712
f 1339/1429/1716 1320/1410/1717 1340/1430/1718
f 1320/1410/1717 1339/1429/1716 1321/1411/1719
f 1341/1431/1720 1322/1412/1721 1342/1432/1722
f 1322/1412/1721 1341/1431/1720 1323/1413/1723
f 1343/1433/1724 1323/1413/1723 1341/1431/1720
f 1325/1415/1722 1324/1414/1725 1344/1434/1722
f 1339/1429/1716 1345/1435/1726 1326/1416/1727
f 1346/1436/1728 1326/1416/1727 1345/1435/1726
f 1326/1416/1727 1346/1436/1728 1327/1417/1729
f 1343/1433/1724 1344/1434/1722 1324/1414/1725
f 1340/1430/1718 1319/1409/1711 1337/1427/1714
f 1319/1409/1711 1340/1430/1718 1320/1410/1717
f 1347/1437/1730 1328/1418/1731 1348/1438/1732
f 1328/1418/1731 1347/1437/1730 1329/1419/1733
f 1348/1438/1732 1330/1420/1734 1349/1439/1735
f 1330/1420/1734 1348/1438/1732 1328/1418/1731
f 1332/1422/1722 1331/1421/1732 1350/1440/1732
f 1350/1440/1732 1351/1441/1713 1332/1422/1722
f 1331/1421/1732 1325/1415/1722 1344/1434/1722
f 1344/1434/1722 1350/1440/1732 1331/1421/1732
f 1333/1423/1736 1338/1428/1715 1318/1408/1712
f 1334/1424/1737 1332/1422/1722 1351/1441/1713
f 1351/1441/1713 1352/1442/1738 1334/1424/1737
f 1330/1420/1734 1335/1425/1739 1349/1439/1735
f 1338/1428/1715 1329/1419/1733 1347/1437/1730
f 1329/1419/1733 1338/1428/1715 1333/1423/1736
f 1335/1425/1739 1334/1424/1737 1352/1442/1738
f 1352/1442/1738 1349/1439/1735 1335/1425/1739
f 1342/1432/1722 1327/1417/1729 1346/1436/1728
f 1327/1417/1729 1342/1432/1722 1322/1412/1721
f 1064/1154/1410 1312/1402/1669 1173/1263/1520
f 1065/1155/1411 1064/1154/1410 1173/1263/1520
f 1323/1413/1723 1343/1433/1724 1324/1414/1725
f 1326/1416/1727 1321/1411/1719 1339/1429/1716
f 1353/1443/1740 1354/1444/1741 1144/1234/1490
f 1144/1234/1490 1143/1233/1489 1353/1443/1740
f 1355/1445/1742 1356/1446/1743 1146/1236/1492
f 1146/1236/1492 1145/1235/1491 1355/1445/1742
f 1357/1447/1744 1353/1443/1740 1143/1233/1489
f 1143/1233/1489 1147/1237/1493 1357/1447/1744
f 1358/1448/1745 1359/1449/1746 1149/1239/1495
f 1149/1239/1495 1148/1238/1494 1358/1448/1745
f 1359/1449/1746 1357/1447/1744 1147/1237/1493
f 1147/1237/1493 1149/1239/1495 1359/1449/1746
f 1360/1450/1747 1358/1448/1745 1148/1238/1494
f 1148/1238/1494 1150/1240/1496 1360/1450/1747
f 1361/1451/1748 1362/1452/1749 1152/1242/1498
f 1152/1242/1498 1151/1241/1497 1361/1451/1748
f 1363/1453/1750 1364/1454/1751 1154/1244/1500
f 1154/1244/1500 1153/1243/1499 1363/1453/1750
f 1365/1455/1752 1366/1456/1753 1156/1246/1502
f 1156/1246/1502 1155/1245/1501 1365/1455/1752
f 1367/1457/1754 1363/1453/1750 1153/1243/1499
f 1153/1243/1499 1157/1247/1503 1367/1457/1754
f 1368/1458/1755 1367/1457/1754 1157/1247/1503
f 1157/1247/1503 1158/1248/1504 1368/1458/1755
f 1369/1459/1756 1370/1460/1757 1160/1250/1506
f 1160/1250/1506 1159/1249/1505 1369/1459/1756
f 1371/1461/1758 1372/1462/1759 1162/1252/1508
f 1162/1252/1508 1161/1251/1507 1371/1461/1758
f 1373/1463/1760 1369/1459/1756 1159/1249/1505
f 1159/1249/1505 1163/1253/1509 1373/1463/1760
f 1374/1464/1761 1365/1455/1752 1155/1245/1501
f 1155/1245/1501 1164/1254/1510 1374/1464/1761
f 1354/1444/1741 1355/1445/1742 1145/1235/1491
f 1145/1235/1491 1144/1234/1490 1354/1444/1741
f 1362/1452/1749 1360/1450/1747 1150/1240/1496
f 1150/1240/1496 1152/1242/1498 1362/1452/1749
f 1375/1465/1762 1361/1451/1748 1151/1241/1497
f 1151/1241/1497 1165/1255/1511 1375/1465/1762
f 1376/1466/1763 1375/1465/1762 1165/1255/1511
f 1165/1255/1511 1166/1256/1512 1376/1466/1763
f 1366/1456/1753 1368/1458/1755 1158/1248/1504
f 1158/1248/1504 1156/1246/1502 1366/1456/1753
f 1377/1467/1764 1374/1464/1761 1164/1254/1510
f 1164/1254/1510 1167/1257/1513 1377/1467/1764
f 1370/1460/1757 1377/1467/1764 1167/1257/1513
f 1167/1257/1513 1160/1250/1506 1370/1460/1757
f 1378/1468/1765 1373/1463/1760 1163/1253/1509
f 1163/1253/1509 1168/1258/1514 1378/1468/1765
f 1372/1462/1759 1378/1468/1765 1168/1258/1514
f 1168/1258/1514 1162/1252/1508 1372/1462/1759
f 1379/1469/1766 1371/1461/1758 1161/1251/1507
f 1161/1251/1507 1169/1259/1516 1379/1469/1766
f 1380/1470/1767 1376/1466/1763 1166/1256/1512
f 1166/1256/1512 1170/1260/1517 1380/1470/1767
f 1364/1454/1751 1380/1470/1767 1170/1260/1517
f 1170/1260/1517 1154/1244/1500 1364/1454/1751
f 1381/1471/1768 1382/1472/1769 1201/1291/1548
f 1201/1291/1548 1200/1290/1547 1381/1471/1768
f 1383/1473/1770 1384/1474/1771 1203/1293/1550
f 1203/1293/1550 1202/1292/1549 1383/1473/1770
f 1382/1472/1769 1385/1475/1772 1204/1294/1551
f 1204/1294/1551 1201/1291/1548 1382/1472/1769
f 1386/1476/1773 1387/1477/1774 1206/1296/1553
f 1206/1296/1553 1205/1295/1552 1386/1476/1773
f 1385/1475/1772 1386/1476/1773 1205/1295/1552
f 1205/1295/1552 1204/1294/1551 1385/1475/1772
f 1387/1477/1774 1388/1478/1775 1207/1297/1554
f 1207/1297/1554 1206/1296/1553 1387/1477/1774
f 1389/1479/1776 1390/1480/1777 1209/1299/1556
f 1209/1299/1556 1208/1298/1555 1389/1479/1776
f 1391/1481/1778 1392/1482/1779 1211/1301/1558
f 1211/1301/1558 1210/1300/1557 1391/1481/1778
f 1393/1483/1780 1394/1484/1781 1213/1303/1560
f 1213/1303/1560 1212/1302/1559 1393/1483/1780
f 1392/1482/1779 1395/1485/1782 1214/1304/1561
f 1214/1304/1561 1211/1301/1558 1392/1482/1779
f 1395/1485/1782 1396/1486/1783 1215/1305/1562
f 1215/1305/1562 1214/1304/1561 1395/1485/1782
f 1397/1487/1784 1398/1488/1785 1217/1307/1564
f 1217/1307/1564 1216/1306/1563 1397/1487/1784
f 1399/1489/1786 1400/1490/1787 1219/1309/1566
f 1219/1309/1566 1218/1308/1565 1399/1489/1786
f 1398/1488/1785 1401/1491/1788 1220/1310/1567
f 1220/1310/1567 1217/1307/1564 1398/1488/1785
f 1402/1492/1789 1403/1493/1790 1222/1312/1569
f 1222/1312/1569 1221/1311/1568 1402/1492/1789
f 1384/1474/1771 1381/1471/1768 1200/1290/1547
f 1200/1290/1547 1203/1293/1550 1384/1474/1771
f 1388/1478/1775 1389/1479/1776 1208/1298/1555
f 1208/1298/1555 1207/1297/1554 1388/1478/1775
f 1390/1480/1777 1402/1492/1789 1221/1311/1568
f 1221/1311/1568 1209/1299/1556 1390/1480/1777
f 1396/1486/1783 1404/1494/1791 1223/1313/1570
f 1223/1313/1570 1215/1305/1562 1396/1486/1783
f 1404/1494/1791 1393/1483/1780 1212/1302/1559
f 1212/1302/1559 1223/1313/1570 1404/1494/1791
f 1394/1484/1781 1405/1495/1792 1224/1314/1571
f 1224/1314/1571 1213/1303/1560 1394/1484/1781
f 1405/1495/1792 1397/1487/1784 1216/1306/1563
f 1216/1306/1563 1224/1314/1571 1405/1495/1792
f 1406/1496/1793 1407/1497/1794 1226/1316/1573
f 1226/1316/1573 1225/1315/1572 1406/1496/1793
f 1401/1491/1788 1406/1496/1793 1225/1315/1572
f 1225/1315/1572 1220/1310/1567 1401/1491/1788
f 1407/1497/1794 1399/1489/1786 1218/1308/1565
f 1218/1308/1565 1226/1316/1573 1407/1497/1794
f 1400/1490/1787 1408/1498/1795 1227/1317/1574
f 1227/1317/1574 1219/1309/1566 1400/1490/1787
f 1403/1493/1790 1391/1481/1778 1210/1300/1557
f 1210/1300/1557 1222/1312/1569 1403/1493/1790
f 1356/1446/1743 1409/1499/1796 1230/1320/1577
f 1230/1320/1577 1146/1236/1492 1356/1446/1743
f 1410/1500/1797 1383/1473/1770 1202/1292/1549
f 1202/1292/1549 1233/1323/1580 1410/1500/1797
f 1411/1501/1798 1410/1500/1797 1233/1323/1580
f 1233/1323/1580 1235/1325/1582 1411/1501/1798
f 1412/1502/1799 1411/1501/1798 1235/1325/1582
f 1235/1325/1582 1237/1327/1584 1412/1502/1799
f 1409/1499/1796 1413/1503/1800 1239/1329/1586
f 1239/1329/1586 1230/1320/1577 1409/1499/1796
f 1413/1503/1800 1414/1504/1801 1240/1330/1587
f 1240/1330/1587 1239/1329/1586 1413/1503/1800
f 1414/1504/1801 1415/1505/1802 1243/1333/1590
f 1243/1333/1590 1240/1330/1587 1414/1504/1801
f 1415/1505/1802 1416/1506/1803 1245/1335/1592
f 1245/1335/1592 1243/1333/1590 1415/1505/1802
f 1416/1506/1803 1417/1507/1804 1247/1337/1594
f 1247/1337/1594 1245/1335/1592 1416/1506/1803
f 1417/1507/1804 1418/1508/1805 1249/1339/1596
f 1249/1339/1596 1247/1337/1594 1417/1507/1804
f 1418/1508/1805 1419/1509/1806 1251/1341/1598
f 1251/1341/1598 1249/1339/1596 1418/1508/1805
f 1419/1509/1806 1420/1510/1807 1252/1342/1808
f 1252/1342/1808 1251/1341/1598 1419/1509/1806
f 1420/1510/1807 1421/1511/1809 1255/1345/1602
f 1255/1345/1602 1252/1342/1808 1420/1510/1807
f 1421/1511/1809 1422/1512/1810 1257/1347/1604
f 1257/1347/1604 1255/1345/1602 1421/1511/1809
f 1422/1512/1810 1423/1513/1811 1258/1348/1605
f 1258/1348/1605 1257/1347/1604 1422/1512/1810
f 1423/1513/1811 1424/1514/1812 1260/1350/1813
f 1260/1350/1813 1258/1348/1605 1423/1513/1811
f 1424/1514/1812 1425/1515/1814 1262/1352/1815
f 1262/1352/1815 1260/1350/1813 1424/1514/1812
f 1425/1515/1814 1426/1516/1816 1264/1354/1817
f 1264/1354/1817 1262/1352/1815 1425/1515/1814
f 1426/1516/1816 1427/1517/1818 1266/1356/1819
f 1266/1356/1819 1264/1354/1817 1426/1516/1816
f 1427/1517/1818 1428/1518/1820 1268/1358/1821
f 1268/1358/1821 1266/1356/1819 1427/1517/1818
f 1428/1518/1820 1429/1519/1822 1270/1360/1823
f 1270/1360/1823 1268/1358/1821 1428/1518/1820
f 1429/1519/1822 1430/1520/1824 1272/1362/1825
f 1272/1362/1825 1270/1360/1823 1429/1519/1822
f 1431/1521/1826 1412/1502/1799 1237/1327/1584
f 1237/1327/1584 1275/1365/1827 1431/1521/1826
f 1430/1520/1824 1431/1521/1826 1275/1365/1827
f 1275/1365/1827 1272/1362/1825 1430/1520/1824
f 1432/1522/1828 1433/1523/1829 1199/1289/1546
f 1199/1289/1546 1227/1317/1574 1432/1522/1828
f 1434/1524/1830 1435/1525/1831 1433/1523/1829
f 1433/1523/1829 1432/1522/1828 1434/1524/1830
f 1436/1526/1832 1437/1527/1833 1435/1525/1831
f 1435/1525/1831 1434/1524/1830 1436/1526/1832
f 1438/1528/1834 1439/1529/1835 1440/1530/1836
f 1437/1527/1833 1436/1526/1832 1438/1528/1834
f 1438/1528/1834 1440/1530/1836 1437/1527/1833
f 1441/1531/1837 1440/1530/1836 1439/1529/1835
f 1439/1529/1835 1442/1532/1838 1441/1531/1837
f 1441/1531/1837 1442/1532/1838 1443/1533/1839
f 1443/1533/1839 1444/1534/1840 1441/1531/1837
f 1445/1535/1841 1444/1534/1840 1443/1533/1839
f 1443/1533/1839 1446/1536/1842 1445/1535/1841
f 1446/1536/1842 1447/1537/1843 1448/1538/1844
f 1448/1538/1844 1445/1535/1841 1446/1536/1842
f 1449/1539/1845 1447/1537/1843 1450/1540/1846
f 1447/1537/1843 1449/1539/1845 1448/1538/1844
f 1450/1540/1846 1451/1541/1847 1449/1539/1845
f 1452/1542/1848 1453/1543/1849 1451/1541/1847
f 1451/1541/1847 1450/1540/1846 1452/1542/1848
f 1454/1544/1850 1455/1545/1851 1453/1543/1849
f 1453/1543/1849 1452/1542/1848 1454/1544/1850
f 1456/1546/1852 1457/1547/1853 1455/1545/1851
f 1455/1545/1851 1454/1544/1850 1456/1546/1852
f 1458/1548/1854 1459/1549/1855 1457/1547/1853
f 1457/1547/1853 1456/1546/1852 1458/1548/1854
f 1460/1550/1856 1461/1551/1857 1459/1549/1855
f 1459/1549/1855 1458/1548/1854 1460/1550/1856
f 1461/1551/1857 1460/1550/1856 1169/1259/1516
f 1169/1259/1516 1141/1231/1515 1461/1551/1857
f 1462/1552/1858 1114/1204/1460 1199/1289/1546
f 1199/1289/1546 1433/1523/1859 1462/1552/1858
f 1463/1553/1860 1462/1552/1858 1433/1523/1859
f 1433/1523/1859 1435/1525/1861 1463/1553/1860
f 1464/1554/1862 1463/1553/1860 1435/1525/1861
f 1435/1525/1861 1437/1527/1833 1464/1554/1862
f 1465/1555/1863 1464/1554/1862 1437/1527/1833
f 1437/1527/1833 1440/1530/1836 1465/1555/1863
f 1465/1555/1863 1440/1530/1836 1441/1531/1864
f 1441/1531/1864 1466/1556/1865 1465/1555/1863
f 1466/1556/1865 1441/1531/1864 1444/1534/1840
f 1444/1534/1840 1467/1557/1866 1466/1556/1865
f 1467/1557/1866 1444/1534/1840 1445/1535/1841
f 1445/1535/1841 1468/1558/1867 1467/1557/1866
f 1469/1559/1868 1468/1558/1867 1445/1535/1841
f 1445/1535/1841 1448/1538/1844 1469/1559/1868
f 1470/1560/1869 1469/1559/1868 1448/1538/1844
f 1448/1538/1844 1449/1539/1845 1470/1560/1869
f 1471/1561/1870 1470/1560/1869 1449/1539/1845
f 1449/1539/1845 1451/1541/1847 1471/1561/1870
f 1472/1562/1871 1471/1561/1870 1451/1541/1847
f 1451/1541/1847 1453/1543/1872 1472/1562/1871
f 1473/1563/1873 1472/1562/1871 1453/1543/1872
f 1453/1543/1872 1455/1545/1874 1473/1563/1873
f 1474/1564/1875 1473/1563/1873 1455/1545/1874
f 1455/1545/1874 1457/1547/1876 1474/1564/1875
f 1475/1565/1877 1474/1564/1875 1457/1547/1876
f 1457/1547/1876 1459/1549/1878 1475/1565/1877
f 1476/1566/1879 1475/1565/1877 1459/1549/1878
f 1459/1549/1878 1461/1551/1880 1476/1566/1879
f 1113/1203/1459 1476/1566/1879 1461/1551/1880
f 1461/1551/1880 1141/1231/1487 1113/1203/1459
f 1112/1202/1458 1463/1553/1860 1464/1554/1862
f 1464/1554/1862 1465/1555/1863 1112/1202/1458
f 1462/1552/1858 1463/1553/1860 1112/1202/1458
f 1462/1552/1858 1112/1202/1458 1114/1204/1460
f 1112/1202/1458 1475/1565/1877 1476/1566/1879
f 1476/1566/1879 1113/1203/1459 1112/1202/1458
f 1474/1564/1875 1475/1565/1877 1112/1202/1458
f 1112/1202/1458 1465/1555/1863 1466/1556/1865
f 1112/1202/1458 1466/1556/1865 1467/1557/1866
f 1112/1202/1458 1467/1557/1866 1468/1558/1867
f 1112/1202/1458 1468/1558/1867 1469/1559/1868
f 1112/1202/1458 1469/1559/1868 1470/1560/1869
f 1112/1202/1458 1471/1561/1870 1472/1562/1871
f 1112/1202/1458 1470/1560/1869 1471/1561/1870
f 1112/1202/1458 1472/1562/1871 1473/1563/1873
f 1474/1564/1875 1112/1202/1458 1473/1563/1873
f 1408/1498/1795 1477/1567/1881 1432/1522/1882
f 1432/1522/1882 1227/1317/1574 1408/1498/1795
f 1477/1567/1881 1478/1568/1883 1434/1524/1884
f 1434/1524/1884 1432/1522/1882 1477/1567/1881
f 1478/1568/1883 1479/1569/1885 1436/1526/1832
f 1436/1526/1832 1434/1524/1884 1478/1568/1883
f 1479/1569/1885 1480/1570/1886 1438/1528/1834
f 1438/1528/1834 1436/1526/1832 1479/1569/1885
f 1480/1570/1886 1481/1571/1887 1439/1529/1835
f 1439/1529/1835 1438/1528/1834 1480/1570/1886
f 1481/1571/1887 1482/1572/1888 1442/1532/1838
f 1442/1532/1838 1439/1529/1835 1481/1571/1887
f 1482/1572/1888 1483/1573/1889 1443/1533/1839
f 1443/1533/1839 1442/1532/1838 1482/1572/1888
f 1483/1573/1889 1484/1574/1890 1446/1536/1842
f 1446/1536/1842 1443/1533/1839 1483/1573/1889
f 1484/1574/1890 1485/1575/1891 1447/1537/1843
f 1447/1537/1843 1446/1536/1842 1484/1574/1890
f 1485/1575/1891 1486/1576/1892 1450/1540/1846
f 1450/1540/1846 1447/1537/1843 1485/1575/1891
f 1486/1576/1892 1487/1577/1893 1452/1542/1848
f 1452/1542/1848 1450/1540/1846 1486/1576/1892
f 1487/1577/1893 1488/1578/1894 1454/1544/1895
f 1454/1544/1895 1452/1542/1848 1487/1577/1893
f 1488/1578/1894 1489/1579/1896 1456/1546/1897
f 1456/1546/1897 1454/1544/1895 1488/1578/1894
f 1489/1579/1896 1490/1580/1898 1458/1548/1899
f 1458/1548/1899 1456/1546/1897 1489/1579/1896
f 1490/1580/1898 1491/1581/1900 1460/1550/1901
f 1460/1550/1901 1458/1548/1899 1490/1580/1898
f 1491/1581/1900 1379/1469/1766 1169/1259/1516
f 1169/1259/1516 1460/1550/1901 1491/1581/1900
f 1492/1582/1902 1493/1583/1903 1337/1427/1904
f 1337/1427/1904 1336/1426/1905 1492/1582/1902
f 1494/1584/1906 1492/1582/1902 1336/1426/1905
f 1336/1426/1905 1338/1428/1907 1494/1584/1906
f 1495/1585/1908 1496/1586/1909 1339/1429/1910
f 1339/1429/1910 1340/1430/1911 1495/1585/1908
f 1497/1587/1912 1498/1588/1913 1341/1431/1914
f 1341/1431/1914 1342/1432/1915 1497/1587/1912
f 1498/1588/1913 1499/1589/1916 1343/1433/1917
f 1343/1433/1917 1341/1431/1914 1498/1588/1913
f 1496/1586/1909 1500/1590/1918 1345/1435/1919
f 1345/1435/1919 1339/1429/1910 1496/1586/1909
f 1500/1590/1918 1501/1591/1920 1346/1436/1921
f 1346/1436/1921 1345/1435/1919 1500/1590/1918
f 1499/1589/1916 1502/1592/1922 1344/1434/1923
f 1344/1434/1923 1343/1433/1917 1499/1589/1916
f 1493/1583/1903 1495/1585/1908 1340/1430/1911
f 1340/1430/1911 1337/1427/1904 1493/1583/1903
f 1503/1593/1924 1504/1594/1925 1347/1437/1926
f 1347/1437/1926 1348/1438/1927 1503/1593/1924
f 1505/1595/1928 1503/1593/1924 1348/1438/1927
f 1348/1438/1927 1349/1439/1929 1505/1595/1928
f 1506/1596/1930 1507/1597/1931 1351/1441/1932
f 1351/1441/1932 1350/1440/1933 1506/1596/1930
f 1502/1592/1922 1506/1596/1930 1350/1440/1933
f 1350/1440/1933 1344/1434/1923 1502/1592/1922
f 1507/1597/1931 1508/1598/1934 1352/1442/1935
f 1352/1442/1935 1351/1441/1932 1507/1597/1931
f 1504/1594/1925 1494/1584/1906 1338/1428/1907
f 1338/1428/1907 1347/1437/1926 1504/1594/1925
f 1508/1598/1934 1505/1595/1928 1349/1439/1929
f 1349/1439/1929 1352/1442/1935 1508/1598/1934
f 1501/1591/1920 1497/1587/1912 1342/1432/1915
f 1342/1432/1915 1346/1436/1921 1501/1591/1920
f 1509/1599/1936 1510/1600/1937 1511/1601/1938
f 1511/1601/1938 1512/1602/1939 1509/1599/1936
f 1513/1603/1940 1514/1604/1941 1515/1605/1942
f 1515/1605/1942 1516/1606/1943 1513/1603/1940
f 1512/1602/1939 1511/1601/1938 1517/1607/1944
f 1517/1607/1944 1518/1608/1945 1512/1602/1939
f 1519/1609/1946 1520/1610/1947 1521/1611/1948
f 1521/1611/1948 1522/1612/1949 1519/1609/1946
f 1518/1608/1945 1517/1607/1944 1520/1610/1947
f 1520/1610/1947 1519/1609/1946 1518/1608/1945
f 1522/1612/1949 1521/1611/1948 1523/1613/1950
f 1523/1613/1950 1524/1614/1951 1522/1612/1949
f 1525/1615/1952 1526/1616/1953 1527/1617/1954
f 1527/1617/1954 1528/1618/1955 1525/1615/1952
f 1529/1619/1956 1530/1620/1957 1531/1621/1958
f 1531/1621/1958 1532/1622/1959 1529/1619/1956
f 1533/1623/1960 1534/1624/1961 1535/1625/1962
f 1535/1625/1962 1536/1626/1963 1533/1623/1960
f 1532/1622/1959 1531/1621/1958 1537/1627/1964
f 1537/1627/1964 1538/1628/1965 1532/1622/1959
f 1538/1628/1965 1537/1627/1964 1539/1629/1966
f 1539/1629/1966 1540/1630/1967 1538/1628/1965
f 1541/1631/1968 1542/1632/1969 1543/1633/1970
f 1543/1633/1970 1544/1634/1971 1541/1631/1968
f 1545/1635/1972 1546/1636/1973 1547/1637/1974
f 1547/1637/1974 1548/1638/1975 1545/1635/1972
f 1544/1634/1971 1543/1633/1970 1549/1639/1976
f 1549/1639/1976 1550/1640/1977 1544/1634/1971
f 1536/1626/1963 1535/1625/1962 1551/1641/1978
f 1551/1641/1978 1552/1642/1979 1536/1626/1963
f 1516/1606/1943 1515/1605/1942 1510/1600/1937
f 1510/1600/1937 1509/1599/1936 1516/1606/1943
f 1524/1614/1951 1523/1613/1950 1526/1616/1953
f 1526/1616/1953 1525/1615/1952 1524/1614/1951
f 1528/1618/1955 1527/1617/1954 1553/1643/1980
f 1553/1643/1980 1554/1644/1981 1528/1618/1955
f 1554/1644/1981 1553/1643/1980 1555/1645/1982
f 1555/1645/1982 1556/1646/1983 1554/1644/1981
f 1540/1630/1967 1539/1629/1966 1534/1624/1961
f 1534/1624/1961 1533/1623/1960 1540/1630/1967
f 1552/1642/1979 1551/1641/1978 1557/1647/1984
f 1557/1647/1984 1558/1648/1985 1552/1642/1979
f 1558/1648/1985 1557/1647/1984 1542/1632/1969
f 1542/1632/1969 1541/1631/1968 1558/1648/1985
f 1550/1640/1977 1549/1639/1976 1559/1649/1986
f 1559/1649/1986 1560/1650/1987 1550/1640/1977
f 1560/1650/1987 1559/1649/1986 1546/1636/1973
f 1546/1636/1973 1545/1635/1972 1560/1650/1987
f 1548/1651/1975 1547/1652/1974 1561/1653/1988
f 1561/1653/1988 1562/1654/1989 1548/1651/1975
f 1556/1646/1983 1555/1645/1982 1563/1655/1990
f 1563/1655/1990 1564/1656/1991 1556/1646/1983
f 1564/1656/1991 1563/1655/1990 1530/1620/1957
f 1530/1620/1957 1529/1619/1956 1564/1656/1991
f 1565/1657/1992 1566/1658/1993 1567/1659/1994
f 1567/1659/1994 1568/1660/1995 1565/1657/1992
f 1569/1661/1996 1570/1662/1997 1571/1663/1998
f 1571/1663/1998 1572/1664/1999 1569/1661/1996
f 1573/1665/2000 1574/1666/2001 1566/1658/1993
f 1566/1658/1993 1565/1657/1992 1573/1665/2000
f 1575/1667/2002 1576/1668/2003 1577/1669/2004
f 1577/1669/2004 1578/1670/2005 1575/1667/2002
f 1578/1670/2005 1577/1669/2004 1574/1666/2001
f 1574/1666/2001 1573/1665/2000 1578/1670/2005
f 1579/1671/2006 1580/1672/2007 1576/1668/2003
f 1576/1668/2003 1575/1667/2002 1579/1671/2006
f 1581/1673/2008 1582/1674/2009 1583/1675/2010
f 1583/1675/2010 1584/1676/2011 1581/1673/2008
f 1585/1677/2012 1586/1678/2013 1587/1679/2014
f 1587/1679/2014 1588/1680/2015 1585/1677/2012
f 1589/1681/2016 1590/1682/2017 1591/1683/2018
f 1591/1683/2018 1592/1684/2019 1589/1681/2016
f 1593/1685/2020 1594/1686/2021 1586/1678/2013
f 1586/1678/2013 1585/1677/2012 1593/1685/2020
f 1595/1687/2022 1596/1688/2023 1594/1686/2021
f 1594/1686/2021 1593/1685/2020 1595/1687/2022
f 1597/1689/2024 1598/1690/2025 1599/1691/2026
f 1599/1691/2026 1600/1692/2027 1597/1689/2024
f 1601/1693/2028 1602/1694/2029 1603/1695/2030
f 1603/1695/2030 1604/1696/2031 1601/1693/2028
f 1605/1697/2032 1606/1698/2033 1598/1690/2025
f 1598/1690/2025 1597/1689/2024 1605/1697/2032
f 1607/1699/2034 1608/1700/2035 1609/1701/2036
f 1609/1701/2036 1610/1702/2037 1607/1699/2034
f 1568/1660/1995 1567/1659/1994 1570/1662/1997
f 1570/1662/1997 1569/1661/1996 1568/1660/1995
f 1584/1676/2011 1583/1675/2010 1580/1672/2007
f 1580/1672/2007 1579/1671/2006 1584/1676/2011
f 1610/1702/2037 1609/1701/2036 1582/1674/2009
f 1582/1674/2009 1581/1673/2008 1610/1702/2037
f 1611/1703/2038 1612/1704/2039 1596/1688/2023
f 1596/1688/2023 1595/1687/2022 1611/1703/2038
f 1592/1684/2019 1591/1683/2018 1612/1704/2039
f 1612/1704/2039 1611/1703/2038 1592/1684/2019
f 1613/1705/2040 1614/1706/2041 1590/1682/2017
f 1590/1682/2017 1589/1681/2016 1613/1705/2040
f 1600/1692/2027 1599/1691/2026 1614/1706/2041
f 1614/1706/2041 1613/1705/2040 1600/1692/2027
f 1615/1707/2042 1616/1708/2043 1617/1709/2044
f 1617/1709/2044 1618/1710/2045 1615/1707/2042
f 1618/1710/2045 1617/1709/2044 1606/1698/2033
f 1606/1698/2033 1605/1697/2032 1618/1710/2045
f 1604/1696/2031 1603/1695/2030 1616/1708/2043
f 1616/1708/2043 1615/1707/2042 1604/1696/2031
f 1619/1711/2046 1620/1712/2047 1602/1713/2029
f 1602/1713/2029 1601/1714/2028 1619/1711/2046
f 1588/1680/2015 1587/1679/2014 1608/1700/2035
f 1608/1700/2035 1607/1699/2034 1588/1680/2015
f 1621/1715/2048 1622/1716/2049 1514/1604/1941
f 1514/1604/1941 1513/1603/1940 1621/1715/2048
f 1572/1664/1999 1571/1663/1998 1623/1717/2050
f 1623/1717/2050 1624/1718/2051 1572/1664/1999
f 1624/1719/2051 1623/1720/2050 1625/1721/2052
f 1625/1721/2052 1626/1722/2053 1624/1719/2051
f 1626/1722/2053 1625/1721/2052 1627/1723/2054
f 1627/1723/2054 1628/1724/2055 1626/1722/2053
f 1629/1725/2056 1622/1716/2049 1621/1715/2048
f 1621/1715/2048 1630/1726/2057 1629/1725/2056
f 1631/1727/2058 1632/1728/2059 1629/1725/2056
f 1629/1725/2056 1630/1726/2057 1631/1727/2058
f 1633/1729/2060 1634/1730/2061 1632/1728/2059
f 1632/1728/2059 1631/1727/2058 1633/1729/2060
f 1635/1731/2062 1636/1732/2063 1634/1730/2061
f 1634/1730/2061 1633/1729/2060 1635/1731/2062
f 1637/1733/2064 1638/1734/2065 1636/1735/2063
f 1636/1735/2063 1635/1736/2062 1637/1733/2064
f 1639/1737/2066 1640/1738/2067 1638/1734/2065
f 1638/1734/2065 1637/1733/2064 1639/1737/2066
f 1641/1739/2068 1642/1740/2069 1640/1738/2067
f 1640/1738/2067 1639/1737/2066 1641/1739/2068
f 1643/1741/2070 1644/1742/2071 1642/1740/2069
f 1642/1740/2069 1641/1739/2068 1643/1741/2070
f 1645/1743/2072 1646/1744/2073 1644/1742/2071
f 1644/1742/2071 1643/1741/2070 1645/1743/2072
f 1647/1745/2074 1648/1746/2075 1646/1744/2073
f 1646/1744/2073 1645/1743/2072 1647/1745/2074
f 1649/1747/2076 1650/1748/2077 1648/1746/2075
f 1648/1746/2075 1647/1745/2074 1649/1747/2076
f 1651/1749/2078 1652/1750/2079 1650/1748/2077
f 1650/1748/2077 1649/1747/2076 1651/1749/2078
f 1653/1751/2080 1654/1752/2081 1652/1750/2079
f 1652/1750/2079 1651/1749/2078 1653/1751/2080
f 1655/1753/2082 1656/1754/2083 1654/1752/2081
f 1654/1752/2081 1653/1751/2080 1655/1753/2082
f 1657/1755/2084 1658/1756/2085 1656/1754/2083
f 1656/1754/2083 1655/1753/2082 1657/1755/2084
f 1659/1757/2086 1660/1758/2087 1658/1756/2085
f 1658/1756/2085 1657/1755/2084 1659/1757/2086
f 1661/1759/2088 1662/1760/2089 1660/1758/2087
f 1660/1758/2087 1659/1757/2086 1661/1759/2088
f 1663/1761/2090 1664/1762/2091 1662/1760/2089
f 1662/1760/2089 1661/1759/2088 1663/1761/2090
f 1628/1724/2055 1627/1723/2054 1665/1763/2092
f 1665/1763/2092 1666/1764/2093 1628/1724/2055
f 1666/1764/2093 1665/1763/2092 1664/1762/2091
f 1664/1762/2091 1663/1761/2090 1666/1764/2093
f 1667/1765/2094 1668/1766/2095 1620/1712/2047
f 1620/1712/2047 1619/1711/2046 1667/1765/2094
f 1669/1767/2096 1670/1768/2097 1668/1766/2095
f 1668/1766/2095 1667/1765/2094 1669/1767/2096
f 1671/1769/2098 1672/1770/2099 1670/1768/2097
f 1670/1768/2097 1669/1767/2096 1671/1769/2098
f 1673/1771/2100 1674/1772/2101 1672/1770/2099
f 1672/1770/2099 1671/1769/2098 1673/1771/2100
f 1675/1773/2102 1676/1774/2103 1674/1772/2101
f 1674/1772/2101 1673/1771/2100 1675/1773/2102
f 1677/1775/2104 1678/1776/2105 1676/1774/2103
f 1676/1774/2103 1675/1773/2102 1677/1775/2104
f 1679/1777/2106 1680/1778/2107 1678/1776/2105
f 1678/1776/2105 1677/1775/2104 1679/1777/2106
f 1681/1779/2108 1682/1780/2109 1680/1778/2107
f 1680/1778/2107 1679/1777/2106 1681/1779/2108
f 1683/1781/2110 1684/1782/2111 1682/1780/2109
f 1682/1780/2109 1681/1779/2108 1683/1781/2110
f 1685/1783/2112 1686/1784/2113 1684/1782/2111
f 1684/1782/2111 1683/1781/2110 1685/1783/2112
f 1687/1785/2114 1688/1786/2115 1686/1784/2113
f 1686/1784/2113 1685/1783/2112 1687/1785/2114
f 1689/1787/2116 1690/1788/2117 1688/1786/2115
f 1688/1786/2115 1687/1785/2114 1689/1787/2116
f 1691/1789/2118 1692/1790/2119 1690/1788/2117
f 1690/1788/2117 1689/1787/2116 1691/1789/2118
f 1693/1791/2120 1694/1792/2121 1692/1790/2119
f 1692/1790/2119 1691/1789/2118 1693/1791/2120
f 1695/1793/2122 1696/1794/2123 1694/1792/2121
f 1694/1792/2121 1693/1791/2120 1695/1793/2122
f 1562/1654/1989 1561/1653/1988 1696/1794/2123
f 1696/1794/2123 1695/1793/2122 1562/1654/1989
f 1697/1795/1722 1698/1796/2124 1699/1797/1722
f 1698/1796/2124 1700/1798/2124 1699/1797/1722
f 1701/1799/1713 1702/1800/1713 1699/1797/1722
f 1703/1801/1722 1704/1802/1722 1699/1797/1722
f 1705/1803/1732 1703/1801/1722 1699/1797/1722
f 1706/1804/1722 1701/1799/1713 1699/1797/1722
f 1707/1805/1722 1706/1804/1722 1699/1797/1722
f 1708/1806/1732 1705/1803/1732 1699/1797/1722
f 1702/1800/1713 1697/1795/1722 1699/1797/1722
f 1709/1807/1714 1710/1808/1732 1699/1797/1722
f 1710/1808/1732 1711/1809/1732 1699/1797/1722
f 1712/1810/1732 1713/1811/1732 1699/1797/1722
f 1713/1811/1732 1708/1806/1732 1699/1797/1722
f 1714/1812/1732 1712/1810/1732 1699/1797/1722
f 1700/1798/2124 1709/1807/1714 1699/1797/1722
f 1711/1809/1732 1714/1812/1732 1699/1797/1722
f 1704/1802/1722 1707/1805/1722 1699/1797/1722
f 1715/1813/2125 1716/1814/2126 1717/1815/2127
f 1717/1815/2127 1716/1814/2126 1718/1816/2128
f 1719/1817/2129 1717/1815/2127 1718/1816/2128
f 1718/1816/2128 1720/1818/2130 1719/1817/2129
f 1719/1817/2129 1720/1818/2130 1721/1819/2131
f 1721/1819/2131 1720/1818/2130 1722/1820/2132
f 1715/1813/2125 1723/1821/2133 1716/1814/2126
f 1716/1814/2126 1723/1821/2133 1724/1822/2134
f 1724/1822/2134 1723/1821/2133 1725/1823/2135
f 1725/1823/2135 1726/1824/2136 1724/1822/2134
f 1726/1824/2136 1725/1823/2135 1727/1825/2137
f 1726/1824/2136 1727/1825/2137 1728/1826/2138
f 1729/1827/2139 1728/1826/2138 1727/1825/2137
f 1727/1825/2137 1730/1828/2140 1729/1827/2139
f 1729/1827/2139 1730/1828/2140 1731/1829/2141
f 1729/1827/2139 1731/1829/2141 1732/1830/2142
f 1733/1831/2143 1734/1832/2144 1735/1833/2145
f 1732/1830/2142 1734/1832/2144 1733/1831/2143
f 1733/1831/2143 1735/1833/2145 1736/1834/2146
f 1733/1831/2143 1736/1834/2146 1737/1835/2147
f 1737/1835/2147 1736/1834/2146 1738/1836/2148
f 1737/1835/2147 1738/1836/2148 1739/1837/2149
f 1739/1837/2149 1738/1836/2148 1740/1838/2150
f 1739/1837/2149 1740/1838/2150 1741/1839/2151
f 1741/1839/2151 1740/1838/2150 1742/1840/2152
f 1741/1839/2151 1742/1840/2152 1743/1841/2153
f 1744/1842/2154 1743/1841/2153 1742/1840/2152
f 1742/1840/2152 1745/1843/2155 1744/1842/2154
f 1746/1844/2156 1744/1842/2154 1745/1843/2155
f 1745/1843/2155 1747/1845/2157 1746/1844/2156
f 1746/1844/2156 1747/1845/2157 1748/1846/2158
f 1749/1847/2159 1750/1848/2160 1748/1846/2158
f 1748/1846/2158 1750/1848/2160 1746/1844/2156
f 1751/1849/2161 1752/1850/2162 1749/1847/2159
f 1749/1847/2159 1752/1850/2162 1750/1848/2160
f 1751/1849/2161 1753/1851/2163 1752/1850/2162
f 1752/1850/2162 1753/1851/2163 1754/1852/2164
f 1754/1852/2164 1753/1851/2163 1755/1853/2165
f 1754/1852/2164 1755/1853/2165 1756/1854/2166
f 1756/1854/2166 1755/1853/2165 1757/1855/2167
f 1756/1854/2166 1757/1855/2167 1758/1856/2168
f 1758/1856/2168 1759/1857/2169 1756/1854/2166
f 1759/1857/2169 1758/1856/2168 1760/1858/2170
f 1760/1858/2170 1761/1859/2171 1759/1857/2169
f 1761/1859/2171 1760/1858/2170 1762/1860/2172
f 1761/1859/2171 1762/1860/2172 1722/1820/2132
f 1722/1820/2132 1762/1860/2172 1721/1819/2131
f 1732/1830/2142 1731/1829/2141 1734/1832/2144
f 1734/1861/2173 1763/1862/2174 1764/1863/2175
f 1764/1863/2175 1735/1864/2176 1734/1861/2173
f 1715/1865/2177 1717/1866/2178 559/1867/2179
f 559/1867/2179 1765/1868/2180 1715/1865/2177
f 1715/1869/2177 1765/1868/2180 1766/1870/2181
f 1766/1870/2181 1723/1871/2182 1715/1869/2177
f 1723/1871/2182 1766/1870/2181 1767/1872/2183
f 1767/1872/2183 1725/1873/2184 1723/1871/2182
f 1727/1874/2185 1725/1873/2184 1767/1872/2183
f 1767/1872/2183 566/1875/2186 1727/1874/2185
f 1727/1876/2185 566/1875/2186 1768/1877/2187
f 1768/1877/2187 1730/1878/2188 1727/1876/2185
f 1769/1879/2189 1731/1880/2190 1730/1881/2188
f 1730/1881/2188 1768/1877/2187 1769/1879/2189
f 1769/1879/2189 1763/1882/2174 1734/1861/2173
f 1734/1861/2173 1731/1880/2190 1769/1879/2189
f 1735/1864/2176 1764/1863/2175 1770/1883/2191
f 1770/1883/2191 1736/1884/2192 1735/1864/2176
f 1736/1884/2192 1770/1883/2191 578/1885/2193
f 578/1885/2193 1738/1886/2194 1736/1884/2192
f 1738/1886/2194 578/1885/2193 1771/1887/2195
f 1771/1887/2195 1740/1888/2196 1738/1886/2194
f 1740/1888/2196 1771/1887/2195 584/1889/2197
f 584/1889/2197 1742/1890/2198 1740/1888/2196
f 1745/1891/2199 1742/1892/2198 584/1893/2197
f 584/1893/2197 1772/1894/2200 1745/1891/2199
f 1747/1895/2201 1745/1891/2199 1772/1894/2200
f 1772/1894/2200 1773/1896/2202 1747/1895/2201
f 1748/1897/2203 1747/1898/2201 1773/1896/2202
f 1773/1896/2202 1774/1899/2204 1748/1897/2203
f 1749/1900/2205 1748/1897/2203 1774/1899/2204
f 1774/1899/2204 703/1901/2206 1749/1900/2205
f 1751/1902/2207 1749/1900/2208 703/1901/2209
f 703/1901/2209 657/1903/2210 1751/1902/2207
f 1751/1902/2207 657/1903/2210 1775/1904/2211
f 1775/1904/2211 1753/1905/2212 1751/1902/2207
f 1753/1905/2212 1775/1904/2211 1776/1906/2213
f 1776/1906/2213 1755/1907/2214 1753/1905/2212
f 652/1908/2215 1757/1909/2216 1755/1910/2217
f 1755/1910/2214 1776/1906/2213 652/1908/2218
f 1757/1909/2216 652/1908/2215 651/1911/2219
f 651/1911/2219 1758/1912/2220 1757/1909/2216
f 1758/1912/2220 651/1911/2219 649/1913/2221
f 649/1913/2221 1760/1914/2222 1758/1912/2220
f 1760/1914/2222 649/1913/2221 1777/1915/2223
f 1777/1915/2223 1762/1916/2224 1760/1914/2222
f 1762/1916/2224 1777/1915/2223 1778/1917/2225
f 1778/1917/2225 1721/1918/2226 1762/1916/2224
f 1721/1918/2226 1778/1917/2225 1779/1919/2227
f 1779/1919/2227 1719/1920/2228 1721/1918/2226
f 1719/1920/2228 1779/1919/2227 559/1921/2179
f 559/1921/2179 1717/1922/2178 1719/1920/2228
f 1780/1923/2229 1781/1924/2230 1782/1925/2231
f 1782/1925/2231 1783/1926/2232 1780/1923/2229
f 1783/1926/2232 1784/1927/2233 1785/1928/2234
f 1785/1928/2234 1780/1923/2229 1783/1926/2232
f 1786/1929/2235 472/1930/2236 1782/1925/2231
f 1782/1925/2231 1781/1924/2230 1786/1929/2235
f 1787/1931/2237 1788/1932/2238 1789/1933/2239
f 1789/1933/2239 1790/1934/2240 1787/1931/2237
f 1790/1934/2240 1791/1935/2241 1792/1936/2242
f 1792/1936/2242 1787/1931/2237 1790/1934/2240
f 1791/1935/2241 1793/1937/2243 1794/1938/2244
f 1794/1938/2244 1792/1936/2242 1791/1935/2241
f 1793/1937/2243 1795/1939/2245 1796/1940/2246
f 1796/1940/2246 1794/1938/2244 1793/1937/2243
f 1795/1941/2245 1797/1942/2247 1798/1943/2248
f 1798/1943/2248 1796/1944/2246 1795/1941/2245
f 1797/1942/2247 472/1930/2236 1786/1929/2235
f 1786/1929/2235 1798/1943/2248 1797/1942/2247
f 1799/1945/2249 1800/1946/2250 1801/1947/2251
f 1801/1947/2251 1802/1948/2252 1799/1945/2249
f 1799/1945/2249 1789/1933/2239 1788/1932/2238
f 1788/1932/2238 1800/1946/2250 1799/1945/2249
f 1803/1949/2253 1785/1928/2234 1784/1927/2233
f 1784/1927/2233 1804/1950/2254 1803/1949/2253
f 1805/1951/2255 1806/1952/2256 1803/1949/2253
f 1803/1949/2253 1804/1950/2254 1805/1951/2255
f 483/1953/2257 1807/1954/2258 1806/1952/2256
f 1806/1952/2256 1805/1951/2255 483/1953/2257
f 1808/1955/2259 1809/1956/2260 1807/1954/2258
f 1807/1954/2258 483/1953/2257 1808/1955/2259
f 1810/1957/2261 1811/1958/2262 1809/1956/2260
f 1809/1956/2260 1808/1955/2259 1810/1957/2261
f 1812/1959/2263 1813/1960/2264 1811/1958/2262
f 1811/1958/2262 1810/1957/2261 1812/1959/2263
f 1802/1961/2252 1801/1962/2251 1813/1960/2264
f 1813/1960/2264 1812/1959/2263 1802/1961/2252
f 1814/1963/2265 1815/1964/2266 1816/1965/2267
f 1816/1965/2267 1817/1966/2268 1814/1963/2265
f 1814/1963/2265 1818/1967/2269 1819/1968/2270
f 1819/1968/2270 1815/1964/2266 1814/1963/2265
f 1818/1967/2269 1820/1969/2271 1821/1970/2272
f 1821/1970/2272 1819/1968/2270 1818/1967/2269
f 1820/1969/2271 1822/1971/2273 1823/1972/2274
f 1823/1972/2274 1821/1970/2272 1820/1969/2271
f 1824/1973/2275 1825/1974/2276 1826/1975/2277
f 1826/1975/2277 1827/1976/2278 1824/1973/2275
f 1828/1977/2279 1826/1975/2277 1825/1974/2276
f 1829/1978/2280 1830/1979/2281 1831/1980/2282
f 1831/1980/2282 1832/1981/2283 1829/1978/2280
f 1833/1982/2284 1834/1983/2285 1830/1979/2281
f 1830/1979/2281 1829/1978/2280 1833/1982/2284
f 1823/1972/2274 1822/1971/2273 1834/1983/2285
f 1834/1983/2285 1833/1982/2284 1823/1972/2274
f 1835/1984/2286 1836/1985/2287 1837/1986/2288
f 1837/1986/2288 1838/1987/2289 1835/1984/2286
f 1837/1986/2288 1836/1985/2287 1839/1988/2290
f 1839/1988/2290 1840/1989/2291 1837/1986/2288
f 1840/1989/2291 1839/1988/2290 1841/1990/2292
f 1841/1990/2292 1842/1991/2293 1840/1989/2291
f 1843/1992/2294 1844/1993/2295 1845/1994/2296
f 1845/1994/2296 1846/1995/2297 1843/1992/2294
f 1846/1995/2297 1845/1994/2296 1847/1996/2298
f 1847/1996/2298 1817/1966/2268 1846/1995/2297
f 1848/1997/2299 1814/1963/2265 1817/1966/2268
f 1817/1966/2268 1847/1996/2298 1848/1997/2299
f 1849/1998/2300 1818/1967/2269 1814/1963/2265
f 1814/1963/2265 1848/1997/2299 1849/1998/2300
f 1818/1967/2269 1849/1998/2300 1850/1999/2301
f 1850/1999/2301 1820/1969/2271 1818/1967/2269
f 1820/1969/2271 1850/1999/2301 1851/2000/2302
f 1851/2000/2302 1822/1971/2273 1820/1969/2271
f 1831/1980/2282 1852/2001/2303 1853/2002/2304
f 1853/2002/2304 1854/2003/2305 1831/1980/2282
f 1830/1979/2281 1855/2004/2306 1852/2001/2303
f 1852/2001/2303 1831/1980/2282 1830/1979/2281
f 1834/1983/2285 1856/2005/2307 1855/2004/2306
f 1855/2004/2306 1830/1979/2281 1834/1983/2285
f 1822/1971/2273 1851/2000/2302 1856/2005/2307
f 1856/2005/2307 1834/1983/2285 1822/1971/2273
f 1857/2006/2308 1858/2007/2309 1859/2008/2310
f 1859/2008/2310 1860/2009/2311 1857/2006/2308
f 1861/2010/2312 1862/2011/2313 1853/2002/2304
f 1853/2002/2304 1852/2001/2303 1861/2010/2312
f 1863/2012/2314 1861/2010/2312 1852/2001/2303
f 1852/2001/2303 1855/2004/2306 1863/2012/2314
f 1864/2013/2315 1863/2012/2314 1855/2004/2306
f 1855/2004/2306 1856/2005/2307 1864/2013/2315
f 1864/2013/2315 1856/2005/2307 1851/2000/2302
f 1851/2000/2302 1865/2014/2316 1864/2013/2315
f 1850/1999/2301 1866/2015/2317 1865/2014/2316
f 1865/2014/2316 1851/2000/2302 1850/1999/2301
f 1867/2016/2318 1868/2017/2319 1869/2018/2320
f 1869/2018/2320 1870/2019/2321 1867/2016/2318
f 1828/1977/2279 1825/1974/2276 1869/2018/2320
f 1869/2018/2320 1868/2017/2319 1828/1977/2279
f 1850/1999/2301 1849/1998/2300 1871/2020/2322
f 1871/2020/2322 1866/2015/2317 1850/1999/2301
f 1872/2021/2323 1873/2022/2324 1874/2023/2325
f 1874/2023/2325 1875/2024/2326 1872/2021/2323
f 1872/2021/2323 1875/2024/2326 1876/2025/2327
f 1876/2025/2327 1877/2026/2328 1872/2021/2323
f 1878/2027/2329 1859/2008/2310 1858/2007/2309
f 1858/2007/2309 1879/2028/2330 1878/2027/2329
f 1880/2029/2331 1873/2022/2324 1838/1987/2289
f 1838/1987/2289 1881/2030/2332 1880/2029/2331
f 1846/1995/2297 1817/1966/2268 1816/1965/2267
f 1816/1965/2267 1882/2031/2333 1846/1995/2297
f 1849/1998/2300 1848/1997/2299 1871/2020/2322
f 1883/2032/2334 1838/1987/2289 1837/1986/2288
f 1837/1986/2288 1884/2033/2335 1883/2032/2334
f 1885/2034/2336 1883/2032/2334 1884/2033/2335
f 1884/2033/2335 1886/2035/2337 1885/2034/2336
f 1887/2036/2338 1885/2034/2336 1886/2035/2337
f 1886/2035/2337 1888/2037/2339 1887/2036/2338
f 1889/2038/2340 1887/2036/2338 1888/2037/2339
f 1888/2037/2339 1890/2039/2341 1889/2038/2340
f 1891/2040/2342 1889/2038/2340 1890/2039/2341
f 1890/2039/2341 1892/2041/2343 1891/2040/2342
f 1893/2042/2344 1891/2040/2342 1892/2041/2343
f 1892/2041/2343 1894/2043/2345 1893/2042/2344
f 1895/2044/2346 1893/2042/2344 1894/2043/2345
f 1894/2043/2345 1896/2045/2347 1895/2044/2346
f 1897/2046/2348 1895/2044/2346 1896/2045/2347
f 1896/2045/2347 1898/2047/2349 1897/2046/2348
f 1899/2048/2350 1897/2046/2348 1898/2047/2349
f 1898/2047/2349 1900/2049/2351 1899/2048/2350
f 1901/2050/2352 1899/2048/2350 1900/2049/2351
f 1900/2049/2351 1902/2051/2353 1901/2050/2352
f 1903/2052/2354 1884/2033/2335 1837/1986/2288
f 1837/1986/2288 1840/1989/2291 1903/2052/2354
f 1904/2053/2355 1886/2035/2337 1884/2033/2335
f 1884/2033/2335 1903/2052/2354 1904/2053/2355
f 1905/2054/2356 1888/2037/2339 1886/2035/2337
f 1886/2035/2337 1904/2053/2355 1905/2054/2356
f 1906/2055/2357 1890/2039/2341 1888/2037/2339
f 1888/2037/2339 1905/2054/2356 1906/2055/2357
f 1907/2056/2358 1892/2041/2343 1890/2039/2341
f 1890/2039/2341 1906/2055/2357 1907/2056/2358
f 1908/2057/2359 1894/2043/2345 1892/2041/2343
f 1892/2041/2343 1907/2056/2358 1908/2057/2359
f 1909/2058/2360 1896/2045/2347 1894/2043/2345
f 1894/2043/2345 1908/2057/2359 1909/2058/2360
f 1910/2059/2361 1898/2047/2349 1896/2045/2347
f 1896/2045/2347 1909/2058/2360 1910/2059/2361
f 1911/2060/2362 1900/2049/2351 1898/2047/2349
f 1898/2047/2349 1910/2059/2361 1911/2060/2362
f 1912/2061/2363 1902/2051/2353 1900/2049/2351
f 1900/2049/2351 1911/2060/2362 1912/2061/2363
f 1913/2062/2364 1903/2052/2354 1840/1989/2291
f 1840/1989/2291 1842/1991/2293 1913/2062/2364
f 1914/2063/2365 1904/2053/2355 1903/2052/2354
f 1903/2052/2354 1913/2062/2364 1914/2063/2365
f 1915/2064/2366 1905/2054/2356 1904/2053/2355
f 1904/2053/2355 1914/2063/2365 1915/2064/2366
f 1916/2065/2367 1906/2055/2357 1905/2054/2356
f 1905/2054/2356 1915/2064/2366 1916/2065/2367
f 1917/2066/2368 1907/2056/2358 1906/2055/2357
f 1906/2055/2357 1916/2065/2367 1917/2066/2368
f 1918/2067/2369 1908/2057/2359 1907/2056/2358
f 1907/2056/2358 1917/2066/2368 1918/2067/2369
f 1919/2068/2370 1909/2058/2360 1908/2057/2359
f 1908/2057/2359 1918/2067/2369 1919/2068/2370
f 1920/2069/2371 1910/2059/2361 1909/2058/2360
f 1909/2058/2360 1919/2068/2370 1920/2069/2371
f 1921/2070/2372 1911/2060/2362 1910/2059/2361
f 1910/2059/2361 1920/2069/2371 1921/2070/2372
f 1922/2071/2373 1912/2061/2363 1911/2060/2362
f 1911/2060/2362 1921/2070/2372 1922/2071/2373
f 1923/2072/2374 1924/2073/2375 1925/2074/2376
f 1925/2074/2376 1882/2031/2333 1923/2072/2374
f 1926/2075/2377 1927/2076/2378 1924/2073/2375
f 1924/2073/2375 1923/2072/2374 1926/2075/2377
f 1928/2077/2379 1929/2078/2380 1927/2076/2378
f 1927/2076/2378 1926/2075/2377 1928/2077/2379
f 1930/2079/2381 1931/2080/2382 1929/2078/2380
f 1929/2078/2380 1928/2077/2379 1930/2079/2381
f 1932/2081/2383 1933/2082/2384 1931/2080/2382
f 1931/2080/2382 1930/2079/2381 1932/2081/2383
f 1934/2083/2385 1935/2084/2386 1933/2082/2384
f 1933/2082/2384 1932/2081/2383 1934/2083/2385
f 1936/2085/2387 1937/2086/2388 1935/2084/2386
f 1935/2084/2386 1934/2083/2385 1936/2085/2387
f 1938/2087/2389 1939/2088/2390 1937/2086/2388
f 1937/2086/2388 1936/2085/2387 1938/2087/2389
f 1940/2089/2391 1941/2090/2392 1939/2088/2390
f 1939/2088/2390 1938/2087/2389 1940/2089/2391
f 1942/2091/2393 1923/2072/2374 1882/2031/2333
f 1882/2031/2333 1816/1965/2267 1942/2091/2393
f 1943/2092/2394 1926/2075/2377 1923/2072/2374
f 1923/2072/2374 1942/2091/2393 1943/2092/2394
f 1944/2093/2395 1928/2077/2379 1926/2075/2377
f 1926/2075/2377 1943/2092/2394 1944/2093/2395
f 1945/2094/2396 1930/2079/2381 1928/2077/2379
f 1928/2077/2379 1944/2093/2395 1945/2094/2396
f 1946/2095/2397 1932/2081/2383 1930/2079/2381
f 1930/2079/2381 1945/2094/2396 1946/2095/2397
f 1947/2096/2398 1934/2083/2385 1932/2081/2383
f 1932/2081/2383 1946/2095/2397 1947/2096/2398
f 1948/2097/2399 1936/2085/2387 1934/2083/2385
f 1934/2083/2385 1947/2096/2398 1948/2097/2399
f 1949/2098/2400 1938/2087/2389 1936/2085/2387
f 1936/2085/2387 1948/2097/2399 1949/2098/2400
f 1950/2099/2401 1940/2089/2391 1938/2087/2389
f 1938/2087/2389 1949/2098/2400 1950/2099/2401
f 1951/2100/2402 1881/2030/2332 1838/1987/2289
f 1951/2100/2402 1838/1987/2289 1883/2032/2334
f 1951/2100/2402 1883/2032/2334 1952/2101/2403
f 1952/2101/2403 1883/2032/2334 1885/2034/2336
f 1885/2034/2336 1953/2102/2404 1952/2101/2403
f 1953/2102/2404 1885/2034/2336 1887/2036/2338
f 1887/2036/2338 1954/2103/2405 1953/2102/2404
f 1954/2103/2405 1887/2036/2338 1889/2038/2340
f 1889/2038/2340 1955/2104/2406 1954/2103/2405
f 1955/2104/2406 1889/2038/2340 1891/2040/2342
f 1891/2040/2342 1956/2105/2407 1955/2104/2406
f 1956/2105/2407 1891/2040/2342 1893/2042/2344
f 1893/2042/2344 1957/2106/2408 1956/2105/2407
f 1957/2106/2408 1893/2042/2344 1895/2044/2346
f 1895/2044/2346 1958/2107/2409 1957/2106/2408
f 1897/2046/2348 1959/2108/2410 1960/2109/2411
f 1895/2044/2346 1961/2110/2412 1958/2107/2409
f 1895/2044/2346 1897/2046/2348 1961/2110/2412
f 1959/2108/2410 1897/2046/2348 1899/2048/2350
f 1899/2048/2350 1962/2111/2413 1959/2108/2410
f 1963/2112/2414 1964/2113/2415 1965/2114/2416
f 1965/2114/2416 1966/2115/2417 1963/2112/2414
f 1965/2114/2416 1964/2113/2415 1967/2116/2418
f 1967/2116/2418 1964/2113/2415 1968/2117/2419
f 1968/2117/2419 1969/2118/2420 1967/2116/2418
f 1969/2118/2420 1968/2117/2419 1970/2119/2421
f 1970/2119/2421 1971/2120/2422 1969/2118/2420
f 1971/2120/2422 1970/2119/2421 1972/2121/2423
f 1972/2121/2423 1973/2122/2424 1971/2120/2422
f 1973/2122/2424 1972/2121/2423 1974/2123/2425
f 1974/2123/2425 1975/2124/2426 1973/2122/2424
f 1975/2124/2426 1974/2123/2425 1976/2125/2427
f 1976/2125/2427 1977/2126/2428 1975/2124/2426
f 1977/2126/2428 1976/2125/2427 1978/2127/2429
f 1978/2127/2429 1979/2128/2430 1977/2126/2428
f 1980/2129/2431 1981/2130/2432 1959/2108/2410
f 1961/2110/2412 1897/2046/2348 1960/2109/2411
f 1982/2131/2433 1983/2132/2434 1980/2129/2431
f 1959/2108/2410 1962/2111/2413 1980/2129/2431
f 1984/2133/2435 1962/2111/2413 1899/2048/2350
f 1899/2048/2350 1901/2050/2352 1984/2133/2435
f 1985/2134/2436 1982/2131/2433 1962/2111/2413
f 1962/2111/2413 1984/2133/2435 1985/2134/2436
f 1986/2135/2437 1987/2136/2438 1988/2137/2439
f 1988/2137/2439 1989/2138/2440 1986/2135/2437
f 1987/2136/2438 1986/2135/2437 1990/2139/2441
f 1990/2139/2441 1991/2140/2442 1987/2136/2438
f 1992/2141/2443 1993/2142/2444 1994/2143/2445
f 1994/2143/2445 1995/2144/2446 1992/2141/2443
f 1990/2139/2441 1996/2145/2447 1997/2146/2448
f 1997/2146/2448 1991/2140/2442 1990/2139/2441
f 1991/2140/2442 1997/2146/2448 1998/2147/2449
f 1998/2147/2449 1999/2148/2450 1991/2140/2442
f 2000/2149/2451 2001/2150/2452 2002/2151/2453
f 2002/2151/2453 2003/2152/2454 2000/2149/2451
f 2003/2152/2454 2002/2151/2453 2004/2153/2455
f 2004/2153/2455 2005/2154/2456 2003/2152/2454
f 2005/2154/2456 2004/2153/2455 1988/2137/2439
f 1988/2137/2439 2006/2155/2457 2005/2154/2456
f 2007/2156/2458 2006/2155/2457 1988/2137/2439
f 1988/2137/2439 1987/2136/2438 2007/2156/2458
f 1989/2138/2440 1988/2137/2439 2004/2153/2455
f 2004/2153/2455 2008/2157/2459 1989/2138/2440
f 2008/2157/2459 2004/2153/2455 2002/2151/2453
f 2002/2151/2453 2009/2158/2460 2008/2157/2459
f 2009/2158/2460 2002/2151/2453 2001/2150/2452
f 2001/2150/2452 2010/2159/2461 2009/2158/2460
f 2011/2160/2462 2012/2161/2463 2013/2162/2464
f 2013/2162/2464 2014/2163/2465 2011/2160/2462
f 2012/2161/2463 2015/2164/2466 2016/2165/2467
f 2016/2165/2467 2013/2162/2464 2012/2161/2463
f 2017/2166/2468 2018/2167/2469 2016/2165/2467
f 2016/2165/2467 2015/2164/2466 2017/2166/2468
f 2019/2168/2470 2020/2169/2471 2021/2170/2472
f 2021/2170/2472 2022/2171/2473 2019/2168/2470
f 2018/2167/2469 2017/2166/2468 2021/2170/2472
f 2021/2170/2472 2020/2169/2471 2018/2167/2469
f 2022/2171/2473 1995/2144/2446 2023/2172/2474
f 2023/2172/2474 2019/2168/2470 2022/2171/2473
f 2024/2173/2475 2023/2172/2474 1995/2144/2446
f 1995/2144/2446 1994/2143/2445 2024/2173/2475
f 2023/2172/2474 2024/2173/2475 2025/2174/2476
f 2025/2174/2476 1996/2145/2447 2023/2172/2474
f 2026/2175/2477 2027/2176/2478 2012/2161/2463
f 2012/2161/2463 2011/2160/2462 2026/2175/2477
f 2027/2176/2478 2028/2177/2479 2015/2164/2466
f 2015/2164/2466 2012/2161/2463 2027/2176/2478
f 2028/2177/2479 2029/2178/2480 2017/2166/2468
f 2017/2166/2468 2015/2164/2466 2028/2177/2479
f 2021/2170/2472 2030/2179/2481 2031/2180/2482
f 2031/2180/2482 2022/2171/2473 2021/2170/2472
f 2029/2178/2480 2030/2179/2481 2021/2170/2472
f 2021/2170/2472 2017/2166/2468 2029/2178/2480
f 2031/2180/2482 1992/2141/2443 1995/2144/2446
f 1995/2144/2446 2022/2171/2473 2031/2180/2482
f 2010/2159/2461 2014/2163/2465 2013/2162/2464
f 2013/2162/2464 2009/2158/2460 2010/2159/2461
f 2013/2162/2464 2016/2165/2467 2008/2157/2459
f 2008/2157/2459 2009/2158/2460 2013/2162/2464
f 2018/2167/2469 1989/2138/2440 2008/2157/2459
f 2008/2157/2459 2016/2165/2467 2018/2167/2469
f 1986/2135/2437 2020/2169/2471 2019/2168/2470
f 2019/2168/2470 1990/2139/2441 1986/2135/2437
f 2020/2169/2471 1986/2135/2437 1989/2138/2440
f 1989/2138/2440 2018/2167/2469 2020/2169/2471
f 2019/2168/2470 2023/2172/2474 1996/2145/2447
f 1996/2145/2447 1990/2139/2441 2019/2168/2470
f 2032/2181/2483 1994/2143/2445 1993/2142/2444
f 1993/2142/2444 2033/2182/2484 2032/2181/2483
f 2034/2183/2485 2024/2173/2475 1994/2143/2445
f 1994/2143/2445 2032/2181/2483 2034/2183/2485
f 1971/2120/2422 2035/2184/2486 2034/2183/2485
f 2034/2183/2485 1969/2118/2420 1971/2120/2422
f 2024/2173/2475 2034/2183/2485 2035/2184/2486
f 2035/2184/2486 2025/2174/2476 2024/2173/2475
f 1997/2146/2448 2036/2185/2487 2037/2186/2488
f 2037/2186/2488 1998/2147/2449 1997/2146/2448
f 2033/2182/2484 1965/2114/2416 1967/2116/2418
f 1967/2116/2418 2032/2181/2483 2033/2182/2484
f 2032/2181/2483 1967/2116/2418 1969/2118/2420
f 1969/2118/2420 2034/2183/2485 2032/2181/2483
f 2003/2152/2454 2038/2187/2489 2039/2188/2490
f 2039/2188/2490 2000/2149/2451 2003/2152/2454
f 2005/2154/2456 2040/2189/2491 2038/2187/2489
f 2038/2187/2489 2003/2152/2454 2005/2154/2456
f 2006/2155/2457 2041/2190/2492 2040/2189/2491
f 2040/2189/2491 2005/2154/2456 2006/2155/2457
f 2007/2156/2458 2042/2191/2493 2041/2190/2492
f 2041/2190/2492 2006/2155/2457 2007/2156/2458
f 2042/2191/2493 2007/2156/2458 1999/2148/2450
f 1999/2148/2450 2043/2192/2494 2042/2191/2493
f 1998/2147/2449 2044/2193/2495 2043/2192/2494
f 2043/2192/2494 1999/2148/2450 1998/2147/2449
f 2045/2194/2496 2044/2193/2495 1998/2147/2449
f 1998/2147/2449 2037/2186/2488 2045/2194/2496
f 2038/2187/2489 2046/2195/2497 2047/2196/2498
f 2047/2196/2498 2039/2188/2490 2038/2187/2489
f 2040/2189/2491 2048/2197/2499 2046/2195/2497
f 2046/2195/2497 2038/2187/2489 2040/2189/2491
f 2041/2190/2492 2049/2198/2500 2048/2197/2499
f 2048/2197/2499 2040/2189/2491 2041/2190/2492
f 2049/2198/2500 2041/2190/2492 2042/2191/2493
f 2042/2191/2493 2050/2199/2501 2049/2198/2500
f 2043/2192/2494 2051/2200/2502 2050/2199/2501
f 2050/2199/2501 2042/2191/2493 2043/2192/2494
f 2044/2193/2495 2052/2201/2503 2051/2200/2502
f 2051/2200/2502 2043/2192/2494 2044/2193/2495
f 2053/2202/2504 2052/2201/2503 2044/2193/2495
f 2044/2193/2495 2045/2194/2496 2053/2202/2504
f 2046/2195/2497 2054/2203/2505 2055/2204/2506
f 2055/2204/2506 2047/2196/2498 2046/2195/2497
f 2048/2197/2499 2056/2205/2507 2054/2203/2505
f 2054/2203/2505 2046/2195/2497 2048/2197/2499
f 2049/2198/2500 2057/2206/2508 2056/2205/2507
f 2056/2205/2507 2048/2197/2499 2049/2198/2500
f 2050/2199/2501 2058/2207/2509 2057/2206/2508
f 2057/2206/2508 2049/2198/2500 2050/2199/2501
f 2058/2207/2509 2050/2199/2501 2051/2200/2502
f 2051/2200/2502 2059/2208/2510 2058/2207/2509
f 2052/2201/2503 2060/2209/2511 2059/2208/2510
f 2059/2208/2510 2051/2200/2502 2052/2201/2503
f 2061/2210/2512 2060/2209/2511 2052/2201/2503
f 2052/2201/2503 2053/2202/2504 2061/2210/2512
f 2036/2185/2487 2062/2211/2513 2063/2212/2514
f 2063/2212/2514 2037/2186/2488 2036/2185/2487
f 2037/2186/2488 2063/2212/2514 2064/2213/2515
f 2064/2213/2515 2045/2194/2496 2037/2186/2488
f 2045/2194/2496 2064/2213/2515 2065/2214/2516
f 2065/2214/2516 2053/2202/2504 2045/2194/2496
f 2053/2202/2504 2065/2214/2516 2066/2215/2517
f 2066/2215/2517 2061/2210/2512 2053/2202/2504
f 1973/2122/2424 2062/2211/2513 2035/2184/2486
f 2035/2184/2486 1971/2120/2422 1973/2122/2424
f 2025/2174/2476 2035/2184/2486 2062/2211/2513
f 2062/2211/2513 2036/2185/2487 2025/2174/2476
f 2062/2211/2513 1973/2122/2424 1975/2124/2426
f 1975/2124/2426 2063/2212/2514 2062/2211/2513
f 1977/2126/2428 2064/2213/2515 2063/2212/2514
f 2063/2212/2514 1975/2124/2426 1977/2126/2428
f 1979/2128/2430 2065/2214/2516 2064/2213/2515
f 2064/2213/2515 1977/2126/2428 1979/2128/2430
f 2067/2216/2518 1979/2128/2430 2068/2217/2519
f 2065/2214/2516 1979/2128/2430 2067/2216/2518
f 2066/2215/2517 2065/2214/2516 2067/2216/2518
f 1925/2074/2376 1843/1992/2294 1846/1995/2297
f 1846/1995/2297 1882/2031/2333 1925/2074/2376
f 1816/1965/2267 1815/1964/2266 2069/2218/2520
f 2069/2218/2520 1942/2091/2393 1816/1965/2267
f 1942/2091/2393 2069/2218/2520 2070/2219/2521
f 2070/2219/2521 1943/2092/2394 1942/2091/2393
f 1943/2092/2394 2070/2219/2521 2071/2220/2522
f 2071/2220/2522 1944/2093/2395 1943/2092/2394
f 1944/2093/2395 2071/2220/2522 2072/2221/2523
f 2072/2221/2523 1945/2094/2396 1944/2093/2395
f 1945/2094/2396 2072/2221/2523 2073/2222/2524
f 2073/2222/2524 1946/2095/2397 1945/2094/2396
f 1946/2095/2397 2073/2222/2524 2074/2223/2525
f 2074/2223/2525 1947/2096/2398 1946/2095/2397
f 1947/2096/2398 2074/2223/2525 2075/2224/2526
f 2075/2224/2526 1948/2097/2399 1947/2096/2398
f 1948/2097/2399 2075/2224/2526 2076/2225/2527
f 2076/2225/2527 1949/2098/2400 1948/2097/2399
f 1949/2098/2400 2076/2225/2527 2077/2226/2528
f 2077/2226/2528 1950/2099/2401 1949/2098/2400
f 1815/1964/2266 1819/1968/2270 2078/2227/2529
f 2078/2227/2529 2069/2218/2520 1815/1964/2266
f 2069/2218/2520 2078/2227/2529 2079/2228/2530
f 2079/2228/2530 2070/2219/2521 2069/2218/2520
f 2070/2219/2521 2079/2228/2530 2080/2229/2531
f 2080/2229/2531 2071/2220/2522 2070/2219/2521
f 2071/2220/2522 2080/2229/2531 2081/2230/2532
f 2081/2230/2532 2072/2221/2523 2071/2220/2522
f 2072/2221/2523 2081/2230/2532 2082/2231/2533
f 2082/2231/2533 2073/2222/2524 2072/2221/2523
f 2073/2222/2524 2082/2231/2533 2083/2232/2534
f 2083/2232/2534 2074/2223/2525 2073/2222/2524
f 2074/2223/2525 2083/2232/2534 2084/2233/2535
f 2084/2233/2535 2075/2224/2526 2074/2223/2525
f 2075/2224/2526 2084/2233/2535 2085/2234/2536
f 2085/2234/2536 2076/2225/2527 2075/2224/2526
f 2076/2225/2527 2085/2234/2536 2086/2235/2537
f 2086/2235/2537 2077/2226/2528 2076/2225/2527
f 1819/1968/2270 1821/1970/2272 2087/2236/2538
f 2087/2236/2538 2078/2227/2529 1819/1968/2270
f 2078/2227/2529 2087/2236/2538 2088/2237/2539
f 2088/2237/2539 2079/2228/2530 2078/2227/2529
f 2079/2228/2530 2088/2237/2539 2089/2238/2540
f 2089/2238/2540 2080/2229/2531 2079/2228/2530
f 2080/2229/2531 2089/2238/2540 2090/2239/2541
f 2090/2239/2541 2081/2230/2532 2080/2229/2531
f 2081/2230/2532 2090/2239/2541 2091/2240/2542
f 2091/2240/2542 2082/2231/2533 2081/2230/2532
f 2082/2231/2533 2091/2240/2542 2092/2241/2543
f 2092/2241/2543 2083/2232/2534 2082/2231/2533
f 2083/2232/2534 2092/2241/2543 2093/2242/2544
f 2093/2242/2544 2084/2233/2535 2083/2232/2534
f 2084/2233/2535 2093/2242/2544 2094/2243/2545
f 2094/2243/2545 2085/2234/2536 2084/2233/2535
f 2085/2234/2536 2094/2243/2545 2095/2244/2546
f 2095/2244/2546 2086/2235/2537 2085/2234/2536
f 1821/1970/2272 1823/1972/2274 2096/2245/2547
f 2096/2245/2547 2087/2236/2538 1821/1970/2272
f 2087/2236/2538 2096/2245/2547 2097/2246/2548
f 2097/2246/2548 2088/2237/2539 2087/2236/2538
f 2088/2237/2539 2097/2246/2548 2098/2247/2549
f 2098/2247/2549 2089/2238/2540 2088/2237/2539
f 2089/2238/2540 2098/2247/2549 2099/2248/2550
f 2099/2248/2550 2090/2239/2541 2089/2238/2540
f 2090/2239/2541 2099/2248/2550 2100/2249/2551
f 2100/2249/2551 2091/2240/2542 2090/2239/2541
f 2091/2240/2542 2100/2249/2551 2101/2250/2552
f 2101/2250/2552 2092/2241/2543 2091/2240/2542
f 2092/2241/2543 2101/2250/2552 2102/2251/2553
f 2102/2251/2553 2093/2242/2544 2092/2241/2543
f 2093/2242/2544 2102/2251/2553 2103/2252/2554
f 2103/2252/2554 2094/2243/2545 2093/2242/2544
f 2094/2243/2545 2103/2252/2554 2104/2253/2555
f 2104/2253/2555 2095/2244/2546 2094/2243/2545
f 2014/2254/2465 2010/2255/2461 2105/2256/2556
f 2105/2256/2556 2106/2257/2557 2014/2254/2465
f 2107/2258/2558 2011/2160/2462 2014/2163/2465
f 2014/2163/2465 2106/2259/2557 2107/2258/2558
f 2108/2260/2559 2109/2261/2560 2031/2180/2482
f 2031/2180/2482 2030/2179/2481 2108/2260/2559
f 2110/2262/2561 2111/2263/2562 2028/2177/2479
f 2028/2177/2479 2027/2176/2478 2110/2262/2561
f 2112/2264/2563 2110/2262/2561 2027/2176/2478
f 2027/2176/2478 2026/2175/2477 2112/2264/2563
f 2011/2160/2462 2107/2258/2558 2113/2265/2564
f 2113/2265/2564 2026/2175/2477 2011/2160/2462
f 2001/2266/2452 2114/2267/2565 2105/2256/2556
f 2105/2256/2556 2010/2255/2461 2001/2266/2452
f 2115/2268/2566 2116/2269/2567 2117/2270/2568
f 2115/2268/2566 2117/2270/2568 2118/2271/2569
f 2115/2268/2566 2118/2271/2569 2119/2272/2570
f 2120/2273/2571 2105/2256/2556 2114/2267/2565
f 2114/2267/2565 2121/2274/2572 2120/2273/2571
f 2105/2256/2556 2120/2273/2571 2122/2275/2573
f 2122/2275/2573 2106/2257/2557 2105/2256/2556
f 2107/2276/2558 2106/2257/2557 2122/2275/2573
f 2122/2275/2573 2123/2277/2574 2107/2276/2558
f 2107/2276/2558 2123/2277/2574 2124/2278/2575
f 2124/2278/2575 2113/2279/2564 2107/2276/2558
f 2125/2280/2576 2126/2281/2577 1824/2282/2275
f 1824/2282/2275 1827/2283/2278 2125/2280/2576
f 2127/2284/2578 2119/2272/2570 2128/2285/2579
f 2127/2284/2578 2124/2278/2575 2123/2277/2574
f 2123/2277/2574 2119/2272/2570 2127/2284/2578
f 2119/2272/2570 2123/2277/2574 2122/2275/2573
f 2122/2275/2573 2115/2268/2566 2119/2272/2570
f 2115/2268/2566 2122/2275/2573 2120/2273/2571
f 2120/2273/2571 2129/2286/2580 2115/2268/2566
f 2129/2286/2580 2120/2273/2571 2121/2274/2572
f 2121/2274/2572 2130/2287/2581 2129/2286/2580
f 2130/2287/2581 2121/2274/2572 2131/2288/2582
f 2131/2288/2582 2132/2289/2583 2130/2287/2581
f 2116/2269/2567 2115/2268/2566 2129/2286/2580
f 2129/2286/2580 2133/2290/2584 2116/2269/2567
f 2133/2290/2584 2129/2286/2580 2130/2287/2581
f 2130/2287/2581 2134/2291/2585 2133/2290/2584
f 2134/2291/2585 2130/2287/2581 2132/2289/2583
f 2132/2289/2583 2135/2292/2586 2134/2291/2585
f 2029/2178/2480 2028/2177/2479 2111/2263/2562
f 2111/2263/2562 2136/2293/2587 2029/2178/2480
f 2114/2267/2565 2001/2266/2452 2000/2294/2451
f 2000/2294/2451 2137/2295/2588 2114/2267/2565
f 2131/2288/2582 2121/2274/2572 2114/2267/2565
f 2114/2267/2565 2137/2295/2588 2131/2288/2582
f 2039/2296/2490 2138/2297/2589 2137/2295/2588
f 2137/2295/2588 2000/2294/2451 2039/2296/2490
f 2047/2298/2498 2139/2299/2590 2138/2297/2589
f 2138/2297/2589 2039/2296/2490 2047/2298/2498
f 2055/2300/2506 2140/2301/2591 2139/2299/2590
f 2139/2299/2590 2047/2298/2498 2055/2300/2506
f 2138/2297/2589 2141/2302/2592 2131/2288/2582
f 2131/2288/2582 2137/2295/2588 2138/2297/2589
f 2139/2299/2590 2142/2303/2593 2141/2302/2592
f 2141/2302/2592 2138/2297/2589 2139/2299/2590
f 2140/2301/2591 2143/2304/2594 2142/2303/2593
f 2142/2303/2593 2139/2299/2590 2140/2301/2591
f 2141/2302/2592 2144/2305/2595 2132/2289/2583
f 2132/2289/2583 2131/2288/2582 2141/2302/2592
f 2142/2303/2593 2145/2306/2596 2144/2305/2595
f 2144/2305/2595 2141/2302/2592 2142/2303/2593
f 2143/2304/2594 2146/2307/2597 2145/2306/2596
f 2145/2306/2596 2142/2303/2593 2143/2304/2594
f 2144/2305/2595 2147/2308/2598 2135/2292/2586
f 2135/2292/2586 2132/2289/2583 2144/2305/2595
f 2145/2306/2596 2148/2309/2599 2147/2308/2598
f 2147/2308/2598 2144/2305/2595 2145/2306/2596
f 2146/2307/2597 2149/2310/2600 2150/2311/2601
f 2146/2307/2597 2150/2311/2601 2151/2312/2602
f 2146/2307/2597 2151/2312/2602 2148/2309/2599
f 2148/2309/2599 2145/2306/2596 2146/2307/2597
f 2152/2313/2603 2153/2314/2604 2154/2315/2605
f 2155/2316/2606 2156/2317/2607 2157/2318/2608
f 2154/2315/2605 2155/2316/2606 2157/2318/2608
f 2152/2313/2603 2154/2315/2605 2157/2318/2608
f 2154/2315/2605 2158/2319/2609 2159/2320/2610
f 2159/2320/2610 2155/2316/2606 2154/2315/2605
f 2158/2319/2609 2160/2321/2611 2161/2322/2612
f 2161/2322/2612 2159/2320/2610 2158/2319/2609
f 2160/2321/2611 2162/2323/2613 2163/2324/2614
f 2163/2324/2614 2161/2322/2612 2160/2321/2611
f 2162/2323/2613 2102/2251/2553 2101/2250/2552
f 2101/2250/2552 2163/2324/2614 2162/2323/2613
f 2155/2316/2606 2164/2325/2615 2165/2326/2616
f 2165/2326/2616 2156/2317/2607 2155/2316/2606
f 2159/2320/2610 2166/2327/2617 2164/2325/2615
f 2164/2325/2615 2155/2316/2606 2159/2320/2610
f 2161/2322/2612 2167/2328/2618 2166/2327/2617
f 2166/2327/2617 2159/2320/2610 2161/2322/2612
f 2163/2324/2614 2168/2329/2619 2167/2328/2618
f 2167/2328/2618 2161/2322/2612 2163/2324/2614
f 2101/2250/2552 2100/2249/2551 2168/2329/2619
f 2168/2329/2619 2163/2324/2614 2101/2250/2552
f 2164/2325/2615 2169/2330/2620 2170/2331/2621
f 2170/2331/2621 2165/2326/2616 2164/2325/2615
f 2166/2327/2617 2171/2332/2622 2169/2330/2620
f 2169/2330/2620 2164/2325/2615 2166/2327/2617
f 2167/2328/2618 2172/2333/2623 2171/2332/2622
f 2171/2332/2622 2166/2327/2617 2167/2328/2618
f 2168/2329/2619 2173/2334/2624 2172/2333/2623
f 2172/2333/2623 2167/2328/2618 2168/2329/2619
f 2100/2249/2551 2099/2248/2550 2173/2334/2624
f 2173/2334/2624 2168/2329/2619 2100/2249/2551
f 2169/2330/2620 2174/2335/2625 2175/2336/2626
f 2175/2336/2626 2170/2331/2621 2169/2330/2620
f 2171/2332/2622 2176/2337/2627 2174/2335/2625
f 2174/2335/2625 2169/2330/2620 2171/2332/2622
f 2172/2333/2623 2177/2338/2628 2176/2337/2627
f 2176/2337/2627 2171/2332/2622 2172/2333/2623
f 2173/2334/2624 2178/2339/2629 2177/2338/2628
f 2177/2338/2628 2172/2333/2623 2173/2334/2624
f 2099/2248/2550 2098/2247/2549 2178/2339/2629
f 2178/2339/2629 2173/2334/2624 2099/2248/2550
f 2174/2335/2625 2179/2340/2630 2180/2341/2631
f 2180/2341/2631 2175/2336/2626 2174/2335/2625
f 2176/2337/2627 2181/2342/2632 2179/2340/2630
f 2179/2340/2630 2174/2335/2625 2176/2337/2627
f 2177/2338/2628 2182/2343/2633 2181/2342/2632
f 2181/2342/2632 2176/2337/2627 2177/2338/2628
f 2178/2339/2629 2183/2344/2634 2182/2343/2633
f 2182/2343/2633 2177/2338/2628 2178/2339/2629
f 2098/2247/2549 2097/2246/2548 2183/2344/2634
f 2183/2344/2634 2178/2339/2629 2098/2247/2549
f 2179/2340/2630 2184/2345/2635 2185/2346/2636
f 2185/2346/2636 2180/2341/2631 2179/2340/2630
f 2181/2342/2632 2186/2347/2637 2184/2345/2635
f 2184/2345/2635 2179/2340/2630 2181/2342/2632
f 2182/2343/2633 2187/2348/2638 2186/2347/2637
f 2186/2347/2637 2181/2342/2632 2182/2343/2633
f 2183/2344/2634 2188/2349/2639 2187/2348/2638
f 2187/2348/2638 2182/2343/2633 2183/2344/2634
f 2097/2246/2548 2096/2245/2547 2188/2349/2639
f 2188/2349/2639 2183/2344/2634 2097/2246/2548
f 2184/2345/2635 2189/2350/2640 2190/2351/2641
f 2190/2351/2641 2191/2352/2642 2184/2345/2635
f 2184/2345/2635 2191/2352/2642 2185/2346/2636
f 2186/2347/2637 1832/1981/2283 2189/2350/2640
f 2189/2350/2640 2184/2345/2635 2186/2347/2637
f 2187/2348/2638 1829/1978/2280 1832/1981/2283
f 1832/1981/2283 2186/2347/2637 2187/2348/2638
f 2188/2349/2639 1833/1982/2284 1829/1978/2280
f 1829/1978/2280 2187/2348/2638 2188/2349/2639
f 2096/2245/2547 1823/1972/2274 1833/1982/2284
f 1833/1982/2284 2188/2349/2639 2096/2245/2547
f 1832/1981/2283 1831/1980/2282 1854/2003/2305
f 1854/2003/2305 2189/2350/2640 1832/1981/2283
f 2192/2353/2643 2112/2264/2563 2026/2175/2477
f 2026/2175/2477 2113/2265/2564 2192/2353/2643
f 2193/2354/2644 2194/2355/2645 1993/2142/2444
f 1993/2142/2444 1992/2141/2443 2193/2354/2644
f 2109/2261/2560 2193/2354/2644 1992/2141/2443
f 1992/2141/2443 2031/2180/2482 2109/2261/2560
f 1993/2142/2444 2195/2356/2646 2033/2182/2484
f 2196/2357/2647 1993/2142/2444 2194/2355/2645
f 1965/2114/2416 2197/2358/2648 2198/2359/2649
f 2197/2358/2648 1965/2114/2416 2033/2182/2484
f 2033/2182/2484 2195/2356/2646 2197/2358/2648
f 2124/2278/2575 2199/2360/2650 2192/2361/2643
f 2192/2361/2643 2113/2279/2564 2124/2278/2575
f 2124/2278/2575 2127/2284/2578 2200/2362/2651
f 2200/2362/2651 2199/2360/2650 2124/2278/2575
f 1869/2018/2320 1825/1974/2276 2201/2363/2652
f 2030/2179/2481 2029/2178/2480 2136/2293/2587
f 2136/2293/2587 2108/2260/2559 2030/2179/2481
f 2007/2156/2458 1987/2136/2438 1991/2140/2442
f 1991/2140/2442 1999/2148/2450 2007/2156/2458
f 2036/2185/2487 1997/2146/2448 1996/2145/2447
f 1996/2145/2447 2025/2174/2476 2036/2185/2487
f 2202/2364/2653 2203/2365/2654 2204/2366/2655
f 2204/2366/2655 2205/2367/2656 2202/2364/2653
f 2206/2368/2657 2055/2204/2506 2054/2203/2505
f 2054/2203/2505 2207/2369/2658 2206/2368/2657
f 2203/2365/2654 2202/2364/2653 2208/2370/2659
f 2208/2370/2659 2209/2371/2660 2203/2365/2654
f 2056/2205/2507 2210/2372/2661 2207/2369/2658
f 2207/2369/2658 2054/2203/2505 2056/2205/2507
f 2211/2373/2662 2212/2374/2663 2209/2371/2660
f 2209/2371/2660 2208/2370/2659 2211/2373/2662
f 2210/2372/2661 2056/2205/2507 2057/2206/2508
f 2057/2206/2508 2213/2375/2664 2210/2372/2661
f 2214/2376/2665 2215/2377/2666 2216/2378/2667
f 2216/2378/2667 2217/2379/2668 2214/2376/2665
f 2218/2380/2669 2058/2207/2509 2059/2208/2510
f 2059/2208/2510 2219/2381/2670 2218/2380/2669
f 2215/2377/2666 2214/2376/2665 2220/2382/2671
f 2220/2382/2671 2221/2383/2672 2215/2377/2666
f 2060/2209/2511 2222/2384/2673 2219/2381/2670
f 2219/2381/2670 2059/2208/2510 2060/2209/2511
f 2220/2382/2671 2223/2385/2674 2224/2386/2675
f 2224/2386/2675 2221/2383/2672 2220/2382/2671
f 2225/2387/2676 2222/2384/2673 2060/2209/2511
f 2060/2209/2511 2061/2210/2512 2225/2387/2676
f 2061/2210/2512 2066/2215/2517 2226/2388/2677
f 2226/2388/2677 2225/2387/2676 2061/2210/2512
f 2227/2389/2678 2224/2386/2675 2223/2385/2674
f 2223/2385/2674 2228/2390/2679 2227/2389/2678
f 2229/2391/2680 1982/2131/2433 2230/2392/2681
f 2229/2391/2680 1983/2132/2434 1982/2131/2433
f 2231/2393/2682 2232/2394/2683 2205/2395/2656
f 2205/2395/2656 2204/2396/2655 2231/2393/2682
f 2055/2300/2506 2206/2397/2657 2233/2398/2684
f 2233/2398/2684 2140/2301/2591 2055/2300/2506
f 2232/2394/2683 2231/2393/2682 2234/2399/2685
f 2234/2399/2685 2235/2400/2686 2232/2394/2683
f 2236/2401/2687 2143/2304/2594 2140/2301/2591
f 2140/2301/2591 2233/2398/2684 2236/2401/2687
f 2237/2402/2688 2238/2403/2689 2235/2400/2686
f 2235/2400/2686 2234/2399/2685 2237/2402/2688
f 2143/2304/2594 2236/2401/2687 2239/2404/2690
f 2239/2404/2690 2146/2307/2597 2143/2304/2594
f 2240/2405/2691 2241/2406/2692 2242/2407/2693
f 2238/2403/2689 2237/2402/2688 2240/2405/2691
f 2240/2405/2691 2242/2407/2693 2238/2403/2689
f 2243/2408/2694 2149/2310/2600 2146/2307/2597
f 2146/2307/2597 2239/2404/2690 2243/2408/2694
f 2153/2314/2604 2240/2405/2691 2244/2409/2695
f 2244/2409/2695 2154/2315/2605 2153/2314/2604
f 2240/2405/2691 2153/2314/2604 2241/2406/2692
f 2245/2410/2696 2158/2319/2609 2154/2315/2605
f 2154/2315/2605 2244/2409/2695 2245/2410/2696
f 2246/2411/2697 2160/2321/2611 2158/2319/2609
f 2158/2319/2609 2245/2410/2696 2246/2411/2697
f 2247/2412/2698 2162/2323/2613 2160/2321/2611
f 2160/2321/2611 2246/2411/2697 2247/2412/2698
f 2103/2252/2554 2102/2251/2553 2162/2323/2613
f 2162/2323/2613 2247/2412/2698 2103/2252/2554
f 2212/2374/2663 2211/2373/2662 2217/2379/2668
f 2217/2379/2668 2216/2378/2667 2212/2374/2663
f 2058/2207/2509 2218/2380/2669 2213/2375/2664
f 2213/2375/2664 2057/2206/2508 2058/2207/2509
f 2248/2413/2699 2204/2366/2655 2203/2365/2654
f 2203/2365/2654 2249/2414/2700 2248/2413/2699
f 2249/2414/2700 2203/2365/2654 2209/2371/2660
f 2209/2371/2660 2250/2415/2701 2249/2414/2700
f 2250/2415/2701 2209/2371/2660 2212/2374/2663
f 2212/2374/2663 2251/2416/2702 2250/2415/2701
f 2252/2417/2703 2216/2378/2667 2215/2377/2666
f 2215/2377/2666 2253/2418/2704 2252/2417/2703
f 2253/2418/2704 2215/2377/2666 2221/2383/2672
f 2221/2383/2672 2254/2419/2705 2253/2418/2704
f 2254/2419/2705 2221/2383/2672 2224/2386/2675
f 2224/2386/2675 2255/2420/2706 2254/2419/2705
f 2256/2421/2707 2257/2422/2708 2258/2423/2709
f 2258/2423/2709 2259/2424/2710 2256/2421/2707
f 2256/2421/2707 2259/2424/2710 2260/2425/2711
f 2224/2386/2675 2261/2426/2712 2255/2420/2706
f 2262/2427/2713 2255/2420/2706 2261/2426/2712
f 2261/2426/2712 2257/2422/2708 2262/2427/2713
f 2263/2428/2714 2231/2393/2682 2204/2396/2655
f 2204/2396/2655 2248/2429/2699 2263/2428/2714
f 2264/2430/2715 2234/2399/2685 2231/2393/2682
f 2231/2393/2682 2263/2428/2714 2264/2430/2715
f 2265/2431/2716 2237/2402/2688 2234/2399/2685
f 2234/2399/2685 2264/2430/2715 2265/2431/2716
f 2266/2432/2717 2240/2405/2691 2237/2402/2688
f 2237/2402/2688 2265/2431/2716 2266/2432/2717
f 2267/2433/2718 2244/2409/2695 2240/2405/2691
f 2240/2405/2691 2266/2432/2717 2267/2433/2718
f 2268/2434/2719 2245/2410/2696 2244/2409/2695
f 2244/2409/2695 2267/2433/2718 2268/2434/2719
f 2269/2435/2720 2246/2411/2697 2245/2410/2696
f 2245/2410/2696 2268/2434/2719 2269/2435/2720
f 2270/2436/2721 2271/2437/2722 2246/2411/2697
f 2272/2438/2723 2273/2439/2724 2247/2412/2698
f 2251/2416/2702 2212/2374/2663 2216/2378/2667
f 2216/2378/2667 2252/2417/2703 2251/2416/2702
f 2274/2440/2725 2248/2413/2699 2249/2414/2700
f 2249/2414/2700 2275/2441/2726 2274/2440/2725
f 2275/2441/2726 2249/2414/2700 2250/2415/2701
f 2250/2415/2701 2276/2442/2727 2275/2441/2726
f 2276/2442/2727 2250/2415/2701 2251/2416/2702
f 2251/2416/2702 2277/2443/2728 2276/2442/2727
f 2278/2444/2729 2252/2417/2703 2253/2418/2704
f 2253/2418/2704 2279/2445/2730 2278/2444/2729
f 2279/2445/2730 2253/2418/2704 2254/2419/2705
f 2254/2419/2705 2280/2446/2731 2279/2445/2730
f 2281/2447/2732 2282/2448/2733 2283/2449/2734
f 2284/2450/2735 2254/2419/2705 2255/2420/2706
f 2285/2451/2736 2286/2452/2737 1985/2134/2436
f 2287/2453/2738 2263/2428/2714 2248/2429/2699
f 2248/2429/2699 2274/2454/2725 2287/2453/2738
f 2288/2455/2739 2264/2430/2715 2263/2428/2714
f 2263/2428/2714 2287/2453/2738 2288/2455/2739
f 2289/2456/2740 2265/2431/2716 2264/2430/2715
f 2264/2430/2715 2288/2455/2739 2289/2456/2740
f 2290/2457/2741 2266/2432/2717 2265/2431/2716
f 2265/2431/2716 2289/2456/2740 2290/2457/2741
f 2291/2458/2742 2267/2433/2718 2266/2432/2717
f 2266/2432/2717 2290/2457/2741 2291/2458/2742
f 2292/2459/2743 2268/2434/2719 2267/2433/2718
f 2267/2433/2718 2291/2458/2742 2292/2459/2743
f 2293/2460/2744 2269/2435/2720 2268/2434/2719
f 2268/2434/2719 2292/2459/2743 2293/2460/2744
f 2277/2443/2728 2251/2416/2702 2252/2417/2703
f 2252/2417/2703 2278/2444/2729 2277/2443/2728
f 2294/2461/2745 2274/2440/2725 2275/2441/2726
f 2275/2441/2726 2295/2462/2746 2294/2461/2745
f 2295/2462/2746 2275/2441/2726 2276/2442/2727
f 2276/2442/2727 2296/2463/2747 2295/2462/2746
f 2296/2463/2747 2276/2442/2727 2277/2443/2728
f 2277/2443/2728 2297/2464/2748 2296/2463/2747
f 2298/2465/2749 2278/2444/2729 2279/2445/2730
f 2279/2445/2730 2299/2466/2750 2298/2465/2749
f 2299/2466/2750 2279/2445/2730 2280/2446/2731
f 2280/2446/2731 2300/2467/2751 2299/2466/2750
f 2301/2468/2752 2302/2469/2753 2282/2448/2733
f 2280/2446/2731 2283/2449/2734 2300/2467/2751
f 2302/2469/2753 2303/2470/2754 2304/2471/2755
f 2304/2471/2755 2283/2449/2734 2302/2469/2753
f 2305/2472/2756 2306/2473/2757 2307/2474/2758
f 2282/2448/2733 2302/2469/2753 2283/2449/2734
f 2303/2470/2754 2308/2475/2759 2305/2472/2756
f 2305/2472/2756 2309/2476/2760 2303/2470/2754
f 2306/2473/2757 2305/2472/2756 2308/2475/2759
f 2305/2472/2756 2307/2474/2758 2310/2477/2761
f 2311/2478/2762 2287/2453/2738 2274/2454/2725
f 2274/2454/2725 2294/2479/2745 2311/2478/2762
f 2312/2480/2763 2288/2455/2739 2287/2453/2738
f 2287/2453/2738 2311/2478/2762 2312/2480/2763
f 2313/2481/2764 2289/2456/2740 2288/2455/2739
f 2288/2455/2739 2312/2480/2763 2313/2481/2764
f 2314/2482/2765 2290/2457/2741 2289/2456/2740
f 2289/2456/2740 2313/2481/2764 2314/2482/2765
f 2315/2483/2766 2291/2458/2742 2290/2457/2741
f 2290/2457/2741 2314/2482/2765 2315/2483/2766
f 2316/2484/2767 2292/2459/2743 2291/2458/2742
f 2291/2458/2742 2315/2483/2766 2316/2484/2767
f 2317/2485/2768 2293/2460/2744 2292/2459/2743
f 2292/2459/2743 2316/2484/2767 2317/2485/2768
f 2318/2486/2769 2319/2487/2770 2293/2460/2744
f 2293/2460/2744 2317/2485/2768 2318/2486/2769
f 2320/2488/2771 2318/2486/2769 2321/2489/2772
f 2321/2489/2772 2322/2490/2773 2320/2488/2771
f 2297/2464/2748 2277/2443/2728 2278/2444/2729
f 2278/2444/2729 2298/2465/2749 2297/2464/2748
f 1941/2090/2392 1940/2089/2391 2323/2491/2774
f 2323/2491/2774 2324/2492/2775 1941/2090/2392
f 1940/2089/2391 1950/2099/2401 2325/2493/2776
f 2325/2493/2776 2323/2491/2774 1940/2089/2391
f 1950/2099/2401 2077/2226/2528 2326/2494/2777
f 2326/2494/2777 2325/2493/2776 1950/2099/2401
f 2077/2226/2528 2086/2235/2537 2327/2495/2778
f 2327/2495/2778 2326/2494/2777 2077/2226/2528
f 2328/2496/2779 2329/2497/2780 2330/2498/2781
f 2330/2498/2781 2327/2495/2778 2328/2496/2779
f 2327/2495/2778 2086/2235/2537 2328/2496/2779
f 2329/2497/2780 2331/2499/2782 2332/2500/2783
f 2332/2500/2783 2330/2498/2781 2329/2497/2780
f 2331/2499/2782 2333/2501/2784 2334/2502/2785
f 2334/2502/2785 2332/2500/2783 2331/2499/2782
f 2333/2501/2784 2335/2503/2786 2336/2504/2787
f 2336/2504/2787 2334/2502/2785 2333/2501/2784
f 2335/2503/2786 2337/2505/2788 2338/2506/2789
f 2338/2506/2789 2336/2504/2787 2335/2503/2786
f 2337/2505/2788 2339/2507/2790 2340/2508/2791
f 2340/2508/2791 2338/2506/2789 2337/2505/2788
f 2339/2507/2790 2341/2509/2792 2342/2510/2793
f 2342/2510/2793 2340/2508/2791 2339/2507/2790
f 2341/2509/2792 2343/2511/2794 2344/2512/2795
f 2344/2512/2795 2342/2510/2793 2341/2509/2792
f 2345/2513/2796 2346/2514/2797 2347/2515/2798
f 2347/2515/2798 2348/2516/2799 2345/2513/2796
f 2346/2514/2797 2349/2517/2800 2350/2518/2801
f 2350/2518/2801 2347/2515/2798 2346/2514/2797
f 2349/2517/2800 2351/2519/2802 2352/2520/2803
f 2352/2520/2803 2350/2518/2801 2349/2517/2800
f 2351/2519/2802 2353/2521/2804 2354/2522/2805
f 2354/2522/2805 2352/2520/2803 2351/2519/2802
f 2353/2521/2804 2355/2523/2806 2356/2524/2807
f 2356/2524/2807 2354/2522/2805 2353/2521/2804
f 2355/2523/2806 2357/2525/2808 2358/2526/2809
f 2358/2526/2809 2356/2524/2807 2355/2523/2806
f 2357/2525/2808 2359/2527/2810 2360/2528/2811
f 2360/2528/2811 2358/2526/2809 2357/2525/2808
f 2359/2527/2810 2361/2529/2812 2362/2530/2813
f 2362/2530/2813 2360/2528/2811 2359/2527/2810
f 1984/2133/2435 1901/2050/2352 2363/2531/2814
f 2363/2531/2814 2362/2530/2813 1984/2133/2435
f 1901/2050/2352 1902/2051/2353 2364/2532/2815
f 2364/2532/2815 2363/2531/2814 1901/2050/2352
f 1902/2051/2353 1912/2061/2363 2365/2533/2816
f 2365/2533/2816 2364/2532/2815 1902/2051/2353
f 1912/2061/2363 1922/2071/2373 2366/2534/2817
f 2366/2534/2817 2365/2533/2816 1912/2061/2363
f 1984/2133/2435 2362/2530/2813 2361/2529/2812
f 2355/2523/2806 2310/2477/2761 2357/2525/2808
f 2357/2525/2808 2310/2477/2761 2285/2451/2736
f 2285/2451/2736 2359/2527/2810 2357/2525/2808
f 2361/2529/2812 2359/2527/2810 1985/2134/2436
f 2361/2529/2812 1985/2134/2436 1984/2133/2435
f 2367/2535/2818 2368/2536/2819 2335/2503/2786
f 2335/2503/2786 2333/2501/2784 2367/2535/2818
f 2321/2489/2772 2368/2536/2819 2369/2537/2820
f 2367/2535/2818 2369/2537/2820 2368/2536/2819
f 2367/2535/2818 2370/2538/2821 2371/2539/2822
f 2372/2540/2823 2369/2537/2820 2367/2535/2818
f 2331/2499/2782 2329/2497/2780 2367/2535/2818
f 2367/2535/2818 2333/2501/2784 2331/2499/2782
f 2373/2541/2824 2126/2281/2577 2125/2280/2576
f 2125/2280/2576 2374/2542/2825 2373/2541/2824
f 1878/2027/2329 1879/2028/2330 2375/2543/2826
f 2375/2543/2826 2376/2544/2827 1878/2027/2329
f 2377/2545/2828 2378/2546/2829 2379/2547/2830
f 2379/2547/2830 2380/2548/2831 2377/2545/2828
f 2376/2544/2827 2375/2543/2826 2377/2545/2828
f 2377/2545/2828 2380/2548/2831 2376/2544/2827
f 2374/2542/2832 2379/2547/2830 2378/2546/2829
f 2378/2546/2829 2373/2541/2833 2374/2542/2832
f 1877/2026/2328 1876/2025/2327 2381/2549/2834
f 2381/2549/2834 1857/2006/2308 1860/2009/2311
f 1860/2009/2311 1877/2026/2328 2381/2549/2834
f 2382/2550/2835 1965/2114/2416 2198/2359/2649
f 1854/2003/2305 1853/2002/2304 1870/2019/2321
f 1870/2019/2321 2383/2551/2836 1854/2003/2305
f 1870/2019/2321 1853/2002/2304 2384/2552/2837
f 2384/2552/2837 1867/2016/2318 1870/2019/2321
f 1853/2002/2304 1862/2011/2313 2384/2552/2837
f 2119/2272/2570 2118/2271/2569 2385/2553/2838
f 2119/2272/2570 2385/2553/2838 2386/2554/2839
f 2119/2272/2570 2386/2554/2839 2128/2285/2579
f 2387/2555/2840 2383/2551/2836 2388/2556/2841
f 2189/2350/2640 1854/2003/2305 2383/2551/2836
f 2383/2551/2836 2389/2557/2842 2189/2350/2640
f 1869/2018/2320 2390/2558/2843 2388/2556/2841
f 1869/2018/2320 2388/2556/2841 2383/2551/2836
f 1869/2018/2320 2383/2551/2836 1870/2019/2321
f 2328/2496/2779 2086/2235/2537 2095/2244/2546
f 2095/2244/2546 2329/2497/2780 2328/2496/2779
f 2329/2497/2780 2370/2538/2821 2367/2535/2818
f 1985/2134/2436 2359/2527/2810 2285/2451/2736
f 2304/2471/2755 2300/2467/2751 2283/2449/2734
f 2068/2217/2519 1979/2128/2430 2391/2559/2844
f 1978/2127/2429 2392/2560/2845 1979/2128/2430
f 2391/2559/2844 1979/2128/2430 2393/2561/2846
f 1981/2130/2432 1960/2109/2411 1959/2108/2410
f 2337/2505/2788 2335/2503/2786 2368/2536/2819
f 2394/2562/2847 2337/2505/2788 2368/2536/2819
f 2321/2489/2772 2394/2562/2847 2368/2536/2819
f 2395/2563/2848 2396/2564/2849 2337/2505/2788
f 2337/2505/2788 2394/2562/2847 2395/2563/2848
f 2395/2563/2848 2394/2562/2847 2321/2489/2772
f 2339/2507/2790 2337/2505/2788 2396/2564/2849
f 2355/2523/2806 2353/2521/2804 2305/2472/2756
f 2305/2472/2756 2310/2477/2761 2355/2523/2806
f 2351/2519/2802 2309/2476/2760 2305/2472/2756
f 2305/2472/2756 2353/2521/2804 2351/2519/2802
f 2397/2565/2850 2398/2566/2851 2399/2567/2852
f 2399/2567/2852 2400/2568/2853 2397/2565/2850
f 2398/2566/2851 2401/2569/2854 2402/2570/2855
f 2402/2570/2855 2399/2567/2852 2398/2566/2851
f 2401/2569/2854 2403/2571/2856 2404/2572/2857
f 2404/2572/2857 2402/2570/2855 2401/2569/2854
f 2403/2571/2856 2405/2573/2858 2406/2574/2859
f 2406/2574/2859 2404/2572/2857 2403/2571/2856
f 2405/2573/2858 2407/2575/2860 2408/2576/2861
f 2408/2576/2861 2406/2574/2859 2405/2573/2858
f 2407/2575/2860 2409/2577/2862 2410/2578/2863
f 2410/2578/2863 2408/2576/2861 2407/2575/2860
f 2409/2577/2862 2411/2579/2864 2412/2580/2865
f 2412/2580/2865 2410/2578/2863 2409/2577/2862
f 2411/2579/2864 2413/2581/2866 2414/2582/2867
f 2414/2582/2867 2412/2580/2865 2411/2579/2864
f 2413/2581/2866 2415/2583/2868 2416/2584/2869
f 2416/2584/2869 2414/2582/2867 2413/2581/2866
f 2415/2583/2868 2417/2585/2870 2418/2586/2871
f 2418/2586/2871 2416/2584/2869 2415/2583/2868
f 2417/2585/2870 2419/2587/2872 2420/2588/2873
f 2420/2588/2873 2418/2586/2871 2417/2585/2870
f 2419/2587/2872 2421/2589/2874 2422/2590/2875
f 2422/2590/2875 2420/2588/2873 2419/2587/2872
f 2400/2568/2853 2399/2567/2852 1842/1991/2293
f 1842/1991/2293 1841/1990/2876 2400/2568/2853
f 2398/2566/2851 2397/2565/2850 1844/1993/2877
f 1844/1993/2877 1843/1992/2294 2398/2566/2851
f 2399/2567/2852 2402/2570/2855 1913/2062/2364
f 1913/2062/2364 1842/1991/2293 2399/2567/2852
f 2402/2570/2855 2404/2572/2857 1914/2063/2365
f 1914/2063/2365 1913/2062/2364 2402/2570/2855
f 2404/2572/2857 2406/2574/2859 1915/2064/2366
f 1915/2064/2366 1914/2063/2365 2404/2572/2857
f 2406/2574/2859 2408/2576/2861 1916/2065/2367
f 1916/2065/2367 1915/2064/2366 2406/2574/2859
f 2408/2576/2861 2410/2578/2863 1917/2066/2368
f 1917/2066/2368 1916/2065/2367 2408/2576/2861
f 2410/2578/2863 2412/2580/2865 1918/2067/2369
f 1918/2067/2369 1917/2066/2368 2410/2578/2863
f 2412/2580/2865 2414/2582/2867 1919/2068/2370
f 1919/2068/2370 1918/2067/2369 2412/2580/2865
f 2414/2582/2867 2416/2584/2869 1920/2069/2371
f 1920/2069/2371 1919/2068/2370 2414/2582/2867
f 2416/2584/2869 2418/2586/2871 1921/2070/2372
f 1921/2070/2372 1920/2069/2371 2416/2584/2869
f 2418/2586/2871 2420/2588/2873 1922/2071/2373
f 1922/2071/2373 1921/2070/2372 2418/2586/2871
f 2403/2571/2856 2401/2569/2854 1925/2074/2376
f 1925/2074/2376 1924/2073/2375 2403/2571/2856
f 2405/2573/2858 2403/2571/2856 1924/2073/2375
f 1924/2073/2375 1927/2076/2378 2405/2573/2858
f 2407/2575/2860 2405/2573/2858 1927/2076/2378
f 1927/2076/2378 1929/2078/2380 2407/2575/2860
f 2409/2577/2862 2407/2575/2860 1929/2078/2380
f 1929/2078/2380 1931/2080/2382 2409/2577/2862
f 2411/2579/2864 2409/2577/2862 1931/2080/2382
f 1931/2080/2382 1933/2082/2384 2411/2579/2864
f 2413/2581/2866 2411/2579/2864 1933/2082/2384
f 1933/2082/2384 1935/2084/2386 2413/2581/2866
f 2415/2583/2868 2413/2581/2866 1935/2084/2386
f 1935/2084/2386 1937/2086/2388 2415/2583/2868
f 2417/2585/2870 2415/2583/2868 1937/2086/2388
f 1937/2086/2388 1939/2088/2390 2417/2585/2870
f 2419/2587/2872 2417/2585/2870 1939/2088/2390
f 1939/2088/2390 1941/2090/2392 2419/2587/2872
f 2401/2569/2854 2398/2566/2851 1843/1992/2294
f 1843/1992/2294 1925/2074/2376 2401/2569/2854
f 2421/2589/2874 2419/2587/2872 1941/2090/2392
f 1941/2090/2392 2324/2492/2878 2421/2589/2874
f 2420/2588/2873 2422/2590/2875 2366/2534/2817
f 2366/2534/2817 1922/2071/2373 2420/2588/2873
f 2397/2565/2850 2400/2568/2853 1841/1990/2876
f 1841/1990/2876 1844/1993/2877 2397/2565/2850
f 2423/2591/2879 2226/2388/2677 2066/2215/2517
f 2066/2215/2517 2067/2216/2518 2423/2591/2879
f 2389/2557/2842 2383/2551/2836 2387/2555/2840
f 1869/2018/2320 2201/2363/2652 2390/2558/2843
f 2190/2351/2641 2189/2350/2640 2389/2557/2842
f 2228/2390/2679 2229/2391/2680 2230/2392/2681
f 2230/2392/2681 2227/2389/2678 2228/2390/2679
f 2424/2592/2880 2425/2593/2881 2426/2594/2882
f 2426/2594/2882 2427/2595/2883 2424/2592/2880
f 2428/2596/2884 2429/2597/2885 2430/2598/2886
f 2430/2598/2886 2431/2599/2887 2428/2596/2884
f 2432/2600/2888 2433/2601/2889 2434/2602/2890
f 2434/2602/2890 2435/2603/2891 2432/2600/2888
f 2436/2604/2892 2437/2605/2893 2438/2606/2894
f 2438/2606/2894 2439/2607/2895 2436/2604/2892
f 2440/2608/2896 2441/2609/2897 2442/2610/2898
f 2443/2611/2899 2444/2612/2900 2445/2613/2901
f 2445/2613/2901 2446/2614/2902 2443/2611/2899
f 2447/2615/2903 2448/2616/2904 2449/2617/2905
f 2449/2617/2905 2450/2618/2906 2447/2615/2903
f 2431/2599/2887 2451/2619/2907 2452/2620/2908
f 2452/2620/2908 2428/2596/2884 2431/2599/2887
f 2453/2621/2909 2447/2615/2903 2450/2618/2906
f 2450/2618/2906 2454/2622/2910 2453/2621/2909
f 2455/2623/2911 2456/2624/2912 2457/2625/2913
f 2457/2625/2913 2458/2626/2914 2455/2623/2911
f 2458/2626/2914 2459/2627/2915 2460/2628/2916
f 2460/2628/2916 2455/2623/2911 2458/2626/2914
f 2459/2627/2915 2461/2629/2917 2462/2630/2918
f 2462/2630/2918 2460/2628/2916 2459/2627/2915
f 2461/2629/2917 2463/2631/2919 2464/2632/2920
f 2464/2632/2920 2462/2630/2918 2461/2629/2917
f 2463/2631/2919 2465/2633/2921 2466/2634/2922
f 2466/2634/2922 2464/2632/2920 2463/2631/2919
f 2465/2633/2921 2467/2635/2923 2468/2636/2924
f 2468/2636/2924 2466/2634/2922 2465/2633/2921
f 2467/2635/2923 2435/2603/2891 2434/2602/2890
f 2434/2602/2890 2468/2636/2924 2467/2635/2923
f 2437/2605/2893 2469/2637/2925 2470/2638/2926
f 2470/2638/2926 2438/2606/2894 2437/2605/2893
f 2471/2639/2927 2433/2601/2889 2432/2600/2888
f 2432/2600/2888 2472/2640/2928 2471/2639/2927
f 1962/2111/2413 1982/2131/2433 1980/2129/2431
f 2454/2622/2910 2473/2641/2929 2474/2642/2930
f 2474/2642/2930 2453/2621/2909 2454/2622/2910
f 2475/2643/2931 2476/2644/2932 2477/2645/2933
f 2477/2645/2933 2478/2646/2934 2475/2643/2931
f 2479/2647/2935 2475/2643/2931 2478/2646/2934
f 2478/2646/2934 2480/2648/2936 2479/2647/2935
f 2481/2649/2937 2482/2650/2938 2483/2651/2939
f 2483/2651/2939 2484/2652/2940 2481/2649/2937
f 2446/2653/2902 2479/2647/2935 2480/2648/2936
f 2480/2648/2936 2443/2654/2899 2446/2653/2902
f 2485/2655/2941 2486/2656/2942 2487/2657/2943
f 2487/2657/2943 2488/2658/2944 2485/2655/2941
f 2489/2659/2945 2485/2655/2941 2488/2658/2944
f 2488/2658/2944 2490/2660/2946 2489/2659/2945
f 2491/2661/2947 2489/2659/2945 2490/2660/2946
f 2490/2660/2946 2492/2662/2948 2491/2661/2947
f 2476/2644/2932 2493/2663/2949 2494/2664/2950
f 2494/2664/2950 2477/2645/2933 2476/2644/2932
f 2492/2662/2948 2495/2665/2951 2496/2666/2952
f 2496/2666/2952 2491/2661/2947 2492/2662/2948
f 2495/2665/2951 2497/2667/2953 2498/2668/2954
f 2498/2668/2954 2496/2666/2952 2495/2665/2951
f 2442/2610/2898 2499/2669/2955 2500/2670/2956
f 2500/2670/2956 2440/2608/2896 2442/2610/2898
f 2451/2619/2907 2501/2671/2957 2502/2672/2958
f 2502/2672/2958 2452/2620/2908 2451/2619/2907
f 2444/2612/2900 2503/2673/2959 2504/2674/2960
f 2504/2674/2960 2445/2613/2901 2444/2612/2900
f 2493/2663/2949 2474/2642/2930 2473/2641/2929
f 2473/2641/2929 2494/2664/2950 2493/2663/2949
f 2505/2675/2961 2506/2676/2962 2507/2677/2963
f 2507/2677/2963 2508/2678/2964 2505/2675/2961
f 2509/2679/2965 2510/2680/2966 2511/2681/2967
f 2511/2681/2967 2512/2682/2968 2509/2679/2965
f 2513/2683/2969 2514/2684/2970 2515/2685/2971
f 2515/2685/2971 2516/2686/2972 2513/2683/2969
f 2439/2607/2895 2517/2687/2973 2518/2688/2974
f 2518/2688/2974 2436/2604/2892 2439/2607/2895
f 2519/2689/2975 2520/2690/2976 2521/2691/2977
f 2521/2691/2977 2522/2692/2978 2519/2689/2975
f 2523/2693/2979 2524/2694/2980 2525/2695/2981
f 2525/2695/2981 2526/2696/2982 2523/2693/2979
f 2527/2697/2983 2430/2598/2886 2429/2597/2885
f 2429/2597/2885 2528/2698/2984 2527/2697/2983
f 2529/2699/2985 2527/2697/2983 2528/2698/2984
f 2528/2698/2984 2530/2700/2986 2529/2699/2985
f 2426/2594/2882 2531/2701/2987 2532/2702/2988
f 2532/2702/2988 2427/2595/2883 2426/2594/2882
f 2472/2640/2928 2470/2638/2926 2469/2637/2925
f 2469/2637/2925 2471/2639/2927 2472/2640/2928
f 2526/2696/2982 2519/2689/2975 2522/2692/2978
f 2522/2692/2978 2523/2693/2979 2526/2696/2982
f 2520/2690/2976 2505/2703/2961 2508/2704/2964
f 2508/2704/2964 2521/2691/2977 2520/2690/2976
f 2506/2676/2962 2509/2679/2965 2512/2682/2968
f 2512/2682/2968 2507/2677/2963 2506/2676/2962
f 2510/2680/2966 2515/2685/2971 2514/2684/2970
f 2514/2684/2970 2511/2681/2967 2510/2680/2966
f 2533/2705/2989 2513/2683/2969 2516/2686/2972
f 2516/2686/2972 2534/2706/2990 2533/2705/2989
f 2534/2706/2990 2535/2707/2991 2536/2708/2992
f 2536/2708/2992 2533/2705/2989 2534/2706/2990
f 2531/2701/2987 2537/2709/2993 2538/2710/2994
f 2538/2710/2994 2532/2702/2988 2531/2701/2987
f 2424/2592/2880 2504/2674/2960 2503/2673/2959
f 2503/2673/2959 2425/2593/2881 2424/2592/2880
f 2484/2652/2940 2538/2710/2994 2537/2709/2993
f 2537/2709/2993 2481/2649/2937 2484/2652/2940
f 2486/2656/2942 2483/2651/2939 2482/2650/2938
f 2482/2650/2938 2487/2657/2943 2486/2656/2942
f 2497/2667/2953 2539/2711/2995 2540/2712/2996
f 2540/2712/2996 2498/2668/2954 2497/2667/2953
f 2440/2608/2896 2525/2695/2981 2524/2694/2980
f 2524/2694/2980 2441/2609/2897 2440/2608/2896
f 2539/2711/2995 2500/2670/2956 2499/2669/2955
f 2499/2669/2955 2540/2712/2996 2539/2711/2995
f 2530/2700/2986 2457/2625/2913 2456/2624/2912
f 2456/2624/2912 2529/2699/2985 2530/2700/2986
f 2428/2596/2884 2452/2620/2908 1876/2025/2327
f 1876/2025/2327 1875/2024/2997 2428/2596/2884
f 2458/2626/2914 2457/2625/2913 1951/2100/2402
f 1951/2100/2402 1952/2101/2403 2458/2626/2914
f 2459/2627/2915 2458/2626/2914 1952/2101/2403
f 1952/2101/2403 1953/2102/2404 2459/2627/2915
f 2461/2629/2917 2459/2627/2915 1953/2102/2404
f 1953/2102/2404 1954/2103/2405 2461/2629/2917
f 2463/2631/2919 2461/2629/2917 1954/2103/2405
f 1954/2103/2405 1955/2104/2406 2463/2631/2919
f 2465/2633/2921 2463/2631/2919 1955/2104/2406
f 1955/2104/2406 1956/2105/2407 2465/2633/2921
f 2467/2635/2923 2465/2633/2921 1956/2105/2407
f 1956/2105/2407 1957/2106/2408 2467/2635/2923
f 2435/2603/2891 2467/2635/2923 1957/2106/2408
f 1957/2106/2408 1958/2107/2409 2435/2603/2891
f 2456/2624/2912 2455/2623/2911 1964/2113/2415
f 1964/2113/2415 1963/2112/2414 2456/2624/2912
f 2455/2623/2911 2460/2628/2916 1968/2117/2419
f 1968/2117/2419 1964/2113/2415 2455/2623/2911
f 2460/2628/2916 2462/2630/2918 1970/2119/2421
f 1970/2119/2421 1968/2117/2419 2460/2628/2916
f 2462/2630/2918 2464/2632/2920 1972/2121/2423
f 1972/2121/2423 1970/2119/2421 2462/2630/2918
f 2464/2632/2920 2466/2634/2922 1974/2123/2425
f 1974/2123/2425 1972/2121/2423 2464/2632/2920
f 2466/2634/2922 2468/2636/2924 1976/2125/2427
f 1976/2125/2427 1974/2123/2425 2466/2634/2922
f 2468/2636/2924 2434/2602/2890 1978/2127/2429
f 1978/2127/2429 1976/2125/2427 2468/2636/2924
f 2438/2606/2894 2470/2638/2926 1981/2130/2432
f 1981/2130/2432 1980/2129/2431 2438/2606/2894
f 2472/2640/2928 2432/2600/2888 1961/2110/2412
f 1961/2110/2412 1960/2109/2411 2472/2640/2928
f 2451/2619/2907 2431/2599/2887 2197/2358/2648
f 2197/2358/2648 2195/2356/2646 2451/2619/2907
f 2517/2687/2973 2439/2607/2895 1983/2132/2434
f 1983/2132/2434 2229/2391/2680 2517/2687/2973
f 1966/2115/2417 2382/2550/2835 2527/2697/2983
f 2527/2697/2983 2529/2699/2985 1966/2115/2417
f 2382/2550/2835 2198/2359/2649 2430/2598/2886
f 2430/2598/2886 2527/2697/2983 2382/2550/2835
f 2528/2698/2984 2429/2597/2885 1874/2023/2998
f 1874/2023/2998 1880/2029/2999 2528/2698/2984
f 1880/2029/2999 1881/2030/3000 2530/2700/2986
f 2530/2700/2986 2528/2698/2984 1880/2029/2999
f 2469/2637/2925 2437/2605/2893 2068/2217/2519
f 2068/2217/2519 2391/2559/2844 2469/2637/2925
f 2434/2602/2890 2433/2601/2889 2392/2560/2845
f 2392/2560/2845 1978/2127/2429 2434/2602/2890
f 2433/2601/2889 2471/2639/2927 2393/2561/2846
f 2393/2561/2846 2392/2560/2845 2433/2601/2889
f 2471/2639/2927 2469/2637/2925 2391/2559/2844
f 2391/2559/2844 2393/2561/2846 2471/2639/2927
f 2470/2638/2926 2472/2640/2928 1960/2109/2411
f 1960/2109/2411 1981/2130/2432 2470/2638/2926
f 2436/2604/2892 2518/2688/2974 2423/2591/2879
f 2423/2591/2879 2067/2216/2518 2436/2604/2892
f 2529/2699/2985 2456/2624/2912 1963/2112/2414
f 1963/2112/2414 1966/2115/2417 2529/2699/2985
f 2457/2625/2913 2530/2700/2986 1881/2030/3000
f 1881/2030/3000 1951/2100/2402 2457/2625/2913
f 2431/2599/2887 2430/2598/2886 2198/2359/2649
f 2198/2359/2649 2197/2358/2648 2431/2599/2887
f 2429/2597/2885 2428/2596/2884 1875/2024/2997
f 1875/2024/2997 1874/2023/2998 2429/2597/2885
f 2432/2600/2888 2435/2603/2891 1958/2107/2409
f 1958/2107/2409 1961/2110/2412 2432/2600/2888
f 2439/2607/2895 2438/2606/2894 1980/2129/2431
f 1980/2129/2431 1983/2132/2434 2439/2607/2895
f 2437/2605/2893 2436/2604/2892 2067/2216/2518
f 2067/2216/2518 2068/2217/2519 2437/2605/2893
f 2446/2614/2902 2445/2613/2901 1825/1974/2276
f 1825/1974/2276 1824/1973/2275 2446/2614/2902
f 2448/2616/2904 2447/2615/2903 1858/2007/3001
f 1858/2007/3001 1857/2006/2308 2448/2616/2904
f 2447/2615/2903 2453/2621/2909 1879/2028/3002
f 1879/2028/3002 1858/2007/3001 2447/2615/2903
f 2473/2641/2929 2454/2622/2910 2109/2261/3003
f 2109/2261/3003 2108/2260/3004 2473/2641/2929
f 2478/2646/2934 2477/2645/2933 2111/2263/3005
f 2111/2263/3005 2110/2262/3006 2478/2646/2934
f 2480/2648/2936 2478/2646/2934 2110/2262/3006
f 2110/2262/3006 2112/2264/2563 2480/2648/2936
f 2479/2647/2935 2446/2653/2902 1824/2282/2275
f 1824/2282/2275 2126/2281/3007 2479/2647/2935
f 2477/2645/2933 2494/2664/2950 2136/2293/3008
f 2136/2293/3008 2111/2263/3005 2477/2645/2933
f 2443/2654/2899 2480/2648/2936 2112/2264/2563
f 2112/2264/2563 2192/2353/2643 2443/2654/2899
f 2450/2618/2906 2449/2617/2905 2194/2355/2645
f 2194/2355/2645 2193/2354/3009 2450/2618/2906
f 2454/2622/2910 2450/2618/2906 2193/2354/3009
f 2193/2354/3009 2109/2261/3003 2454/2622/2910
f 2196/2357/2647 2194/2355/2645 2449/2617/2905
f 2449/2617/2905 2501/2671/2957 2196/2357/2647
f 2501/2671/2957 2451/2619/2907 2195/2356/2646
f 2195/2356/2646 2196/2357/2647 2501/2671/2957
f 2444/2612/2900 2443/2611/2899 2192/2361/2643
f 2192/2361/2643 2199/2360/3010 2444/2612/2900
f 2503/2673/2959 2444/2612/2900 2199/2360/3010
f 2199/2360/3010 2200/2362/2651 2503/2673/2959
f 2445/2613/2901 2504/2674/2960 2201/2363/2652
f 2201/2363/2652 1825/1974/2276 2445/2613/2901
f 2494/2664/2950 2473/2641/2929 2108/2260/3004
f 2108/2260/3004 2136/2293/3008 2494/2664/2950
f 2475/2643/2931 2479/2647/2935 2126/2281/3007
f 2126/2281/3007 2373/2541/3011 2475/2643/2931
f 2453/2621/2909 2474/2642/2930 2375/2543/2826
f 2375/2543/2826 1879/2028/3002 2453/2621/2909
f 2493/2663/2949 2476/2644/2932 2378/2546/3012
f 2378/2546/3012 2377/2545/2828 2493/2663/2949
f 2474/2642/2930 2493/2663/2949 2377/2545/2828
f 2377/2545/2828 2375/2543/2826 2474/2642/2930
f 2476/2644/2932 2475/2643/2931 2373/2541/3011
f 2373/2541/3011 2378/2546/3012 2476/2644/2932
f 2381/2549/2834 1876/2025/2327 2452/2620/2908
f 2452/2620/2908 2502/2672/2958 2381/2549/2834
f 1857/2006/2308 2381/2549/2834 2502/2672/2958
f 2502/2672/2958 2448/2616/2904 1857/2006/2308
f 2425/2593/2881 2503/2673/2959 2200/2362/2651
f 2200/2362/2651 2127/2284/2578 2425/2593/2881
f 2504/2674/2960 2424/2592/2880 2390/2558/2843
f 2390/2558/2843 2201/2363/2652 2504/2674/2960
f 2424/2592/2880 2427/2595/2883 2388/2556/2841
f 2388/2556/2841 2390/2558/2843 2424/2592/2880
f 2426/2594/2882 2425/2593/2881 2127/2284/2578
f 2127/2284/2578 2128/2285/2579 2426/2594/2882
f 2482/2650/2938 2481/2649/2937 2118/2271/2569
f 2118/2271/2569 2117/2270/2568 2482/2650/2938
f 2488/2658/2944 2487/2657/2943 2116/2269/2567
f 2116/2269/2567 2133/2290/2584 2488/2658/2944
f 2490/2660/2946 2488/2658/2944 2133/2290/2584
f 2133/2290/2584 2134/2291/2585 2490/2660/2946
f 2492/2662/2948 2490/2660/2946 2134/2291/2585
f 2134/2291/2585 2135/2292/2586 2492/2662/2948
f 2495/2665/2951 2492/2662/2948 2135/2292/2586
f 2135/2292/2586 2147/2308/2598 2495/2665/2951
f 2497/2667/2953 2495/2665/2951 2147/2308/2598
f 2147/2308/2598 2148/2309/2599 2497/2667/2953
f 2440/2608/2896 2500/2670/2956 2150/2311/2601
f 2150/2311/2601 2149/2310/2600 2440/2608/2896
f 2499/2669/2955 2442/2610/2898 2153/2314/2604
f 2153/2314/2604 2152/2313/2603 2499/2669/2955
f 2496/2666/2952 2498/2668/2954 2156/2317/2607
f 2156/2317/2607 2165/2326/2616 2496/2666/2952
f 2491/2661/2947 2496/2666/2952 2165/2326/2616
f 2165/2326/2616 2170/2331/2621 2491/2661/2947
f 2489/2659/2945 2491/2661/2947 2170/2331/2621
f 2170/2331/2621 2175/2336/2626 2489/2659/2945
f 2485/2655/2941 2489/2659/2945 2175/2336/2626
f 2175/2336/2626 2180/2341/2631 2485/2655/2941
f 2486/2656/2942 2485/2655/2941 2180/2341/2631
f 2180/2341/2631 2185/2346/2636 2486/2656/2942
f 2484/2652/2940 2483/2651/2939 2191/2352/3013
f 2191/2352/3013 2190/2351/3014 2484/2652/2940
f 2531/2701/2987 2426/2594/2882 2128/2285/2579
f 2128/2285/2579 2386/2554/2839 2531/2701/2987
f 2427/2595/2883 2532/2702/2988 2387/2555/2840
f 2387/2555/2840 2388/2556/2841 2427/2595/2883
f 2537/2709/2993 2531/2701/2987 2386/2554/2839
f 2386/2554/2839 2385/2553/2838 2537/2709/2993
f 2532/2702/2988 2538/2710/2994 2389/2557/3015
f 2389/2557/3015 2387/2555/2840 2532/2702/2988
f 2481/2649/2937 2537/2709/2993 2385/2553/2838
f 2385/2553/2838 2118/2271/2569 2481/2649/2937
f 2538/2710/2994 2484/2652/2940 2190/2351/3014
f 2190/2351/3014 2389/2557/3015 2538/2710/2994
f 2487/2657/2943 2482/2650/2938 2117/2270/2568
f 2117/2270/2568 2116/2269/2567 2487/2657/2943
f 2483/2651/2939 2486/2656/2942 2185/2346/2636
f 2185/2346/2636 2191/2352/3013 2483/2651/2939
f 2498/2668/2954 2540/2712/2996 2157/2318/2608
f 2157/2318/2608 2156/2317/2607 2498/2668/2954
f 2539/2711/2995 2497/2667/2953 2148/2309/2599
f 2148/2309/2599 2151/2312/2602 2539/2711/2995
f 2441/2609/2897 2524/2694/2980 2242/2407/3016
f 2242/2407/3016 2241/2406/2692 2441/2609/2897
f 2525/2695/2981 2440/2608/2896 2149/2310/2600
f 2149/2310/2600 2243/2408/2694 2525/2695/2981
f 2540/2712/2996 2499/2669/2955 2152/2313/2603
f 2152/2313/2603 2157/2318/2608 2540/2712/2996
f 2500/2670/2956 2539/2711/2995 2151/2312/2602
f 2151/2312/2602 2150/2311/2601 2500/2670/2956
f 2442/2610/2898 2441/2609/2897 2241/2406/2692
f 2241/2406/2692 2153/2314/2604 2442/2610/2898
f 2508/2678/2964 2507/2677/2963 2202/2364/2653
f 2202/2364/2653 2205/2367/3017 2508/2678/2964
f 2506/2676/2962 2505/2675/2961 2206/2368/2657
f 2206/2368/2657 2207/2369/3018 2506/2676/2962
f 2512/2682/2968 2511/2681/2967 2211/2373/3019
f 2211/2373/3019 2208/2370/2659 2512/2682/2968
f 2510/2680/2966 2509/2679/2965 2210/2372/3020
f 2210/2372/3020 2213/2375/2664 2510/2680/2966
f 2514/2684/2970 2513/2683/2969 2214/2376/2665
f 2214/2376/2665 2217/2379/2668 2514/2684/2970
f 2516/2686/2972 2515/2685/2971 2218/2380/2669
f 2218/2380/2669 2219/2381/2670 2516/2686/2972
f 2536/2708/2992 2541/2713/3021 2228/2390/2679
f 2228/2390/2679 2223/2385/2674 2536/2708/2992
f 2522/2692/2978 2521/2691/2977 2232/2394/2683
f 2232/2394/2683 2235/2400/2686 2522/2692/2978
f 2520/2690/2976 2519/2689/2975 2236/2401/2687
f 2236/2401/2687 2233/2398/2684 2520/2690/2976
f 2524/2694/2980 2523/2693/2979 2238/2403/2689
f 2238/2403/2689 2242/2407/3016 2524/2694/2980
f 2526/2696/2982 2525/2695/2981 2243/2408/2694
f 2243/2408/2694 2239/2404/2690 2526/2696/2982
f 2519/2689/2975 2526/2696/2982 2239/2404/2690
f 2239/2404/2690 2236/2401/2687 2519/2689/2975
f 2523/2693/2979 2522/2692/2978 2235/2400/2686
f 2235/2400/2686 2238/2403/2689 2523/2693/2979
f 2505/2703/2961 2520/2690/2976 2233/2398/2684
f 2233/2398/2684 2206/2397/2657 2505/2703/2961
f 2521/2691/2977 2508/2704/2964 2205/2395/3017
f 2205/2395/3017 2232/2394/2683 2521/2691/2977
f 2509/2679/2965 2506/2676/2962 2207/2369/3018
f 2207/2369/3018 2210/2372/3020 2509/2679/2965
f 2507/2677/2963 2512/2682/2968 2208/2370/2659
f 2208/2370/2659 2202/2364/2653 2507/2677/2963
f 2515/2685/2971 2510/2680/2966 2213/2375/2664
f 2213/2375/2664 2218/2380/2669 2515/2685/2971
f 2513/2683/2969 2533/2705/2989 2220/2382/2671
f 2220/2382/2671 2214/2376/2665 2513/2683/2969
f 2535/2707/2991 2534/2706/2990 2222/2384/2673
f 2222/2384/2673 2225/2387/2676 2535/2707/2991
f 2533/2705/2989 2536/2708/2992 2223/2385/2674
f 2223/2385/2674 2220/2382/2671 2533/2705/2989
f 2534/2706/2990 2516/2686/2972 2219/2381/2670
f 2219/2381/2670 2222/2384/2673 2534/2706/2990
f 2511/2681/2967 2514/2684/2970 2217/2379/2668
f 2217/2379/2668 2211/2373/3019 2511/2681/2967
f 2541/2713/3021 2536/2708/2992 2535/2707/2991
f 2535/2707/2991 2542/2714/3022 2541/2713/3021
f 2225/2387/2676 2226/2388/2677 2542/2714/3022
f 2542/2714/3022 2535/2707/2991 2225/2387/2676
f 2518/2688/2974 2542/2714/3022 2226/2388/2677
f 2226/2388/2677 2423/2591/2879 2518/2688/2974
f 2228/2390/2679 2541/2713/3021 2517/2687/2973
f 2517/2687/2973 2229/2391/2680 2228/2390/2679
f 2517/2687/2973 2541/2713/3021 2542/2714/3022
f 2542/2714/3022 2518/2688/2974 2517/2687/2973
f 1838/1987/2289 1873/2022/2324 1835/1984/2286
f 2392/2560/2845 2393/2561/2846 1979/2128/2430
f 2543/2715/3023 2544/2716/3024 2545/2717/3025
f 2545/2717/3025 2546/2718/3026 2543/2715/3023
f 2344/2512/2795 2343/2511/2794 2544/2716/3024
f 2544/2716/3024 2543/2715/3023 2344/2512/2795
f 2345/2513/2796 2348/2516/2799 2546/2718/3026
f 2546/2718/3026 2545/2717/3025 2345/2513/2796
f 2547/2719/3027 2421/2589/2874 2324/2492/2878
f 2324/2492/2878 2323/2491/3028 2547/2719/3027
f 2548/2720/3029 2547/2719/3027 2323/2491/3028
f 2323/2491/3028 2325/2493/3030 2548/2720/3029
f 2549/2721/3031 2548/2720/3029 2325/2493/3030
f 2325/2493/3030 2326/2494/2777 2549/2721/3031
f 2550/2722/3032 2549/2721/3031 2326/2494/2777
f 2326/2494/2777 2327/2495/2778 2550/2722/3032
f 2551/2723/3033 2550/2722/3032 2327/2495/2778
f 2327/2495/2778 2330/2498/2781 2551/2723/3033
f 2552/2724/3034 2551/2723/3033 2330/2498/2781
f 2330/2498/2781 2332/2500/2783 2552/2724/3034
f 2553/2725/3035 2552/2724/3034 2332/2500/2783
f 2332/2500/2783 2334/2502/3036 2553/2725/3035
f 2554/2726/3037 2553/2725/3035 2334/2502/3036
f 2334/2502/3036 2336/2504/3038 2554/2726/3037
f 2555/2727/3039 2554/2726/3037 2336/2504/3038
f 2336/2504/3038 2338/2506/3040 2555/2727/3039
f 2556/2728/3041 2555/2727/3039 2338/2506/3040
f 2338/2506/3040 2340/2508/3042 2556/2728/3041
f 2557/2729/3043 2556/2728/3041 2340/2508/3042
f 2340/2508/3042 2342/2510/3044 2557/2729/3043
f 2543/2715/3023 2557/2729/3043 2342/2510/3044
f 2342/2510/3044 2344/2512/2795 2543/2715/3023
f 2558/2730/3045 2546/2718/3026 2348/2516/2799
f 2348/2516/2799 2347/2515/3046 2558/2730/3045
f 2559/2731/3047 2558/2730/3045 2347/2515/3046
f 2347/2515/3046 2350/2518/3048 2559/2731/3047
f 2560/2732/3049 2559/2731/3047 2350/2518/3048
f 2350/2518/3048 2352/2520/3050 2560/2732/3049
f 2561/2733/3051 2560/2732/3049 2352/2520/3050
f 2352/2520/3050 2354/2522/3052 2561/2733/3051
f 2562/2734/3053 2561/2733/3051 2354/2522/3052
f 2354/2522/3052 2356/2524/2807 2562/2734/3053
f 2563/2735/3054 2562/2734/3053 2356/2524/2807
f 2356/2524/2807 2358/2526/2809 2563/2735/3054
f 2564/2736/3055 2563/2735/3054 2358/2526/2809
f 2358/2526/2809 2360/2528/3056 2564/2736/3055
f 2565/2737/3057 2564/2736/3055 2360/2528/3056
f 2360/2528/3056 2362/2530/3058 2565/2737/3057
f 2566/2738/3059 2565/2737/3057 2362/2530/3058
f 2362/2530/3058 2363/2531/3060 2566/2738/3059
f 2567/2739/3061 2566/2738/3059 2363/2531/3060
f 2363/2531/3060 2364/2532/2815 2567/2739/3061
f 2568/2740/3062 2567/2739/3061 2364/2532/2815
f 2364/2532/2815 2365/2533/2816 2568/2740/3062
f 2422/2590/2875 2568/2740/3062 2365/2533/2816
f 2365/2533/2816 2366/2534/2817 2422/2590/2875
f 2254/2419/2705 2284/2450/2735 2569/2741/3063
f 2284/2450/2735 2255/2420/2706 2262/2427/2713
f 2258/2423/2709 2261/2426/2712 2224/2386/2675
f 2224/2386/2675 2227/2389/2678 2258/2423/2709
f 2259/2424/2710 1985/2134/2436 2260/2425/2711
f 2285/2451/2736 2570/2742/3064 2286/2452/2737
f 2308/2475/2759 2302/2469/2753 2571/2743/3065
f 2283/2449/2734 2280/2446/2731 2281/2447/2732
f 2254/2419/2705 2281/2447/2732 2280/2446/2731
f 2254/2419/2705 2569/2741/3063 2281/2447/2732
f 2302/2469/2753 2301/2468/2752 2571/2743/3065
f 2260/2425/2711 1985/2134/2436 2286/2452/2737
f 2259/2424/2710 2230/2392/2681 1982/2131/2433
f 1982/2131/2433 1985/2134/2436 2259/2424/2710
f 2570/2742/3064 2310/2477/2761 2307/2474/2758
f 2570/2742/3064 2285/2451/2736 2310/2477/2761
f 2282/2448/2733 2281/2447/2732 2572/2744/3066
f 2572/2744/3066 2573/2745/3067 2282/2448/2733
f 2307/2474/2758 2306/2473/2757 2574/2746/3068
f 2574/2746/3068 2575/2747/3069 2307/2474/2758
f 2569/2741/3063 2284/2450/2735 2576/2748/3070
f 2576/2748/3070 2577/2749/3071 2569/2741/3063
f 2284/2450/2735 2262/2427/2713 2578/2750/3072
f 2578/2750/3072 2576/2748/3070 2284/2450/2735
f 2262/2427/2713 2257/2422/3073 2579/2751/3074
f 2579/2751/3074 2578/2750/3072 2262/2427/2713
f 2257/2422/3073 2256/2421/3075 2580/2752/3076
f 2580/2752/3076 2579/2751/3074 2257/2422/3073
f 2260/2425/2711 2286/2452/2737 2581/2753/3077
f 2581/2753/3077 2582/2754/3078 2260/2425/2711
f 2286/2452/2737 2570/2742/3064 2583/2755/3079
f 2583/2755/3079 2581/2753/3077 2286/2452/2737
f 2306/2473/2757 2571/2743/3065 2584/2756/3080
f 2584/2756/3080 2574/2746/3068 2306/2473/2757
f 2301/2468/2752 2282/2448/2733 2573/2745/3067
f 2573/2745/3067 2585/2757/3081 2301/2468/2752
f 2281/2447/2732 2569/2741/3063 2577/2749/3071
f 2577/2749/3071 2572/2744/3066 2281/2447/2732
f 2571/2743/3065 2301/2468/2752 2585/2757/3081
f 2585/2757/3081 2584/2756/3080 2571/2743/3065
f 2256/2421/3075 2260/2425/2711 2582/2754/3078
f 2582/2754/3078 2580/2752/3076 2256/2421/3075
f 2570/2742/3064 2307/2474/2758 2575/2747/3069
f 2575/2747/3069 2583/2755/3079 2570/2742/3064
f 1993/2142/2444 2196/2357/2647 2195/2356/2646
f 2448/2616/2904 2502/2672/2958 2501/2671/2957
f 2501/2671/2957 2449/2617/2905 2448/2616/2904
f 1966/2115/2417 1965/2114/2416 2382/2550/2835
f 1874/2023/2325 1873/2022/2324 1880/2029/2331
f 2571/2743/3065 2306/2473/2757 2308/2475/2759
f 2303/2470/2754 2302/2469/2753 2308/2475/2759
f 2227/2389/2678 2230/2392/2681 2259/2424/2710
f 2259/2424/2710 2258/2423/2709 2227/2389/2678
f 2258/2423/2709 2257/2422/2708 2261/2426/2712
f 2586/2758/3082 2587/2759/3083 2588/2760/3084
f 2588/2760/3084 1826/2761/3085 2586/2758/3082
f 2589/2762/3086 2586/2758/3082 1826/2761/3085
f 1826/2761/3085 1828/2763/3087 2589/2762/3086
f 2590/2764/3088 2591/2765/3089 1836/2766/3090
f 1836/2766/3090 1835/2767/3091 2590/2764/3088
f 2591/2765/3089 2592/2768/3092 1839/2769/3093
f 1839/2769/3093 1836/2766/3090 2591/2765/3089
f 2592/2768/3092 2593/2770/3094 1841/2771/3095
f 1841/2771/3095 1839/2769/3093 2592/2768/3092
f 2594/2770/3096 2595/2772/3097 1845/2773/3097
f 1845/2773/3097 1844/2774/3096 2594/2770/3096
f 2595/2772/3097 2596/2775/3098 1847/2776/3099
f 1847/2776/3099 1845/2773/3097 2595/2772/3097
f 2596/2775/3098 2597/2777/3100 1848/2778/3101
f 1848/2778/3101 1847/2776/3099 2596/2775/3098
f 2598/2779/3102 2599/2780/3103 1860/2781/3104
f 1860/2781/3104 1859/2782/3105 2598/2779/3102
f 2600/2783/3106 2601/2784/3107 1862/2785/3108
f 1862/2785/3108 1861/2786/3109 2600/2783/3106
f 2602/2787/3110 2600/2783/3106 1861/2786/3109
f 1861/2786/3109 1863/2788/3111 2602/2787/3110
f 2603/2789/3112 2602/2787/3110 1863/2788/3111
f 1863/2788/3111 1864/2790/3113 2603/2789/3112
f 2604/2791/3114 2603/2789/3112 1864/2790/3113
f 1864/2790/3113 1865/2792/3115 2604/2791/3114
f 2605/2793/3116 2604/2791/3114 1865/2792/3115
f 1865/2792/3115 1866/2794/3117 2605/2793/3116
f 2606/2795/3118 2607/2796/3119 1868/2797/3120
f 1868/2797/3120 1867/2798/3121 2606/2795/3118
f 2607/2796/3119 2589/2762/3086 1828/2763/3087
f 1828/2763/3087 1868/2797/3120 2607/2796/3119
f 2608/2799/3122 2605/2793/3116 1866/2794/3117
f 1866/2794/3117 1871/2800/3123 2608/2799/3122
f 2609/2801/3124 2610/2802/3125 1873/2803/3126
f 1873/2803/3126 1872/2804/3127 2609/2801/3124
f 2611/2805/3128 2609/2801/3124 1872/2804/3127
f 1872/2804/3127 1877/2806/3129 2611/2805/3128
f 2612/2807/3130 2598/2779/3102 1859/2782/3105
f 1859/2782/3105 1878/2808/3131 2612/2807/3130
f 2597/2777/3100 2608/2799/3122 1871/2800/3123
f 1871/2800/3123 1848/2778/3101 2597/2777/3100
f 2587/2759/3083 2613/2809/3132 2614/2810/3133
f 2614/2810/3133 2588/2760/3084 2587/2759/3083
f 2613/2809/3132 2615/2811/3134 2374/2812/3135
f 2374/2812/3135 2614/2810/3133 2613/2809/3132
f 2616/2813/3136 2612/2807/3130 1878/2808/3131
f 1878/2808/3131 2376/2814/3137 2616/2813/3136
f 2617/2815/3138 2618/2816/3139 2380/2817/3140
f 2380/2817/3140 2379/2818/3141 2617/2815/3138
f 2618/2816/3139 2616/2813/3136 2376/2814/3137
f 2376/2814/3137 2380/2817/3140 2618/2816/3139
f 2615/2811/3134 2617/2815/3138 2379/2818/3141
f 2379/2818/3141 2374/2812/3135 2615/2811/3134
f 2599/2780/3103 2611/2805/3128 1877/2806/3129
f 1877/2806/3129 1860/2781/3104 2599/2780/3103
f 2619/2819/3142 2606/2795/3118 1867/2798/3121
f 1867/2798/3121 2384/2820/3143 2619/2819/3142
f 2601/2784/3107 2619/2819/3142 2384/2820/3143
f 2384/2820/3143 1862/2785/3108 2601/2784/3107
f 2610/2802/3125 2590/2764/3088 1835/2767/3091
f 1835/2767/3091 1873/2803/3126 2610/2802/3125
f 2573/2821/3144 2572/2822/3145 2620/2823/3146
f 2575/2824/3147 2574/2825/3148 2620/2823/3146
f 2577/2826/3149 2576/2827/3150 2620/2823/3146
f 2576/2827/3150 2578/2828/3151 2620/2823/3146
f 2578/2828/3151 2579/2829/3152 2620/2823/3146
f 2579/2829/3152 2580/2830/3153 2620/2823/3146
f 2582/2831/3154 2581/2832/3155 2620/2823/3146
f 2581/2832/3155 2583/2833/3156 2620/2823/3146
f 2574/2825/3148 2584/2834/3157 2620/2823/3146
f 2585/2835/3158 2573/2821/3144 2620/2823/3146
f 2572/2822/3145 2577/2826/3149 2620/2823/3146
f 2584/2834/3157 2585/2835/3158 2620/2823/3146
f 2580/2830/3153 2582/2831/3154 2620/2823/3146
f 2583/2833/3156 2575/2824/3147 2620/2823/3146
f 2621/2836/3159 2622/2837/3160 2623/2838/3161
f 2623/2838/3161 2624/2839/3162 2621/2836/3159
f 2625/2840/3163 2626/2841/3164 2627/2842/3165
f 2627/2842/3165 2628/2843/3166 2625/2840/3163
f 2629/2844/3167 2630/2845/3168 2627/2842/3165
f 2627/2842/3165 2626/2841/3164 2629/2844/3167
f 2625/2840/3163 2628/2843/3166 2631/2846/3169
f 2631/2846/3169 2632/2847/3170 2625/2840/3163
f 2633/2848/3171 2634/2849/3172 2632/2847/3170
f 2632/2847/3170 2631/2846/3169 2633/2848/3171
f 2633/2848/3171 2635/2850/3173 2636/2851/3174
f 2636/2851/3174 2634/2849/3172 2633/2848/3171
f 2637/2852/3175 2636/2851/3174 2635/2850/3173
f 2635/2850/3173 2638/2853/3176 2637/2852/3175
f 2639/2854/3177 2640/2855/3178 2637/2852/3175
f 2637/2852/3175 2638/2853/3176 2639/2854/3177
f 2623/2838/3161 2622/2837/3160 2640/2855/3178
f 2640/2855/3178 2639/2854/3177 2623/2838/3161
f 2641/2856/3179 2642/2857/3180 2621/2836/3159
f 2621/2836/3159 2624/2839/3162 2641/2856/3179
f 2643/2858/3181 2642/2857/3180 2641/2856/3179
f 2641/2856/3179 2644/2859/3182 2643/2858/3181
f 2645/2860/3183 2646/2861/3184 2643/2858/3181
f 2643/2858/3181 2644/2859/3182 2645/2860/3183
f 2647/2862/3185 2648/2863/3186 2646/2861/3184
f 2646/2861/3184 2645/2860/3183 2647/2862/3185
f 2649/2864/3187 2650/2865/3188 2648/2863/3186
f 2648/2863/3186 2647/2862/3185 2649/2864/3187
f 2651/2866/3189 2652/2867/3190 2653/2868/3191
f 2653/2868/3191 2654/2869/3192 2651/2866/3189
f 2650/2865/3188 2649/2864/3187 2651/2866/3189
f 2651/2866/3189 2654/2869/3192 2650/2865/3188
f 2655/2870/3193 2653/2868/3191 2652/2867/3190
f 2652/2867/3190 2656/2871/3194 2655/2870/3193
f 2657/2872/3195 2658/2873/3196 2659/2874/3197
f 2659/2874/3197 2660/2875/3198 2657/2872/3195
f 2661/2876/3199 2662/2877/3200 2658/2873/3196
f 2658/2873/3196 2657/2872/3195 2661/2876/3199
f 2629/2844/3167 2662/2877/3200 2661/2876/3199
f 2661/2876/3199 2630/2845/3168 2629/2844/3167
f 2655/2870/3193 2656/2871/3194 2660/2875/3198
f 2660/2875/3198 2659/2874/3197 2655/2870/3193
f 2624/2839/3201 2623/2838/3161 2663/2878/3202
f 2663/2878/3202 2664/2879/3203 2624/2839/3201
f 2628/2843/3166 2627/2842/3165 2665/2880/3204
f 2665/2880/3204 2666/2881/3205 2628/2843/3166
f 2627/2842/3165 2630/2845/3168 2667/2882/3206
f 2667/2882/3206 2665/2880/3204 2627/2842/3165
f 2631/2846/3169 2628/2843/3166 2666/2881/3205
f 2666/2881/3205 2668/2883/3207 2631/2846/3169
f 2633/2848/3171 2631/2846/3169 2668/2883/3207
f 2668/2883/3207 2669/2884/3208 2633/2848/3171
f 2635/2850/3173 2633/2848/3171 2669/2884/3208
f 2669/2884/3208 2670/2885/3209 2635/2850/3173
f 2638/2853/3176 2635/2850/3173 2670/2885/3209
f 2670/2885/3209 2671/2886/3210 2638/2853/3176
f 2639/2854/3177 2638/2853/3176 2671/2886/3210
f 2671/2886/3210 2672/2887/3211 2639/2854/3177
f 2623/2838/3161 2639/2854/3177 2672/2887/3211
f 2672/2887/3211 2663/2878/3202 2623/2838/3161
f 2641/2856/3179 2624/2839/3201 2664/2879/3203
f 2664/2879/3203 2673/2888/3212 2641/2856/3179
f 2644/2859/3182 2641/2856/3179 2673/2888/3212
f 2673/2888/3212 2674/2889/3213 2644/2859/3182
f 2645/2860/3183 2644/2859/3182 2674/2889/3213
f 2674/2889/3213 2675/2890/3214 2645/2860/3183
f 2647/2862/3185 2645/2860/3183 2675/2890/3214
f 2675/2890/3214 2676/2891/3215 2647/2862/3185
f 2649/2864/3187 2647/2862/3185 2676/2891/3215
f 2676/2891/3215 2677/2892/3216 2649/2864/3187
f 2651/2866/3189 2649/2864/3187 2677/2892/3216
f 2677/2892/3216 2678/2893/3217 2651/2866/3189
f 2656/2871/3194 2652/2867/3190 2679/2894/3218
f 2679/2894/3218 2680/2895/3219 2656/2871/3194
f 2652/2867/3190 2651/2866/3189 2678/2893/3217
f 2678/2893/3217 2679/2894/3218 2652/2867/3190
f 2657/2872/3195 2660/2875/3198 2681/2896/3220
f 2681/2896/3220 2682/2897/3221 2657/2872/3195
f 2661/2876/3199 2657/2872/3195 2682/2897/3221
f 2682/2897/3221 2683/2898/3222 2661/2876/3199
f 2630/2845/3168 2661/2876/3199 2683/2898/3222
f 2683/2898/3222 2667/2882/3206 2630/2845/3168
f 2660/2875/3198 2656/2871/3194 2680/2895/3219
f 2680/2895/3219 2681/2896/3220 2660/2875/3198
f 2673/2888/3223 2664/2879/3224 2683/2898/3225
f 2683/2898/3225 2682/2897/3226 2673/2888/3223
f 2664/2879/3224 2663/2878/3227 2667/2882/3228
f 2667/2882/3228 2683/2898/3225 2664/2879/3224
f 2672/2887/3229 2671/2886/3230 2666/2881/3231
f 2666/2881/3231 2665/2880/3232 2672/2887/3229
f 2665/2880/3232 2667/2882/3228 2663/2878/3227
f 2663/2878/3227 2672/2887/3229 2665/2880/3232
f 2680/2895/3233 2679/2894/3234 2676/2891/3235
f 2676/2891/3235 2675/2890/3236 2680/2895/3233
f 2682/2897/3226 2681/2896/3237 2674/2889/3238
f 2674/2889/3238 2673/2888/3223 2682/2897/3226
f 2675/2890/3236 2674/2889/3238 2681/2896/3237
f 2681/2896/3237 2680/2895/3233 2675/2890/3236
f 2677/2892/3239 2676/2891/3235 2679/2894/3234
f 2679/2894/3234 2678/2893/3240 2677/2892/3239
f 2670/2885/3241 2669/2884/3208 2668/2883/3207
f 2668/2883/3207 2666/2881/3231 2671/2886/3230
f 2671/2886/3230 2670/2885/3241 2668/2883/3207
f 2684/2899/3242 2685/2900/3243 2686/2901/3244
f 2686/2901/3244 2687/2902/3245 2684/2899/3242
f 2687/2902/3245 2688/2903/3246 2689/2904/3247
f 2689/2904/3247 2684/2899/3242 2687/2902/3245
f 2688/2903/3246 2690/2905/3248 2691/2906/3249
f 2691/2906/3249 2689/2904/3247 2688/2903/3246
f 2690/2905/3248 2692/2907/3250 2693/2908/3251
f 2693/2908/3251 2691/2906/3249 2690/2905/3248
f 2692/2907/3250 2694/2909/3252 2695/2910/3253
f 2695/2910/3253 2693/2908/3251 2692/2907/3250
f 2694/2909/3252 2696/2911/3254 2697/2912/3255
f 2697/2912/3255 2695/2910/3253 2694/2909/3252
f 2696/2911/3254 2698/2913/3256 2699/2914/3257
f 2699/2914/3257 2697/2912/3255 2696/2911/3254
f 2698/2913/3256 2700/2915/3258 2701/2916/3259
f 2701/2916/3259 2699/2914/3257 2698/2913/3256
f 2700/2915/3258 2702/2917/3260 2703/2918/3261
f 2703/2918/3261 2701/2916/3259 2700/2915/3258
f 2702/2917/3260 2704/2919/3262 2705/2920/3263
f 2705/2920/3263 2703/2918/3261 2702/2917/3260
f 2704/2919/3262 2706/2921/3264 2707/2922/3265
f 2707/2922/3265 2705/2920/3263 2704/2919/3262
f 2706/2921/3264 2708/2923/3266 2709/2924/3267
f 2709/2924/3267 2707/2922/3265 2706/2921/3264
f 2708/2923/3266 2710/2925/3268 2711/2926/3269
f 2711/2926/3269 2709/2924/3267 2708/2923/3266
f 2710/2925/3268 2712/2927/3270 2713/2928/3271
f 2713/2928/3271 2711/2926/3269 2710/2925/3268
f 2712/2927/3270 2714/2929/3272 2715/2930/3273
f 2715/2930/3273 2713/2928/3271 2712/2927/3270
f 2714/2929/3272 2716/2931/3274 2717/2932/3275
f 2717/2932/3275 2715/2930/3273 2714/2929/3272
f 2716/2931/3274 2718/2933/3276 2719/2934/3277
f 2719/2934/3277 2717/2932/3275 2716/2931/3274
f 2718/2933/3276 2720/2935/3278 2721/2936/3279
f 2721/2936/3279 2719/2934/3277 2718/2933/3276
f 2720/2935/3278 2722/2937/3280 2723/2938/3281
f 2723/2938/3281 2721/2936/3279 2720/2935/3278
f 2722/2937/3280 2724/2939/3282 2725/2940/3283
f 2725/2940/3283 2723/2938/3281 2722/2937/3280
f 2724/2939/3282 2726/2941/3284 2727/2942/3285
f 2727/2942/3285 2725/2940/3283 2724/2939/3282
f 2726/2941/3284 2728/2943/3286 2729/2944/3287
f 2729/2944/3287 2727/2942/3285 2726/2941/3284
f 2728/2943/3286 2730/2945/3288 2731/2946/3289
f 2731/2946/3289 2729/2944/3287 2728/2943/3286
f 2730/2945/3288 2686/2901/3244 2685/2900/3243
f 2685/2900/3243 2731/2946/3289 2730/2945/3288
f 2685/2900/3290 2684/2899/3291 2732/2947/3292
f 2732/2947/3292 2733/2948/3293 2685/2900/3290
f 2733/2948/3293 2732/2947/3292 2734/2949/3294
f 2734/2949/3294 2735/2950/3295 2733/2948/3293
f 2684/2899/3291 2689/2904/3296 2736/2951/3297
f 2736/2951/3297 2732/2947/3292 2684/2899/3291
f 2732/2947/3292 2736/2951/3297 2737/2952/3298
f 2737/2952/3298 2734/2949/3294 2732/2947/3292
f 2689/2904/3296 2691/2906/3299 2738/2953/3300
f 2738/2953/3300 2736/2951/3297 2689/2904/3296
f 2736/2951/3297 2738/2953/3300 2739/2954/3301
f 2739/2954/3301 2737/2952/3298 2736/2951/3297
f 2691/2906/3299 2693/2908/3302 2740/2955/3303
f 2740/2955/3303 2738/2953/3300 2691/2906/3299
f 2738/2953/3300 2740/2955/3303 2741/2956/3304
f 2741/2956/3304 2739/2954/3301 2738/2953/3300
f 2693/2908/3302 2695/2910/3305 2742/2957/3306
f 2742/2957/3306 2740/2955/3303 2693/2908/3302
f 2740/2955/3303 2742/2957/3306 2743/2958/3307
f 2743/2958/3307 2741/2956/3304 2740/2955/3303
f 2695/2910/3305 2697/2912/3308 2744/2959/3309
f 2744/2959/3309 2742/2957/3306 2695/2910/3305
f 2742/2957/3306 2744/2959/3309 2745/2960/3310
f 2745/2960/3310 2743/2958/3307 2742/2957/3306
f 2697/2912/3308 2699/2914/3311 2746/2961/3312
f 2746/2961/3312 2744/2959/3309 2697/2912/3308
f 2744/2959/3309 2746/2961/3312 2747/2962/3313
f 2747/2962/3313 2745/2960/3310 2744/2959/3309
f 2699/2914/3311 2701/2916/3314 2748/2963/3315
f 2748/2963/3315 2746/2961/3312 2699/2914/3311
f 2746/2961/3312 2748/2963/3315 2749/2964/3316
f 2749/2964/3316 2747/2962/3313 2746/2961/3312
f 2701/2916/3314 2703/2918/3317 2750/2965/3318
f 2750/2965/3318 2748/2963/3315 2701/2916/3314
f 2748/2963/3315 2750/2965/3318 2751/2966/3319
f 2751/2966/3319 2749/2964/3316 2748/2963/3315
f 2703/2918/3317 2705/2920/3320 2752/2967/3321
f 2752/2967/3321 2750/2965/3318 2703/2918/3317
f 2750/2965/3318 2752/2967/3321 2753/2968/3322
f 2753/2968/3322 2751/2966/3319 2750/2965/3318
f 2705/2920/3320 2707/2922/3323 2754/2969/3324
f 2754/2969/3324 2752/2967/3321 2705/2920/3320
f 2752/2967/3321 2754/2969/3324 2755/2970/3325
f 2755/2970/3325 2753/2968/3322 2752/2967/3321
f 2707/2922/3323 2709/2924/3326 2756/2971/3327
f 2756/2971/3327 2754/2969/3324 2707/2922/3323
f 2754/2969/3324 2756/2971/3327 2757/2972/3328
f 2757/2972/3328 2755/2970/3325 2754/2969/3324
f 2709/2924/3326 2711/2926/3329 2758/2973/3330
f 2758/2973/3330 2756/2971/3327 2709/2924/3326
f 2756/2971/3327 2758/2973/3330 2759/2974/3331
f 2759/2974/3331 2757/2972/3328 2756/2971/3327
f 2711/2926/3329 2713/2928/3332 2760/2975/3333
f 2760/2975/3333 2758/2973/3330 2711/2926/3329
f 2758/2973/3330 2760/2975/3333 2761/2976/3334
f 2761/2976/3334 2759/2974/3331 2758/2973/3330
f 2713/2928/3332 2715/2930/3335 2762/2977/3336
f 2762/2977/3336 2760/2975/3333 2713/2928/3332
f 2760/2975/3333 2762/2977/3336 2763/2978/3337
f 2763/2978/3337 2761/2976/3334 2760/2975/3333
f 2715/2930/3335 2717/2932/3338 2764/2979/3339
f 2764/2979/3339 2762/2977/3336 2715/2930/3335
f 2762/2977/3336 2764/2979/3339 2765/2980/3340
f 2765/2980/3340 2763/2978/3337 2762/2977/3336
f 2717/2932/3338 2719/2934/3341 2766/2981/3342
f 2766/2981/3342 2764/2979/3339 2717/2932/3338
f 2764/2979/3339 2766/2981/3342 2767/2982/3343
f 2767/2982/3343 2765/2980/3340 2764/2979/3339
f 2719/2934/3341 2721/2936/3344 2768/2983/3345
f 2768/2983/3345 2766/2981/3342 2719/2934/3341
f 2766/2981/3342 2768/2983/3345 2769/2984/3346
f 2769/2984/3346 2767/2982/3343 2766/2981/3342
f 2721/2936/3344 2723/2938/3347 2770/2985/3348
f 2770/2985/3348 2768/2983/3345 2721/2936/3344
f 2768/2983/3345 2770/2985/3348 2771/2986/3349
f 2771/2986/3349 2769/2984/3346 2768/2983/3345
f 2723/2938/3347 2725/2940/3350 2772/2987/3351
f 2772/2987/3351 2770/2985/3348 2723/2938/3347
f 2770/2985/3348 2772/2987/3351 2773/2988/3352
f 2773/2988/3352 2771/2986/3349 2770/2985/3348
f 2725/2940/3350 2727/2942/3353 2774/2989/3354
f 2774/2989/3354 2772/2987/3351 2725/2940/3350
f 2772/2987/3351 2774/2989/3354 2775/2990/3355
f 2775/2990/3355 2773/2988/3352 2772/2987/3351
f 2727/2942/3353 2729/2944/3356 2776/2991/3357
f 2776/2991/3357 2774/2989/3354 2727/2942/3353
f 2774/2989/3354 2776/2991/3357 2777/2992/3358
f 2777/2992/3358 2775/2990/3355 2774/2989/3354
f 2729/2944/3356 2731/2946/3359 2778/2993/3360
f 2778/2993/3360 2776/2991/3357 2729/2944/3356
f 2776/2991/3357 2778/2993/3360 2779/2994/3361
f 2779/2994/3361 2777/2992/3358 2776/2991/3357
f 2731/2946/3359 2685/2900/3290 2733/2948/3293
f 2733/2948/3293 2778/2993/3360 2731/2946/3359
f 2778/2993/3360 2733/2948/3293 2735/2950/3295
f 2735/2950/3295 2779/2994/3361 2778/2993/3360
f 2687/2902/3245 2686/2901/3244 2780/2995/3362
f 2780/2995/3362 2781/2996/3363 2687/2902/3245
f 2688/2903/3364 2687/2902/3245 2781/2996/3363
f 2781/2996/3363 2782/2997/3365 2688/2903/3364
f 2690/2905/3248 2688/2903/3364 2782/2997/3365
f 2782/2997/3365 2783/2998/3366 2690/2905/3248
f 2692/2907/3250 2690/2905/3248 2783/2998/3366
f 2783/2998/3366 2784/2999/3367 2692/2907/3250
f 2694/2909/3252 2692/2907/3250 2784/2999/3367
f 2784/2999/3367 2785/3000/3368 2694/2909/3252
f 2696/2911/3369 2694/2909/3252 2785/3000/3368
f 2785/3000/3368 2786/3001/3370 2696/2911/3369
f 2698/2913/3371 2696/2911/3369 2786/3001/3370
f 2786/3001/3370 2787/3002/3372 2698/2913/3371
f 2700/2915/3373 2698/2913/3371 2787/3002/3372
f 2787/3002/3372 2788/3003/3374 2700/2915/3373
f 2702/2917/3375 2700/2915/3373 2788/3003/3374
f 2788/3003/3374 2789/3004/3376 2702/2917/3375
f 2704/2919/3377 2702/2917/3375 2789/3004/3376
f 2789/3004/3376 2790/3005/3378 2704/2919/3377
f 2706/2921/3379 2704/2919/3377 2790/3005/3378
f 2790/3005/3378 2791/3006/3380 2706/2921/3379
f 2708/2923/3381 2706/2921/3379 2791/3006/3380
f 2791/3006/3380 2792/3007/3382 2708/2923/3381
f 2710/2925/3383 2708/2923/3381 2792/3007/3382
f 2792/3007/3382 2793/3008/3384 2710/2925/3383
f 2712/2927/3385 2710/2925/3383 2793/3008/3384
f 2793/3008/3384 2794/3009/3386 2712/2927/3385
f 2714/2929/3387 2712/2927/3385 2794/3009/3386
f 2794/3009/3386 2795/3010/3388 2714/2929/3387
f 2716/2931/3389 2714/2929/3387 2795/3010/3388
f 2795/3010/3388 2796/3011/3390 2716/2931/3389
f 2718/2933/3391 2716/2931/3389 2796/3011/3390
f 2796/3011/3390 2797/3012/3392 2718/2933/3391
f 2720/2935/3393 2718/2933/3391 2797/3012/3392
f 2797/3012/3392 2798/3013/3394 2720/2935/3393
f 2722/2937/3280 2720/2935/3393 2798/3013/3394
f 2798/3013/3394 2799/3014/3395 2722/2937/3280
f 2724/2939/3282 2722/2937/3280 2799/3014/3395
f 2799/3014/3395 2800/3015/3396 2724/2939/3282
f 2726/2941/3284 2724/2939/3282 2800/3015/3396
f 2800/3015/3396 2801/3016/3397 2726/2941/3284
f 2728/2943/3286 2726/2941/3284 2801/3016/3397
f 2801/3016/3397 2802/3017/3398 2728/2943/3286
f 2730/2945/3288 2728/2943/3286 2802/3017/3398
f 2802/3017/3398 2803/3018/3399 2730/2945/3288
f 2686/2901/3244 2730/2945/3288 2803/3018/3399
f 2803/3018/3399 2780/2995/3362 2686/2901/3244
f 2103/2252/2554 2273/2439/2724 2104/2253/2555
f 2271/2437/2722 2247/2412/2698 2246/2411/2697
f 2246/2411/2697 2269/2435/2720 2804/3019/3400
f 2805/3020/3401 2804/3019/3400 2269/2435/2720
f 2318/2486/2769 2320/2488/2771 2319/2487/2770
f 2269/2435/2720 2806/3021/3402 2805/3020/3401
f 2269/2435/2720 2293/2460/2744 2806/3021/3402
f 2806/3021/3402 2293/2460/2744 2807/3022/3403
f 2371/2539/2822 2095/2244/2546 2808/3023/3404
f 2371/2539/2822 2372/2540/2823 2367/2535/2818
f 2807/3022/3403 2293/2460/2744 2319/2487/2770
f 2808/3023/3404 2095/2244/2546 2809/3024/3405
f 2247/2412/2698 2271/2437/2722 2272/2438/2723
f 2321/2489/2772 2810/3025/3406 2322/2490/2773
f 2804/3019/3400 2270/2436/2721 2246/2411/2697
f 2809/3024/3405 2095/2244/2546 2104/2253/2555
f 2103/2252/2554 2247/2412/2698 2273/2439/2724
f 2321/2489/2772 2369/2537/2820 2810/3025/3406
f 2329/2497/2780 2095/2244/2546 2370/2538/2821
f 2370/2538/2821 2095/2244/2546 2371/2539/2822
f 2271/2437/2722 2270/2436/2721 2811/3026/3407
f 2811/3026/3407 2812/3027/3408 2271/2437/2722
f 2273/2439/2724 2272/2438/2723 2813/3028/3409
f 2813/3028/3409 2814/3029/3410 2273/2439/2724
f 2320/2488/2771 2322/2490/2773 2815/3030/3411
f 2815/3030/3411 2816/3031/3412 2320/2488/2771
f 2369/2537/2820 2372/2540/2823 2817/3032/3413
f 2817/3032/3413 2818/3033/3414 2369/2537/2820
f 2104/2253/2555 2273/2439/2724 2814/3029/3410
f 2814/3029/3410 2819/3034/3415 2104/2253/2555
f 2804/3019/3400 2805/3020/3401 2820/3035/3416
f 2820/3035/3416 2821/3036/3417 2804/3019/3400
f 2319/2487/2770 2320/2488/2771 2816/3031/3412
f 2816/3031/3412 2822/3037/3418 2319/2487/2770
f 2805/3020/3401 2806/3021/3402 2823/3038/3419
f 2823/3038/3419 2820/3035/3416 2805/3020/3401
f 2806/3021/3402 2807/3022/3403 2824/3039/3420
f 2824/3039/3420 2823/3038/3419 2806/3021/3402
f 2371/2539/2822 2808/3023/3404 2825/3040/3421
f 2825/3040/3421 2826/3041/3422 2371/2539/2822
f 2372/2540/2823 2371/2539/2822 2826/3041/3422
f 2826/3041/3422 2817/3032/3413 2372/2540/2823
f 2807/3022/3403 2319/2487/2770 2822/3037/3418
f 2822/3037/3418 2824/3039/3420 2807/3022/3403
f 2808/3023/3404 2809/3024/3405 2827/3042/3423
f 2827/3042/3423 2825/3040/3421 2808/3023/3404
f 2272/2438/2723 2271/2437/2722 2812/3027/3408
f 2812/3027/3408 2813/3028/3409 2272/2438/2723
f 2322/2490/2773 2810/3025/3406 2828/3043/3424
f 2828/3043/3424 2815/3030/3411 2322/2490/2773
f 2270/2436/2721 2804/3019/3400 2821/3036/3417
f 2821/3036/3417 2811/3026/3407 2270/2436/2721
f 2809/3024/3405 2104/2253/2555 2819/3034/3415
f 2819/3034/3415 2827/3042/3423 2809/3024/3405
f 2810/3025/3406 2369/2537/2820 2818/3033/3414
f 2818/3033/3414 2828/3043/3424 2810/3025/3406
f 2812/3044/3425 2811/3045/3425 2829/3046/3425
f 2814/3047/3425 2813/3048/3425 2829/3046/3425
f 2816/3049/3425 2815/3050/3425 2829/3046/3425
f 2818/3051/3425 2817/3052/3425 2829/3046/3425
f 2819/3053/3425 2814/3047/3425 2829/3046/3425
f 2821/3054/3425 2820/3055/3425 2829/3046/3425
f 2822/3056/3425 2816/3049/3425 2829/3046/3425
f 2820/3055/3425 2823/3057/3425 2829/3046/3425
f 2823/3057/3425 2824/3058/3425 2829/3046/3425
f 2826/3059/3425 2825/3060/3425 2829/3046/3425
f 2817/3052/3425 2826/3059/3425 2829/3046/3425
f 2824/3058/3425 2822/3056/3425 2829/3046/3425
f 2825/3060/3425 2827/3061/3425 2829/3046/3425
f 2813/3048/3425 2812/3044/3425 2829/3046/3425
f 2815/3050/3425 2828/3062/3425 2829/3046/3425
f 2811/3045/3425 2821/3054/3425 2829/3046/3425
f 2827/3061/3425 2819/3053/3425 2829/3046/3425
f 2828/3062/3425 2818/3051/3425 2829/3046/3425
f 2830/3063/3426 2831/3064/3427 2832/3065/3428
f 2832/3065/3428 2833/3066/3429 2830/3063/3426
f 2834/3067/3430 2831/3064/3427 2830/3063/3426
f 2830/3063/3426 2835/3068/3431 2834/3067/3430
f 2836/3069/3432 2837/3070/3433 2838/3071/3434
f 2837/3070/3433 2839/3072/3435 2840/3073/3436
f 2840/3073/3436 2838/3071/3434 2837/3070/3433
f 2841/3074/3437 2842/3075/3438 2843/3076/3439
f 2843/3076/3439 2844/3077/3440 2841/3074/3437
f 2844/3077/3440 2843/3076/3439 2845/3078/3441
f 2845/3078/3441 2846/3079/3442 2844/3077/3440
f 2846/3079/3442 2845/3078/3441 2847/3080/3443
f 2847/3080/3443 2848/3081/3444 2846/3079/3442
f 2848/3081/3444 2847/3080/3443 2849/3082/3445
f 2849/3082/3445 2850/3083/3446 2848/3081/3444
f 2850/3083/3446 2849/3082/3445 2851/3084/3447
f 2851/3084/3447 2852/3085/3448 2850/3083/3446
f 2852/3085/3448 2851/3084/3447 2853/3086/3449
f 2853/3086/3449 2854/3087/3450 2852/3085/3448
f 2854/3087/3450 2853/3086/3449 2855/3088/3451
f 2855/3088/3451 2856/3089/3452 2854/3087/3450
f 2857/3090/3453 2856/3089/3452 2855/3088/3451
f 2855/3088/3451 2858/3091/3454 2857/3090/3453
f 2859/3092/3455 2860/3093/3456 2861/3094/3457
f 2859/3092/3455 2861/3094/3457 2856/3089/3452
f 2859/3092/3455 2856/3089/3452 2857/3090/3453
f 2862/3095/3458 2861/3094/3457 2860/3093/3456
f 2861/3094/3457 2862/3095/3458 2863/3096/3459
f 2864/3097/3460 2865/3098/3461 2866/3099/3462
f 2864/3097/3460 2866/3099/3462 2863/3096/3459
f 2864/3097/3460 2863/3096/3459 2862/3095/3458
f 2867/3100/3463 2868/3101/3464 2869/3102/3465
f 2870/3103/3466 2867/3100/3463 2869/3102/3465
f 2870/3103/3466 2869/3102/3465 2866/3099/3462
f 2870/3103/3466 2866/3099/3462 2865/3098/3461
f 2871/3104/3467 2872/3105/3468 2873/3106/3469
f 2868/3101/3464 2872/3105/3468 2871/3104/3467
f 2868/3101/3464 2871/3104/3467 2869/3102/3465
f 2871/3104/3467 2873/3106/3469 2874/3107/3470
f 2874/3107/3470 2875/3108/3471 2871/3104/3467
f 2874/3107/3470 2876/3109/3472 2877/3110/3473
f 2877/3110/3473 2875/3108/3471 2874/3107/3470
f 2876/3109/3472 2878/3111/3474 2879/3112/3475
f 2879/3112/3475 2877/3110/3473 2876/3109/3472
f 2878/3111/3474 2880/3113/3476 2881/3114/3477
f 2881/3114/3477 2879/3112/3475 2878/3111/3474
f 2880/3113/3476 2882/3115/3478 2883/3116/3479
f 2883/3116/3479 2881/3114/3477 2880/3113/3476
f 2884/3117/3480 2883/3116/3479 2882/3115/3478
f 2882/3115/3478 2885/3118/3481 2884/3117/3480
f 2886/3119/3482 2887/3120/3483 2888/3121/3484
f 2888/3121/3484 2889/3122/3485 2886/3119/3482
f 2887/3120/3483 2884/3117/3480 2885/3118/3481
f 2885/3118/3481 2888/3121/3484 2887/3120/3483
f 2890/3123/3486 2886/3119/3482 2889/3122/3485
f 2889/3122/3485 2891/3124/3487 2890/3123/3486
f 2891/3124/3487 2892/3125/3488 2893/3126/3489
f 2893/3126/3489 2890/3123/3486 2891/3124/3487
f 2892/3125/3488 2894/3127/3490 2895/3128/3491
f 2895/3128/3491 2893/3126/3489 2892/3125/3488
f 2894/3127/3490 2896/3129/3492 2897/3130/3493
f 2897/3130/3493 2895/3128/3491 2894/3127/3490
f 2896/3129/3492 2835/3068/3431 2830/3063/3426
f 2830/3063/3426 2897/3130/3493 2896/3129/3492
f 2898/3131/3494 2899/3132/3495 2900/3133/3496
f 2901/3134/3497 2902/3135/3498 2903/3136/3499
f 2900/3133/3496 2901/3134/3497 2903/3136/3499
f 2898/3131/3494 2900/3133/3496 2903/3136/3499
f 2904/3137/3500 2842/3075/3438 2905/3138/3501
f 2905/3138/3501 2906/3139/3502 2904/3137/3500
f 2907/3140/3503 2842/3075/3438 2904/3137/3500
f 2842/3075/3438 2908/3141/3504 2843/3076/3439
f 2909/3142/3505 2843/3076/3439 2908/3141/3504
f 2843/3076/3439 2909/3142/3505 2910/3143/3506
f 2910/3143/3506 2845/3078/3441 2843/3076/3439
f 2911/3144/3507 2845/3078/3441 2910/3143/3506
f 2847/3080/3443 2845/3078/3441 2912/3145/3508
f 2912/3145/3508 2913/3146/3509 2847/3080/3443
f 2849/3082/3445 2847/3080/3443 2913/3146/3509
f 2913/3146/3509 2914/3147/3510 2849/3082/3445
f 2851/3084/3447 2849/3082/3445 2914/3147/3510
f 2914/3147/3510 2915/3148/3511 2851/3084/3447
f 2853/3086/3449 2851/3084/3447 2915/3148/3511
f 2915/3148/3511 2916/3149/3512 2853/3086/3449
f 2915/3148/3511 2917/3150/3513 2916/3149/3512
f 2917/3150/3513 2918/3151/3514 2916/3149/3512
f 2916/3149/3512 2858/3091/3454 2855/3088/3451
f 2853/3086/3449 2916/3149/3512 2855/3088/3451
f 2919/3152/3515 2920/3153/3516 2921/3154/3517
f 2920/3153/3516 2919/3152/3515 2922/3155/3518
f 2921/3154/3517 2923/3156/3519 2924/3157/3520
f 2923/3156/3519 2921/3154/3517 2920/3153/3516
f 2874/3107/3470 2873/3106/3469 2925/3158/3521
f 2874/3107/3470 2926/3159/3522 2927/3160/3523
f 2924/3157/3520 2928/3161/3524 2921/3154/3517
f 2924/3157/3520 2927/3160/3523 2928/3161/3524
f 2874/3107/3470 2927/3160/3523 2924/3157/3520
f 2874/3107/3470 2924/3157/3520 2929/3162/3525
f 2929/3162/3525 2876/3109/3472 2874/3107/3470
f 2876/3109/3472 2929/3162/3525 2930/3163/3526
f 2930/3163/3526 2878/3111/3474 2876/3109/3472
f 2878/3111/3474 2930/3163/3526 2931/3164/3527
f 2931/3164/3527 2880/3113/3476 2878/3111/3474
f 2880/3113/3476 2931/3164/3527 2932/3165/3528
f 2932/3165/3528 2882/3115/3478 2880/3113/3476
f 2882/3115/3478 2932/3165/3528 2933/3166/3529
f 2933/3166/3529 2885/3118/3481 2882/3115/3478
f 2885/3118/3481 2933/3166/3529 2934/3167/3530
f 2934/3167/3530 2888/3121/3484 2885/3118/3481
f 2888/3121/3484 2934/3167/3530 2935/3168/3531
f 2935/3168/3531 2889/3122/3485 2888/3121/3484
f 2889/3122/3485 2935/3168/3531 2936/3169/3532
f 2936/3169/3532 2891/3124/3487 2889/3122/3485
f 2891/3124/3487 2936/3169/3532 2937/3170/3533
f 2937/3170/3533 2892/3125/3488 2891/3124/3487
f 2892/3125/3488 2937/3170/3533 2938/3171/3534
f 2938/3171/3534 2894/3127/3490 2892/3125/3488
f 2894/3127/3490 2938/3171/3534 2939/3172/3535
f 2939/3172/3535 2896/3129/3492 2894/3127/3490
f 2830/3063/3536 2833/3066/3537 2940/3173/3537
f 2940/3173/3537 2941/3174/3536 2830/3063/3536
f 2840/3073/3538 2942/3175/3538 2940/3173/3537
f 2940/3173/3537 2833/3066/3537 2840/3073/3538
f 2839/3072/3539 2943/3176/3539 2942/3175/3538
f 2942/3175/3538 2840/3073/3538 2839/3072/3539
f 2839/3072/3539 2944/3177/3540 2945/3178/3540
f 2945/3178/3540 2943/3176/3539 2839/3072/3539
f 2944/3177/3540 2946/3179/3541 2947/3180/3541
f 2947/3180/3541 2945/3178/3540 2944/3177/3540
f 2946/3179/3541 2948/3181/3542 2949/3182/3542
f 2949/3182/3542 2947/3180/3541 2946/3179/3541
f 2948/3181/3542 2950/3183/3543 2951/3184/3543
f 2951/3184/3543 2949/3182/3542 2948/3181/3542
f 2950/3183/3543 2952/3185/3544 2953/3186/3544
f 2953/3186/3544 2951/3184/3543 2950/3183/3543
f 2952/3185/3544 2954/3187/3545 2955/3188/3545
f 2955/3188/3545 2953/3186/3544 2952/3185/3544
f 2954/3187/3545 2841/3074/3546 2956/3189/3546
f 2956/3189/3546 2955/3188/3545 2954/3187/3545
f 2841/3074/3546 2844/3077/3547 2957/3190/3547
f 2957/3190/3547 2956/3189/3546 2841/3074/3546
f 2846/3079/3548 2958/3191/3548 2957/3190/3547
f 2957/3190/3547 2844/3077/3547 2846/3079/3548
f 2846/3079/3548 2848/3081/3549 2959/3192/3549
f 2959/3192/3549 2958/3191/3548 2846/3079/3548
f 2848/3081/3549 2850/3083/3550 2960/3193/3550
f 2960/3193/3550 2959/3192/3549 2848/3081/3549
f 2852/3085/3551 2961/3194/3551 2960/3193/3550
f 2960/3193/3550 2850/3083/3550 2852/3085/3551
f 2854/3087/3552 2962/3195/3552 2961/3194/3551
f 2961/3194/3551 2852/3085/3551 2854/3087/3552
f 2856/3089/3553 2963/3196/3553 2962/3195/3552
f 2962/3195/3552 2854/3087/3552 2856/3089/3553
f 2861/3094/3554 2964/3197/3554 2963/3196/3553
f 2963/3196/3553 2856/3089/3553 2861/3094/3554
f 2863/3096/3555 2965/3198/3555 2964/3197/3554
f 2964/3197/3554 2861/3094/3554 2863/3096/3555
f 2866/3099/3556 2966/3199/3556 2965/3198/3555
f 2965/3198/3555 2863/3096/3555 2866/3099/3556
f 2866/3099/3556 2869/3102/3557 2967/3200/3557
f 2967/3200/3557 2966/3199/3556 2866/3099/3556
f 2871/3104/3558 2968/3201/3558 2967/3200/3557
f 2967/3200/3557 2869/3102/3557 2871/3104/3558
f 2875/3108/3559 2969/3202/3559 2968/3201/3558
f 2968/3201/3558 2871/3104/3558 2875/3108/3559
f 2875/3108/3559 2877/3110/3560 2970/3203/3560
f 2970/3203/3560 2969/3202/3559 2875/3108/3559
f 2879/3112/3561 2971/3204/3561 2970/3203/3560
f 2970/3203/3560 2877/3110/3560 2879/3112/3561
f 2879/3112/3561 2881/3114/3562 2972/3205/3562
f 2972/3205/3562 2971/3204/3561 2879/3112/3561
f 2883/3116/3563 2973/3206/3563 2972/3205/3562
f 2972/3205/3562 2881/3114/3562 2883/3116/3563
f 2884/3117/3564 2974/3207/3565 2973/3206/3563
f 2973/3206/3563 2883/3116/3563 2884/3117/3564
f 2886/3119/3566 2975/3208/3566 2976/3209/3567
f 2976/3209/3567 2887/3120/3567 2886/3119/3566
f 2887/3120/3567 2976/3209/3567 2974/3207/3565
f 2974/3207/3565 2884/3117/3564 2887/3120/3567
f 2890/3123/3568 2977/3210/3568 2975/3208/3566
f 2975/3208/3566 2886/3119/3566 2890/3123/3568
f 2893/3126/3569 2978/3211/3569 2977/3210/3568
f 2977/3210/3568 2890/3123/3568 2893/3126/3569
f 2895/3128/3570 2979/3212/3570 2978/3211/3569
f 2978/3211/3569 2893/3126/3569 2895/3128/3570
f 2895/3128/3570 2897/3130/3571 2980/3213/3571
f 2980/3213/3571 2979/3212/3570 2895/3128/3570
f 2897/3130/3571 2830/3063/3536 2941/3174/3536
f 2941/3174/3536 2980/3213/3571 2897/3130/3571
f 2981/3214/3572 2982/3215/3573 2983/3216/3574
f 2983/3216/3574 2984/3217/3575 2981/3214/3572
f 2985/3218/3576 2981/3214/3572 2984/3217/3575
f 2984/3217/3575 2986/3219/3577 2985/3218/3576
f 2986/3219/3577 2987/3220/3578 2988/3221/3579
f 2988/3221/3579 2985/3218/3576 2986/3219/3577
f 2898/3131/3494 2988/3221/3579 2987/3220/3578
f 2987/3220/3578 2989/3222/3580 2898/3131/3494
f 2899/3132/3495 2898/3131/3494 2989/3222/3580
f 2989/3222/3580 2990/3223/3581 2899/3132/3495
f 2991/3224/3582 2899/3132/3495 2990/3223/3581
f 2990/3223/3581 2992/3225/3583 2991/3224/3582
f 2993/3226/3584 2991/3224/3582 2992/3225/3583
f 2992/3225/3583 2994/3227/3585 2993/3226/3584
f 2995/3228/3586 2993/3226/3584 2994/3227/3585
f 2994/3227/3585 2996/3229/3587 2995/3228/3586
f 2906/3139/3502 2995/3228/3586 2996/3229/3587
f 2996/3229/3587 2997/3230/3588 2906/3139/3502
f 2904/3137/3500 2906/3139/3502 2997/3230/3588
f 2997/3230/3588 2998/3231/3589 2904/3137/3500
f 2907/3140/3503 2904/3137/3500 2998/3231/3589
f 2998/3231/3589 2999/3232/3590 2907/3140/3503
f 2999/3232/3590 3000/3233/3591 2908/3141/3504
f 2908/3141/3504 2907/3140/3503 2999/3232/3590
f 2909/3142/3505 2908/3141/3504 3000/3233/3591
f 3000/3233/3591 3001/3234/3592 2909/3142/3505
f 2910/3143/3506 2909/3142/3505 3001/3234/3592
f 3001/3234/3592 3002/3235/3593 2910/3143/3506
f 2911/3144/3507 2910/3143/3506 3002/3235/3593
f 3002/3235/3593 3003/3236/3594 2911/3144/3507
f 2912/3145/3508 2911/3144/3507 3003/3236/3594
f 3003/3236/3594 3004/3237/3595 2912/3145/3508
f 2913/3146/3509 2912/3145/3508 3004/3237/3595
f 3004/3237/3595 3005/3238/3596 2913/3146/3509
f 2914/3147/3510 2913/3146/3509 3005/3238/3596
f 3005/3238/3596 3006/3239/3597 2914/3147/3510
f 2915/3148/3511 2914/3147/3510 3006/3239/3597
f 3006/3239/3597 3007/3240/3598 2915/3148/3511
f 2917/3150/3513 2915/3148/3511 3007/3240/3598
f 3007/3240/3598 3008/3241/3599 2917/3150/3513
f 2922/3155/3518 2917/3150/3513 3008/3241/3599
f 3008/3241/3599 3009/3242/3600 2922/3155/3518
f 2920/3153/3516 2922/3155/3518 3009/3242/3600
f 3009/3242/3600 3010/3243/3601 2920/3153/3516
f 2923/3156/3519 2920/3153/3516 3010/3243/3601
f 3010/3243/3601 3011/3244/3602 2923/3156/3519
f 2924/3157/3603 2923/3156/3519 3011/3244/3602
f 3011/3244/3602 3012/3245/3604 2924/3157/3603
f 2929/3162/3525 2924/3157/3603 3012/3245/3604
f 3012/3245/3604 3013/3246/3605 2929/3162/3525
f 2930/3163/3526 2929/3162/3525 3013/3246/3605
f 3013/3246/3605 3014/3247/3606 2930/3163/3526
f 2931/3164/3527 2930/3163/3526 3014/3247/3606
f 3014/3247/3606 3015/3248/3607 2931/3164/3527
f 2932/3165/3528 2931/3164/3527 3015/3248/3607
f 3015/3248/3607 3016/3249/3608 2932/3165/3528
f 2933/3166/3529 2932/3165/3528 3016/3249/3608
f 3016/3249/3608 3017/3250/3609 2933/3166/3529
f 2934/3167/3530 2933/3166/3529 3017/3250/3609
f 3017/3250/3609 3018/3251/3610 2934/3167/3530
f 2935/3168/3531 2934/3167/3530 3018/3251/3610
f 3018/3251/3610 3019/3252/3611 2935/3168/3531
f 2936/3169/3532 2935/3168/3531 3019/3252/3611
f 3019/3252/3611 3020/3253/3612 2936/3169/3532
f 2937/3170/3533 2936/3169/3532 3020/3253/3612
f 3020/3253/3612 3021/3254/3613 2937/3170/3533
f 2938/3171/3534 2937/3170/3533 3021/3254/3613
f 3021/3254/3613 3022/3255/3614 2938/3171/3534
f 2939/3172/3535 2938/3171/3534 3022/3255/3614
f 3022/3255/3614 3023/3256/3615 2939/3172/3535
f 2982/3215/3573 2939/3172/3535 3023/3256/3615
f 3023/3256/3615 2983/3216/3574 2982/3215/3573
f 3024/3257/3616 2984/3217/3575 2983/3216/3574
f 2983/3216/3574 3025/3258/3617 3024/3257/3616
f 3026/3259/3618 2986/3219/3619 2984/3217/3575
f 2984/3217/3575 3024/3257/3616 3026/3259/3618
f 3026/3259/3618 3027/3260/3620 2987/3220/3578
f 2987/3220/3578 2986/3219/3619 3026/3259/3618
f 3027/3260/3620 3028/3261/3621 2989/3222/3580
f 2989/3222/3580 2987/3220/3578 3027/3260/3620
f 3028/3261/3621 3029/3262/3622 2990/3223/3581
f 2990/3223/3581 2989/3222/3580 3028/3261/3621
f 3029/3262/3622 3030/3263/3623 2992/3225/3583
f 2992/3225/3583 2990/3223/3581 3029/3262/3622
f 3030/3263/3623 3031/3264/3624 2994/3227/3585
f 2994/3227/3585 2992/3225/3583 3030/3263/3623
f 3031/3264/3624 3032/3265/3625 2996/3229/3587
f 2996/3229/3587 2994/3227/3585 3031/3264/3624
f 3032/3265/3625 3033/3266/3626 2997/3230/3588
f 2997/3230/3588 2996/3229/3587 3032/3265/3625
f 3033/3266/3626 3034/3267/3627 2998/3231/3589
f 2998/3231/3589 2997/3230/3588 3033/3266/3626
f 3035/3268/3628 2999/3232/3590 2998/3231/3589
f 2998/3231/3589 3034/3267/3627 3035/3268/3628
f 3036/3269/3629 3003/3236/3594 3002/3235/3593
f 3002/3235/3593 3037/3270/3630 3036/3269/3629
f 3038/3271/3631 3004/3237/3595 3003/3236/3594
f 3003/3236/3594 3036/3269/3629 3038/3271/3631
f 3039/3272/3632 3005/3238/3596 3004/3237/3595
f 3004/3237/3595 3038/3271/3631 3039/3272/3632
f 3040/3273/3633 3006/3239/3597 3005/3238/3596
f 3005/3238/3596 3039/3272/3632 3040/3273/3633
f 3041/3274/3634 3007/3240/3635 3006/3239/3597
f 3006/3239/3597 3040/3273/3633 3041/3274/3634
f 3042/3275/3636 3008/3241/3637 3007/3240/3635
f 3007/3240/3635 3041/3274/3634 3042/3275/3636
f 3042/3275/3636 3043/3276/3638 3009/3242/3639
f 3009/3242/3639 3008/3241/3637 3042/3275/3636
f 3043/3276/3638 3044/3277/3640 3010/3243/3601
f 3010/3243/3601 3009/3242/3639 3043/3276/3638
f 3044/3277/3640 3045/3278/3641 3011/3244/3602
f 3011/3244/3602 3010/3243/3601 3044/3277/3640
f 3045/3278/3641 3046/3279/3642 3012/3245/3604
f 3012/3245/3604 3011/3244/3602 3045/3278/3641
f 3046/3279/3642 3047/3280/3643 3013/3246/3605
f 3013/3246/3605 3012/3245/3604 3046/3279/3642
f 3047/3280/3643 3048/3281/3644 3014/3247/3606
f 3014/3247/3606 3013/3246/3605 3047/3280/3643
f 3048/3281/3644 3049/3282/3645 3015/3248/3607
f 3015/3248/3607 3014/3247/3606 3048/3281/3644
f 3049/3282/3645 3050/3283/3646 3016/3249/3608
f 3016/3249/3608 3015/3248/3607 3049/3282/3645
f 3050/3283/3646 3051/3284/3647 3017/3250/3609
f 3017/3250/3609 3016/3249/3608 3050/3283/3646
f 3052/3285/3648 3018/3251/3610 3017/3250/3609
f 3017/3250/3609 3051/3284/3647 3052/3285/3648
f 3053/3286/3649 3019/3252/3611 3018/3251/3610
f 3018/3251/3610 3052/3285/3648 3053/3286/3649
f 3054/3287/3650 3020/3253/3612 3019/3252/3611
f 3019/3252/3611 3053/3286/3649 3054/3287/3650
f 3055/3288/3651 3021/3254/3613 3020/3253/3612
f 3020/3253/3612 3054/3287/3650 3055/3288/3651
f 3056/3289/3652 3022/3255/3614 3021/3254/3613
f 3021/3254/3613 3055/3288/3651 3056/3289/3652
f 3057/3290/3653 3023/3256/3615 3022/3255/3614
f 3022/3255/3614 3056/3289/3652 3057/3290/3653
f 3025/3258/3617 2983/3216/3574 3023/3256/3615
f 3023/3256/3615 3057/3290/3653 3025/3258/3617
f 3037/3270/3630 3002/3235/3593 3001/3234/3592
f 3001/3234/3592 3058/3291/3654 3037/3270/3630
f 3058/3291/3654 3001/3234/3592 3000/3233/3591
f 3000/3233/3591 3059/3292/3655 3058/3291/3654
f 3035/3268/3628 3059/3292/3655 3000/3233/3591
f 3000/3233/3591 2999/3232/3590 3035/3268/3628
f 2922/3155/3518 3060/3293/3656 3061/3294/3657
f 2917/3150/3513 2922/3155/3518 3061/3294/3657
f 2917/3150/3513 3061/3294/3657 3062/3295/3658
f 2917/3150/3513 3062/3295/3658 3063/3296/3659
f 2917/3150/3513 3063/3296/3659 3064/3297/3660
f 2917/3150/3513 3064/3297/3660 2918/3151/3514
f 2919/3152/3515 3060/3293/3656 2922/3155/3518
f 2873/3106/3469 2872/3105/3468 2925/3158/3521
f 2925/3158/3521 2926/3159/3522 2874/3107/3470
f 3065/3298/3661 3066/3299/3662 3067/3300/3663
f 3067/3300/3663 3068/3301/3664 3065/3298/3661
f 3069/3302/3665 3070/3303/3666 3071/3304/3667
f 3071/3304/3667 3072/3305/3668 3069/3302/3665
f 3072/3305/3668 3073/3306/3669 3074/3307/3670
f 3074/3307/3670 3069/3302/3665 3072/3305/3668
f 3075/3308/3671 3074/3307/3670 3073/3306/3669
f 3073/3306/3669 3076/3309/3672 3075/3308/3671
f 3077/3310/3673 3075/3308/3671 3076/3309/3672
f 3076/3309/3672 3078/3311/3674 3077/3310/3673
f 3079/3312/3675 3077/3310/3673 3078/3311/3674
f 3078/3311/3674 3080/3313/3676 3079/3312/3675
f 3068/3301/3664 3079/3312/3675 3080/3313/3676
f 3080/3313/3676 3065/3298/3661 3068/3301/3664
f 3081/3314/3677 3082/3315/3678 3083/3316/3679
f 3083/3316/3679 3084/3317/3680 3081/3314/3677
f 3082/3315/3678 3085/3318/3681 3086/3319/3682
f 3086/3319/3682 3083/3316/3679 3082/3315/3678
f 3085/3318/3681 3087/3320/3683 3088/3321/3684
f 3088/3321/3684 3086/3319/3682 3085/3318/3681
f 3087/3320/3683 3089/3322/3685 3090/3323/3686
f 3090/3323/3686 3088/3321/3684 3087/3320/3683
f 3089/3322/3685 3091/3324/3687 3092/3325/3688
f 3092/3325/3688 3090/3323/3686 3089/3322/3685
f 3091/3324/3687 3093/3326/3689 3094/3327/3690
f 3094/3327/3690 3092/3325/3688 3091/3324/3687
f 3084/3317/3680 3095/3328/3691 3096/3329/3692
f 3096/3329/3692 3081/3314/3677 3084/3317/3680
f 3095/3328/3691 3097/3330/3693 3098/3331/3694
f 3098/3331/3694 3096/3329/3692 3095/3328/3691
f 3097/3330/3693 3099/3332/3695 3100/3333/3696
f 3100/3333/3696 3098/3331/3694 3097/3330/3693
f 3099/3332/3695 3067/3300/3663 3066/3299/3662
f 3066/3299/3662 3100/3333/3696 3099/3332/3695
f 3093/3326/3689 3101/3334/3697 3102/3335/3698
f 3102/3335/3698 3094/3327/3690 3093/3326/3689
f 3103/3336/3699 3102/3335/3698 3101/3334/3697
f 3101/3334/3697 3104/3337/3700 3103/3336/3699
f 3070/3303/3666 3105/3338/3701 3106/3339/3702
f 3106/3339/3702 3071/3304/3667 3070/3303/3666
f 3105/3338/3701 3107/3340/3703 3108/3341/3704
f 3108/3341/3704 3106/3339/3702 3105/3338/3701
f 3109/3342/3705 3108/3341/3704 3107/3340/3703
f 3107/3340/3703 3110/3343/3706 3109/3342/3705
f 3111/3344/3707 3109/3342/3705 3110/3343/3706
f 3110/3343/3706 3112/3345/3708 3111/3344/3707
f 3112/3345/3708 3103/3336/3699 3104/3337/3700
f 3104/3337/3700 3111/3344/3707 3112/3345/3708
f 3113/3346/3709 3114/3347/3710 3068/3301/3711
f 3068/3301/3711 3067/3300/3712 3113/3346/3709
f 3115/3348/3713 3116/3349/3714 3070/3303/3715
f 3070/3303/3715 3069/3302/3716 3115/3348/3713
f 3117/3350/3717 3118/3351/3718 3074/3307/3719
f 3074/3307/3719 3075/3308/3720 3117/3350/3717
f 3119/3352/3721 3117/3350/3717 3075/3308/3720
f 3075/3308/3720 3077/3310/3722 3119/3352/3721
f 3120/3353/3723 3119/3352/3721 3077/3310/3722
f 3077/3310/3722 3079/3312/3724 3120/3353/3723
f 3114/3347/3710 3120/3353/3723 3079/3312/3724
f 3079/3312/3724 3068/3301/3725 3114/3347/3710
f 3121/3354/3726 3084/3317/3727 3083/3316/3728
f 3083/3316/3728 3122/3355/3729 3121/3354/3726
f 3122/3355/3729 3083/3316/3728 3086/3319/3730
f 3086/3319/3730 3123/3356/3731 3122/3355/3729
f 3123/3356/3731 3086/3319/3730 3088/3321/3732
f 3088/3321/3732 3124/3357/3733 3123/3356/3731
f 3124/3357/3733 3088/3321/3732 3090/3323/3734
f 3090/3323/3734 3125/3358/3735 3124/3357/3733
f 3125/3358/3735 3090/3323/3734 3092/3325/3736
f 3092/3325/3737 3126/3359/3738 3125/3358/3739
f 3126/3359/3738 3092/3325/3737 3094/3327/3740
f 3094/3327/3740 3127/3360/3741 3126/3359/3738
f 3128/3361/3742 3095/3328/3743 3084/3317/3727
f 3084/3317/3727 3121/3354/3726 3128/3361/3742
f 3129/3362/3744 3097/3330/3745 3095/3328/3743
f 3095/3328/3743 3128/3361/3742 3129/3362/3744
f 3130/3363/3746 3099/3332/3746 3097/3330/3745
f 3097/3330/3745 3129/3362/3744 3130/3363/3746
f 3130/3363/3746 3113/3346/3709 3067/3300/3712
f 3067/3300/3712 3099/3332/3746 3130/3363/3746
f 3118/3351/3718 3115/3348/3713 3069/3302/3716
f 3069/3302/3716 3074/3307/3719 3118/3351/3718
f 3131/3364/3747 3127/3360/3741 3094/3327/3740
f 3094/3327/3740 3102/3335/3748 3131/3364/3747
f 3131/3364/3747 3102/3335/3748 3103/3336/3749
f 3103/3336/3749 3132/3365/3750 3131/3364/3747
f 3116/3349/3751 3133/3366/3752 3105/3338/3753
f 3105/3338/3753 3070/3303/3754 3116/3349/3751
f 3134/3367/3755 3107/3340/3756 3105/3338/3753
f 3105/3338/3753 3133/3366/3752 3134/3367/3755
f 3134/3367/3755 3135/3368/3757 3110/3343/3758
f 3110/3343/3758 3107/3340/3756 3134/3367/3755
f 3135/3368/3757 3136/3369/3759 3112/3345/3759
f 3112/3345/3759 3110/3343/3758 3135/3368/3757
f 3132/3365/3750 3103/3336/3749 3112/3345/3759
f 3112/3345/3759 3136/3369/3759 3132/3365/3750
f 3137/3370/3760 3138/3371/3761 3066/3299/3662
f 3066/3299/3662 3065/3298/3661 3137/3370/3760
f 3139/3372/3762 3073/3306/3669 3072/3305/3668
f 3072/3305/3668 3140/3373/3763 3139/3372/3762
f 3141/3374/3764 3076/3309/3672 3073/3306/3669
f 3073/3306/3669 3139/3372/3762 3141/3374/3764
f 3142/3375/3765 3078/3311/3674 3076/3309/3672
f 3076/3309/3672 3141/3374/3764 3142/3375/3765
f 3143/3376/3766 3080/3313/3676 3078/3311/3674
f 3078/3311/3674 3142/3375/3765 3143/3376/3766
f 3143/3376/3766 3137/3370/3760 3065/3298/3661
f 3065/3298/3661 3080/3313/3676 3143/3376/3766
f 3144/3377/3767 3082/3315/3678 3081/3314/3677
f 3081/3314/3677 3145/3378/3768 3144/3377/3767
f 3146/3379/3769 3085/3318/3681 3082/3315/3678
f 3082/3315/3678 3144/3377/3767 3146/3379/3769
f 3147/3380/3770 3087/3320/3683 3085/3318/3681
f 3085/3318/3681 3146/3379/3769 3147/3380/3770
f 3148/3381/3771 3089/3322/3685 3087/3320/3683
f 3087/3320/3683 3147/3380/3770 3148/3381/3771
f 3149/3382/3772 3091/3324/3687 3089/3322/3685
f 3089/3322/3685 3148/3381/3771 3149/3382/3772
f 3150/3383/3773 3093/3326/3689 3091/3324/3687
f 3091/3324/3687 3149/3382/3772 3150/3383/3773
f 3145/3378/3768 3081/3314/3677 3096/3329/3692
f 3096/3329/3692 3151/3384/3774 3145/3378/3768
f 3151/3384/3774 3096/3329/3692 3098/3331/3694
f 3098/3331/3694 3152/3385/3775 3151/3384/3774
f 3152/3385/3775 3098/3331/3694 3100/3333/3696
f 3100/3333/3696 3153/3386/3776 3152/3385/3775
f 3153/3386/3776 3100/3333/3696 3066/3299/3662
f 3066/3299/3662 3138/3371/3761 3153/3386/3776
f 3140/3373/3763 3072/3305/3668 3071/3304/3667
f 3071/3304/3667 3154/3387/3777 3140/3373/3763
f 3093/3326/3689 3150/3383/3773 3155/3388/3778
f 3155/3388/3778 3101/3334/3697 3093/3326/3689
f 3101/3334/3697 3155/3388/3778 3156/3389/3779
f 3156/3389/3779 3104/3337/3700 3101/3334/3697
f 3154/3387/3777 3071/3304/3667 3106/3339/3702
f 3106/3339/3702 3157/3390/3780 3154/3387/3777
f 3157/3390/3780 3106/3339/3702 3108/3341/3704
f 3108/3341/3704 3158/3391/3781 3157/3390/3780
f 3158/3391/3781 3108/3341/3704 3109/3342/3705
f 3109/3342/3705 3159/3392/3782 3158/3391/3781
f 3159/3392/3782 3109/3342/3705 3111/3344/3707
f 3111/3344/3707 3160/3393/3783 3159/3392/3782
f 3160/3393/3783 3111/3344/3707 3104/3337/3700
f 3104/3337/3700 3156/3389/3779 3160/3393/3783
f 3161/3394/3784 3162/3395/3785 3138/3371/3761
f 3138/3371/3761 3137/3370/3760 3161/3394/3784
f 3163/3396/3786 3164/3397/3787 3139/3372/3762
f 3139/3372/3762 3140/3373/3763 3163/3396/3786
f 3164/3397/3787 3165/3398/3788 3141/3374/3764
f 3141/3374/3764 3139/3372/3762 3164/3397/3787
f 3165/3398/3788 3166/3399/3789 3142/3375/3765
f 3142/3375/3765 3141/3374/3764 3165/3398/3788
f 3166/3399/3789 3167/3400/3790 3143/3376/3766
f 3143/3376/3766 3142/3375/3765 3166/3399/3789
f 3167/3400/3790 3161/3394/3784 3137/3370/3760
f 3137/3370/3760 3143/3376/3766 3167/3400/3790
f 3168/3401/3791 3144/3377/3767 3145/3378/3768
f 3145/3378/3768 3169/3402/3792 3168/3401/3791
f 3144/3377/3767 3168/3401/3791 2918/3151/3793
f 2918/3151/3793 3146/3379/3769 3144/3377/3767
f 3146/3379/3769 2918/3151/3793 3064/3297/3794
f 3064/3297/3794 3147/3380/3770 3146/3379/3769
f 3147/3380/3770 3064/3297/3794 3063/3296/3795
f 3063/3296/3795 3148/3381/3771 3147/3380/3770
f 3148/3381/3771 3063/3296/3795 3062/3295/3796
f 3062/3295/3796 3149/3382/3772 3148/3381/3771
f 3149/3382/3772 3062/3295/3796 3061/3294/3797
f 3061/3294/3797 3150/3383/3773 3149/3382/3772
f 3169/3402/3792 3145/3378/3768 3151/3384/3774
f 3151/3384/3774 3170/3403/3798 3169/3402/3792
f 3170/3403/3798 3151/3384/3774 3152/3385/3775
f 3152/3385/3775 3171/3404/3799 3170/3403/3798
f 3171/3404/3799 3152/3385/3775 3153/3386/3776
f 3153/3386/3776 3172/3405/3800 3171/3404/3799
f 3162/3395/3785 3172/3405/3800 3153/3386/3776
f 3153/3386/3776 3138/3371/3761 3162/3395/3785
f 3173/3406/3801 3163/3396/3786 3140/3373/3763
f 3140/3373/3763 3154/3387/3777 3173/3406/3801
f 3155/3388/3778 3150/3383/3773 3061/3294/3797
f 3061/3294/3797 3060/3293/3802 3155/3388/3778
f 3060/3293/3802 2919/3152/3803 3156/3389/3779
f 3156/3389/3779 3155/3388/3778 3060/3293/3802
f 3154/3387/3777 3157/3390/3780 2926/3159/3804
f 2926/3159/3804 3173/3406/3801 3154/3387/3777
f 3157/3390/3780 3158/3391/3781 2927/3160/3805
f 2927/3160/3805 2926/3159/3804 3157/3390/3780
f 3158/3391/3781 3159/3392/3782 2928/3161/3806
f 2928/3161/3806 2927/3160/3805 3158/3391/3781
f 3160/3393/3783 2921/3154/3807 2928/3161/3806
f 2928/3161/3806 3159/3392/3782 3160/3393/3783
f 3156/3389/3779 2919/3152/3803 2921/3154/3807
f 2921/3154/3807 3160/3393/3783 3156/3389/3779
f 3174/3407/3808 3175/3408/3809 3162/3395/3785
f 3162/3395/3785 3161/3394/3784 3174/3407/3808
f 3164/3397/3787 3163/3396/3786 2872/3105/3810
f 2872/3105/3810 3176/3409/3811 3164/3397/3787
f 3176/3409/3811 3177/3410/3812 3165/3398/3788
f 3165/3398/3788 3164/3397/3787 3176/3409/3811
f 3177/3410/3812 3178/3411/3813 3166/3399/3789
f 3166/3399/3789 3165/3398/3788 3177/3410/3812
f 3178/3411/3813 3179/3412/3814 3167/3400/3790
f 3167/3400/3790 3166/3399/3789 3178/3411/3813
f 3179/3412/3814 3174/3407/3808 3161/3394/3784
f 3161/3394/3784 3167/3400/3790 3179/3412/3814
f 3168/3401/3791 3169/3402/3792 2858/3091/3815
f 2858/3091/3815 2916/3149/3816 3168/3401/3791
f 2918/3151/3793 3168/3401/3791 2916/3149/3816
f 3169/3402/3792 3170/3403/3798 2857/3090/3817
f 2857/3090/3817 2858/3091/3815 3169/3402/3792
f 3170/3403/3798 3171/3404/3799 3180/3413/3818
f 3180/3413/3818 2857/3090/3817 3170/3403/3798
f 3180/3413/3818 3171/3404/3799 3172/3405/3800
f 3172/3405/3800 3181/3414/3819 3180/3413/3818
f 3175/3408/3809 3181/3414/3819 3172/3405/3800
f 3172/3405/3800 3162/3395/3785 3175/3408/3809
f 3163/3396/3786 3173/3406/3801 2925/3158/3820
f 2925/3158/3820 2872/3105/3810 3163/3396/3786
f 2926/3159/3804 2925/3158/3820 3173/3406/3801
f 3175/3408/3809 3174/3407/3808 2864/3097/3821
f 2864/3097/3821 2862/3095/3822 3175/3408/3809
f 2872/3105/3810 2868/3101/3823 3176/3409/3811
f 3177/3410/3812 3176/3409/3811 2868/3101/3823
f 2868/3101/3823 2867/3100/3824 3177/3410/3812
f 3178/3411/3813 3177/3410/3812 2867/3100/3824
f 2867/3100/3824 2870/3103/3825 3178/3411/3813
f 3179/3412/3814 3178/3411/3813 2870/3103/3825
f 2870/3103/3825 2865/3098/3826 3179/3412/3814
f 3174/3407/3808 3179/3412/3814 2865/3098/3826
f 2865/3098/3826 2864/3097/3821 3174/3407/3808
f 2857/3090/3817 3180/3413/3818 2859/3092/3827
f 3180/3413/3818 3181/3414/3819 2860/3093/3828
f 2860/3093/3828 2859/3092/3827 3180/3413/3818
f 3181/3414/3819 3175/3408/3809 2862/3095/3822
f 2862/3095/3822 2860/3093/3828 3181/3414/3819
f 3182/3415/3829 2834/3067/3430 2835/3068/3431
f 3183/3416/3830 2838/3071/3434 2840/3073/3436
f 2840/3073/3436 2833/3066/3429 3183/3416/3830
f 3183/3416/3830 2833/3066/3429 2832/3065/3428
f 3184/3417/3831 3185/3418/3832 2836/3069/3432
f 3186/3419/3833 3187/3420/3834 2985/3218/3576
f 2946/3179/3835 3188/3421/3836 3189/3422/3837
f 3189/3422/3837 3190/3423/3838 2948/3181/3839
f 2946/3179/3835 3189/3422/3837 2948/3181/3839
f 3191/3424/3840 3192/3425/3841 2988/3221/3579
f 3193/3426/3842 3194/3427/3843 3195/3428/3844
f 3195/3428/3844 3196/3429/3845 3193/3426/3842
f 2905/3138/3501 3197/3430/3846 2995/3228/3586
f 2995/3228/3586 2906/3139/3502 2905/3138/3501
f 3198/3431/3847 3199/3432/3848 2901/3134/3497
f 3198/3431/3847 2901/3134/3497 2900/3133/3496
f 3198/3431/3847 2900/3133/3496 2899/3132/3495
f 2899/3132/3495 2991/3224/3582 3198/3431/3847
f 2985/3218/3576 3187/3420/3834 3200/3433/3849
f 2981/3214/3572 3200/3433/3849 3201/3434/3850
f 3201/3434/3850 2982/3215/3573 2981/3214/3572
f 2982/3215/3573 3201/3434/3850 2939/3172/3535
f 2896/3129/3492 3202/3435/3851 3182/3415/3829
f 2839/3072/3435 2837/3070/3433 3203/3436/3852
f 3203/3436/3852 2944/3177/3853 2839/3072/3435
f 3204/3437/3854 3203/3436/3852 2837/3070/3433
f 2837/3070/3433 3185/3418/3832 3204/3437/3854
f 2944/3177/3853 3203/3436/3852 3205/3438/3855
f 2944/3177/3853 3205/3438/3855 3206/3439/3856
f 2946/3179/3835 2944/3177/3853 3206/3439/3856
f 2948/3181/3839 3190/3423/3838 3207/3440/3857
f 3207/3440/3857 2950/3183/3858 2948/3181/3839
f 3208/3441/3859 3207/3440/3857 3209/3442/3860
f 3209/3442/3860 2902/3135/3498 2901/3134/3497
f 2901/3134/3497 3208/3441/3859 3209/3442/3860
f 2898/3131/3494 2903/3136/3499 3191/3424/3840
f 3191/3424/3840 2988/3221/3579 2898/3131/3494
f 3192/3425/3841 3186/3419/3833 2985/3218/3576
f 2985/3218/3576 2988/3221/3579 3192/3425/3841
f 3186/3419/3833 3192/3425/3841 3210/3443/3861
f 3210/3443/3861 3211/3444/3862 3186/3419/3833
f 3210/3443/3861 3194/3427/3843 3193/3426/3842
f 3193/3426/3842 3211/3444/3862 3210/3443/3861
f 3195/3428/3844 3185/3418/3832 3184/3417/3831
f 3184/3417/3831 3196/3429/3845 3195/3428/3844
f 3204/3437/3854 3185/3418/3832 3195/3428/3844
f 2901/3134/3497 3199/3432/3848 3212/3445/3863
f 2901/3134/3497 3212/3445/3863 3213/3446/3864
f 2901/3134/3497 3213/3446/3864 3208/3441/3859
f 2952/3185/3865 2950/3183/3858 3214/3447/3866
f 3214/3447/3866 3215/3448/3867 2952/3185/3865
f 3216/3449/3868 3214/3447/3866 2950/3183/3858
f 3216/3449/3868 2950/3183/3858 3208/3441/3859
f 3216/3449/3868 3208/3441/3859 3213/3446/3864
f 3217/3450/3869 3218/3451/3870 2954/3187/3871
f 3219/3452/3872 3217/3450/3869 2954/3187/3871
f 3219/3452/3872 2954/3187/3871 2952/3185/3865
f 3219/3452/3872 2952/3185/3865 3215/3448/3867
f 2842/3075/3438 3220/3453/3873 3221/3454/3874
f 3221/3454/3874 2905/3138/3501 2842/3075/3438
f 2842/3075/3438 2841/3074/3437 3222/3455/3875
f 3222/3455/3875 3220/3453/3873 2842/3075/3438
f 2954/3187/3871 3218/3451/3870 3222/3455/3875
f 3222/3455/3875 2841/3074/3437 2954/3187/3871
f 3223/3456/3876 3198/3431/3847 2991/3224/3582
f 3223/3456/3876 2991/3224/3582 2993/3226/3584
f 2993/3226/3584 2995/3228/3586 3197/3430/3846
f 3223/3456/3876 2993/3226/3584 3197/3430/3846
f 2834/3067/3430 3182/3415/3829 3224/3457/3877
f 3224/3457/3877 3225/3458/3878 2834/3067/3430
f 3183/3416/3830 2832/3065/3428 3226/3459/3879
f 3226/3459/3879 3227/3460/3880 3183/3416/3830
f 2838/3071/3434 3183/3416/3830 3227/3460/3880
f 3227/3460/3880 3228/3461/3881 2838/3071/3434
f 3184/3417/3831 2836/3069/3432 3229/3462/3882
f 3229/3462/3882 3230/3463/3883 3184/3417/3831
f 3187/3420/3834 3186/3419/3833 3231/3464/3884
f 3231/3464/3884 3232/3465/3885 3187/3420/3834
f 3190/3423/3838 3189/3422/3837 3233/3466/3886
f 3233/3466/3886 3234/3467/3887 3190/3423/3838
f 3207/3440/3857 3190/3423/3838 3234/3467/3887
f 3234/3467/3887 3235/3468/3888 3207/3440/3857
f 3192/3425/3841 3191/3424/3840 3236/3469/3889
f 3236/3469/3889 3237/3470/3890 3192/3425/3841
f 3195/3428/3844 3194/3427/3843 3238/3471/3891
f 3238/3471/3891 3239/3472/3892 3195/3428/3844
f 3212/3445/3863 3199/3432/3848 3240/3473/3893
f 3240/3473/3893 3241/3474/3894 3212/3445/3863
f 3215/3448/3867 3214/3447/3866 3242/3475/3895
f 3242/3475/3895 3243/3476/3896 3215/3448/3867
f 3218/3451/3870 3217/3450/3869 3244/3477/3897
f 3244/3477/3897 3245/3478/3898 3218/3451/3870
f 3197/3430/3846 2905/3138/3501 3246/3479/3899
f 3246/3479/3899 3247/3480/3900 3197/3430/3846
f 3199/3432/3848 3198/3431/3847 3248/3481/3901
f 3248/3481/3901 3240/3473/3893 3199/3432/3848
f 2831/3064/3427 2834/3067/3430 3225/3458/3878
f 3225/3458/3878 3249/3482/3902 2831/3064/3427
f 2832/3065/3428 2831/3064/3427 3249/3482/3902
f 3249/3482/3902 3226/3459/3879 2832/3065/3428
f 2836/3069/3432 2838/3071/3434 3228/3461/3881
f 3228/3461/3881 3229/3462/3882 2836/3069/3432
f 3200/3433/3849 3187/3420/3834 3232/3465/3885
f 3232/3465/3885 3250/3483/3903 3200/3433/3849
f 3201/3434/3850 3200/3433/3849 3250/3483/3903
f 3250/3483/3903 3251/3484/3904 3201/3434/3850
f 3202/3435/3851 3201/3434/3850 3251/3484/3904
f 3251/3484/3904 3252/3485/3905 3202/3435/3851
f 3182/3415/3829 3202/3435/3851 3252/3485/3905
f 3252/3485/3905 3224/3457/3877 3182/3415/3829
f 3203/3436/3852 3204/3437/3854 3253/3486/3906
f 3253/3486/3906 3254/3487/3907 3203/3436/3852
f 3205/3438/3855 3203/3436/3852 3254/3487/3907
f 3254/3487/3907 3255/3488/3908 3205/3438/3855
f 3206/3439/3856 3205/3438/3855 3255/3488/3908
f 3255/3488/3908 3256/3489/3909 3206/3439/3856
f 3188/3421/3910 3206/3439/3856 3256/3489/3909
f 3256/3489/3909 3257/3490/3911 3188/3421/3910
f 2902/3135/3498 3209/3442/3860 3258/3491/3912
f 3258/3491/3912 3259/3492/3913 2902/3135/3498
f 3209/3442/3860 3207/3440/3857 3235/3468/3888
f 3235/3468/3888 3258/3491/3912 3209/3442/3860
f 2903/3136/3499 2902/3135/3498 3259/3492/3913
f 3259/3492/3913 3260/3493/3914 2903/3136/3499
f 3191/3424/3840 2903/3136/3499 3260/3493/3914
f 3260/3493/3914 3236/3469/3889 3191/3424/3840
f 3210/3443/3861 3192/3425/3841 3237/3470/3890
f 3237/3470/3890 3261/3494/3915 3210/3443/3861
f 3186/3419/3833 3211/3444/3862 3262/3495/3916
f 3262/3495/3916 3231/3464/3884 3186/3419/3833
f 3211/3444/3862 3193/3426/3842 3263/3496/3917
f 3263/3496/3917 3262/3495/3916 3211/3444/3862
f 3194/3427/3843 3210/3443/3861 3261/3494/3915
f 3261/3494/3915 3238/3471/3891 3194/3427/3843
f 3196/3429/3845 3184/3417/3831 3230/3463/3883
f 3230/3463/3883 3264/3497/3918 3196/3429/3845
f 3193/3426/3842 3196/3429/3845 3264/3497/3918
f 3264/3497/3918 3263/3496/3917 3193/3426/3842
f 3204/3437/3854 3195/3428/3844 3239/3472/3892
f 3239/3472/3892 3253/3486/3906 3204/3437/3854
f 3213/3446/3864 3212/3445/3863 3241/3474/3894
f 3241/3474/3894 3265/3498/3919 3213/3446/3864
f 3216/3449/3868 3213/3446/3864 3265/3498/3919
f 3265/3498/3919 3266/3499/3920 3216/3449/3868
f 3214/3447/3866 3216/3449/3868 3266/3499/3920
f 3266/3499/3920 3242/3475/3895 3214/3447/3866
f 3219/3452/3872 3215/3448/3867 3243/3476/3896
f 3243/3476/3896 3267/3500/3921 3219/3452/3872
f 3217/3450/3869 3219/3452/3872 3267/3500/3921
f 3267/3500/3921 3244/3477/3897 3217/3450/3869
f 3222/3455/3875 3218/3451/3870 3245/3478/3898
f 3245/3478/3898 3268/3501/3922 3222/3455/3875
f 3220/3453/3873 3222/3455/3875 3268/3501/3922
f 3268/3501/3922 3269/3502/3923 3220/3453/3873
f 3221/3454/3874 3220/3453/3873 3269/3502/3923
f 3269/3502/3923 3270/3503/3924 3221/3454/3874
f 2905/3138/3501 3221/3454/3874 3270/3503/3924
f 3270/3503/3924 3246/3479/3899 2905/3138/3501
f 3223/3456/3876 3197/3430/3846 3247/3480/3900
f 3247/3480/3900 3271/3504/3925 3223/3456/3876
f 3198/3431/3847 3223/3456/3876 3271/3504/3925
f 3271/3504/3925 3248/3481/3901 3198/3431/3847
f 3225/3458/3878 3224/3457/3877 3272/3505/3926
f 3272/3505/3926 3273/3506/3927 3225/3458/3878
f 3227/3460/3880 3226/3459/3879 3274/3507/3928
f 3274/3507/3928 3275/3508/3929 3227/3460/3880
f 3228/3461/3881 3227/3460/3880 3275/3508/3929
f 3275/3508/3929 3276/3509/3930 3228/3461/3881
f 3230/3463/3883 3229/3462/3882 3277/3510/3931
f 3277/3510/3931 3278/3511/3932 3230/3463/3883
f 3232/3465/3885 3231/3464/3884 3279/3512/3933
f 3279/3512/3933 3280/3513/3934 3232/3465/3885
f 3234/3467/3887 3233/3466/3886 3281/3514/3935
f 3281/3514/3935 3282/3515/3936 3234/3467/3887
f 3235/3468/3888 3234/3467/3887 3282/3515/3936
f 3282/3515/3936 3283/3516/3937 3235/3468/3888
f 3237/3470/3890 3236/3469/3889 3284/3517/3938
f 3284/3517/3938 3285/3518/3939 3237/3470/3890
f 3239/3472/3892 3238/3471/3891 3286/3519/3940
f 3286/3519/3940 3287/3520/3941 3239/3472/3892
f 3241/3474/3894 3240/3473/3893 3288/3521/3942
f 3288/3521/3942 3289/3522/3943 3241/3474/3894
f 3243/3476/3896 3242/3475/3895 3290/3523/3944
f 3290/3523/3944 3291/3524/3945 3243/3476/3896
f 3245/3478/3898 3244/3477/3897 3292/3525/3946
f 3292/3525/3946 3293/3526/3947 3245/3478/3898
f 3247/3480/3900 3246/3479/3899 3294/3527/3948
f 3294/3527/3948 3295/3528/3949 3247/3480/3900
f 3240/3473/3893 3248/3481/3901 3296/3529/3950
f 3296/3529/3950 3288/3521/3942 3240/3473/3893
f 3249/3482/3902 3225/3458/3878 3273/3506/3927
f 3273/3506/3927 3297/3530/3951 3249/3482/3902
f 3226/3459/3879 3249/3482/3902 3297/3530/3951
f 3297/3530/3951 3274/3507/3928 3226/3459/3879
f 3229/3462/3882 3228/3461/3881 3276/3509/3930
f 3276/3509/3930 3277/3510/3931 3229/3462/3882
f 3250/3483/3903 3232/3465/3885 3280/3513/3934
f 3280/3513/3934 3298/3531/3952 3250/3483/3903
f 3251/3484/3904 3250/3483/3903 3298/3531/3952
f 3298/3531/3952 3299/3532/3953 3251/3484/3904
f 3252/3485/3905 3251/3484/3904 3299/3532/3953
f 3299/3532/3953 3300/3533/3954 3252/3485/3905
f 3224/3457/3877 3252/3485/3905 3300/3533/3954
f 3300/3533/3954 3272/3505/3926 3224/3457/3877
f 3254/3487/3907 3253/3486/3906 3301/3534/3955
f 3301/3534/3955 3302/3535/3956 3254/3487/3907
f 3255/3488/3908 3254/3487/3907 3302/3535/3956
f 3302/3535/3956 3303/3536/3957 3255/3488/3908
f 3256/3489/3909 3255/3488/3908 3303/3536/3957
f 3303/3536/3957 3304/3537/3958 3256/3489/3909
f 3257/3490/3911 3256/3489/3909 3304/3537/3958
f 3304/3537/3958 3305/3538/3959 3257/3490/3911
f 3259/3492/3913 3258/3491/3912 3306/3539/3960
f 3306/3539/3960 3307/3540/3961 3259/3492/3913
f 3258/3491/3912 3235/3468/3888 3283/3516/3937
f 3283/3516/3937 3306/3539/3960 3258/3491/3912
f 3260/3493/3914 3259/3492/3913 3307/3540/3961
f 3307/3540/3961 3308/3541/3962 3260/3493/3914
f 3236/3469/3889 3260/3493/3914 3308/3541/3962
f 3308/3541/3962 3284/3517/3938 3236/3469/3889
f 3261/3494/3915 3237/3470/3890 3285/3518/3939
f 3285/3518/3939 3309/3542/3963 3261/3494/3915
f 3231/3464/3884 3262/3495/3916 3310/3543/3964
f 3310/3543/3964 3279/3512/3933 3231/3464/3884
f 3262/3495/3916 3263/3496/3917 3311/3544/3965
f 3311/3544/3965 3310/3543/3964 3262/3495/3916
f 3238/3471/3891 3261/3494/3915 3309/3542/3963
f 3309/3542/3963 3286/3519/3940 3238/3471/3891
f 3264/3497/3918 3230/3463/3883 3278/3511/3932
f 3278/3511/3932 3312/3545/3966 3264/3497/3918
f 3263/3496/3917 3264/3497/3918 3312/3545/3966
f 3312/3545/3966 3311/3544/3965 3263/3496/3917
f 3253/3486/3906 3239/3472/3892 3287/3520/3941
f 3287/3520/3941 3301/3534/3955 3253/3486/3906
f 3265/3498/3919 3241/3474/3894 3289/3522/3943
f 3289/3522/3943 3313/3546/3967 3265/3498/3919
f 3266/3499/3920 3265/3498/3919 3313/3546/3967
f 3313/3546/3967 3314/3547/3968 3266/3499/3920
f 3242/3475/3895 3266/3499/3920 3314/3547/3968
f 3314/3547/3968 3290/3523/3944 3242/3475/3895
f 3267/3500/3921 3243/3476/3896 3291/3524/3945
f 3291/3524/3945 3315/3548/3969 3267/3500/3921
f 3244/3477/3897 3267/3500/3921 3315/3548/3969
f 3315/3548/3969 3292/3525/3946 3244/3477/3897
f 3268/3501/3922 3245/3478/3898 3293/3526/3947
f 3293/3526/3947 3316/3549/3970 3268/3501/3922
f 3269/3502/3923 3268/3501/3922 3316/3549/3970
f 3316/3549/3970 3317/3550/3971 3269/3502/3923
f 3270/3503/3924 3269/3502/3923 3317/3550/3971
f 3317/3550/3971 3318/3551/3972 3270/3503/3924
f 3246/3479/3899 3270/3503/3924 3318/3551/3972
f 3318/3551/3972 3294/3527/3948 3246/3479/3899
f 3271/3504/3925 3247/3480/3900 3295/3528/3949
f 3295/3528/3949 3319/3552/3973 3271/3504/3925
f 3248/3481/3901 3271/3504/3925 3319/3552/3973
f 3319/3552/3973 3296/3529/3950 3248/3481/3901
f 3208/3441/3859 2950/3183/3858 3207/3440/3857
f 3281/3514/3935 3233/3466/3886 3257/3490/3911
f 3257/3490/3911 3305/3538/3959 3281/3514/3935
f 3233/3466/3886 3189/3422/3837 3188/3421/3910
f 3188/3421/3910 3257/3490/3911 3233/3466/3886
f 3024/3257/3974 3025/3258/3975 3320/3553/3976
f 3320/3553/3976 3321/3554/3977 3024/3257/3974
f 3026/3259/3978 3024/3257/3974 3321/3554/3977
f 3321/3554/3977 3322/3555/3979 3026/3259/3978
f 3027/3260/3980 3026/3259/3978 3322/3555/3979
f 3322/3555/3979 3323/3556/3981 3027/3260/3980
f 3028/3261/3982 3027/3260/3980 3323/3556/3981
f 3323/3556/3981 3324/3557/3983 3028/3261/3982
f 3029/3262/3984 3028/3261/3982 3324/3557/3983
f 3324/3557/3983 3325/3558/3985 3029/3262/3984
f 3030/3263/3986 3029/3262/3984 3325/3558/3985
f 3325/3558/3985 3326/3559/3987 3030/3263/3986
f 3031/3264/3988 3030/3263/3986 3326/3559/3987
f 3326/3559/3987 3327/3560/3989 3031/3264/3988
f 3032/3265/3990 3031/3264/3988 3327/3560/3989
f 3327/3560/3989 3328/3561/3991 3032/3265/3990
f 3033/3266/3992 3032/3265/3990 3328/3561/3991
f 3328/3561/3991 3329/3562/3993 3033/3266/3992
f 3034/3267/3994 3033/3266/3992 3329/3562/3993
f 3329/3562/3993 3330/3563/3995 3034/3267/3994
f 3035/3268/3996 3034/3267/3994 3330/3563/3995
f 3330/3563/3995 3331/3564/3997 3035/3268/3996
f 3036/3269/3998 3037/3270/3999 3332/3565/4000
f 3332/3565/4000 3333/3566/4001 3036/3269/3998
f 3038/3271/4002 3036/3269/3998 3333/3566/4001
f 3333/3566/4001 3334/3567/4003 3038/3271/4002
f 3039/3272/4004 3038/3271/4002 3334/3567/4003
f 3334/3567/4003 3335/3568/4005 3039/3272/4004
f 3040/3273/4006 3039/3272/4004 3335/3568/4005
f 3335/3568/4005 3336/3569/4007 3040/3273/4006
f 3041/3274/4008 3040/3273/4006 3336/3569/4007
f 3336/3569/4007 3337/3570/4009 3041/3274/4008
f 3042/3275/4010 3041/3274/4008 3337/3570/4009
f 3337/3570/4009 3338/3571/4011 3042/3275/4010
f 3043/3276/4012 3042/3275/4010 3338/3571/4011
f 3338/3571/4011 3339/3572/4013 3043/3276/4012
f 3044/3277/4014 3043/3276/4012 3339/3572/4013
f 3339/3572/4013 3340/3573/4015 3044/3277/4014
f 3045/3278/4016 3044/3277/4014 3340/3573/4015
f 3340/3573/4015 3341/3574/4017 3045/3278/4016
f 3046/3279/4018 3045/3278/4016 3341/3574/4017
f 3341/3574/4017 3342/3575/4019 3046/3279/4018
f 3047/3280/4020 3046/3279/4018 3342/3575/4019
f 3342/3575/4019 3343/3576/4021 3047/3280/4020
f 3048/3281/4022 3047/3280/4020 3343/3576/4021
f 3343/3576/4021 3344/3577/4023 3048/3281/4022
f 3049/3282/4024 3048/3281/4022 3344/3577/4023
f 3344/3577/4023 3345/3578/4025 3049/3282/4024
f 3050/3283/4026 3049/3282/4024 3345/3578/4025
f 3345/3578/4025 3346/3579/4027 3050/3283/4026
f 3051/3284/4028 3050/3283/4026 3346/3579/4027
f 3346/3579/4027 3347/3580/4029 3051/3284/4028
f 3052/3285/4030 3051/3284/4028 3347/3580/4029
f 3347/3580/4029 3348/3581/4031 3052/3285/4030
f 3053/3286/4032 3052/3285/4030 3348/3581/4031
f 3348/3581/4031 3349/3582/4033 3053/3286/4032
f 3054/3287/4034 3053/3286/4032 3349/3582/4033
f 3349/3582/4033 3350/3583/4035 3054/3287/4034
f 3055/3288/4036 3054/3287/4034 3350/3583/4035
f 3350/3583/4035 3351/3584/4037 3055/3288/4036
f 3056/3289/4038 3055/3288/4036 3351/3584/4037
f 3351/3584/4037 3352/3585/4039 3056/3289/4038
f 3057/3290/4040 3056/3289/4038 3352/3585/4039
f 3352/3585/4039 3353/3586/4041 3057/3290/4040
f 3025/3258/3975 3057/3290/4040 3353/3586/4041
f 3353/3586/4041 3320/3553/3976 3025/3258/3975
f 3037/3270/3999 3058/3291/4042 3354/3587/4043
f 3354/3587/4043 3332/3565/4000 3037/3270/3999
f 3058/3291/4042 3059/3292/4044 3355/3588/4045
f 3355/3588/4045 3354/3587/4043 3058/3291/4042
f 3059/3292/4044 3035/3268/3996 3331/3564/3997
f 3331/3564/3997 3355/3588/4045 3059/3292/4044
f 3321/3554/3977 3320/3553/3976 3356/3589/4046
f 3322/3555/3979 3321/3554/3977 3356/3589/4046
f 3323/3556/3981 3322/3555/3979 3356/3589/4046
f 3324/3557/3983 3323/3556/3981 3356/3589/4046
f 3325/3558/3985 3324/3557/3983 3356/3589/4046
f 3326/3559/3987 3325/3558/3985 3356/3589/4046
f 3327/3560/3989 3326/3559/3987 3356/3589/4046
f 3328/3561/3991 3327/3560/3989 3356/3589/4046
f 3329/3562/3993 3328/3561/3991 3356/3589/4046
f 3330/3563/3995 3329/3562/3993 3356/3589/4046
f 3331/3564/3997 3330/3563/3995 3356/3589/4046
f 3333/3566/4001 3332/3565/4000 3356/3589/4046
f 3334/3567/4003 3333/3566/4001 3356/3589/4046
f 3335/3568/4005 3334/3567/4003 3356/3589/4046
f 3336/3569/4007 3335/3568/4005 3356/3589/4046
f 3337/3570/4009 3336/3569/4007 3356/3589/4046
f 3338/3571/4011 3337/3570/4009 3356/3589/4046
f 3339/3572/4013 3338/3571/4011 3356/3589/4046
f 3340/3573/4015 3339/3572/4013 3356/3589/4046
f 3341/3574/4017 3340/3573/4015 3356/3589/4046
f 3342/3575/4019 3341/3574/4017 3356/3589/4046
f 3343/3576/4021 3342/3575/4019 3356/3589/4046
f 3344/3577/4023 3343/3576/4021 3356/3589/4046
f 3345/3578/4025 3344/3577/4023 3356/3589/4046
f 3346/3579/4027 3345/3578/4025 3356/3589/4046
f 3347/3580/4029 3346/3579/4027 3356/3589/4046
f 3348/3581/4031 3347/3580/4029 3356/3589/4046
f 3349/3582/4033 3348/3581/4031 3356/3589/4046
f 3350/3583/4035 3349/3582/4033 3356/3589/4046
f 3351/3584/4037 3350/3583/4035 3356/3589/4046
f 3352/3585/4039 3351/3584/4037 3356/3589/4046
f 3353/3586/4041 3352/3585/4039 3356/3589/4046
f 3320/3553/3976 3353/3586/4041 3356/3589/4046
f 3332/3565/4000 3354/3587/4043 3356/3589/4046
f 3354/3587/4043 3355/3588/4045 3356/3589/4046
f 3355/3588/4045 3331/3564/3997 3356/3589/4046
f 2907/3140/3503 2908/3141/3504 2842/3075/3438
f 2911/3144/3507 2912/3145/3508 2845/3078/3441
f 2981/3214/3572 2985/3218/3576 3200/3433/3849
f 3182/3415/3829 2835/3068/3431 2896/3129/3492
f 2836/3069/3432 3185/3418/3832 2837/3070/3433
f 3206/3439/3856 3188/3421/3910 2946/3179/4047
f 3201/3434/3850 2896/3129/3492 2939/3172/3535
f 3201/3434/3850 3202/3435/3851 2896/3129/3492
f 3300/3533/4048 3299/3532/4049 3298/3531/4050
f 3298/3531/4051 3280/3513/4051 3279/3512/4051
f 3279/3512/4052 3310/3543/4052 3311/3544/4052
f 3298/3531/4053 3279/3512/4054 3311/3544/4055
f 3311/3544/4056 3312/3545/4056 3278/3511/4056
f 3278/3511/4057 3277/3510/4058 3276/3509/4059
f 3311/3544/4060 3278/3511/4057 3276/3509/4059
f 3276/3509/4061 3275/3508/4061 3274/3507/4061
f 3274/3507/4062 3297/3530/4062 3273/3506/4062
f 3276/3509/4063 3274/3507/4063 3273/3506/4063
f 3311/3544/4064 3276/3509/4064 3273/3506/4064
f 3298/3531/4053 3311/3544/4055 3273/3506/4065
f 3300/3533/4048 3298/3531/4050 3273/3506/4066
f 3272/3505/4067 3300/3533/4048 3273/3506/4066
f 3305/3538/4068 3304/3537/4068 3303/3536/4068
f 3303/3536/4069 3302/3535/4069 3301/3534/4069
f 3301/3534/4070 3287/3520/4070 3286/3519/4070
f 3303/3536/4071 3301/3534/4071 3286/3519/4071
f 3286/3519/4072 3309/3542/4072 3285/3518/4072
f 3285/3518/4073 3284/3517/4073 3308/3541/4073
f 3286/3519/4074 3285/3518/4075 3308/3541/4076
f 3308/3541/4077 3307/3540/4077 3306/3539/4077
f 3306/3539/4078 3283/3516/4079 3282/3515/4080
f 3308/3541/4081 3306/3539/4078 3282/3515/4080
f 3286/3519/4074 3308/3541/4076 3282/3515/4082
f 3303/3536/4083 3286/3519/4084 3282/3515/4085
f 3305/3538/4086 3303/3536/4083 3282/3515/4085
f 3281/3514/4087 3305/3538/4087 3282/3515/4087
f 3296/3529/4088 3319/3552/4088 3295/3528/4088
f 3295/3528/4089 3294/3527/4089 3318/3551/4089
f 3318/3551/4090 3317/3550/4090 3316/3549/4090
f 3295/3528/4091 3318/3551/4091 3316/3549/4091
f 3316/3549/4092 3293/3526/4093 3292/3525/4094
f 3292/3525/4095 3315/3548/4095 3291/3524/4095
f 3316/3549/4092 3292/3525/4094 3291/3524/4096
f 3291/3524/4097 3290/3523/4098 3314/3547/4099
f 3314/3547/4100 3313/3546/4100 3289/3522/4100
f 3291/3524/4097 3314/3547/4099 3289/3522/4101
f 3316/3549/4092 3291/3524/4096 3289/3522/4102
f 3295/3528/4103 3316/3549/4104 3289/3522/4105
f 3296/3529/4106 3295/3528/4103 3289/3522/4105
f 3288/3521/4107 3296/3529/4106 3289/3522/4105
f 3130/3363/556 3129/3362/556 3128/3361/556
f 3128/3361/556 3121/3354/556 3357/3355/556
f 3357/3355/556 3123/3356/556 3124/3357/556
f 3128/3361/556 3357/3355/556 3124/3357/556
f 3124/3357/556 3125/3358/556 3358/3359/556
f 3358/3359/4108 3127/3360/4108 3131/3364/4108
f 3124/3357/556 3358/3359/556 3131/3364/556
f 3131/3364/556 3132/3365/556 3136/3369/556
f 3136/3369/556 3135/3368/556 3134/3367/556
f 3131/3364/556 3136/3369/556 3134/3367/556
f 3124/3357/556 3131/3364/556 3134/3367/556
f 3134/3367/4109 3133/3366/4109 3116/3349/4109
f 3116/3349/556 3359/3348/556 3118/3351/556
f 3134/3367/556 3116/3349/556 3118/3351/556
f 3118/3351/556 3360/3350/556 3361/3352/556
f 3361/3352/556 3120/3353/556 3114/3347/556
f 3118/3351/556 3361/3352/556 3114/3347/556
f 3134/3367/556 3118/3351/556 3114/3347/556
f 3124/3357/556 3134/3367/556 3114/3347/556
f 3128/3361/556 3124/3357/556 3114/3347/556
f 3130/3363/556 3128/3361/556 3114/3347/556
f 3362/3346/556 3130/3363/556 3114/3347/556
f 3363/3590/4110 3364/3591/4111 3365/3592/4112
f 3365/3592/4112 3366/3593/4113 3363/3590/4110
f 3366/3593/4113 3367/3594/4114 3368/3595/4115
f 3368/3595/4115 3363/3590/4110 3366/3593/4113
f 3369/3596/4116 3370/3597/4117 3368/3595/4115
f 3368/3595/4115 3371/3598/4118 3369/3596/4116
f 3371/3598/4118 3372/3599/4119 3373/3600/4120
f 3373/3600/4120 3369/3596/4116 3371/3598/4118
f 3369/3596/4116 3373/3600/4120 3374/3601/4121
f 3374/3601/4121 3373/3600/4120 3375/3602/4122
f 3375/3602/4122 3373/3600/4120 3376/3603/4123
f 3375/3602/4122 3376/3603/4123 3377/3604/4124
f 3378/3605/4125 3379/3606/4126 3377/3604/4124
f 3377/3604/4124 3376/3603/4123 3378/3605/4125
f 3380/3607/4127 3381/3608/4128 3379/3606/4126
f 3379/3606/4126 3378/3605/4125 3380/3607/4127
f 3367/3594/4114 3382/3609/4129 3371/3598/4118
f 3371/3598/4118 3368/3595/4115 3367/3594/4114
f 3372/3599/4119 3378/3605/4125 3376/3603/4123
f 3376/3603/4123 3373/3600/4120 3372/3599/4119
f 3382/3609/4129 3383/3610/4130 3372/3599/4119
f 3372/3599/4119 3371/3598/4118 3382/3609/4129
f 3384/3611/4131 3385/3612/4132 3386/3613/4133
f 3386/3613/4133 3387/3614/4134 3384/3611/4131
f 3387/3614/4134 3388/3615/4135 3389/3616/4136
f 3389/3616/4136 3384/3611/4131 3387/3614/4134
f 3390/3617/4137 3391/3618/4138 3389/3616/4136
f 3389/3616/4136 3392/3619/4139 3390/3617/4137
f 3392/3619/4139 3393/3620/4140 3394/3621/4141
f 3394/3621/4141 3390/3617/4137 3392/3619/4139
f 3390/3617/4137 3394/3621/4141 3395/3622/4142
f 3395/3622/4142 3394/3621/4141 3396/3623/4143
f 3395/3622/4142 3396/3623/4143 3397/3624/4144
f 3397/3624/4144 3396/3623/4143 3398/3625/4145
f 3397/3624/4144 3398/3625/4145 3399/3626/4146
f 3400/3627/4147 3401/3628/4148 3399/3626/4146
f 3399/3626/4146 3398/3625/4145 3400/3627/4147
f 3402/3629/4149 3403/3630/4150 3401/3628/4148
f 3401/3628/4148 3400/3627/4147 3402/3629/4149
f 3388/3615/4135 3404/3631/4151 3392/3619/4139
f 3392/3619/4139 3389/3616/4136 3388/3615/4135
f 3393/3620/4140 3405/3632/4152 3396/3623/4143
f 3396/3623/4143 3394/3621/4141 3393/3620/4140
f 3404/3631/4151 3406/3633/4153 3393/3620/4140
f 3393/3620/4140 3392/3619/4139 3404/3631/4151
f 3405/3632/4152 3400/3627/4147 3398/3625/4145
f 3398/3625/4145 3396/3623/4143 3405/3632/4152
f 3406/3633/4153 3407/3634/4154 3405/3632/4152
f 3405/3632/4152 3393/3620/4140 3406/3633/4153
f 3407/3634/4154 3402/3629/4149 3400/3627/4147
f 3400/3627/4147 3405/3632/4152 3407/3634/4154
f 3408/3635/4155 3409/3636/4156 3410/3637/4157
f 3410/3637/4157 3411/3638/4158 3408/3635/4155
f 3411/3638/4158 3412/3639/4159 3413/3640/4160
f 3413/3640/4160 3408/3635/4155 3411/3638/4158
f 3414/3641/4161 3415/3642/4162 3413/3640/4160
f 3413/3640/4160 3416/3643/4163 3414/3641/4161
f 3416/3643/4163 3417/3644/4164 3418/3645/4165
f 3418/3645/4165 3414/3641/4161 3416/3643/4163
f 3414/3641/4161 3418/3645/4165 3419/3646/4166
f 3419/3646/4166 3418/3645/4165 3420/3647/4167
f 3420/3647/4167 3418/3645/4165 3421/3648/4168
f 3420/3647/4167 3421/3648/4168 3422/3649/4169
f 3422/3649/4169 3421/3648/4168 3423/3650/4170
f 3422/3649/4169 3423/3650/4170 3424/3651/4171
f 3424/3651/4171 3423/3650/4170 3425/3652/4172
f 3424/3651/4171 3425/3652/4172 3426/3653/4173
f 3427/3654/4174 3428/3655/4175 3426/3653/4173
f 3426/3653/4173 3425/3652/4172 3427/3654/4174
f 3429/3656/4176 3430/3657/4177 3428/3655/4175
f 3428/3655/4175 3427/3654/4174 3429/3656/4176
f 3412/3639/4159 3431/3658/4178 3416/3643/4163
f 3416/3643/4163 3413/3640/4160 3412/3639/4159
f 3417/3644/4164 3432/3659/4179 3421/3648/4168
f 3421/3648/4168 3418/3645/4165 3417/3644/4164
f 3431/3658/4178 3433/3660/4180 3417/3644/4164
f 3417/3644/4164 3416/3643/4163 3431/3658/4178
f 3432/3659/4179 3434/3661/4181 3423/3650/4170
f 3423/3650/4170 3421/3648/4168 3432/3659/4179
f 3433/3660/4180 3435/3662/4182 3432/3659/4179
f 3432/3659/4179 3417/3644/4164 3433/3660/4180
f 3434/3661/4181 3427/3654/4174 3425/3652/4172
f 3425/3652/4172 3423/3650/4170 3434/3661/4181
f 3435/3662/4182 3436/3663/4183 3434/3661/4181
f 3434/3661/4181 3432/3659/4179 3435/3662/4182
f 3437/3664/4184 3438/3665/4185 3439/3666/4186
f 3439/3666/4186 3438/3665/4185 3440/3667/4187
f 3439/3666/4186 3440/3667/4187 3441/3668/4188
f 3441/3668/4188 3442/3669/4189 3443/3670/4190
f 3443/3670/4190 3439/3666/4186 3441/3668/4188
f 3444/3671/4191 3445/3672/4192 3443/3670/4190
f 3443/3670/4190 3442/3669/4189 3444/3671/4191
f 3445/3672/4192 3444/3671/4191 3446/3673/4193
f 3445/3672/4192 3446/3673/4193 3447/3674/4194
f 3445/3672/4192 3447/3674/4194 3448/3675/4195
f 3448/3675/4195 3447/3674/4194 3449/3676/4196
f 3448/3675/4195 3449/3676/4196 3426/3653/4173
f 3426/3653/4173 3449/3676/4196 3424/3651/4171
f 3414/3641/4161 3419/3646/4166 3415/3642/4162
f 3415/3642/4162 3419/3646/4166 3450/3677/4197
f 3415/3642/4162 3450/3677/4197 3451/3678/4198
f 3451/3678/4198 3450/3677/4197 3452/3679/4199
f 3451/3678/4198 3452/3679/4199 3453/3680/4200
f 3453/3680/4200 3452/3679/4199 3454/3681/4201
f 3455/3682/4202 3409/3636/4156 3453/3680/4200
f 3453/3680/4200 3454/3681/4201 3455/3682/4202
f 3454/3681/4201 3456/3683/4203 3457/3684/4204
f 3457/3684/4204 3455/3682/4202 3454/3681/4201
f 3458/3685/4205 3459/3686/4206 3457/3684/4204
f 3457/3684/4204 3460/3687/4207 3458/3685/4205
f 3460/3687/4207 3461/3688/4208 3462/3689/4209
f 3462/3689/4209 3458/3685/4205 3460/3687/4207
f 3452/3679/4199 3463/3690/4210 3454/3681/4201
f 3454/3681/4201 3463/3690/4210 3456/3683/4203
f 3456/3683/4203 3464/3691/4211 3460/3687/4207
f 3460/3687/4207 3457/3684/4204 3456/3683/4203
f 3461/3688/4208 3465/3692/4212 3466/3693/4213
f 3466/3693/4213 3462/3689/4209 3461/3688/4208
f 3463/3690/4210 3467/3694/4214 3456/3683/4203
f 3456/3683/4203 3467/3694/4214 3464/3691/4211
f 3464/3691/4211 3468/3695/4215 3461/3688/4208
f 3461/3688/4208 3460/3687/4207 3464/3691/4211
f 3465/3692/4212 3469/3696/4216 3470/3697/4217
f 3470/3697/4217 3466/3693/4213 3465/3692/4212
f 3467/3694/4214 3471/3698/4218 3464/3691/4211
f 3464/3691/4211 3471/3698/4218 3468/3695/4215
f 3468/3695/4215 3472/3699/4219 3465/3692/4212
f 3465/3692/4212 3461/3688/4208 3468/3695/4215
f 3469/3696/4216 3401/3628/4148 3403/3630/4150
f 3403/3630/4150 3470/3697/4217 3469/3696/4216
f 3468/3695/4215 3471/3698/4218 3472/3699/4219
f 3472/3699/4219 3471/3698/4218 3473/3700/4220
f 3472/3699/4219 3473/3700/4220 3474/3701/4221
f 3474/3701/4221 3473/3700/4220 3475/3702/4222
f 3474/3701/4221 3475/3702/4222 3399/3626/4146
f 3399/3626/4146 3475/3702/4222 3397/3624/4144
f 3395/3622/4142 3476/3703/4223 3390/3617/4137
f 3390/3617/4137 3476/3703/4223 3391/3618/4138
f 3391/3618/4138 3477/3704/4224 3384/3611/4131
f 3384/3611/4131 3389/3616/4136 3391/3618/4138
f 3385/3612/4132 3478/3705/4225 3479/3706/4226
f 3479/3706/4226 3386/3613/4133 3385/3612/4132
f 3476/3703/4223 3480/3707/4227 3391/3618/4138
f 3391/3618/4138 3480/3707/4227 3477/3704/4224
f 3477/3704/4224 3481/3708/4228 3385/3612/4132
f 3385/3612/4132 3384/3611/4131 3477/3704/4224
f 3478/3705/4225 3482/3709/4229 3483/3710/4230
f 3483/3710/4230 3479/3706/4226 3478/3705/4225
f 3480/3707/4227 3484/3711/4231 3477/3704/4224
f 3477/3704/4224 3484/3711/4231 3481/3708/4228
f 3481/3708/4228 3485/3712/4232 3478/3705/4225
f 3478/3705/4225 3385/3612/4132 3481/3708/4228
f 3482/3709/4229 3486/3713/4233 3487/3714/4234
f 3487/3714/4234 3483/3710/4230 3482/3709/4229
f 3481/3708/4228 3484/3711/4231 3485/3712/4232
f 3485/3712/4232 3484/3711/4231 3488/3715/4235
f 3485/3712/4232 3488/3715/4235 3489/3716/4236
f 3489/3716/4236 3488/3715/4235 3490/3717/4237
f 3489/3716/4236 3490/3717/4237 3491/3718/4238
f 3491/3718/4238 3490/3717/4237 3492/3719/4239
f 3491/3718/4238 3492/3719/4239 3493/3720/4240
f 3493/3720/4240 3492/3719/4239 3494/3721/4241
f 3495/3722/4242 3496/3723/4243 3493/3720/4240
f 3493/3720/4240 3494/3721/4241 3495/3722/4242
f 3494/3721/4241 3377/3604/4124 3379/3606/4126
f 3379/3606/4126 3495/3722/4242 3494/3721/4241
f 3492/3719/4239 3497/3724/4244 3494/3721/4241
f 3494/3721/4241 3497/3724/4244 3377/3604/4124
f 3497/3724/4244 3375/3602/4122 3377/3604/4124
f 3369/3596/4116 3374/3601/4121 3370/3597/4117
f 3370/3597/4117 3374/3601/4121 3498/3725/4245
f 3370/3597/4117 3498/3725/4245 3499/3726/4246
f 3499/3726/4246 3498/3725/4245 3500/3727/4247
f 3364/3591/4111 3363/3590/4110 3499/3726/4246
f 3499/3726/4246 3500/3727/4247 3364/3591/4111
f 3500/3727/4247 3501/3728/4248 3502/3729/4249
f 3502/3729/4249 3364/3591/4111 3500/3727/4247
f 3502/3729/4249 3503/3730/4250 3504/3731/4251
f 3504/3731/4251 3505/3732/4252 3502/3729/4249
f 3503/3730/4250 3506/3733/4253 3507/3734/4254
f 3507/3734/4254 3504/3731/4251 3503/3730/4250
f 3498/3725/4245 3508/3735/4255 3500/3727/4247
f 3500/3727/4247 3508/3735/4255 3501/3728/4248
f 3503/3730/4250 3502/3729/4249 3501/3728/4248
f 3501/3728/4248 3509/3736/4256 3503/3730/4250
f 3501/3728/4248 3508/3735/4255 3509/3736/4256
f 3509/3736/4256 3508/3735/4255 3510/3737/4257
f 3509/3736/4256 3510/3737/4257 3511/3738/4258
f 3503/3730/4250 3509/3736/4256 3511/3738/4258
f 3511/3738/4258 3506/3733/4259 3503/3730/4250
f 3505/3732/4252 3365/3592/4112 3364/3591/4111
f 3364/3591/4111 3502/3729/4249 3505/3732/4252
f 3363/3590/4110 3368/3595/4115 3370/3597/4117
f 3370/3597/4117 3499/3726/4246 3363/3590/4110
f 3383/3610/4130 3380/3607/4127 3378/3605/4125
f 3378/3605/4125 3372/3599/4119 3383/3610/4130
f 3381/3608/4128 3512/3739/4260 3495/3722/4242
f 3495/3722/4242 3379/3606/4126 3381/3608/4128
f 3512/3739/4260 3513/3740/4261 3496/3723/4243
f 3496/3723/4243 3495/3722/4242 3512/3739/4260
f 3513/3740/4261 3487/3714/4234 3486/3713/4233
f 3486/3713/4233 3496/3723/4243 3513/3740/4261
f 3496/3723/4243 3486/3713/4233 3491/3718/4238
f 3491/3718/4238 3493/3720/4240 3496/3723/4243
f 3486/3713/4233 3482/3709/4229 3489/3716/4236
f 3489/3716/4236 3491/3718/4238 3486/3713/4233
f 3482/3709/4229 3478/3705/4225 3485/3712/4232
f 3485/3712/4232 3489/3716/4236 3482/3709/4229
f 3401/3628/4148 3469/3696/4216 3474/3701/4221
f 3474/3701/4221 3399/3626/4146 3401/3628/4148
f 3469/3696/4216 3465/3692/4212 3472/3699/4219
f 3472/3699/4219 3474/3701/4221 3469/3696/4216
f 3459/3686/4206 3514/3741/4262 3455/3682/4202
f 3455/3682/4202 3457/3684/4204 3459/3686/4206
f 3409/3636/4156 3408/3635/4155 3451/3678/4198
f 3451/3678/4198 3453/3680/4200 3409/3636/4156
f 3514/3741/4262 3410/3637/4157 3409/3636/4156
f 3409/3636/4156 3455/3682/4202 3514/3741/4262
f 3408/3635/4155 3413/3640/4160 3415/3642/4162
f 3415/3642/4162 3451/3678/4198 3408/3635/4155
f 3427/3654/4174 3434/3661/4181 3436/3663/4183
f 3436/3663/4183 3429/3656/4176 3427/3654/4174
f 3430/3657/4177 3437/3664/4184 3515/3742/4263
f 3515/3742/4263 3428/3655/4175 3430/3657/4177
f 3437/3664/4184 3439/3666/4186 3443/3670/4190
f 3443/3670/4190 3515/3742/4263 3437/3664/4184
f 3428/3655/4175 3515/3742/4264 3448/3675/4195
f 3448/3675/4195 3426/3653/4173 3428/3655/4175
f 3515/3742/4264 3443/3670/4190 3445/3672/4192
f 3445/3672/4192 3448/3675/4195 3515/3742/4264
f 3516/3743/4265 3517/3744/4266 3518/3745/4267
f 3518/3745/4267 3519/3746/4268 3516/3743/4265
f 3520/3747/4269 3517/3744/4266 3516/3743/4265
f 3516/3743/4265 3521/3748/4270 3520/3747/4269
f 3522/3749/4271 3517/3744/4266 3520/3747/4269
f 3516/3750/4265 3519/3751/4272 3523/3752/4273
f 3523/3752/4273 3524/3753/4274 3516/3750/4265
f 3525/3754/4275 3523/3752/4273 3519/3751/4272
f 3519/3751/4272 3526/3755/4276 3525/3754/4275
f 3525/3754/4275 3527/3756/4277 3528/3757/4278
f 3528/3757/4278 3529/3758/4279 3525/3754/4275
f 3506/3759/4259 3528/3757/4278 3527/3756/4277
f 3528/3757/4278 3506/3759/4259 3511/3760/4258
f 3511/3760/4258 3530/3761/4280 3528/3757/4278
f 3531/3762/4281 3526/3763/4282 3532/3764/4283
f 3532/3764/4283 3533/3765/4284 3531/3762/4281
f 3527/3756/4277 3507/3766/4254 3506/3759/4253
f 3507/3766/4254 3527/3756/4277 3531/3767/4285
f 3518/3745/4267 3532/3764/4283 3526/3763/4282
f 3526/3763/4282 3519/3746/4268 3518/3745/4267
f 3529/3758/4286 3528/3757/4287 3530/3761/4288
f 3530/3761/4288 3534/3768/4289 3529/3758/4286
f 3523/3752/4273 3525/3754/4275 3529/3758/4279
f 3529/3758/4279 3535/3769/4290 3523/3752/4273
f 3516/3750/4265 3524/3753/4274 3536/3770/4291
f 3536/3770/4291 3521/3771/4270 3516/3750/4265
f 3537/3772/4292 3538/3773/4293 3539/3774/4294
f 3540/3775/4295 3541/3776/4296 3542/3777/4297
f 3543/3778/4298 3544/3779/4299 3540/3775/4295
f 3540/3775/4295 3542/3777/4297 3543/3778/4298
f 3545/3780/4300 3546/3781/4301 3544/3779/4299
f 3544/3779/4299 3543/3778/4298 3545/3780/4300
f 3544/3779/4299 3547/3782/4302 3538/3773/4293
f 3538/3773/4293 3540/3775/4295 3544/3779/4299
f 3547/3782/4302 3544/3779/4299 3546/3781/4301
f 3546/3781/4301 3535/3769/4290 3547/3782/4302
f 3534/3768/4289 3547/3782/4302 3535/3769/4290
f 3535/3769/4290 3529/3758/4286 3534/3768/4289
f 3546/3781/4301 3545/3780/4303 3536/3770/4291
f 3536/3770/4291 3524/3753/4274 3546/3781/4301
f 3535/3769/4290 3546/3781/4301 3524/3753/4274
f 3524/3753/4274 3523/3752/4273 3535/3769/4290
f 3548/3783/4304 3530/3761/4288 3511/3760/4258
f 3511/3760/4258 3510/3784/4257 3548/3783/4304
f 3539/3774/4294 3538/3773/4293 3547/3782/4302
f 3547/3782/4302 3534/3768/4289 3539/3774/4294
f 3538/3773/4293 3537/3772/4292 3541/3776/4296
f 3534/3768/4289 3530/3761/4288 3548/3783/4304
f 3548/3783/4304 3539/3774/4294 3534/3768/4289
f 3527/3756/4277 3525/3754/4275 3526/3755/4276
f 3526/3755/4276 3531/3767/4285 3527/3756/4277
f 3549/3785/4305 3550/3786/4306 3551/3787/4307
f 3551/3787/4307 3550/3786/4306 3552/3788/4308
f 3552/3789/4308 3550/3790/4306 3553/3791/4309
f 3552/3789/4308 3553/3791/4309 3554/3792/4310
f 3554/3792/4310 3553/3791/4309 3555/3793/4311
f 3554/3792/4310 3555/3793/4311 3556/3794/4312
f 3556/3794/4312 3555/3793/4311 3557/3795/4313
f 3557/3795/4313 3555/3793/4311 3558/3796/4314
f 3559/3797/4315 3557/3795/4313 3558/3796/4314
f 3558/3796/4314 3560/3798/4316 3559/3797/4315
f 3561/3799/4317 3562/3800/4318 3563/3801/4319
f 3563/3801/4319 3564/3802/4320 3561/3799/4317
f 3561/3799/4317 3564/3802/4320 3565/3803/4321
f 3561/3799/4317 3565/3803/4321 3566/3804/4322
f 3566/3804/4322 3565/3803/4321 3567/3805/4323
f 3567/3805/4323 3565/3803/4321 3568/3806/4324
f 3568/3806/4324 3565/3803/4321 3569/3807/4325
f 3568/3806/4324 3569/3807/4325 3570/3808/4326
f 3553/3791/4309 3571/3809/4327 3555/3793/4311
f 3555/3793/4311 3571/3809/4327 3558/3796/4314
f 3560/3798/4316 3572/3810/4328 3559/3797/4315
f 3558/3796/4314 3573/3811/4329 3574/3812/4330
f 3574/3812/4330 3560/3798/4316 3558/3796/4314
f 3575/3813/4331 3576/3814/4332 3560/3798/4316
f 3560/3798/4316 3574/3812/4330 3575/3813/4331
f 3574/3812/4330 3577/3815/4333 3578/3816/4334
f 3578/3816/4334 3575/3813/4331 3574/3812/4330
f 3558/3796/4314 3571/3809/4327 3573/3811/4329
f 3573/3811/4329 3571/3809/4327 3579/3817/4335
f 3573/3811/4329 3579/3817/4335 3580/3818/4336
f 3580/3818/4336 3579/3817/4335 3581/3819/4337
f 3580/3818/4336 3581/3819/4337 3582/3820/4338
f 3582/3820/4338 3581/3819/4337 3583/3821/4339
f 3584/3822/4340 3585/3823/4341 3582/3820/4338
f 3582/3820/4338 3583/3821/4339 3584/3822/4340
f 3583/3821/4339 3586/3824/4342 3587/3825/4343
f 3587/3825/4343 3584/3822/4340 3583/3821/4339
f 3588/3826/4344 3589/3827/4345 3584/3822/4340
f 3584/3822/4340 3587/3825/4343 3588/3826/4344
f 3587/3825/4343 3590/3828/4346 3562/3800/4318
f 3562/3800/4318 3588/3826/4344 3587/3825/4343
f 3581/3819/4337 3591/3829/4347 3583/3821/4339
f 3583/3821/4339 3591/3829/4347 3586/3824/4342
f 3586/3824/4342 3522/3749/4271 3590/3828/4346
f 3590/3828/4346 3587/3825/4343 3586/3824/4342
f 3562/3800/4318 3590/3828/4346 3563/3801/4319
f 3586/3824/4342 3591/3829/4347 3592/3830/4348
f 3592/3830/4348 3591/3829/4347 3593/3831/4349
f 3592/3830/4348 3593/3831/4349 3518/3745/4267
f 3518/3745/4267 3593/3831/4349 3532/3764/4283
f 3532/3764/4283 3593/3831/4349 3533/3765/4284
f 3518/3745/4267 3517/3744/4266 3592/3830/4348
f 3592/3830/4348 3517/3744/4266 3522/3749/4271
f 3590/3828/4346 3522/3749/4271 3520/3747/4269
f 3520/3747/4269 3594/3832/4350 3590/3828/4346
f 3594/3832/4350 3595/3833/4351 3563/3801/4319
f 3563/3801/4319 3590/3828/4346 3594/3832/4350
f 3564/3802/4320 3570/3808/4326 3565/3803/4321
f 3596/3834/4352 3597/3835/4353 3567/3805/4323
f 3567/3805/4323 3597/3835/4353 3598/3836/4354
f 3567/3805/4323 3598/3836/4354 3599/3837/4355
f 3600/3838/4356 3601/3839/4357 3602/3840/4358
f 3602/3840/4358 3596/3834/4352 3600/3838/4356
f 3596/3834/4352 3602/3840/4358 3603/3841/4359
f 3596/3834/4352 3603/3841/4359 3597/3835/4353
f 3598/3836/4354 3604/3842/4360 3605/3843/4361
f 3605/3843/4361 3599/3837/4355 3598/3836/4354
f 3561/3799/4317 3566/3804/4322 3599/3837/4355
f 3599/3837/4355 3605/3843/4361 3561/3799/4317
f 3601/3839/4357 3600/3838/4356 3606/3844/4362
f 3601/3839/4357 3607/3845/4363 3608/3846/4364
f 3608/3846/4364 3602/3840/4358 3601/3839/4357
f 3602/3840/4358 3608/3846/4364 3609/3847/4365
f 3609/3847/4365 3603/3841/4359 3602/3840/4358
f 3610/3848/4366 3611/3849/4367 3589/3827/4345
f 3589/3827/4345 3604/3842/4360 3610/3848/4366
f 3588/3826/4344 3605/3843/4361 3604/3842/4360
f 3604/3842/4360 3589/3827/4345 3588/3826/4344
f 3607/3845/4363 3601/3839/4357 3612/3850/4368
f 3607/3845/4363 3612/3850/4368 3613/3851/4369
f 3607/3845/4363 3576/3814/4332 3575/3813/4331
f 3575/3813/4331 3608/3846/4364 3607/3845/4363
f 3578/3816/4334 3609/3847/4365 3608/3846/4364
f 3608/3846/4364 3575/3813/4331 3578/3816/4334
f 3576/3814/4332 3607/3845/4363 3613/3851/4369
f 3522/3749/4271 3586/3824/4342 3592/3830/4348
f 3585/3823/4341 3577/3815/4333 3580/3818/4336
f 3580/3818/4336 3582/3820/4338 3585/3823/4341
f 3589/3827/4345 3611/3849/4367 3585/3823/4341
f 3585/3823/4341 3584/3822/4340 3589/3827/4345
f 3577/3815/4333 3574/3812/4330 3573/3811/4329
f 3573/3811/4329 3580/3818/4336 3577/3815/4333
f 3611/3849/4367 3578/3816/4334 3577/3815/4333
f 3577/3815/4333 3585/3823/4341 3611/3849/4367
f 3576/3814/4332 3572/3810/4328 3560/3798/4316
f 3562/3800/4318 3561/3799/4317 3605/3843/4361
f 3605/3843/4361 3588/3826/4344 3562/3800/4318
f 3603/3841/4359 3609/3847/4365 3610/3848/4366
f 3610/3848/4366 3597/3835/4353 3603/3841/4359
f 3611/3849/4367 3610/3848/4366 3609/3847/4365
f 3609/3847/4365 3578/3816/4334 3611/3849/4367
f 3597/3835/4353 3610/3848/4366 3604/3842/4360
f 3604/3842/4360 3598/3836/4354 3597/3835/4353
f 3565/3803/4321 3570/3808/4326 3569/3807/4325
f 3567/3805/4323 3599/3837/4355 3566/3804/4322
f 3446/3673/4193 3444/3671/4191 3614/3852/4370
f 3446/3673/4193 3615/3853/4371 3616/3854/4372
f 3616/3855/4372 3615/3856/4371 3617/3857/4373
f 3617/3857/4373 3618/3858/4374 3616/3855/4372
f 3617/3857/4373 3615/3856/4371 3614/3859/4370
f 3614/3859/4370 3619/3860/4375 3617/3857/4373
f 3619/3860/4375 3614/3859/4370 3620/3861/4376
f 3620/3861/4376 3621/3862/4377 3619/3860/4375
f 3622/3863/4378 3623/3864/4379 3621/3862/4377
f 3621/3862/4377 3620/3861/4376 3622/3863/4378
f 3624/3865/4380 3625/3866/4381 3623/3864/4379
f 3623/3864/4379 3622/3863/4378 3624/3865/4380
f 3626/3867/4382 3627/3868/4383 3625/3866/4384
f 3625/3866/4384 3624/3865/4385 3626/3867/4382
f 3628/3869/4386 3629/3870/4387 3627/3868/4383
f 3627/3868/4383 3626/3867/4382 3628/3869/4386
f 3629/3870/4387 3628/3869/4386 3551/3787/4307
f 3629/3870/4387 3551/3787/4307 3552/3788/4308
f 3624/3871/4380 3622/3872/4378 3442/3669/4189
f 3622/3872/4378 3620/3873/4376 3444/3671/4191
f 3444/3671/4191 3442/3669/4189 3622/3872/4378
f 3442/3669/4189 3441/3668/4188 3626/3874/4388
f 3626/3874/4388 3624/3871/4389 3442/3669/4189
f 3626/3874/4388 3441/3668/4188 3628/3875/4390
f 3628/3875/4390 3441/3668/4188 3440/3667/4187
f 3628/3875/4390 3440/3667/4187 3549/3876/4391
f 3549/3785/4305 3551/3787/4307 3628/3869/4386
f 3629/3870/4387 3552/3788/4308 3630/3877/4392
f 3630/3877/4392 3552/3788/4308 3554/3878/4310
f 3630/3877/4392 3554/3878/4310 3631/3879/4393
f 3631/3879/4393 3554/3878/4310 3556/3880/4312
f 3631/3879/4393 3556/3880/4312 3632/3881/4394
f 3632/3881/4394 3556/3880/4312 3557/3882/4313
f 3633/3883/4395 3632/3881/4394 3557/3882/4313
f 3557/3882/4313 3559/3884/4315 3633/3883/4395
f 3633/3883/4395 3559/3884/4315 3572/3885/4328
f 3572/3885/4328 3634/3886/4396 3633/3883/4395
f 3635/3887/4397 3633/3883/4395 3634/3886/4396
f 3634/3886/4396 3636/3888/4398 3635/3887/4397
f 3636/3888/4398 3637/3889/4399 3638/3890/4400
f 3638/3890/4400 3635/3887/4397 3636/3888/4398
f 3638/3890/4400 3639/3891/4401 3640/3892/4402
f 3640/3892/4402 3635/3887/4397 3638/3890/4400
f 3639/3891/4401 3641/3893/4403 3642/3894/4404
f 3642/3894/4404 3640/3892/4402 3639/3891/4401
f 3641/3893/4403 3643/3895/4405 3644/3896/4406
f 3644/3896/4406 3642/3894/4404 3641/3893/4403
f 3643/3895/4405 3625/3866/4384 3627/3868/4383
f 3627/3868/4383 3644/3896/4406 3643/3895/4405
f 3645/3897/4407 3646/3898/4408 3647/3899/4409
f 3647/3899/4409 3648/3900/4410 3645/3897/4407
f 3649/3901/4411 3650/3902/4412 3651/3903/4413
f 3651/3903/4413 3652/3904/4414 3649/3901/4411
f 3619/3860/4375 3649/3901/4411 3652/3904/4414
f 3652/3904/4414 3617/3857/4373 3619/3860/4375
f 3653/3905/4415 3617/3857/4373 3652/3904/4414
f 3615/3853/4371 3446/3673/4193 3614/3852/4370
f 3614/3852/4370 3444/3671/4191 3620/3873/4376
f 3629/3870/4387 3630/3877/4392 3644/3896/4406
f 3644/3896/4406 3627/3868/4383 3629/3870/4387
f 3625/3866/4381 3643/3895/4416 3654/3906/4417
f 3654/3906/4417 3623/3864/4379 3625/3866/4381
f 3643/3895/4416 3641/3893/4403 3655/3907/4418
f 3655/3907/4418 3654/3906/4417 3643/3895/4416
f 3641/3893/4403 3639/3891/4401 3656/3908/4419
f 3656/3908/4419 3655/3907/4418 3641/3893/4403
f 3639/3891/4401 3638/3890/4400 3657/3909/4420
f 3657/3909/4420 3656/3908/4419 3639/3891/4401
f 3638/3890/4400 3637/3889/4399 3658/3910/4421
f 3658/3910/4421 3657/3909/4420 3638/3890/4400
f 3649/3901/4411 3619/3860/4375 3621/3862/4377
f 3621/3862/4377 3659/3911/4422 3649/3901/4411
f 3623/3864/4379 3654/3906/4423 3659/3911/4422
f 3659/3911/4422 3621/3862/4377 3623/3864/4379
f 3654/3906/4423 3655/3907/4418 3660/3912/4424
f 3660/3912/4424 3659/3911/4422 3654/3906/4423
f 3655/3907/4418 3656/3908/4419 3661/3913/4425
f 3661/3913/4425 3660/3912/4424 3655/3907/4418
f 3656/3908/4419 3657/3909/4420 3662/3914/4426
f 3662/3914/4426 3661/3913/4425 3656/3908/4419
f 3657/3909/4420 3658/3910/4427 3663/3915/4428
f 3663/3915/4428 3662/3914/4426 3657/3909/4420
f 3630/3877/4392 3631/3879/4393 3642/3894/4404
f 3642/3894/4404 3644/3896/4406 3630/3877/4392
f 3659/3911/4422 3660/3912/4424 3650/3902/4412
f 3650/3902/4412 3649/3901/4411 3659/3911/4422
f 3650/3902/4412 3664/3916/4429 3665/3917/4430
f 3665/3917/4430 3651/3903/4413 3650/3902/4412
f 3631/3879/4393 3632/3881/4394 3640/3892/4402
f 3640/3892/4402 3642/3894/4404 3631/3879/4393
f 3660/3912/4424 3661/3913/4425 3664/3916/4429
f 3664/3916/4429 3650/3902/4412 3660/3912/4424
f 3661/3913/4425 3662/3914/4426 3647/3899/4409
f 3647/3899/4409 3664/3916/4429 3661/3913/4425
f 3662/3914/4426 3663/3915/4428 3648/3900/4410
f 3648/3900/4410 3647/3899/4409 3662/3914/4426
f 3632/3881/4394 3633/3883/4395 3635/3887/4397
f 3635/3887/4397 3640/3892/4402 3632/3881/4394
f 3647/3899/4409 3665/3917/4430 3664/3916/4429
f 3666/3918/4431 3446/3673/4193 3616/3854/4432
f 3666/3918/4431 3618/3919/4433 3667/3920/4434
f 3667/3920/4434 3618/3919/4433 3668/3921/4435
f 3667/3920/4434 3668/3921/4435 3669/3922/4436
f 3669/3922/4436 3668/3921/4435 3670/3923/4437
f 3671/3924/4438 3669/3922/4436 3670/3923/4437
f 3670/3923/4437 3672/3925/4439 3671/3924/4438
f 3673/3926/4440 3671/3924/4438 3672/3925/4439
f 3672/3925/4439 3674/3927/4441 3673/3926/4440
f 3675/3928/4442 3673/3926/4440 3674/3927/4441
f 3674/3927/4441 3541/3929/4443 3675/3928/4442
f 3676/3930/4444 3675/3928/4442 3541/3929/4443
f 3541/3929/4443 3537/3931/4445 3676/3930/4444
f 3676/3930/4444 3537/3931/4445 3510/3737/4257
f 3510/3737/4257 3677/3932/4446 3676/3930/4444
f 3677/3932/4446 3510/3737/4257 3508/3735/4255
f 3508/3735/4255 3678/3933/4447 3677/3932/4446
f 3678/3933/4447 3508/3735/4255 3498/3725/4245
f 3498/3725/4245 3679/3934/4448 3678/3933/4447
f 3679/3934/4448 3498/3725/4245 3374/3601/4121
f 3374/3601/4121 3680/3935/4449 3679/3934/4448
f 3681/3936/4450 3680/3935/4449 3374/3601/4121
f 3374/3601/4121 3375/3602/4122 3681/3936/4450
f 3666/3918/4431 3682/3937/4451 3446/3673/4193
f 3446/3673/4193 3682/3937/4451 3447/3674/4194
f 3447/3674/4194 3682/3937/4451 3683/3938/4452
f 3447/3674/4194 3683/3938/4452 3449/3676/4196
f 3449/3676/4196 3683/3938/4452 3684/3939/4453
f 3449/3676/4196 3684/3939/4453 3424/3651/4171
f 3424/3651/4171 3684/3939/4453 3685/3940/4454
f 3685/3940/4454 3422/3649/4169 3424/3651/4171
f 3422/3649/4169 3685/3940/4454 3686/3941/4455
f 3686/3941/4455 3420/3647/4167 3422/3649/4169
f 3420/3647/4167 3686/3941/4455 3687/3942/4456
f 3687/3942/4456 3419/3646/4166 3420/3647/4167
f 3510/3784/4257 3537/3772/4292 3548/3783/4304
f 3548/3783/4304 3537/3772/4292 3539/3774/4294
f 3540/3775/4295 3538/3773/4293 3541/3776/4296
f 3542/3777/4297 3541/3776/4296 3688/3943/4457
f 3689/3944/4458 3690/3945/4459 3691/3946/4460
f 3691/3946/4460 3688/3943/4457 3689/3944/4458
f 3692/3947/4461 3693/3948/4462 3645/3897/4407
f 3645/3897/4407 3694/3949/4463 3692/3947/4461
f 3695/3950/4464 3696/3951/4465 3697/3952/4466
f 3688/3943/4457 3541/3776/4296 3698/3953/4467
f 3698/3953/4467 3541/3776/4296 3674/3954/4468
f 3698/3953/4467 3674/3954/4468 3699/3955/4469
f 3699/3955/4469 3674/3954/4468 3700/3956/4470
f 3700/3956/4470 3701/3957/4471 3702/3958/4472
f 3702/3958/4472 3699/3955/4469 3700/3956/4470
f 3674/3954/4468 3672/3959/4473 3700/3956/4470
f 3700/3956/4470 3672/3959/4473 3703/3960/4474
f 3703/3960/4474 3704/3961/4475 3701/3957/4471
f 3701/3957/4471 3700/3956/4470 3703/3960/4474
f 3703/3960/4474 3672/3959/4473 3693/3948/4462
f 3693/3948/4462 3672/3959/4473 3670/3962/4476
f 3693/3948/4462 3670/3962/4476 3645/3897/4407
f 3705/3963/4477 3670/3962/4476 3668/3964/4478
f 3647/3899/4409 3646/3898/4408 3665/3917/4430
f 3665/3917/4430 3646/3898/4408 3705/3963/4477
f 3651/3903/4413 3665/3917/4430 3705/3963/4477
f 3653/3905/4415 3668/3964/4478 3618/3858/4374
f 3616/3854/4432 3618/3919/4433 3666/3918/4431
f 3670/3962/4476 3646/3898/4408 3645/3897/4407
f 3648/3900/4410 3663/3915/4428 3696/3951/4465
f 3696/3951/4465 3695/3950/4464 3648/3900/4410
f 3706/3965/4479 3697/3952/4466 3707/3966/4480
f 3708/3967/4481 3709/3968/4482 3710/3969/4483
f 3710/3969/4483 3711/3970/4484 3708/3967/4481
f 3708/3967/4481 3711/3970/4484 3707/3966/4480
f 3712/3971/4485 3707/3966/4480 3713/3972/4486
f 3711/3970/4484 3710/3969/4483 3706/3965/4479
f 3706/3965/4479 3707/3966/4480 3711/3970/4484
f 3713/3972/4486 3714/3973/4487 3715/3974/4488
f 3713/3972/4486 3715/3974/4488 3716/3975/4489
f 3715/3974/4488 3717/3976/4490 3718/3977/4491
f 3718/3977/4491 3716/3975/4489 3715/3974/4488
f 3719/3978/4492 3720/3979/4493 3716/3975/4489
f 3716/3975/4489 3718/3977/4491 3719/3978/4492
f 3719/3978/4492 3702/3958/4472 3701/3957/4471
f 3701/3957/4471 3721/3980/4494 3719/3978/4492
f 3704/3961/4475 3709/3968/4482 3721/3980/4494
f 3721/3980/4494 3701/3957/4471 3704/3961/4475
f 3722/3981/4495 3723/3982/4496 3715/3974/4488
f 3715/3974/4488 3714/3973/4487 3722/3981/4495
f 3689/3944/4458 3717/3976/4490 3724/3983/4497
f 3724/3983/4497 3690/3945/4459 3689/3944/4458
f 3723/3982/4496 3724/3983/4497 3717/3976/4490
f 3695/3950/4464 3694/3949/4463 3645/3897/4407
f 3645/3897/4407 3648/3900/4410 3695/3950/4464
f 3704/3961/4475 3703/3960/4474 3693/3948/4462
f 3693/3948/4462 3692/3947/4461 3704/3961/4475
f 3698/3953/4467 3725/3984/4498 3689/3944/4458
f 3689/3944/4458 3688/3943/4457 3698/3953/4467
f 3725/3984/4498 3698/3953/4467 3699/3955/4469
f 3699/3955/4469 3702/3958/4472 3725/3984/4498
f 3706/3965/4479 3710/3969/4483 3692/3947/4461
f 3692/3947/4461 3694/3949/4463 3706/3965/4479
f 3695/3950/4464 3697/3952/4466 3706/3965/4479
f 3706/3965/4479 3694/3949/4463 3695/3950/4464
f 3692/3947/4461 3710/3969/4483 3709/3968/4482
f 3709/3968/4482 3704/3961/4475 3692/3947/4461
f 3718/3977/4491 3725/3984/4498 3702/3958/4472
f 3702/3958/4472 3719/3978/4492 3718/3977/4491
f 3717/3976/4490 3689/3944/4458 3725/3984/4498
f 3725/3984/4498 3718/3977/4491 3717/3976/4490
f 3721/3980/4494 3712/3971/4485 3720/3979/4493
f 3720/3979/4493 3719/3978/4492 3721/3980/4494
f 3716/3975/4489 3720/3979/4493 3713/3972/4486
f 3717/3976/4490 3715/3974/4488 3723/3982/4496
f 3709/3968/4482 3708/3967/4481 3712/3971/4485
f 3712/3971/4485 3721/3980/4494 3709/3968/4482
f 3712/3971/4485 3708/3967/4481 3707/3966/4480
f 3713/3972/4486 3720/3979/4493 3712/3971/4485
f 3726/3985/4499 3727/3986/4500 3723/3982/4496
f 3723/3982/4496 3722/3981/4495 3726/3985/4499
f 3726/3985/4501 3728/3987/4502 3729/3988/4503
f 3729/3988/4503 3727/3986/4504 3726/3985/4501
f 3730/3989/4505 3731/3990/4506 3732/3991/4507
f 3732/3991/4507 3729/3988/4503 3730/3989/4505
f 3731/3990/4506 3733/3992/4508 3734/3993/4509
f 3734/3993/4509 3732/3991/4507 3731/3990/4506
f 3734/3993/4509 3733/3992/4508 3735/3994/4510
f 3735/3994/4510 3736/3995/4511 3734/3993/4509
f 3520/3747/4269 3521/3748/4270 3735/3996/4510
f 3735/3996/4510 3594/3832/4350 3520/3747/4269
f 3735/3996/4510 3733/3997/4512 3595/3833/4351
f 3595/3833/4351 3594/3832/4350 3735/3996/4510
f 3737/3998/4513 3595/3833/4351 3733/3997/4512
f 3733/3997/4512 3731/3999/4514 3737/3998/4513
f 3730/4000/4515 3738/4001/4516 3737/3998/4513
f 3737/3998/4513 3731/3999/4514 3730/4000/4515
f 3738/4001/4516 3730/4000/4515 3728/4002/4517
f 3728/4002/4517 3739/4003/4518 3738/4001/4516
f 3728/3987/4502 3730/3989/4505 3729/3988/4503
f 3737/3998/4513 3738/4001/4516 3740/4004/4519
f 3595/3833/4351 3737/3998/4513 3740/4004/4519
f 3740/4004/4519 3563/3801/4319 3595/3833/4351
f 3563/3801/4319 3740/4004/4519 3564/3802/4320
f 3739/4003/4518 3568/3806/4324 3738/4001/4516
f 3741/4005/4520 3568/3806/4324 3570/3808/4326
f 3738/4001/4516 3741/4005/4520 3740/4004/4519
f 3740/4004/4519 3741/4005/4520 3570/3808/4326
f 3740/4004/4519 3570/3808/4326 3564/3802/4320
f 3738/4001/4516 3568/3806/4324 3741/4005/4520
f 3736/3995/4511 3735/3994/4510 3521/3771/4270
f 3521/3771/4270 3536/3770/4291 3736/3995/4511
f 3742/4006/4521 3736/3995/4511 3536/3770/4291
f 3536/3770/4291 3545/3780/4303 3742/4006/4521
f 3736/3995/4511 3742/4006/4521 3743/4007/4522
f 3743/4007/4522 3734/3993/4509 3736/3995/4511
f 3744/4008/4523 3727/3986/4504 3729/3988/4503
f 3729/3988/4503 3732/3991/4507 3744/4008/4523
f 3745/4009/4524 3743/4007/4525 3742/4006/4526
f 3742/4006/4526 3746/4010/4527 3745/4009/4524
f 3745/4009/4524 3747/4011/4528 3744/4008/4529
f 3744/4008/4529 3743/4007/4525 3745/4009/4524
f 3747/4011/4528 3723/3982/4496 3727/3986/4500
f 3727/3986/4500 3744/4008/4529 3747/4011/4528
f 3543/3778/4298 3746/4010/4527 3742/4006/4526
f 3742/4006/4526 3545/3780/4300 3543/3778/4298
f 3745/4009/4524 3690/3945/4459 3724/3983/4497
f 3724/3983/4497 3747/4011/4528 3745/4009/4524
f 3542/3777/4297 3691/3946/4460 3746/4010/4527
f 3746/4010/4527 3543/3778/4298 3542/3777/4297
f 3746/4010/4527 3691/3946/4460 3690/3945/4459
f 3690/3945/4459 3745/4009/4524 3746/4010/4527
f 3744/4008/4523 3732/3991/4507 3734/3993/4509
f 3734/3993/4509 3743/4007/4522 3744/4008/4523
f 3726/3985/4499 3722/3981/4495 3748/4012/4530
f 3748/4012/4530 3722/3981/4495 3749/4013/4531
f 3748/4012/4530 3750/4014/4532 3751/4015/4533
f 3748/4012/4530 3751/4015/4533 3752/4016/4534
f 3752/4016/4534 3751/4015/4533 3753/4017/4535
f 3752/4016/4534 3753/4017/4535 3754/4018/4536
f 3754/4018/4536 3753/4017/4535 3755/4019/4537
f 3754/4018/4536 3755/4019/4537 3756/4020/4538
f 3756/4020/4538 3755/4019/4537 3757/4021/4539
f 3756/4020/4538 3757/4021/4539 3758/4022/4540
f 3758/4022/4540 3757/4021/4539 3759/4023/4541
f 3758/4022/4540 3759/4023/4541 3760/4024/4542
f 3760/4024/4542 3759/4023/4541 3761/4025/4543
f 3760/4024/4542 3761/4025/4543 3728/3987/4517
f 3728/4002/4517 3761/4026/4543 3762/4027/4544
f 3762/4027/4544 3739/4003/4518 3728/4002/4517
f 3739/4003/4518 3762/4027/4544 3763/4028/4545
f 3739/4003/4518 3763/4028/4545 3568/3806/4324
f 3759/4023/4541 3764/4029/4546 3761/4025/4543
f 3762/4027/4544 3761/4026/4543 3764/4030/4546
f 3764/4030/4546 3765/4031/4547 3762/4027/4544
f 3762/4027/4544 3765/4031/4547 3763/4028/4545
f 3765/4031/4547 3766/4032/4548 3763/4028/4545
f 3760/4024/4542 3728/3987/4517 3726/3985/4499
f 3726/3985/4499 3758/4022/4540 3760/4024/4542
f 3758/4022/4540 3726/3985/4499 3756/4020/4538
f 3756/4020/4538 3726/3985/4499 3754/4018/4536
f 3754/4018/4536 3726/3985/4499 3752/4016/4534
f 3752/4016/4534 3726/3985/4499 3748/4012/4530
f 3713/3972/4549 3767/4033/4550 3768/4034/4551
f 3768/4034/4551 3714/3973/4552 3713/3972/4549
f 3749/4013/4531 3722/3981/4495 3714/3973/4552
f 3714/3973/4552 3768/4034/4551 3749/4013/4531
f 3713/3972/4549 3707/3966/4553 3769/4035/4554
f 3769/4035/4554 3767/4033/4550 3713/3972/4549
f 3769/4035/4554 3770/4036/4555 3771/4037/4556
f 3771/4037/4556 3767/4033/4550 3769/4035/4554
f 3772/4038/4557 3773/4039/4558 3774/4040/4559
f 3774/4040/4559 3771/4037/4560 3772/4038/4557
f 3773/4039/4558 3775/4041/4561 3750/4014/4562
f 3750/4014/4562 3774/4040/4559 3773/4039/4558
f 3776/4042/4563 3772/4038/4557 3771/4037/4560
f 3771/4037/4560 3770/4036/4564 3776/4042/4563
f 3777/4043/4565 3766/4032/4566 3778/4044/4567
f 3778/4044/4567 3766/4032/4566 3765/4031/4568
f 3778/4044/4567 3765/4031/4568 3779/4045/4569
f 3779/4045/4569 3765/4031/4568 3764/4030/4570
f 3779/4046/4569 3764/4029/4570 3780/4047/4571
f 3780/4047/4571 3764/4029/4570 3759/4023/4572
f 3780/4047/4571 3759/4023/4572 3781/4048/4573
f 3781/4048/4573 3759/4023/4572 3757/4021/4574
f 3782/4049/4575 3781/4048/4573 3757/4021/4574
f 3757/4021/4574 3755/4019/4576 3782/4049/4575
f 3783/4050/4577 3782/4049/4575 3755/4019/4576
f 3755/4019/4576 3753/4017/4578 3783/4050/4577
f 3753/4017/4578 3751/4015/4579 3784/4051/4580
f 3784/4051/4580 3783/4050/4577 3753/4017/4578
f 3751/4015/4579 3750/4014/4562 3775/4041/4561
f 3775/4041/4561 3784/4051/4580 3751/4015/4579
f 3785/4052/4581 3786/4053/4582 3787/4054/4583
f 3787/4054/4583 3786/4053/4582 3788/4055/4584
f 3787/4054/4583 3788/4055/4584 3789/4056/4585
f 3789/4056/4585 3788/4055/4584 3790/4057/4586
f 3789/4056/4585 3790/4057/4586 3791/4058/4587
f 3791/4058/4587 3790/4057/4586 3766/4032/4566
f 3791/4058/4587 3766/4032/4566 3777/4043/4565
f 3792/4059/4588 3567/3805/4589 3568/3806/4324
f 3568/3806/4324 3763/4028/4545 3792/4059/4588
f 3763/4028/4545 3766/4032/4548 3790/4057/4590
f 3790/4057/4590 3792/4059/4588 3763/4028/4545
f 3793/4060/4591 3792/4059/4588 3790/4057/4590
f 3790/4057/4590 3788/4055/4592 3793/4060/4591
f 3567/3805/4589 3792/4059/4588 3793/4060/4591
f 3793/4060/4591 3596/3834/4593 3567/3805/4589
f 3600/3838/4594 3596/3834/4593 3793/4060/4591
f 3793/4060/4591 3794/4061/4595 3600/3838/4594
f 3786/4053/4596 3794/4061/4595 3793/4060/4591
f 3793/4060/4591 3788/4055/4592 3786/4053/4596
f 3769/4035/4554 3795/4062/4597 3796/4063/4598
f 3796/4063/4598 3770/4036/4555 3769/4035/4554
f 3795/4062/4597 3769/4035/4554 3707/3966/4553
f 3707/3966/4553 3797/4064/4599 3795/4062/4597
f 3795/4062/4597 3797/4064/4599 3798/4065/4600
f 3796/4063/4598 3795/4062/4597 3799/4066/4601
f 3799/4066/4601 3795/4062/4597 3798/4065/4600
f 3800/4067/4602 3801/4068/4603 3799/4066/4601
f 3799/4066/4601 3798/4065/4600 3800/4067/4602
f 3801/4068/4603 3800/4067/4602 3802/4069/4604
f 3803/4070/4605 3801/4068/4603 3802/4069/4604
f 3802/4069/4604 3804/4071/4606 3803/4070/4605
f 3805/4072/4607 3806/4073/4608 3804/4071/4606
f 3804/4071/4606 3802/4069/4604 3805/4072/4607
f 3800/4067/4602 3798/4065/4600 3797/4064/4599
f 3797/4064/4599 3807/4074/4609 3800/4067/4602
f 3802/4069/4604 3800/4067/4602 3807/4074/4609
f 3807/4074/4609 3805/4072/4607 3802/4069/4604
f 3808/4075/4610 3804/4071/4606 3806/4073/4608
f 3806/4073/4608 3809/4076/4611 3808/4075/4610
f 3808/4075/4610 3809/4076/4611 3810/4077/4612
f 3810/4077/4612 3809/4076/4611 3606/4078/4613
f 3810/4077/4612 3606/4078/4613 3811/4079/4614
f 3812/4080/4615 3811/4081/4614 3606/3844/4613
f 3606/3844/4613 3600/3838/4594 3812/4080/4615
f 3813/4082/4616 3811/4081/4614 3812/4080/4615
f 3812/4080/4615 3814/4083/4617 3813/4082/4616
f 3786/4053/4596 3814/4083/4617 3812/4080/4615
f 3812/4080/4615 3794/4061/4595 3786/4053/4596
f 3600/3838/4594 3794/4061/4595 3812/4080/4615
f 3813/4084/4616 3815/4085/4618 3810/4077/4612
f 3811/4079/4614 3813/4084/4616 3810/4077/4612
f 3810/4077/4612 3815/4085/4618 3808/4075/4610
f 3808/4075/4610 3815/4085/4618 3803/4070/4605
f 3803/4070/4605 3804/4071/4606 3808/4075/4610
f 3813/4082/4619 3814/4083/4620 3816/4086/4621
f 3816/4086/4621 3817/4087/4622 3813/4082/4619
f 3817/4088/4622 3818/4089/4623 3815/4085/4624
f 3815/4085/4624 3813/4084/4619 3817/4088/4622
f 3818/4089/4623 3819/4090/4625 3803/4070/4626
f 3803/4070/4626 3815/4085/4624 3818/4089/4623
f 3819/4090/4625 3820/4091/4627 3801/4068/4628
f 3801/4068/4628 3803/4070/4626 3819/4090/4625
f 3820/4091/4627 3821/4092/4629 3799/4066/4630
f 3799/4066/4630 3801/4068/4628 3820/4091/4627
f 3799/4066/4630 3821/4092/4629 3796/4063/4631
f 3770/4036/4564 3796/4063/4631 3821/4092/4629
f 3821/4092/4629 3776/4042/4563 3770/4036/4564
f 3816/4086/4621 3814/4083/4620 3786/4053/4582
f 3786/4053/4582 3785/4052/4581 3816/4086/4621
f 3612/3850/4368 3601/3839/4357 3606/3844/4362
f 3612/4093/4368 3606/4078/4362 3822/4094/4632
f 3822/4094/4632 3606/4078/4362 3809/4076/4633
f 3822/4094/4632 3809/4076/4633 3806/4073/4634
f 3823/4095/4635 3822/4094/4632 3806/4073/4634
f 3806/4073/4634 3805/4072/4636 3823/4095/4635
f 3823/4095/4637 3805/4072/4638 3807/4074/4639
f 3807/4074/4639 3824/4096/4640 3823/4095/4637
f 3797/4064/4641 3824/4096/4640 3807/4074/4639
f 3825/4097/4642 3637/3889/4399 3636/3888/4398
f 3636/3888/4398 3826/4098/4643 3825/4097/4642
f 3797/4064/4644 3707/3966/4480 3697/3952/4466
f 3697/3952/4466 3824/4096/4645 3797/4064/4644
f 3824/4096/4645 3697/3952/4466 3696/3951/4465
f 3696/3951/4465 3827/4099/4646 3824/4096/4645
f 3663/3915/4428 3658/3910/4427 3827/4099/4646
f 3827/4099/4646 3696/3951/4465 3663/3915/4428
f 3658/3910/4421 3637/3889/4399 3825/4097/4647
f 3825/4097/4647 3827/4099/4648 3658/3910/4421
f 3826/4098/4643 3636/3888/4398 3634/3886/4396
f 3634/3886/4396 3828/4100/4649 3826/4098/4643
f 3828/4100/4649 3634/3886/4396 3572/3885/4328
f 3572/3885/4328 3613/4101/4369 3828/4100/4649
f 3828/4100/4649 3613/4101/4369 3612/4093/4368
f 3826/4098/4643 3828/4100/4649 3612/4093/4368
f 3612/4093/4368 3822/4094/4632 3826/4098/4643
f 3825/4097/4642 3826/4098/4643 3822/4094/4632
f 3822/4094/4632 3823/4095/4635 3825/4097/4642
f 3827/4099/4648 3825/4097/4647 3823/4095/4637
f 3823/4095/4637 3824/4096/4640 3827/4099/4648
f 3829/4102/4650 3395/3622/4142 3830/4103/4651
f 3830/4103/4651 3395/3622/4142 3397/3624/4144
f 3830/4103/4651 3397/3624/4144 3831/4104/4652
f 3831/4104/4652 3397/3624/4144 3475/3702/4222
f 3831/4104/4652 3475/3702/4222 3832/4105/4653
f 3832/4105/4653 3475/3702/4222 3473/3700/4220
f 3832/4105/4653 3473/3700/4220 3833/4106/4654
f 3833/4106/4654 3473/3700/4220 3471/3698/4218
f 3833/4106/4654 3471/3698/4218 3834/4107/4655
f 3834/4107/4655 3471/3698/4218 3467/3694/4214
f 3834/4107/4655 3467/3694/4214 3835/4108/4656
f 3835/4108/4656 3467/3694/4214 3463/3690/4210
f 3835/4108/4656 3463/3690/4210 3836/4109/4657
f 3836/4109/4657 3463/3690/4210 3452/3679/4199
f 3452/3679/4199 3837/4110/4658 3836/4109/4657
f 3837/4110/4658 3452/3679/4199 3450/3677/4197
f 3450/3677/4197 3838/4111/4659 3837/4110/4658
f 3838/4111/4659 3450/3677/4197 3419/3646/4166
f 3419/3646/4166 3687/3942/4456 3838/4111/4659
f 3395/3622/4142 3829/4102/4650 3476/3703/4223
f 3476/3703/4223 3829/4102/4650 3839/4112/4660
f 3476/3703/4223 3839/4112/4660 3480/3707/4227
f 3480/3707/4227 3839/4112/4660 3840/4113/4661
f 3480/3707/4227 3840/4113/4661 3484/3711/4231
f 3484/3711/4231 3840/4113/4661 3841/4114/4662
f 3484/3711/4231 3841/4114/4662 3488/3715/4235
f 3488/3715/4235 3841/4114/4662 3842/4115/4663
f 3488/3715/4235 3842/4115/4663 3490/3717/4237
f 3490/3717/4237 3842/4115/4663 3843/4116/4664
f 3490/3717/4237 3843/4116/4664 3492/3719/4239
f 3492/3719/4239 3843/4116/4664 3844/4117/4665
f 3497/3724/4244 3492/3719/4239 3844/4117/4665
f 3844/4117/4665 3845/4118/4666 3497/3724/4244
f 3375/3602/4122 3497/3724/4244 3845/4118/4666
f 3845/4118/4666 3681/3936/4450 3375/3602/4122
f 3845/4118/4666 3846/4119/4667 3847/4120/4668
f 3847/4120/4668 3681/3936/4450 3845/4118/4666
f 3848/4121/4669 3680/3935/4449 3681/3936/4450
f 3681/3936/4450 3847/4120/4668 3848/4121/4669
f 3849/4122/4670 3679/3934/4448 3680/3935/4449
f 3680/3935/4449 3848/4121/4669 3849/4122/4670
f 3850/4123/4671 3678/3933/4447 3679/3934/4448
f 3679/3934/4448 3849/4122/4670 3850/4123/4671
f 3851/4124/4672 3677/3932/4446 3678/3933/4447
f 3678/3933/4447 3850/4123/4671 3851/4124/4672
f 3852/4125/4673 3676/3930/4444 3677/3932/4446
f 3677/3932/4446 3851/4124/4672 3852/4125/4673
f 3853/4126/4674 3675/3928/4442 3676/3930/4444
f 3676/3930/4444 3852/4125/4673 3853/4126/4674
f 3854/4127/4675 3673/3926/4440 3675/3928/4442
f 3675/3928/4442 3853/4126/4674 3854/4127/4675
f 3855/4128/4676 3671/3924/4438 3673/3926/4440
f 3673/3926/4440 3854/4127/4675 3855/4128/4676
f 3855/4128/4676 3856/4129/4677 3669/3922/4436
f 3669/3922/4436 3671/3924/4438 3855/4128/4676
f 3857/4130/4678 3667/3920/4434 3669/3922/4436
f 3669/3922/4436 3856/4129/4677 3857/4130/4678
f 3844/4117/4665 3858/4131/4679 3846/4119/4667
f 3846/4119/4667 3845/4118/4666 3844/4117/4665
f 3843/4116/4664 3859/4132/4680 3858/4131/4679
f 3858/4131/4679 3844/4117/4665 3843/4116/4664
f 3842/4115/4663 3860/4133/4681 3859/4132/4680
f 3859/4132/4680 3843/4116/4664 3842/4115/4663
f 3841/4114/4662 3861/4134/4682 3860/4133/4681
f 3860/4133/4681 3842/4115/4663 3841/4114/4662
f 3840/4113/4661 3862/4135/4683 3861/4134/4682
f 3861/4134/4682 3841/4114/4662 3840/4113/4661
f 3839/4112/4660 3863/4136/4684 3862/4135/4683
f 3862/4135/4683 3840/4113/4661 3839/4112/4660
f 3829/4102/4650 3864/4137/4685 3863/4136/4684
f 3863/4136/4684 3839/4112/4660 3829/4102/4650
f 3829/4102/4650 3830/4103/4651 3865/4138/4686
f 3865/4138/4686 3864/4137/4685 3829/4102/4650
f 3866/4139/4687 3666/3918/4431 3667/3920/4434
f 3667/3920/4434 3857/4130/4678 3866/4139/4687
f 3867/4140/4688 3682/3937/4451 3666/3918/4431
f 3666/3918/4431 3866/4139/4687 3867/4140/4688
f 3868/4141/4689 3683/3938/4452 3682/3937/4451
f 3682/3937/4451 3867/4140/4688 3868/4141/4689
f 3869/4142/4690 3684/3939/4453 3683/3938/4452
f 3683/3938/4452 3868/4141/4689 3869/4142/4690
f 3870/4143/4691 3685/3940/4454 3684/3939/4453
f 3684/3939/4453 3869/4142/4690 3870/4143/4691
f 3871/4144/4692 3686/3941/4455 3685/3940/4454
f 3685/3940/4454 3870/4143/4691 3871/4144/4692
f 3872/4145/4693 3687/3942/4456 3686/3941/4455
f 3686/3941/4455 3871/4144/4692 3872/4145/4693
f 3830/4103/4651 3831/4104/4652 3873/4146/4694
f 3873/4146/4694 3865/4138/4686 3830/4103/4651
f 3832/4105/4653 3874/4147/4695 3873/4146/4694
f 3873/4146/4694 3831/4104/4652 3832/4105/4653
f 3833/4106/4654 3875/4148/4696 3874/4147/4695
f 3874/4147/4695 3832/4105/4653 3833/4106/4654
f 3834/4107/4655 3876/4149/4697 3875/4148/4696
f 3875/4148/4696 3833/4106/4654 3834/4107/4655
f 3835/4108/4656 3877/4150/4698 3876/4149/4697
f 3876/4149/4697 3834/4107/4655 3835/4108/4656
f 3836/4109/4657 3878/4151/4699 3877/4150/4698
f 3877/4150/4698 3835/4108/4656 3836/4109/4657
f 3837/4110/4658 3879/4152/4700 3878/4151/4699
f 3878/4151/4699 3836/4109/4657 3837/4110/4658
f 3838/4111/4659 3880/4153/4701 3879/4152/4700
f 3879/4152/4700 3837/4110/4658 3838/4111/4659
f 3687/3942/4456 3872/4145/4693 3880/4153/4701
f 3880/4153/4701 3838/4111/4659 3687/3942/4456
f 3542/3777/4297 3688/3943/4457 3691/3946/4460
f 3723/3982/4496 3747/4011/4528 3724/3983/4497
f 3576/3814/4332 3613/3851/4369 3572/3810/4328
f 3653/3905/4415 3705/3963/4477 3668/3964/4478
f 3653/3905/4415 3652/3904/4414 3651/3903/4413
f 3651/3903/4413 3705/3963/4477 3653/3905/4415
f 3646/3898/4408 3670/3962/4476 3705/3963/4477
f 3617/3857/4373 3653/3905/4415 3618/3858/4374
f 3504/3731/4702 3507/3734/4703 3881/4154/4704
f 3881/4154/4704 3882/4155/4705 3504/3731/4702
f 3366/3593/4113 3365/3592/4112 3883/4156/4706
f 3883/4156/4706 3884/4157/4707 3366/3593/4113
f 3381/3608/4128 3380/3607/4127 3885/4158/4708
f 3885/4158/4708 3886/4159/4709 3381/3608/4128
f 3367/3594/4114 3366/3593/4113 3884/4157/4707
f 3884/4157/4707 3887/4160/4710 3367/3594/4114
f 3382/3609/4129 3367/3594/4114 3887/4160/4710
f 3887/4160/4710 3888/4161/4711 3382/3609/4129
f 3387/3614/4134 3386/3613/4133 3889/4162/4712
f 3889/4162/4712 3890/4163/4713 3387/3614/4134
f 3403/3630/4150 3402/3629/4149 3891/4164/4714
f 3891/4164/4714 3892/4165/4715 3403/3630/4150
f 3388/3615/4135 3387/3614/4134 3890/4163/4713
f 3890/4163/4713 3893/4166/4716 3388/3615/4135
f 3404/3631/4151 3388/3615/4135 3893/4166/4716
f 3893/4166/4716 3894/4167/4717 3404/3631/4151
f 3406/3633/4153 3404/3631/4151 3894/4167/4717
f 3894/4167/4717 3895/4168/4718 3406/3633/4153
f 3407/3634/4154 3406/3633/4153 3895/4168/4718
f 3895/4168/4718 3896/4169/4719 3407/3634/4154
f 3402/3629/4149 3407/3634/4154 3896/4169/4719
f 3896/4169/4719 3891/4164/4714 3402/3629/4149
f 3411/3638/4158 3410/3637/4157 3897/4170/4720
f 3897/4170/4720 3898/4171/4721 3411/3638/4158
f 3430/3657/4177 3429/3656/4176 3899/4172/4722
f 3899/4172/4722 3900/4173/4723 3430/3657/4177
f 3412/3639/4159 3411/3638/4158 3898/4171/4721
f 3898/4171/4721 3901/4174/4724 3412/3639/4159
f 3431/3658/4178 3412/3639/4159 3901/4174/4724
f 3901/4174/4724 3902/4175/4725 3431/3658/4178
f 3433/3660/4180 3431/3658/4178 3902/4175/4725
f 3902/4175/4725 3903/4176/4726 3433/3660/4180
f 3435/3662/4182 3433/3660/4180 3903/4176/4726
f 3903/4176/4726 3904/4177/4727 3435/3662/4182
f 3438/3665/4185 3437/3664/4184 3905/4178/4728
f 3905/4178/4728 3906/4179/4729 3438/3665/4185
f 3440/3667/4187 3438/3665/4185 3906/4179/4729
f 3906/4179/4729 3907/4180/4730 3440/3667/4187
f 3458/3685/4205 3462/3689/4209 3908/4181/4731
f 3908/4181/4731 3909/4182/4732 3458/3685/4205
f 3462/3689/4209 3466/3693/4213 3910/4183/4733
f 3910/4183/4733 3908/4181/4731 3462/3689/4209
f 3466/3693/4213 3470/3697/4217 3911/4184/4734
f 3911/4184/4734 3910/4183/4733 3466/3693/4213
f 3470/3697/4217 3403/3630/4150 3892/4165/4715
f 3892/4165/4715 3911/4184/4734 3470/3697/4217
f 3386/3613/4133 3479/3706/4226 3912/4185/4735
f 3912/4185/4735 3889/4162/4712 3386/3613/4133
f 3479/3706/4226 3483/3710/4230 3913/4186/4736
f 3913/4186/4736 3912/4185/4735 3479/3706/4226
f 3483/3710/4230 3487/3714/4234 3914/4187/4737
f 3914/4187/4737 3913/4186/4736 3483/3710/4230
f 3505/3732/4252 3504/3731/4702 3882/4155/4705
f 3882/4155/4705 3915/4188/4738 3505/3732/4252
f 3365/3592/4112 3505/3732/4252 3915/4188/4738
f 3915/4188/4738 3883/4156/4706 3365/3592/4112
f 3383/3610/4130 3382/3609/4129 3888/4161/4711
f 3888/4161/4711 3916/4189/4739 3383/3610/4130
f 3380/3607/4127 3383/3610/4130 3916/4189/4739
f 3916/4189/4739 3885/4158/4708 3380/3607/4127
f 3512/3739/4260 3381/3608/4128 3886/4159/4709
f 3886/4159/4709 3917/4190/4740 3512/3739/4260
f 3513/3740/4261 3512/3739/4260 3917/4190/4740
f 3917/4190/4740 3918/4191/4741 3513/3740/4261
f 3487/3714/4234 3513/3740/4261 3918/4191/4741
f 3918/4191/4741 3914/4187/4737 3487/3714/4234
f 3459/3686/4206 3458/3685/4205 3909/4182/4732
f 3909/4182/4732 3919/4192/4742 3459/3686/4206
f 3514/3741/4262 3459/3686/4206 3919/4192/4742
f 3919/4192/4742 3920/4193/4743 3514/3741/4262
f 3410/3637/4157 3514/3741/4262 3920/4193/4743
f 3920/4193/4743 3897/4170/4720 3410/3637/4157
f 3429/3656/4176 3436/3663/4183 3921/4194/4744
f 3921/4194/4744 3899/4172/4722 3429/3656/4176
f 3436/3663/4183 3435/3662/4182 3904/4177/4727
f 3904/4177/4727 3921/4194/4744 3436/3663/4183
f 3437/3664/4184 3430/3657/4177 3900/4173/4723
f 3900/4173/4723 3905/4178/4728 3437/3664/4184
f 3550/4195/4306 3549/3876/4391 3922/4196/4745
f 3922/4196/4745 3923/4197/4746 3550/4195/4306
f 3553/4198/4309 3550/4195/4306 3923/4197/4746
f 3923/4197/4746 3924/4199/4747 3553/4198/4309
f 3571/4200/4327 3553/4198/4309 3924/4199/4747
f 3924/4199/4747 3925/4201/4748 3571/4200/4327
f 3579/4202/4335 3571/4200/4327 3925/4201/4748
f 3925/4201/4748 3926/4203/4749 3579/4202/4335
f 3581/4204/4337 3579/4202/4335 3926/4203/4749
f 3926/4203/4749 3927/4205/4750 3581/4204/4337
f 3591/4206/4347 3581/4204/4337 3927/4205/4750
f 3927/4205/4750 3928/4207/4751 3591/4206/4347
f 3593/4208/4349 3591/4206/4347 3928/4207/4751
f 3928/4207/4751 3929/4209/4752 3593/4208/4349
f 3533/4210/4753 3593/4208/4349 3929/4209/4752
f 3881/4154/4704 3507/3734/4703 3533/4210/4753
f 3533/4210/4753 3929/4209/4752 3881/4154/4704
f 3549/3876/4391 3440/3667/4187 3907/4180/4730
f 3907/4180/4730 3922/4196/4745 3549/3876/4391
f 3771/4037/4556 3774/4040/4754 3768/4034/4551
f 3768/4034/4551 3767/4033/4550 3771/4037/4556
f 3774/4040/4754 3750/4014/4532 3749/4013/4531
f 3749/4013/4531 3768/4034/4551 3774/4040/4754
f 3748/4012/4530 3749/4013/4531 3750/4014/4532
f 3531/3762/4281 3533/3765/4284 3507/4211/4755
f 3930/4212/556 3931/4213/4756 3932/4214/4757
f 3930/4212/556 3932/4214/4757 3933/4215/4758
f 3930/4212/556 3933/4215/4758 3934/4216/4759
f 3930/4212/556 3934/4216/4759 3935/4217/4760
f 3930/4212/556 3935/4217/4760 3936/4218/4761
f 3930/4212/556 3936/4218/4761 3937/4219/4762
f 3930/4212/556 3937/4219/4762 3938/4220/4763
f 3930/4212/556 3938/4220/4763 3939/4221/4764
f 3930/4212/556 3939/4221/4764 3940/4222/4765
f 3930/4212/556 3940/4222/4765 3941/4223/4766
f 3930/4212/556 3941/4223/4766 3942/4224/4767
f 3930/4212/556 3942/4224/4767 3943/4225/4768
f 3930/4212/556 3943/4225/4768 3944/4226/4769
f 3930/4212/556 3944/4226/4769 3945/4227/4770
f 3930/4212/556 3945/4227/4770 3946/4228/4771
f 3930/4212/556 3946/4228/4771 3947/4229/4772
f 3930/4212/556 3947/4229/4772 3948/4230/4773
f 3930/4212/556 3948/4230/4773 3949/4231/4774
f 3930/4212/556 3949/4231/4774 3950/4232/4775
f 3930/4212/556 3950/4232/4775 3951/4233/4776
f 3930/4212/556 3951/4233/4776 3952/4234/4777
f 3930/4212/556 3952/4234/4777 3953/4235/4778
f 3930/4212/556 3953/4235/4778 3954/4236/4779
f 3930/4212/556 3954/4236/4779 3931/4213/4756
f 3931/4213/4756 3955/4237/4780 3956/4238/4781
f 3956/4238/4781 3932/4214/4757 3931/4213/4756
f 3932/4214/4757 3956/4238/4781 3957/4239/4782
f 3957/4239/4782 3933/4215/4758 3932/4214/4757
f 3933/4215/4758 3957/4239/4782 3958/4240/4783
f 3958/4240/4783 3934/4216/4759 3933/4215/4758
f 3934/4216/4759 3958/4240/4783 3959/4241/4784
f 3959/4241/4784 3935/4217/4760 3934/4216/4759
f 3935/4217/4760 3959/4241/4784 3960/4242/4785
f 3960/4242/4785 3936/4218/4761 3935/4217/4760
f 3936/4218/4761 3960/4242/4785 3961/4243/4786
f 3961/4243/4786 3937/4219/4762 3936/4218/4761
f 3937/4219/4762 3961/4243/4786 3962/4244/4787
f 3962/4244/4787 3938/4220/4763 3937/4219/4762
f 3938/4220/4763 3962/4244/4787 3963/4245/4788
f 3963/4245/4788 3939/4221/4764 3938/4220/4763
f 3939/4221/4764 3963/4245/4788 3964/4246/4789
f 3964/4246/4789 3940/4222/4765 3939/4221/4764
f 3940/4222/4765 3964/4246/4789 3965/4247/4790
f 3965/4247/4790 3941/4223/4766 3940/4222/4765
f 3941/4223/4766 3965/4247/4790 3966/4248/4791
f 3966/4248/4791 3942/4224/4767 3941/4223/4766
f 3942/4224/4767 3966/4248/4791 3967/4249/4792
f 3967/4249/4792 3943/4225/4768 3942/4224/4767
f 3943/4225/4768 3967/4249/4792 3968/4250/4793
f 3968/4250/4793 3944/4226/4769 3943/4225/4768
f 3944/4226/4769 3968/4250/4793 3969/4251/4794
f 3969/4251/4794 3945/4227/4770 3944/4226/4769
f 3945/4227/4770 3969/4251/4794 3970/4252/4795
f 3970/4252/4795 3946/4228/4771 3945/4227/4770
f 3946/4228/4771 3970/4252/4795 3971/4253/4796
f 3971/4253/4796 3947/4229/4772 3946/4228/4771
f 3947/4229/4772 3971/4253/4796 3972/4254/4797
f 3972/4254/4797 3948/4230/4773 3947/4229/4772
f 3948/4230/4773 3972/4254/4797 3973/4255/4798
f 3973/4255/4798 3949/4231/4774 3948/4230/4773
f 3949/4231/4774 3973/4255/4798 3974/4256/4799
f 3974/4256/4799 3950/4232/4775 3949/4231/4774
f 3950/4232/4775 3974/4256/4799 3975/4257/4800
f 3975/4257/4800 3951/4233/4776 3950/4232/4775
f 3951/4233/4776 3975/4257/4800 3976/4258/4801
f 3976/4258/4801 3952/4234/4777 3951/4233/4776
f 3952/4234/4777 3976/4258/4801 3977/4259/4802
f 3977/4259/4802 3953/4235/4778 3952/4234/4777
f 3953/4235/4778 3977/4259/4802 3978/4260/4803
f 3978/4260/4803 3954/4236/4779 3953/4235/4778
f 3954/4236/4779 3978/4260/4803 3955/4237/4780
f 3955/4237/4780 3931/4213/4756 3954/4236/4779
f 3955/4237/4780 3979/4261/4804 3980/4262/4805
f 3980/4262/4805 3956/4238/4781 3955/4237/4780
f 3956/4238/4781 3980/4262/4805 3981/4263/4806
f 3981/4263/4806 3957/4239/4782 3956/4238/4781
f 3957/4239/4782 3981/4263/4806 3982/4264/4807
f 3982/4264/4807 3958/4240/4783 3957/4239/4782
f 3958/4240/4783 3982/4264/4807 3983/4265/4808
f 3983/4265/4808 3959/4241/4784 3958/4240/4783
f 3959/4241/4784 3983/4265/4808 3984/4266/4809
f 3984/4266/4809 3960/4242/4785 3959/4241/4784
f 3960/4242/4785 3984/4266/4809 3985/4267/4810
f 3985/4267/4810 3961/4243/4786 3960/4242/4785
f 3961/4243/4786 3985/4267/4810 3986/4268/4811
f 3986/4268/4811 3962/4244/4787 3961/4243/4786
f 3962/4244/4787 3986/4268/4811 3987/4269/4812
f 3987/4269/4812 3963/4245/4788 3962/4244/4787
f 3963/4245/4788 3987/4269/4812 3988/4270/4813
f 3988/4270/4813 3964/4246/4789 3963/4245/4788
f 3964/4246/4789 3988/4270/4813 3989/4271/4814
f 3989/4271/4814 3965/4247/4790 3964/4246/4789
f 3965/4247/4790 3989/4271/4814 3990/4272/4815
f 3990/4272/4815 3966/4248/4791 3965/4247/4790
f 3966/4248/4791 3990/4272/4815 3991/4273/4816
f 3991/4273/4816 3967/4249/4792 3966/4248/4791
f 3967/4249/4792 3991/4273/4816 3992/4274/4817
f 3992/4274/4817 3968/4250/4793 3967/4249/4792
f 3968/4250/4793 3992/4274/4817 3993/4275/4818
f 3993/4275/4818 3969/4251/4794 3968/4250/4793
f 3969/4251/4794 3993/4275/4818 3994/4276/4819
f 3994/4276/4819 3970/4252/4795 3969/4251/4794
f 3970/4252/4795 3994/4276/4819 3995/4277/4820
f 3995/4277/4820 3971/4253/4796 3970/4252/4795
f 3971/4253/4796 3995/4277/4820 3996/4278/4821
f 3996/4278/4821 3972/4254/4797 3971/4253/4796
f 3972/4254/4797 3996/4278/4821 3997/4279/4822
f 3997/4279/4822 3973/4255/4798 3972/4254/4797
f 3973/4255/4798 3997/4279/4822 3998/4280/4823
f 3998/4280/4823 3974/4256/4799 3973/4255/4798
f 3974/4256/4799 3998/4280/4823 3999/4281/4824
f 3999/4281/4824 3975/4257/4800 3974/4256/4799
f 3975/4257/4800 3999/4281/4824 4000/4282/4825
f 4000/4282/4825 3976/4258/4801 3975/4257/4800
f 3976/4258/4801 4000/4282/4825 4001/4283/4826
f 4001/4283/4826 3977/4259/4802 3976/4258/4801
f 3977/4259/4802 4001/4283/4826 4002/4284/4827
f 4002/4284/4827 3978/4260/4803 3977/4259/4802
f 3978/4260/4803 4002/4284/4827 3979/4261/4804
f 3979/4261/4804 3955/4237/4780 3978/4260/4803
f 3979/4261/4804 4003/4285/4828 4004/4286/4829
f 4004/4286/4829 3980/4262/4805 3979/4261/4804
f 3980/4262/4805 4004/4286/4829 4005/4287/4830
f 4005/4287/4830 3981/4263/4806 3980/4262/4805
f 3981/4263/4806 4005/4287/4830 4006/4288/4831
f 4006/4288/4831 3982/4264/4807 3981/4263/4806
f 3982/4264/4807 4006/4288/4831 4007/4289/4832
f 4007/4289/4832 3983/4265/4808 3982/4264/4807
f 3983/4265/4808 4007/4289/4832 4008/4290/4833
f 4008/4290/4833 3984/4266/4809 3983/4265/4808
f 3984/4266/4809 4008/4290/4833 4009/4291/4834
f 4009/4291/4834 3985/4267/4810 3984/4266/4809
f 3985/4267/4810 4009/4291/4834 4010/4292/4835
f 4010/4292/4835 3986/4268/4811 3985/4267/4810
f 3986/4268/4811 4010/4292/4835 4011/4293/4836
f 4011/4293/4836 3987/4269/4812 3986/4268/4811
f 3987/4269/4812 4011/4293/4836 4012/4294/4837
f 4012/4294/4837 3988/4270/4813 3987/4269/4812
f 3988/4270/4813 4012/4294/4837 4013/4295/4838
f 4013/4295/4838 3989/4271/4814 3988/4270/4813
f 3989/4271/4814 4013/4295/4838 4014/4296/4839
f 4014/4296/4839 3990/4272/4815 3989/4271/4814
f 3990/4272/4815 4014/4296/4839 4015/4297/4840
f 4015/4297/4840 3991/4273/4816 3990/4272/4815
f 3991/4273/4816 4015/4297/4840 4016/4298/4841
f 4016/4298/4841 3992/4274/4817 3991/4273/4816
f 3992/4274/4817 4016/4298/4841 4017/4299/4842
f 4017/4299/4842 3993/4275/4818 3992/4274/4817
f 3993/4275/4818 4017/4299/4842 4018/4300/4843
f 4018/4300/4843 3994/4276/4819 3993/4275/4818
f 3994/4276/4819 4018/4300/4843 4019/4301/4844
f 4019/4301/4844 3995/4277/4820 3994/4276/4819
f 3995/4277/4820 4019/4301/4844 4020/4302/4845
f 4020/4302/4845 3996/4278/4821 3995/4277/4820
f 3996/4278/4821 4020/4302/4845 4021/4303/4846
f 4021/4303/4846 3997/4279/4822 3996/4278/4821
f 3997/4279/4822 4021/4303/4846 4022/4304/4847
f 4022/4304/4847 3998/4280/4823 3997/4279/4822
f 3998/4280/4823 4022/4304/4847 4023/4305/4848
f 4023/4305/4848 3999/4281/4824 3998/4280/4823
f 3999/4281/4824 4023/4305/4848 4024/4306/4849
f 4024/4306/4849 4000/4282/4825 3999/4281/4824
f 4000/4282/4825 4024/4306/4849 4025/4307/4850
f 4025/4307/4850 4001/4283/4826 4000/4282/4825
f 4001/4283/4826 4025/4307/4850 4026/4308/4851
f 4026/4308/4851 4002/4284/4827 4001/4283/4826
f 4002/4284/4827 4026/4308/4851 4003/4285/4828
f 4003/4285/4828 3979/4261/4804 4002/4284/4827
f 4003/4285/4828 4027/4309/3538 4028/4310/4852
f 4028/4310/4852 4004/4286/4829 4003/4285/4828
f 4004/4286/4829 4028/4310/4852 4029/4311/3571
f 4029/4311/3571 4005/4287/4830 4004/4286/4829
f 4005/4287/4830 4029/4311/3571 4030/4312/4853
f 4030/4312/4853 4006/4288/4831 4005/4287/4830
f 4006/4288/4831 4030/4312/4853 4031/4313/3568
f 4031/4313/3568 4007/4289/4832 4006/4288/4831
f 4007/4289/4832 4031/4313/3568 4032/4314/4854
f 4032/4314/4854 4008/4290/4833 4007/4289/4832
f 4008/4290/4833 4032/4314/4854 4033/4315/4855
f 4033/4315/4855 4009/4291/4834 4008/4290/4833
f 4009/4291/4834 4033/4315/4855 4034/4316/4856
f 4034/4316/4856 4010/4292/4835 4009/4291/4834
f 4010/4292/4835 4034/4316/4856 4035/4317/4857
f 4035/4317/4857 4011/4293/4836 4010/4292/4835
f 4011/4293/4836 4035/4317/4857 4036/4318/4858
f 4036/4318/4858 4012/4294/4837 4011/4293/4836
f 4012/4294/4837 4036/4318/4858 4037/4319/4859
f 4037/4319/4859 4013/4295/4838 4012/4294/4837
f 4013/4295/4838 4037/4319/4859 4038/4320/4860
f 4038/4320/4860 4014/4296/4839 4013/4295/4838
f 4014/4296/4839 4038/4320/4860 4039/4321/4861
f 4039/4321/4861 4015/4297/4840 4014/4296/4839
f 4015/4297/4840 4039/4321/4861 4040/4322/4862
f 4040/4322/4862 4016/4298/4841 4015/4297/4840
f 4016/4298/4841 4040/4322/4862 4041/4323/4863
f 4041/4323/4863 4017/4299/4842 4016/4298/4841
f 4017/4299/4842 4041/4323/4863 4042/4324/4864
f 4042/4324/4864 4018/4300/4843 4017/4299/4842
f 4018/4300/4843 4042/4324/4864 4043/4325/4865
f 4043/4325/4865 4019/4301/4844 4018/4300/4843
f 4019/4301/4844 4043/4325/4865 4044/4326/4866
f 4044/4326/4866 4020/4302/4845 4019/4301/4844
f 4020/4302/4845 4044/4326/4866 4045/4327/4867
f 4045/4327/4867 4021/4303/4846 4020/4302/4845
f 4021/4303/4846 4045/4327/4867 4046/4328/4868
f 4046/4328/4868 4022/4304/4847 4021/4303/4846
f 4022/4304/4847 4046/4328/4868 4047/4329/3544
f 4047/4329/3544 4023/4305/4848 4022/4304/4847
f 4023/4305/4848 4047/4329/3544 4048/4330/4869
f 4048/4330/4869 4024/4306/4849 4023/4305/4848
f 4024/4306/4849 4048/4330/4869 4049/4331/3541
f 4049/4331/3541 4025/4307/4850 4024/4306/4849
f 4025/4307/4850 4049/4331/3541 4050/4332/4870
f 4050/4332/4870 4026/4308/4851 4025/4307/4850
f 4026/4308/4851 4050/4332/4870 4027/4309/3538
f 4027/4309/3538 4003/4285/4828 4026/4308/4851
f 4051/4333/556 4052/4334/4756 4053/4335/4757
f 4051/4333/556 4053/4335/4757 4054/4336/4758
f 4051/4333/556 4054/4336/4758 4055/4337/4759
f 4051/4333/556 4055/4337/4759 4056/4338/4871
f 4051/4333/556 4056/4338/4871 4057/4339/4761
f 4051/4333/556 4057/4339/4761 4058/4340/4872
f 4051/4333/556 4058/4340/4872 4059/4341/4873
f 4051/4333/556 4059/4341/4873 4060/4342/4764
f 4051/4333/556 4060/4342/4764 4061/4343/4765
f 4051/4333/556 4061/4343/4765 4062/4344/4766
f 4051/4333/556 4062/4344/4766 4063/4345/4767
f 4051/4333/556 4063/4345/4767 4064/4346/4768
f 4051/4333/556 4064/4346/4768 4065/4347/4769
f 4051/4333/556 4065/4347/4769 4066/4348/4770
f 4051/4333/556 4066/4348/4770 4067/4349/4874
f 4051/4333/556 4067/4349/4874 4068/4350/4875
f 4051/4333/556 4068/4350/4875 4069/4351/4773
f 4051/4333/556 4069/4351/4773 4070/4352/4774
f 4051/4333/556 4070/4352/4774 4071/4353/4775
f 4051/4333/556 4071/4353/4775 4072/4354/4776
f 4051/4333/556 4072/4354/4776 4073/4355/4777
f 4051/4333/556 4073/4355/4777 4074/4356/4778
f 4051/4333/556 4074/4356/4778 4075/4357/4876
f 4051/4333/556 4075/4357/4876 4052/4334/4756
f 4052/4334/4756 4076/4358/4780 4077/4359/4877
f 4077/4359/4877 4053/4335/4757 4052/4334/4756
f 4053/4335/4757 4077/4359/4877 4078/4360/4782
f 4078/4360/4782 4054/4336/4758 4053/4335/4757
f 4054/4336/4758 4078/4360/4782 4079/4361/4783
f 4079/4361/4783 4055/4337/4759 4054/4336/4758
f 4055/4337/4759 4079/4361/4783 4080/4362/4784
f 4080/4362/4784 4056/4338/4871 4055/4337/4759
f 4056/4338/4871 4080/4362/4784 4081/4363/4785
f 4081/4363/4785 4057/4339/4761 4056/4338/4871
f 4057/4339/4761 4081/4363/4785 4082/4364/4786
f 4082/4364/4786 4058/4340/4872 4057/4339/4761
f 4058/4340/4872 4082/4364/4786 4083/4365/4787
f 4083/4365/4787 4059/4341/4873 4058/4340/4872
f 4059/4341/4873 4083/4365/4787 4084/4366/4788
f 4084/4366/4788 4060/4342/4764 4059/4341/4873
f 4060/4342/4764 4084/4366/4788 4085/4367/4789
f 4085/4367/4789 4061/4343/4765 4060/4342/4764
f 4061/4343/4765 4085/4367/4789 4086/4368/4790
f 4086/4368/4790 4062/4344/4766 4061/4343/4765
f 4062/4344/4766 4086/4368/4790 4087/4369/4791
f 4087/4369/4791 4063/4345/4767 4062/4344/4766
f 4063/4345/4767 4087/4369/4791 4088/4370/4792
f 4088/4370/4792 4064/4346/4768 4063/4345/4767
f 4064/4346/4768 4088/4370/4792 4089/4371/4793
f 4089/4371/4793 4065/4347/4769 4064/4346/4768
f 4065/4347/4769 4089/4371/4793 4090/4372/4794
f 4090/4372/4794 4066/4348/4770 4065/4347/4769
f 4066/4348/4770 4090/4372/4794 4091/4373/4795
f 4091/4373/4795 4067/4349/4874 4066/4348/4770
f 4067/4349/4874 4091/4373/4795 4092/4374/4796
f 4092/4374/4796 4068/4350/4875 4067/4349/4874
f 4068/4350/4875 4092/4374/4796 4093/4375/4878
f 4093/4375/4878 4069/4351/4773 4068/4350/4875
f 4069/4351/4773 4093/4375/4878 4094/4376/4798
f 4094/4376/4798 4070/4352/4774 4069/4351/4773
f 4070/4352/4774 4094/4376/4798 4095/4377/4799
f 4095/4377/4799 4071/4353/4775 4070/4352/4774
f 4071/4353/4775 4095/4377/4799 4096/4378/4800
f 4096/4378/4800 4072/4354/4776 4071/4353/4775
f 4072/4354/4776 4096/4378/4800 4097/4379/4801
f 4097/4379/4801 4073/4355/4777 4072/4354/4776
f 4073/4355/4777 4097/4379/4801 4098/4380/4802
f 4098/4380/4802 4074/4356/4778 4073/4355/4777
f 4074/4356/4778 4098/4380/4802 4099/4381/4803
f 4099/4381/4803 4075/4357/4876 4074/4356/4778
f 4075/4357/4876 4099/4381/4803 4076/4358/4780
f 4076/4358/4780 4052/4334/4756 4075/4357/4876
f 4076/4358/4780 4100/4382/4804 4101/4383/4805
f 4101/4383/4805 4077/4359/4877 4076/4358/4780
f 4077/4359/4877 4101/4383/4805 4102/4384/4806
f 4102/4384/4806 4078/4360/4782 4077/4359/4877
f 4078/4360/4782 4102/4384/4806 4103/4385/4807
f 4103/4385/4807 4079/4361/4783 4078/4360/4782
f 4079/4361/4783 4103/4385/4807 4104/4386/4808
f 4104/4386/4808 4080/4362/4784 4079/4361/4783
f 4080/4362/4784 4104/4386/4808 4105/4387/4809
f 4105/4387/4809 4081/4363/4785 4080/4362/4784
f 4081/4363/4785 4105/4387/4809 4106/4388/4810
f 4106/4388/4810 4082/4364/4786 4081/4363/4785
f 4082/4364/4786 4106/4388/4810 4107/4389/4811
f 4107/4389/4811 4083/4365/4787 4082/4364/4786
f 4083/4365/4787 4107/4389/4811 4108/4390/4812
f 4108/4390/4812 4084/4366/4788 4083/4365/4787
f 4084/4366/4788 4108/4390/4812 4109/4391/4813
f 4109/4391/4813 4085/4367/4789 4084/4366/4788
f 4085/4367/4789 4109/4391/4813 4110/4392/4814
f 4110/4392/4814 4086/4368/4790 4085/4367/4789
f 4086/4368/4790 4110/4392/4814 4111/4393/4815
f 4111/4393/4815 4087/4369/4791 4086/4368/4790
f 4087/4369/4791 4111/4393/4815 4112/4394/4816
f 4112/4394/4816 4088/4370/4792 4087/4369/4791
f 4088/4370/4792 4112/4394/4816 4113/4395/4817
f 4113/4395/4817 4089/4371/4793 4088/4370/4792
f 4089/4371/4793 4113/4395/4817 4114/4396/4818
f 4114/4396/4818 4090/4372/4794 4089/4371/4793
f 4090/4372/4794 4114/4396/4818 4115/4397/4879
f 4115/4397/4879 4091/4373/4795 4090/4372/4794
f 4091/4373/4795 4115/4397/4879 4116/4398/4820
f 4116/4398/4820 4092/4374/4796 4091/4373/4795
f 4092/4374/4796 4116/4398/4820 4117/4399/4821
f 4117/4399/4821 4093/4375/4878 4092/4374/4796
f 4093/4375/4878 4117/4399/4821 4118/4400/4822
f 4118/4400/4822 4094/4376/4798 4093/4375/4878
f 4094/4376/4798 4118/4400/4822 4119/4401/4823
f 4119/4401/4823 4095/4377/4799 4094/4376/4798
f 4095/4377/4799 4119/4401/4823 4120/4402/4824
f 4120/4402/4824 4096/4378/4800 4095/4377/4799
f 4096/4378/4800 4120/4402/4824 4121/4403/4825
f 4121/4403/4825 4097/4379/4801 4096/4378/4800
f 4097/4379/4801 4121/4403/4825 4122/4404/4826
f 4122/4404/4826 4098/4380/4802 4097/4379/4801
f 4098/4380/4802 4122/4404/4826 4123/4405/4827
f 4123/4405/4827 4099/4381/4803 4098/4380/4802
f 4099/4381/4803 4123/4405/4827 4100/4382/4804
f 4100/4382/4804 4076/4358/4780 4099/4381/4803
f 4100/4382/4804 4124/4406/4828 4125/4407/4829
f 4125/4407/4829 4101/4383/4805 4100/4382/4804
f 4101/4383/4805 4125/4407/4829 4126/4408/4880
f 4126/4408/4880 4102/4384/4806 4101/4383/4805
f 4102/4384/4806 4126/4408/4880 4127/4409/4831
f 4127/4409/4831 4103/4385/4807 4102/4384/4806
f 4103/4385/4807 4127/4409/4831 4128/4410/4832
f 4128/4410/4832 4104/4386/4808 4103/4385/4807
f 4104/4386/4808 4128/4410/4832 4129/4411/4833
f 4129/4411/4833 4105/4387/4809 4104/4386/4808
f 4105/4387/4809 4129/4411/4833 4130/4412/4834
f 4130/4412/4834 4106/4388/4810 4105/4387/4809
f 4106/4388/4810 4130/4412/4834 4131/4413/4835
f 4131/4413/4835 4107/4389/4811 4106/4388/4810
f 4107/4389/4811 4131/4413/4835 4132/4414/4836
f 4132/4414/4836 4108/4390/4812 4107/4389/4811
f 4108/4390/4812 4132/4414/4836 4133/4415/4837
f 4133/4415/4837 4109/4391/4813 4108/4390/4812
f 4109/4391/4813 4133/4415/4837 4134/4416/4838
f 4134/4416/4838 4110/4392/4814 4109/4391/4813
f 4110/4392/4814 4134/4416/4838 4135/4417/4839
f 4135/4417/4839 4111/4393/4815 4110/4392/4814
f 4111/4393/4815 4135/4417/4839 4136/4418/4840
f 4136/4418/4840 4112/4394/4816 4111/4393/4815
f 4112/4394/4816 4136/4418/4840 4137/4419/4841
f 4137/4419/4841 4113/4395/4817 4112/4394/4816
f 4113/4395/4817 4137/4419/4841 4138/4420/4842
f 4138/4420/4842 4114/4396/4818 4113/4395/4817
f 4114/4396/4818 4138/4420/4842 4139/4421/4843
f 4139/4421/4843 4115/4397/4879 4114/4396/4818
f 4115/4397/4879 4139/4421/4843 4140/4422/4844
f 4140/4422/4844 4116/4398/4820 4115/4397/4879
f 4116/4398/4820 4140/4422/4844 4141/4423/4881
f 4141/4423/4881 4117/4399/4821 4116/4398/4820
f 4117/4399/4821 4141/4423/4881 4142/4424/4882
f 4142/4424/4882 4118/4400/4822 4117/4399/4821
f 4118/4400/4822 4142/4424/4882 4143/4425/4847
f 4143/4425/4847 4119/4401/4823 4118/4400/4822
f 4119/4401/4823 4143/4425/4847 4144/4426/4848
f 4144/4426/4848 4120/4402/4824 4119/4401/4823
f 4120/4402/4824 4144/4426/4848 4145/4427/4883
f 4145/4427/4883 4121/4403/4825 4120/4402/4824
f 4121/4403/4825 4145/4427/4883 4146/4428/4850
f 4146/4428/4850 4122/4404/4826 4121/4403/4825
f 4122/4404/4826 4146/4428/4850 4147/4429/4884
f 4147/4429/4884 4123/4405/4827 4122/4404/4826
f 4123/4405/4827 4147/4429/4884 4124/4406/4828
f 4124/4406/4828 4100/4382/4804 4123/4405/4827
f 4124/4406/4828 4148/4430/3538 4149/4431/4852
f 4149/4431/4852 4125/4407/4829 4124/4406/4828
f 4125/4407/4829 4149/4431/4852 4150/4432/3571
f 4150/4432/3571 4126/4408/4880 4125/4407/4829
f 4126/4408/4880 4150/4432/3571 4151/4433/4853
f 4151/4433/4853 4127/4409/4831 4126/4408/4880
f 4127/4409/4831 4151/4433/4853 4152/4434/3568
f 4152/4434/3568 4128/4410/4832 4127/4409/4831
f 4128/4410/4832 4152/4434/3568 4153/4435/4854
f 4153/4435/4854 4129/4411/4833 4128/4410/4832
f 4129/4411/4833 4153/4435/4854 4154/4436/4855
f 4154/4436/4855 4130/4412/4834 4129/4411/4833
f 4130/4412/4834 4154/4436/4855 4155/4437/4856
f 4155/4437/4856 4131/4413/4835 4130/4412/4834
f 4131/4413/4835 4155/4437/4856 4156/4438/4885
f 4156/4438/4885 4132/4414/4836 4131/4413/4835
f 4132/4414/4836 4156/4438/4885 4157/4439/4858
f 4157/4439/4858 4133/4415/4837 4132/4414/4836
f 4133/4415/4837 4157/4439/4858 4158/4440/4859
f 4158/4440/4859 4134/4416/4838 4133/4415/4837
f 4134/4416/4838 4158/4440/4859 4159/4441/4860
f 4159/4441/4860 4135/4417/4839 4134/4416/4838
f 4135/4417/4839 4159/4441/4860 4160/4442/4861
f 4160/4442/4861 4136/4418/4840 4135/4417/4839
f 4136/4418/4840 4160/4442/4861 4161/4443/4862
f 4161/4443/4862 4137/4419/4841 4136/4418/4840
f 4137/4419/4841 4161/4443/4862 4162/4444/4863
f 4162/4444/4863 4138/4420/4842 4137/4419/4841
f 4138/4420/4842 4162/4444/4863 4163/4445/4864
f 4163/4445/4864 4139/4421/4843 4138/4420/4842
f 4139/4421/4843 4163/4445/4864 4164/4446/4865
f 4164/4446/4865 4140/4422/4844 4139/4421/4843
f 4140/4422/4844 4164/4446/4865 4165/4447/4866
f 4165/4447/4866 4141/4423/4881 4140/4422/4844
f 4141/4423/4881 4165/4447/4866 4166/4448/4867
f 4166/4448/4867 4142/4424/4882 4141/4423/4881
f 4142/4424/4882 4166/4448/4867 4167/4449/4886
f 4167/4449/4886 4143/4425/4847 4142/4424/4882
f 4143/4425/4847 4167/4449/4886 4168/4450/4887
f 4168/4450/4887 4144/4426/4848 4143/4425/4847
f 4144/4426/4848 4168/4450/4887 4169/4451/4869
f 4169/4451/4869 4145/4427/4883 4144/4426/4848
f 4145/4427/4883 4169/4451/4869 4170/4452/3541
f 4170/4452/3541 4146/4428/4850 4145/4427/4883
f 4146/4428/4850 4170/4452/3541 4171/4453/4870
f 4171/4453/4870 4147/4429/4884 4146/4428/4850
f 4147/4429/4884 4171/4453/4870 4148/4430/3538
f 4148/4430/3538 4124/4406/4828 4147/4429/4884
f 4172/4454/556 4173/4455/4888 4174/4456/4889
f 4172/4454/556 4174/4456/4889 4175/4457/4890
f 4172/4454/556 4175/4457/4890 4176/4458/4891
f 4172/4454/556 4176/4458/4891 4177/4459/4892
f 4172/4454/556 4177/4459/4892 4178/4460/4893
f 4172/4454/556 4178/4460/4893 4179/4461/4894
f 4172/4454/556 4179/4461/4894 4180/4462/4895
f 4172/4454/556 4180/4462/4895 4181/4463/4896
f 4172/4454/556 4181/4463/4896 4182/4464/4897
f 4172/4454/556 4182/4464/4897 4183/4465/4898
f 4172/4454/556 4183/4465/4898 4184/4466/4899
f 4172/4454/556 4184/4466/4899 4185/4467/4900
f 4172/4454/556 4185/4467/4900 4186/4468/4901
f 4172/4454/556 4186/4468/4901 4187/4469/4902
f 4172/4454/556 4187/4469/4902 4188/4470/4903
f 4172/4454/556 4188/4470/4903 4189/4471/4904
f 4172/4454/556 4189/4471/4904 4190/4472/4905
f 4172/4454/556 4190/4472/4905 4191/4473/4906
f 4172/4454/556 4191/4473/4906 4192/4474/4907
f 4172/4454/556 4192/4474/4907 4193/4475/4908
f 4172/4454/556 4193/4475/4908 4194/4476/4909
f 4172/4454/556 4194/4476/4909 4195/4477/4910
f 4172/4454/556 4195/4477/4910 4196/4478/4911
f 4172/4454/556 4196/4478/4911 4173/4455/4888
f 4173/4455/4888 4197/4479/4912 4198/4480/4913
f 4198/4480/4913 4174/4456/4889 4173/4455/4888
f 4174/4456/4889 4198/4480/4913 4199/4481/4914
f 4199/4481/4914 4175/4457/4890 4174/4456/4889
f 4175/4457/4890 4199/4481/4914 4200/4482/4915
f 4200/4482/4915 4176/4458/4891 4175/4457/4890
f 4176/4458/4891 4200/4482/4915 4201/4483/4916
f 4201/4483/4916 4177/4459/4892 4176/4458/4891
f 4177/4459/4892 4201/4483/4916 4202/4484/4917
f 4202/4484/4917 4178/4460/4893 4177/4459/4892
f 4178/4460/4893 4202/4484/4917 4203/4485/4918
f 4203/4485/4918 4179/4461/4894 4178/4460/4893
f 4179/4461/4894 4203/4485/4918 4204/4486/4919
f 4204/4486/4919 4180/4462/4895 4179/4461/4894
f 4180/4462/4895 4204/4486/4919 4205/4487/4920
f 4205/4487/4920 4181/4463/4896 4180/4462/4895
f 4181/4463/4896 4205/4487/4920 4206/4488/4921
f 4206/4488/4921 4182/4464/4897 4181/4463/4896
f 4182/4464/4897 4206/4488/4921 4207/4489/4922
f 4207/4489/4922 4183/4465/4898 4182/4464/4897
f 4183/4465/4898 4207/4489/4922 4208/4490/4923
f 4208/4490/4923 4184/4466/4899 4183/4465/4898
f 4184/4466/4899 4208/4490/4923 4209/4491/4924
f 4209/4491/4924 4185/4467/4900 4184/4466/4899
f 4185/4467/4900 4209/4491/4924 4210/4492/4925
f 4210/4492/4925 4186/4468/4901 4185/4467/4900
f 4186/4468/4901 4210/4492/4925 4211/4493/4926
f 4211/4493/4926 4187/4469/4902 4186/4468/4901
f 4187/4469/4902 4211/4493/4926 4212/4494/4927
f 4212/4494/4927 4188/4470/4903 4187/4469/4902
f 4188/4470/4903 4212/4494/4927 4213/4495/4928
f 4213/4495/4928 4189/4471/4904 4188/4470/4903
f 4189/4471/4904 4213/4495/4928 4214/4496/4929
f 4214/4496/4929 4190/4472/4905 4189/4471/4904
f 4190/4472/4905 4214/4496/4929 4215/4497/4930
f 4215/4497/4930 4191/4473/4906 4190/4472/4905
f 4191/4473/4906 4215/4497/4930 4216/4498/4931
f 4216/4498/4931 4192/4474/4907 4191/4473/4906
f 4192/4474/4907 4216/4498/4931 4217/4499/4932
f 4217/4499/4932 4193/4475/4908 4192/4474/4907
f 4193/4475/4908 4217/4499/4932 4218/4500/4933
f 4218/4500/4933 4194/4476/4909 4193/4475/4908
f 4194/4476/4909 4218/4500/4933 4219/4501/4934
f 4219/4501/4934 4195/4477/4910 4194/4476/4909
f 4195/4477/4910 4219/4501/4934 4220/4502/4935
f 4220/4502/4935 4196/4478/4911 4195/4477/4910
f 4196/4478/4911 4220/4502/4935 4197/4479/4912
f 4197/4479/4912 4173/4455/4888 4196/4478/4911
f 4197/4479/4912 4221/4503/4804 4222/4504/4805
f 4222/4504/4805 4198/4480/4913 4197/4479/4912
f 4198/4480/4913 4222/4504/4805 4223/4505/4806
f 4223/4505/4806 4199/4481/4914 4198/4480/4913
f 4199/4481/4914 4223/4505/4806 4224/4506/4807
f 4224/4506/4807 4200/4482/4915 4199/4481/4914
f 4200/4482/4915 4224/4506/4807 4225/4507/4808
f 4225/4507/4808 4201/4483/4916 4200/4482/4915
f 4201/4483/4916 4225/4507/4808 4226/4508/4936
f 4226/4508/4936 4202/4484/4917 4201/4483/4916
f 4202/4484/4917 4226/4508/4936 4227/4509/4810
f 4227/4509/4810 4203/4485/4918 4202/4484/4917
f 4203/4485/4918 4227/4509/4810 4228/4510/4811
f 4228/4510/4811 4204/4486/4919 4203/4485/4918
f 4204/4486/4919 4228/4510/4811 4229/4511/4812
f 4229/4511/4812 4205/4487/4920 4204/4486/4919
f 4205/4487/4920 4229/4511/4812 4230/4512/4813
f 4230/4512/4813 4206/4488/4921 4205/4487/4920
f 4206/4488/4921 4230/4512/4813 4231/4513/4814
f 4231/4513/4814 4207/4489/4922 4206/4488/4921
f 4207/4489/4922 4231/4513/4814 4232/4514/4815
f 4232/4514/4815 4208/4490/4923 4207/4489/4922
f 4208/4490/4923 4232/4514/4815 4233/4515/4816
f 4233/4515/4816 4209/4491/4924 4208/4490/4923
f 4209/4491/4924 4233/4515/4816 4234/4516/4817
f 4234/4516/4817 4210/4492/4925 4209/4491/4924
f 4210/4492/4925 4234/4516/4817 4235/4517/4818
f 4235/4517/4818 4211/4493/4926 4210/4492/4925
f 4211/4493/4926 4235/4517/4818 4236/4518/4879
f 4236/4518/4879 4212/4494/4927 4211/4493/4926
f 4212/4494/4927 4236/4518/4879 4237/4519/4820
f 4237/4519/4820 4213/4495/4928 4212/4494/4927
f 4213/4495/4928 4237/4519/4820 4238/4520/4937
f 4238/4520/4937 4214/4496/4929 4213/4495/4928
f 4214/4496/4929 4238/4520/4937 4239/4521/4822
f 4239/4521/4822 4215/4497/4930 4214/4496/4929
f 4215/4497/4930 4239/4521/4822 4240/4522/4823
f 4240/4522/4823 4216/4498/4931 4215/4497/4930
f 4216/4498/4931 4240/4522/4823 4241/4523/4824
f 4241/4523/4824 4217/4499/4932 4216/4498/4931
f 4217/4499/4932 4241/4523/4824 4242/4524/4938
f 4242/4524/4938 4218/4500/4933 4217/4499/4932
f 4218/4500/4933 4242/4524/4938 4243/4525/4939
f 4243/4525/4939 4219/4501/4934 4218/4500/4933
f 4219/4501/4934 4243/4525/4939 4244/4526/4827
f 4244/4526/4827 4220/4502/4935 4219/4501/4934
f 4220/4502/4935 4244/4526/4827 4221/4503/4804
f 4221/4503/4804 4197/4479/4912 4220/4502/4935
f 4221/4503/4804 4245/4527/4828 4246/4528/4829
f 4246/4528/4829 4222/4504/4805 4221/4503/4804
f 4222/4504/4805 4246/4528/4829 4247/4529/4880
f 4247/4529/4880 4223/4505/4806 4222/4504/4805
f 4223/4505/4806 4247/4529/4880 4248/4530/4831
f 4248/4530/4831 4224/4506/4807 4223/4505/4806
f 4224/4506/4807 4248/4530/4831 4249/4531/4832
f 4249/4531/4832 4225/4507/4808 4224/4506/4807
f 4225/4507/4808 4249/4531/4832 4250/4532/4833
f 4250/4532/4833 4226/4508/4936 4225/4507/4808
f 4226/4508/4936 4250/4532/4833 4251/4533/4834
f 4251/4533/4834 4227/4509/4810 4226/4508/4936
f 4227/4509/4810 4251/4533/4834 4252/4534/4835
f 4252/4534/4835 4228/4510/4811 4227/4509/4810
f 4228/4510/4811 4252/4534/4835 4253/4535/4836
f 4253/4535/4836 4229/4511/4812 4228/4510/4811
f 4229/4511/4812 4253/4535/4836 4254/4536/4837
f 4254/4536/4837 4230/4512/4813 4229/4511/4812
f 4230/4512/4813 4254/4536/4837 4255/4537/4838
f 4255/4537/4838 4231/4513/4814 4230/4512/4813
f 4231/4513/4814 4255/4537/4838 4256/4538/4839
f 4256/4538/4839 4232/4514/4815 4231/4513/4814
f 4232/4514/4815 4256/4538/4839 4257/4539/4840
f 4257/4539/4840 4233/4515/4816 4232/4514/4815
f 4233/4515/4816 4257/4539/4840 4258/4540/4841
f 4258/4540/4841 4234/4516/4817 4233/4515/4816
f 4234/4516/4817 4258/4540/4841 4259/4541/4842
f 4259/4541/4842 4235/4517/4818 4234/4516/4817
f 4235/4517/4818 4259/4541/4842 4260/4542/4843
f 4260/4542/4843 4236/4518/4879 4235/4517/4818
f 4236/4518/4879 4260/4542/4843 4261/4543/4844
f 4261/4543/4844 4237/4519/4820 4236/4518/4879
f 4237/4519/4820 4261/4543/4844 4262/4544/4881
f 4262/4544/4881 4238/4520/4937 4237/4519/4820
f 4238/4520/4937 4262/4544/4881 4263/4545/4882
f 4263/4545/4882 4239/4521/4822 4238/4520/4937
f 4239/4521/4822 4263/4545/4882 4264/4546/4847
f 4264/4546/4847 4240/4522/4823 4239/4521/4822
f 4240/4522/4823 4264/4546/4847 4265/4547/4848
f 4265/4547/4848 4241/4523/4824 4240/4522/4823
f 4241/4523/4824 4265/4547/4848 4266/4548/4883
f 4266/4548/4883 4242/4524/4938 4241/4523/4824
f 4242/4524/4938 4266/4548/4883 4267/4549/4850
f 4267/4549/4850 4243/4525/4939 4242/4524/4938
f 4243/4525/4939 4267/4549/4850 4268/4550/4851
f 4268/4550/4851 4244/4526/4827 4243/4525/4939
f 4244/4526/4827 4268/4550/4851 4245/4527/4828
f 4245/4527/4828 4221/4503/4804 4244/4526/4827
f 4245/4527/4828 4269/4551/3538 4270/4552/4852
f 4270/4552/4852 4246/4528/4829 4245/4527/4828
f 4246/4528/4829 4270/4552/4852 4271/4553/3571
f 4271/4553/3571 4247/4529/4880 4246/4528/4829
f 4247/4529/4880 4271/4553/3571 4272/4554/4853
f 4272/4554/4853 4248/4530/4831 4247/4529/4880
f 4248/4530/4831 4272/4554/4853 4273/4555/3568
f 4273/4555/3568 4249/4531/4832 4248/4530/4831
f 4249/4531/4832 4273/4555/3568 4274/4556/4940
f 4274/4556/4940 4250/4532/4833 4249/4531/4832
f 4250/4532/4833 4274/4556/4940 4275/4557/4855
f 4275/4557/4855 4251/4533/4834 4250/4532/4833
f 4251/4533/4834 4275/4557/4855 4276/4558/4856
f 4276/4558/4856 4252/4534/4835 4251/4533/4834
f 4252/4534/4835 4276/4558/4856 4277/4559/4941
f 4277/4559/4941 4253/4535/4836 4252/4534/4835
f 4253/4535/4836 4277/4559/4941 4278/4560/4858
f 4278/4560/4858 4254/4536/4837 4253/4535/4836
f 4254/4536/4837 4278/4560/4858 4279/4561/4859
f 4279/4561/4859 4255/4537/4838 4254/4536/4837
f 4255/4537/4838 4279/4561/4859 4280/4562/4860
f 4280/4562/4860 4256/4538/4839 4255/4537/4838
f 4256/4538/4839 4280/4562/4860 4281/4563/4861
f 4281/4563/4861 4257/4539/4840 4256/4538/4839
f 4257/4539/4840 4281/4563/4861 4282/4564/4862
f 4282/4564/4862 4258/4540/4841 4257/4539/4840
f 4258/4540/4841 4282/4564/4862 4283/4565/4863
f 4283/4565/4863 4259/4541/4842 4258/4540/4841
f 4259/4541/4842 4283/4565/4863 4284/4566/4864
f 4284/4566/4864 4260/4542/4843 4259/4541/4842
f 4260/4542/4843 4284/4566/4864 4285/4567/4865
f 4285/4567/4865 4261/4543/4844 4260/4542/4843
f 4261/4543/4844 4285/4567/4865 4286/4568/4866
f 4286/4568/4866 4262/4544/4881 4261/4543/4844
f 4262/4544/4881 4286/4568/4866 4287/4569/4867
f 4287/4569/4867 4263/4545/4882 4262/4544/4881
f 4263/4545/4882 4287/4569/4867 4288/4570/4868
f 4288/4570/4868 4264/4546/4847 4263/4545/4882
f 4264/4546/4847 4288/4570/4868 4289/4571/4887
f 4289/4571/4887 4265/4547/4848 4264/4546/4847
f 4265/4547/4848 4289/4571/4887 4290/4572/4869
f 4290/4572/4869 4266/4548/4883 4265/4547/4848
f 4266/4548/4883 4290/4572/4869 4291/4573/3541
f 4291/4573/3541 4267/4549/4850 4266/4548/4883
f 4267/4549/4850 4291/4573/3541 4292/4574/4870
f 4292/4574/4870 4268/4550/4851 4267/4549/4850
f 4268/4550/4851 4292/4574/4870 4269/4551/3538
f 4269/4551/3538 4245/4527/4828 4268/4550/4851
f 4293/4575/4942 4294/4576/4943 4295/4577/4944
f 4295/4577/4944 4296/4578/4945 4293/4575/4942
f 4297/4579/4946 4293/4575/4942 4296/4578/4945
f 4296/4578/4945 4298/4580/4947 4297/4579/4946
f 4299/4581/4948 4297/4579/4946 4298/4580/4947
f 4298/4580/4947 4300/4582/4949 4299/4581/4948
f 4301/4583/4950 4299/4581/4948 4300/4582/4949
f 4300/4582/4949 4302/4584/4951 4301/4583/4950
f 4303/4585/4952 4301/4583/4950 4302/4584/4951
f 4302/4584/4951 4304/4586/4953 4303/4585/4952
f 4305/4587/4954 4303/4585/4952 4304/4586/4953
f 4304/4586/4953 4306/4588/4955 4305/4587/4954
f 4307/4589/4956 4305/4587/4954 4306/4588/4955
f 4306/4588/4955 4308/4590/4957 4307/4589/4956
f 4309/4591/4958 4307/4589/4956 4308/4590/4957
f 4308/4590/4957 4310/4592/4959 4309/4591/4958
f 4311/4593/4960 4309/4591/4958 4310/4592/4959
f 4310/4592/4959 4312/4594/4960 4311/4593/4960
f 4313/4595/4961 4311/4593/4960 4312/4594/4960
f 4312/4594/4960 4314/4596/4962 4313/4595/4961
f 4315/4597/4963 4313/4595/4961 4314/4596/4962
f 4314/4596/4962 4316/4598/4964 4315/4597/4963
f 4317/4599/4965 4315/4597/4963 4316/4598/4964
f 4316/4598/4964 4318/4600/4966 4317/4599/4965
f 4319/4601/4967 4317/4599/4965 4318/4600/4966
f 4318/4600/4966 4320/4602/4968 4319/4601/4967
f 4321/4603/4969 4319/4601/4967 4320/4602/4968
f 4320/4602/4968 4322/4604/4970 4321/4603/4969
f 4323/4605/4971 4321/4603/4969 4322/4604/4970
f 4322/4604/4970 4324/4606/4972 4323/4605/4971
f 4325/4607/4973 4323/4605/4971 4324/4606/4972
f 4324/4606/4972 4326/4608/4974 4325/4607/4973
f 4327/4609/4975 4325/4607/4973 4326/4608/4974
f 4326/4608/4974 4328/4610/4976 4327/4609/4975
f 4294/4576/4943 4327/4609/4975 4328/4610/4976
f 4328/4610/4976 4295/4577/4944 4294/4576/4943
f 4321/4603/4977 4323/4605/4977 4325/4607/4978
f 4325/4607/4978 4327/4609/4978 4294/4576/4977
f 4294/4576/4977 4293/4575/4977 4297/4579/4977
f 4325/4607/4978 4294/4576/4977 4297/4579/4977
f 4321/4603/4977 4325/4607/4978 4297/4579/4977
f 4297/4579/4977 4299/4581/4977 4301/4583/4977
f 4301/4583/4977 4303/4585/4977 4305/4587/4977
f 4297/4579/4977 4301/4583/4977 4305/4587/4977
f 4321/4603/4977 4297/4579/4977 4305/4587/4977
f 4305/4587/4977 4307/4589/4979 4309/4591/4980
f 4309/4591/4980 4311/4593/4978 4313/4595/4977
f 4305/4587/4977 4309/4591/4980 4313/4595/4977
f 4321/4603/4977 4305/4587/4977 4313/4595/4977
f 4313/4595/4977 4315/4597/4978 4317/4599/4977
f 4321/4603/4977 4313/4595/4977 4317/4599/4977
f 4321/4603/4977 4317/4599/4977 4319/4601/4977
f 4329/4611/4981 4330/4612/4982 4331/4613/4983
f 4331/4613/4983 4332/4614/4984 4329/4611/4981
f 4332/4614/4984 4331/4613/4983 4333/4615/4985
f 4333/4615/4985 4334/4616/4986 4332/4614/4984
f 4334/4616/4986 4333/4615/4985 4335/4617/4987
f 4335/4617/4987 4336/4618/4988 4334/4616/4986
f 4336/4618/4988 4335/4617/4987 4337/4619/4989
f 4337/4619/4989 4338/4620/4990 4336/4618/4988
f 4338/4620/4990 4337/4619/4989 4339/4621/4991
f 4339/4621/4991 4340/4622/4992 4338/4620/4990
f 4340/4622/4992 4339/4621/4991 4341/4623/4993
f 4341/4623/4993 4342/4624/4994 4340/4622/4992
f 4342/4624/4994 4341/4623/4993 4343/4625/4995
f 4343/4625/4995 4344/4626/4996 4342/4624/4994
f 4344/4626/4996 4343/4625/4995 4345/4627/4997
f 4345/4627/4997 4346/4628/4998 4344/4626/4996
f 4346/4628/4998 4345/4627/4997 4347/4629/4999
f 4347/4629/4999 4348/4630/5000 4346/4628/4998
f 4348/4630/5000 4347/4629/4999 4349/4631/5001
f 4349/4631/5001 4350/4632/5002 4348/4630/5000
f 4350/4632/5002 4349/4631/5001 4351/4633/5003
f 4351/4633/5003 4352/4634/5004 4350/4632/5002
f 4352/4634/5004 4351/4633/5003 4353/4635/5005
f 4353/4635/5005 4354/4636/5006 4352/4634/5004
f 4354/4636/5006 4353/4635/5005 4355/4637/5007
f 4355/4637/5007 4356/4638/5008 4354/4636/5006
f 4356/4638/5008 4355/4637/5007 4357/4639/5009
f 4357/4639/5009 4358/4640/5010 4356/4638/5008
f 4358/4640/5010 4357/4639/5009 4359/4641/5011
f 4359/4641/5011 4360/4642/5012 4358/4640/5010
f 4360/4642/5012 4359/4641/5011 4361/4643/5013
f 4361/4643/5013 4362/4644/5014 4360/4642/5012
f 4362/4644/5014 4361/4643/5013 4363/4645/5015
f 4363/4645/5015 4364/4646/5016 4362/4644/5014
f 4364/4646/5016 4363/4645/5015 4365/4647/5017
f 4365/4647/5017 4366/4648/5018 4364/4646/5016
f 4366/4648/5018 4365/4647/5017 4367/4649/5019
f 4367/4649/5019 4368/4650/5020 4366/4648/5018
f 4368/4650/5020 4367/4649/5019 4369/4651/5021
f 4369/4651/5021 4370/4652/5022 4368/4650/5020
f 4370/4652/5022 4369/4651/5021 4371/4653/5023
f 4371/4653/5023 4372/4654/5024 4370/4652/5022
f 4372/4654/5024 4371/4653/5023 4373/4655/5025
f 4373/4655/5025 4374/4656/5026 4372/4654/5024
f 4374/4656/5026 4373/4655/5025 4375/4657/5027
f 4375/4657/5027 4376/4658/5028 4374/4656/5026
f 4376/4658/5028 4375/4657/5027 4330/4612/4982
f 4330/4612/4982 4329/4611/4981 4376/4658/5028
f 4330/4612/4982 4377/4659/5029 4378/4660/5030
f 4378/4660/5030 4331/4613/4983 4330/4612/4982
f 4331/4613/4983 4378/4660/5030 4379/4661/5031
f 4379/4661/5031 4333/4615/4985 4331/4613/4983
f 4333/4615/4985 4379/4661/5031 4380/4662/5032
f 4380/4662/5032 4335/4617/4987 4333/4615/4985
f 4335/4617/4987 4380/4662/5032 4381/4663/5033
f 4381/4663/5033 4337/4619/4989 4335/4617/4987
f 4337/4619/4989 4381/4663/5033 4382/4664/5034
f 4382/4664/5034 4339/4621/4991 4337/4619/4989
f 4339/4621/4991 4382/4664/5034 4383/4665/5035
f 4383/4665/5035 4341/4623/4993 4339/4621/4991
f 4341/4623/4993 4383/4665/5035 4384/4666/5036
f 4384/4666/5036 4343/4625/4995 4341/4623/4993
f 4343/4625/4995 4384/4666/5036 4385/4667/5037
f 4385/4667/5037 4345/4627/4997 4343/4625/4995
f 4345/4627/4997 4385/4667/5037 4386/4668/5038
f 4386/4668/5038 4347/4629/4999 4345/4627/4997
f 4347/4629/4999 4386/4668/5038 4387/4669/5039
f 4387/4669/5039 4349/4631/5001 4347/4629/4999
f 4349/4631/5001 4387/4669/5039 4388/4670/5040
f 4388/4670/5040 4351/4633/5003 4349/4631/5001
f 4351/4633/5003 4388/4670/5040 4389/4671/5041
f 4389/4671/5041 4353/4635/5005 4351/4633/5003
f 4353/4635/5005 4389/4671/5041 4390/4672/5042
f 4390/4672/5042 4355/4637/5007 4353/4635/5005
f 4355/4637/5007 4390/4672/5042 4391/4673/5043
f 4391/4673/5043 4357/4639/5009 4355/4637/5007
f 4357/4639/5009 4391/4673/5043 4392/4674/5044
f 4392/4674/5044 4359/4641/5011 4357/4639/5009
f 4359/4641/5011 4392/4674/5044 4393/4675/5045
f 4393/4675/5045 4361/4643/5013 4359/4641/5011
f 4361/4643/5013 4393/4675/5045 4394/4676/5046
f 4394/4676/5046 4363/4645/5015 4361/4643/5013
f 4363/4645/5015 4394/4676/5046 4395/4677/5047
f 4395/4677/5047 4365/4647/5017 4363/4645/5015
f 4365/4647/5017 4395/4677/5047 4396/4678/5048
f 4396/4678/5048 4367/4649/5019 4365/4647/5017
f 4367/4649/5019 4396/4678/5048 4397/4679/5049
f 4397/4679/5049 4369/4651/5021 4367/4649/5019
f 4369/4651/5021 4397/4679/5049 4398/4680/5050
f 4398/4680/5050 4371/4653/5023 4369/4651/5021
f 4371/4653/5023 4398/4680/5050 4399/4681/5051
f 4399/4681/5051 4373/4655/5025 4371/4653/5023
f 4373/4655/5025 4399/4681/5051 4400/4682/5052
f 4400/4682/5052 4375/4657/5027 4373/4655/5025
f 4375/4657/5027 4400/4682/5052 4377/4659/5029
f 4377/4659/5029 4330/4612/4982 4375/4657/5027
f 4377/4659/5029 4401/4683/5053 4402/4684/5054
f 4402/4684/5054 4378/4660/5030 4377/4659/5029
f 4378/4660/5030 4402/4684/5054 4403/4685/5055
f 4403/4685/5055 4379/4661/5031 4378/4660/5030
f 4379/4661/5031 4403/4685/5055 4404/4686/5056
f 4404/4686/5056 4380/4662/5032 4379/4661/5031
f 4380/4662/5032 4404/4686/5056 4405/4687/5057
f 4405/4687/5057 4381/4663/5033 4380/4662/5032
f 4381/4663/5033 4405/4687/5057 4406/4688/5058
f 4406/4688/5058 4382/4664/5034 4381/4663/5033
f 4382/4664/5034 4406/4688/5058 4407/4689/5059
f 4407/4689/5059 4383/4665/5035 4382/4664/5034
f 4383/4665/5035 4407/4689/5059 4408/4690/5060
f 4408/4690/5060 4384/4666/5036 4383/4665/5035
f 4384/4666/5036 4408/4690/5060 4409/4691/5061
f 4409/4691/5061 4385/4667/5037 4384/4666/5036
f 4385/4667/5037 4409/4691/5061 4410/4692/5062
f 4410/4692/5062 4386/4668/5038 4385/4667/5037
f 4386/4668/5038 4410/4692/5062 4411/4693/5063
f 4411/4693/5063 4387/4669/5039 4386/4668/5038
f 4387/4669/5039 4411/4693/5063 4412/4694/5064
f 4412/4694/5064 4388/4670/5040 4387/4669/5039
f 4388/4670/5040 4412/4694/5064 4413/4695/5065
f 4413/4695/5065 4389/4671/5041 4388/4670/5040
f 4389/4671/5041 4413/4695/5065 4414/4696/5066
f 4414/4696/5066 4390/4672/5042 4389/4671/5041
f 4390/4672/5042 4414/4696/5066 4415/4697/5067
f 4415/4697/5067 4391/4673/5043 4390/4672/5042
f 4391/4673/5043 4415/4697/5067 4416/4698/5068
f 4416/4698/5068 4392/4674/5044 4391/4673/5043
f 4392/4674/5044 4416/4698/5068 4417/4699/5069
f 4417/4699/5069 4393/4675/5045 4392/4674/5044
f 4393/4675/5045 4417/4699/5069 4418/4700/5070
f 4418/4700/5070 4394/4676/5046 4393/4675/5045
f 4394/4676/5046 4418/4700/5070 4419/4701/5071
f 4419/4701/5071 4395/4677/5047 4394/4676/5046
f 4395/4677/5047 4419/4701/5071 4420/4702/5072
f 4420/4702/5072 4396/4678/5048 4395/4677/5047
f 4396/4678/5048 4420/4702/5072 4421/4703/5073
f 4421/4703/5073 4397/4679/5049 4396/4678/5048
f 4397/4679/5049 4421/4703/5073 4422/4704/5074
f 4422/4704/5074 4398/4680/5050 4397/4679/5049
f 4398/4680/5050 4422/4704/5074 4423/4705/5075
f 4423/4705/5075 4399/4681/5051 4398/4680/5050
f 4399/4681/5051 4423/4705/5075 4424/4706/5076
f 4424/4706/5076 4400/4682/5052 4399/4681/5051
f 4400/4682/5052 4424/4706/5076 4401/4683/5053
f 4401/4683/5053 4377/4659/5029 4400/4682/5052
f 4401/4683/5053 4425/4707/5077 4426/4708/5078
f 4426/4708/5078 4402/4684/5054 4401/4683/5053
f 4402/4684/5054 4426/4708/5078 4427/4709/5079
f 4427/4709/5079 4403/4685/5055 4402/4684/5054
f 4403/4685/5055 4427/4709/5079 4428/4710/5080
f 4428/4710/5080 4404/4686/5056 4403/4685/5055
f 4404/4686/5056 4428/4710/5080 4429/4711/5081
f 4429/4711/5081 4405/4687/5057 4404/4686/5056
f 4405/4687/5057 4429/4711/5081 4430/4712/5082
f 4430/4712/5082 4406/4688/5058 4405/4687/5057
f 4406/4688/5058 4430/4712/5082 4431/4713/5083
f 4431/4713/5083 4407/4689/5059 4406/4688/5058
f 4407/4689/5059 4431/4713/5083 4432/4714/5084
f 4432/4714/5084 4408/4690/5060 4407/4689/5059
f 4408/4690/5060 4432/4714/5084 4433/4715/5085
f 4433/4715/5085 4409/4691/5061 4408/4690/5060
f 4409/4691/5061 4433/4715/5085 4434/4716/5086
f 4434/4716/5086 4410/4692/5062 4409/4691/5061
f 4410/4692/5062 4434/4716/5086 4435/4717/5087
f 4435/4717/5087 4411/4693/5063 4410/4692/5062
f 4411/4693/5063 4435/4717/5087 4436/4718/5088
f 4436/4718/5088 4412/4694/5064 4411/4693/5063
f 4412/4694/5064 4436/4718/5088 4437/4719/5089
f 4437/4719/5089 4413/4695/5065 4412/4694/5064
f 4413/4695/5065 4437/4719/5089 4438/4720/5090
f 4438/4720/5090 4414/4696/5066 4413/4695/5065
f 4414/4696/5066 4438/4720/5090 4439/4721/5091
f 4439/4721/5091 4415/4697/5067 4414/4696/5066
f 4415/4697/5067 4439/4721/5091 4440/4722/5092
f 4440/4722/5092 4416/4698/5068 4415/4697/5067
f 4416/4698/5068 4440/4722/5092 4441/4723/5093
f 4441/4723/5093 4417/4699/5069 4416/4698/5068
f 4417/4699/5069 4441/4723/5093 4442/4724/5094
f 4442/4724/5094 4418/4700/5070 4417/4699/5069
f 4418/4700/5070 4442/4724/5094 4443/4725/5095
f 4443/4725/5095 4419/4701/5071 4418/4700/5070
f 4419/4701/5071 4443/4725/5095 4444/4726/5096
f 4444/4726/5096 4420/4702/5072 4419/4701/5071
f 4420/4702/5072 4444/4726/5096 4445/4727/5097
f 4445/4727/5097 4421/4703/5073 4420/4702/5072
f 4421/4703/5073 4445/4727/5097 4446/4728/5098
f 4446/4728/5098 4422/4704/5074 4421/4703/5073
f 4422/4704/5074 4446/4728/5098 4447/4729/5099
f 4447/4729/5099 4423/4705/5075 4422/4704/5074
f 4423/4705/5075 4447/4729/5099 4448/4730/5100
f 4448/4730/5100 4424/4706/5076 4423/4705/5075
f 4424/4706/5076 4448/4730/5100 4425/4707/5077
f 4425/4707/5077 4401/4683/5053 4424/4706/5076
f 4425/4707/5077 4449/4731/5101 4450/4732/5102
f 4450/4732/5102 4426/4708/5078 4425/4707/5077
f 4426/4708/5078 4450/4732/5102 4451/4733/5103
f 4451/4733/5103 4427/4709/5079 4426/4708/5078
f 4427/4709/5079 4451/4733/5103 4452/4734/5104
f 4452/4734/5104 4428/4710/5080 4427/4709/5079
f 4428/4710/5080 4452/4734/5104 4453/4735/5105
f 4453/4735/5105 4429/4711/5081 4428/4710/5080
f 4429/4711/5081 4453/4735/5105 4454/4736/5106
f 4454/4736/5106 4430/4712/5082 4429/4711/5081
f 4430/4712/5082 4454/4736/5106 4455/4737/5107
f 4455/4737/5107 4431/4713/5083 4430/4712/5082
f 4431/4713/5083 4455/4737/5107 4456/4738/5108
f 4456/4738/5108 4432/4714/5084 4431/4713/5083
f 4432/4714/5084 4456/4738/5108 4457/4739/5109
f 4457/4739/5109 4433/4715/5085 4432/4714/5084
f 4433/4715/5085 4457/4739/5109 4458/4740/5110
f 4458/4740/5110 4434/4716/5086 4433/4715/5085
f 4434/4716/5086 4458/4740/5110 4459/4741/5111
f 4459/4741/5111 4435/4717/5087 4434/4716/5086
f 4435/4717/5087 4459/4741/5111 4460/4742/5112
f 4460/4742/5112 4436/4718/5088 4435/4717/5087
f 4436/4718/5088 4460/4742/5112 4461/4743/5113
f 4461/4743/5113 4437/4719/5089 4436/4718/5088
f 4437/4719/5089 4461/4743/5113 4462/4744/5114
f 4462/4744/5114 4438/4720/5090 4437/4719/5089
f 4438/4720/5090 4462/4744/5114 4463/4745/5115
f 4463/4745/5115 4439/4721/5091 4438/4720/5090
f 4439/4721/5091 4463/4745/5115 4464/4746/5116
f 4464/4746/5116 4440/4722/5092 4439/4721/5091
f 4440/4722/5092 4464/4746/5116 4465/4747/5117
f 4465/4747/5117 4441/4723/5093 4440/4722/5092
f 4441/4723/5093 4465/4747/5117 4466/4748/5118
f 4466/4748/5118 4442/4724/5094 4441/4723/5093
f 4442/4724/5094 4466/4748/5118 4467/4749/5119
f 4467/4749/5119 4443/4725/5095 4442/4724/5094
f 4443/4725/5095 4467/4749/5119 4468/4750/5120
f 4468/4750/5120 4444/4726/5096 4443/4725/5095
f 4444/4726/5096 4468/4750/5120 4469/4751/5121
f 4469/4751/5121 4445/4727/5097 4444/4726/5096
f 4445/4727/5097 4469/4751/5121 4470/4752/5122
f 4470/4752/5122 4446/4728/5098 4445/4727/5097
f 4446/4728/5098 4470/4752/5122 4471/4753/5123
f 4471/4753/5123 4447/4729/5099 4446/4728/5098
f 4447/4729/5099 4471/4753/5123 4472/4754/5124
f 4472/4754/5124 4448/4730/5100 4447/4729/5099
f 4448/4730/5100 4472/4754/5124 4449/4731/5101
f 4449/4731/5101 4425/4707/5077 4448/4730/5100
f 4449/4731/5101 4473/4755/5125 4474/4756/5126
f 4474/4756/5126 4450/4732/5102 4449/4731/5101
f 4450/4732/5102 4474/4756/5126 4475/4757/5127
f 4475/4757/5127 4451/4733/5103 4450/4732/5102
f 4451/4733/5103 4475/4757/5127 4476/4758/5128
f 4476/4758/5128 4452/4734/5104 4451/4733/5103
f 4452/4734/5104 4476/4758/5128 4477/4759/5129
f 4477/4759/5129 4453/4735/5105 4452/4734/5104
f 4453/4735/5105 4477/4759/5129 4478/4760/5130
f 4478/4760/5130 4454/4736/5106 4453/4735/5105
f 4454/4736/5106 4478/4760/5130 4479/4761/5131
f 4479/4761/5131 4455/4737/5107 4454/4736/5106
f 4455/4737/5107 4479/4761/5131 4480/4762/5132
f 4480/4762/5132 4456/4738/5108 4455/4737/5107
f 4456/4738/5108 4480/4762/5132 4481/4763/5133
f 4481/4763/5133 4457/4739/5109 4456/4738/5108
f 4457/4739/5109 4481/4763/5133 4482/4764/5134
f 4482/4764/5134 4458/4740/5110 4457/4739/5109
f 4458/4740/5110 4482/4764/5134 4483/4765/5135
f 4483/4765/5135 4459/4741/5111 4458/4740/5110
f 4459/4741/5111 4483/4765/5135 4484/4766/5136
f 4484/4766/5136 4460/4742/5112 4459/4741/5111
f 4460/4742/5112 4484/4766/5136 4485/4767/5137
f 4485/4767/5137 4461/4743/5113 4460/4742/5112
f 4461/4743/5113 4485/4767/5137 4486/4768/5138
f 4486/4768/5138 4462/4744/5114 4461/4743/5113
f 4462/4744/5114 4486/4768/5138 4487/4769/5139
f 4487/4769/5139 4463/4745/5115 4462/4744/5114
f 4463/4745/5115 4487/4769/5139 4488/4770/5140
f 4488/4770/5140 4464/4746/5116 4463/4745/5115
f 4464/4746/5116 4488/4770/5140 4489/4771/5141
f 4489/4771/5141 4465/4747/5117 4464/4746/5116
f 4465/4747/5117 4489/4771/5141 4490/4772/5142
f 4490/4772/5142 4466/4748/5118 4465/4747/5117
f 4466/4748/5118 4490/4772/5142 4491/4773/5143
f 4491/4773/5143 4467/4749/5119 4466/4748/5118
f 4467/4749/5119 4491/4773/5143 4492/4774/5144
f 4492/4774/5144 4468/4750/5120 4467/4749/5119
f 4468/4750/5120 4492/4774/5144 4493/4775/5145
f 4493/4775/5145 4469/4751/5121 4468/4750/5120
f 4469/4751/5121 4493/4775/5145 4494/4776/5146
f 4494/4776/5146 4470/4752/5122 4469/4751/5121
f 4470/4752/5122 4494/4776/5146 4495/4777/5147
f 4495/4777/5147 4471/4753/5123 4470/4752/5122
f 4471/4753/5123 4495/4777/5147 4496/4778/5148
f 4496/4778/5148 4472/4754/5124 4471/4753/5123
f 4472/4754/5124 4496/4778/5148 4473/4755/5125
f 4473/4755/5125 4449/4731/5101 4472/4754/5124
f 4473/4755/5149 4497/4779/5149 4498/4780/5150
f 4498/4780/5150 4474/4756/5151 4473/4755/5149
f 4474/4756/5151 4498/4780/5150 4499/4781/5152
f 4499/4781/5152 4475/4757/5152 4474/4756/5151
f 4475/4757/5152 4499/4781/5152 4500/4782/5153
f 4500/4782/5153 4476/4758/5153 4475/4757/5152
f 4476/4758/5153 4500/4782/5153 4501/4783/5154
f 4501/4783/5154 4477/4759/5155 4476/4758/5153
f 4477/4759/5155 4501/4783/5154 4502/4784/5156
f 4502/4784/5156 4478/4760/5156 4477/4759/5155
f 4478/4760/5156 4502/4784/5156 4503/4785/5157
f 4503/4785/5157 4479/4761/5158 4478/4760/5156
f 4479/4761/5158 4503/4785/5157 4504/4786/5159
f 4504/4786/5159 4480/4762/5159 4479/4761/5158
f 4480/4762/5159 4504/4786/5159 4505/4787/5160
f 4505/4787/5160 4481/4763/5161 4480/4762/5159
f 4481/4763/5161 4505/4787/5160 4506/4788/5162
f 4506/4788/5162 4482/4764/5162 4481/4763/5161
f 4482/4764/5162 4506/4788/5162 4507/4789/5163
f 4507/4789/5163 4483/4765/5163 4482/4764/5162
f 4483/4765/5163 4507/4789/5163 4508/4790/5164
f 4508/4790/5164 4484/4766/5164 4483/4765/5163
f 4484/4766/5164 4508/4790/5164 4509/4791/5165
f 4509/4791/5165 4485/4767/5165 4484/4766/5164
f 4485/4767/5165 4509/4791/5165 4510/4792/5166
f 4510/4792/5166 4486/4768/5166 4485/4767/5165
f 4486/4768/5166 4510/4792/5166 4511/4793/5167
f 4511/4793/5167 4487/4769/5167 4486/4768/5166
f 4487/4769/5167 4511/4793/5167 4512/4794/5168
f 4512/4794/5168 4488/4770/5168 4487/4769/5167
f 4488/4770/5168 4512/4794/5168 4513/4795/5169
f 4513/4795/5169 4489/4771/5169 4488/4770/5168
f 4489/4771/5169 4513/4795/5169 4514/4796/5170
f 4514/4796/5170 4490/4772/5170 4489/4771/5169
f 4490/4772/5170 4514/4796/5170 4515/4797/5171
f 4515/4797/5171 4491/4773/5171 4490/4772/5170
f 4491/4773/5171 4515/4797/5171 4516/4798/5172
f 4516/4798/5172 4492/4774/5172 4491/4773/5171
f 4492/4774/5172 4516/4798/5172 4517/4799/5173
f 4517/4799/5173 4493/4775/5173 4492/4774/5172
f 4493/4775/5173 4517/4799/5173 4518/4800/5174
f 4518/4800/5174 4494/4776/5174 4493/4775/5173
f 4494/4776/5174 4518/4800/5174 4519/4801/5175
f 4519/4801/5175 4495/4777/5175 4494/4776/5174
f 4495/4777/5175 4519/4801/5175 4520/4802/5176
f 4520/4802/5176 4496/4778/5176 4495/4777/5175
f 4496/4778/5176 4520/4802/5176 4497/4779/5149
f 4497/4779/5149 4473/4755/5149 4496/4778/5176
f 4521/4803/5177 4522/4804/5178 4498/4780/5179
f 4498/4780/5179 4497/4779/5180 4521/4803/5177
f 4522/4804/5178 4523/4805/5181 4499/4781/5182
f 4499/4781/5182 4498/4780/5179 4522/4804/5178
f 4523/4805/5181 4524/4806/5183 4500/4782/5184
f 4500/4782/5184 4499/4781/5182 4523/4805/5181
f 4524/4806/5183 4525/4807/5185 4501/4783/5186
f 4501/4783/5186 4500/4782/5184 4524/4806/5183
f 4525/4807/5185 4526/4808/5187 4502/4784/5188
f 4502/4784/5188 4501/4783/5186 4525/4807/5185
f 4526/4808/5187 4527/4809/5189 4503/4785/5190
f 4503/4785/5190 4502/4784/5188 4526/4808/5187
f 4527/4809/5189 4528/4810/5191 4504/4786/5192
f 4504/4786/5192 4503/4785/5190 4527/4809/5189
f 4528/4810/5191 4529/4811/5193 4505/4787/5194
f 4505/4787/5194 4504/4786/5192 4528/4810/5191
f 4529/4811/5193 4530/4812/5195 4506/4788/5196
f 4506/4788/5196 4505/4787/5194 4529/4811/5193
f 4530/4812/5195 4531/4813/5197 4507/4789/5198
f 4507/4789/5198 4506/4788/5196 4530/4812/5195
f 4531/4813/5197 4532/4814/5199 4508/4790/5200
f 4508/4790/5200 4507/4789/5198 4531/4813/5197
f 4532/4814/5199 4533/4815/5201 4509/4791/5202
f 4509/4791/5202 4508/4790/5200 4532/4814/5199
f 4533/4815/5201 4534/4816/5203 4510/4792/5204
f 4510/4792/5204 4509/4791/5202 4533/4815/5201
f 4534/4816/5203 4535/4817/5205 4511/4793/5206
f 4511/4793/5206 4510/4792/5204 4534/4816/5203
f 4535/4817/5205 4536/4818/5207 4512/4794/5208
f 4512/4794/5208 4511/4793/5206 4535/4817/5205
f 4536/4818/5207 4537/4819/5209 4513/4795/5210
f 4513/4795/5210 4512/4794/5208 4536/4818/5207
f 4537/4819/5209 4538/4820/5211 4514/4796/5212
f 4514/4796/5212 4513/4795/5210 4537/4819/5209
f 4538/4820/5211 4539/4821/5213 4515/4797/5214
f 4515/4797/5214 4514/4796/5212 4538/4820/5211
f 4539/4821/5213 4540/4822/5215 4516/4798/5216
f 4516/4798/5216 4515/4797/5214 4539/4821/5213
f 4540/4822/5215 4541/4823/5217 4517/4799/5218
f 4517/4799/5218 4516/4798/5216 4540/4822/5215
f 4541/4823/5217 4542/4824/5219 4518/4800/5220
f 4518/4800/5220 4517/4799/5218 4541/4823/5217
f 4542/4824/5219 4543/4825/5221 4519/4801/5222
f 4519/4801/5222 4518/4800/5220 4542/4824/5219
f 4543/4825/5221 4544/4826/5223 4520/4802/5224
f 4520/4802/5224 4519/4801/5222 4543/4825/5221
f 4544/4826/5223 4521/4803/5177 4497/4779/5180
f 4497/4779/5180 4520/4802/5224 4544/4826/5223
f 4545/4827/5225 4546/4828/5226 4329/4611/4981
f 4329/4611/4981 4332/4614/4984 4545/4827/5225
f 4547/4829/5227 4545/4827/5225 4332/4614/4984
f 4332/4614/4984 4334/4616/4986 4547/4829/5227
f 4548/4830/5228 4547/4829/5227 4334/4616/4986
f 4334/4616/4986 4336/4618/4988 4548/4830/5228
f 4549/4831/5229 4548/4830/5228 4336/4618/4988
f 4336/4618/4988 4338/4620/4990 4549/4831/5229
f 4550/4832/5230 4549/4831/5229 4338/4620/4990
f 4338/4620/4990 4340/4622/4992 4550/4832/5230
f 4551/4833/5231 4550/4832/5230 4340/4622/4992
f 4340/4622/4992 4342/4624/4994 4551/4833/5231
f 4552/4834/5232 4551/4833/5231 4342/4624/4994
f 4342/4624/4994 4344/4626/4996 4552/4834/5232
f 4553/4835/5233 4552/4834/5232 4344/4626/4996
f 4344/4626/4996 4346/4628/4998 4553/4835/5233
f 4554/4836/5234 4553/4835/5233 4346/4628/4998
f 4346/4628/4998 4348/4630/5000 4554/4836/5234
f 4555/4837/5235 4554/4836/5234 4348/4630/5000
f 4348/4630/5000 4350/4632/5002 4555/4837/5235
f 4556/4838/5236 4555/4837/5235 4350/4632/5002
f 4350/4632/5002 4352/4634/5004 4556/4838/5236
f 4557/4839/5237 4556/4838/5236 4352/4634/5004
f 4352/4634/5004 4354/4636/5006 4557/4839/5237
f 4558/4840/5238 4557/4839/5237 4354/4636/5006
f 4354/4636/5006 4356/4638/5008 4558/4840/5238
f 4559/4841/5239 4558/4840/5238 4356/4638/5008
f 4356/4638/5008 4358/4640/5010 4559/4841/5239
f 4560/4842/5240 4559/4841/5239 4358/4640/5010
f 4358/4640/5010 4360/4642/5012 4560/4842/5240
f 4561/4843/5241 4560/4842/5240 4360/4642/5012
f 4360/4642/5012 4362/4644/5014 4561/4843/5241
f 4562/4844/5242 4561/4843/5241 4362/4644/5014
f 4362/4644/5014 4364/4646/5016 4562/4844/5242
f 4563/4845/5243 4562/4844/5242 4364/4646/5016
f 4364/4646/5016 4366/4648/5018 4563/4845/5243
f 4564/4846/5244 4563/4845/5243 4366/4648/5018
f 4366/4648/5018 4368/4650/5020 4564/4846/5244
f 4565/4847/5245 4564/4846/5244 4368/4650/5020
f 4368/4650/5020 4370/4652/5022 4565/4847/5245
f 4566/4848/5246 4565/4847/5245 4370/4652/5022
f 4370/4652/5022 4372/4654/5024 4566/4848/5246
f 4567/4849/5247 4566/4848/5246 4372/4654/5024
f 4372/4654/5024 4374/4656/5026 4567/4849/5247
f 4568/4850/5248 4567/4849/5247 4374/4656/5026
f 4374/4656/5026 4376/4658/5028 4568/4850/5248
f 4546/4828/5226 4568/4850/5248 4376/4658/5028
f 4376/4658/5028 4329/4611/4981 4546/4828/5226
f 4546/4828/5226 4545/4827/5225 4569/4851/556
f 4545/4827/5225 4547/4829/5227 4569/4851/556
f 4547/4829/5227 4548/4830/5228 4569/4851/556
f 4548/4830/5228 4549/4831/5229 4569/4851/556
f 4549/4831/5229 4550/4832/5230 4569/4851/556
f 4550/4832/5230 4551/4833/5231 4569/4851/556
f 4551/4833/5231 4552/4834/5232 4569/4851/556
f 4552/4834/5232 4553/4835/5233 4569/4851/556
f 4553/4835/5233 4554/4836/5234 4569/4851/556
f 4554/4836/5234 4555/4837/5235 4569/4851/556
f 4555/4837/5235 4556/4838/5236 4569/4851/556
f 4556/4838/5236 4557/4839/5237 4569/4851/556
f 4557/4839/5237 4558/4840/5238 4569/4851/556
f 4558/4840/5238 4559/4841/5239 4569/4851/556
f 4559/4841/5239 4560/4842/5240 4569/4851/556
f 4560/4842/5240 4561/4843/5241 4569/4851/556
f 4561/4843/5241 4562/4844/5242 4569/4851/556
f 4562/4844/5242 4563/4845/5243 4569/4851/556
f 4563/4845/5243 4564/4846/5244 4569/4851/556
f 4564/4846/5244 4565/4847/5245 4569/4851/556
f 4565/4847/5245 4566/4848/5246 4569/4851/556
f 4566/4848/5246 4567/4849/5247 4569/4851/556
f 4567/4849/5247 4568/4850/5248 4569/4851/556
f 4568/4850/5248 4546/4828/5226 4569/4851/556
f 4522/4804/5178 4521/4803/5177 4570/4852/5249
f 4570/4852/5249 4571/4853/5250 4522/4804/5178
f 4523/4805/5181 4522/4804/5178 4571/4853/5250
f 4571/4853/5250 4572/4854/5251 4523/4805/5181
f 4524/4806/5183 4523/4805/5181 4572/4854/5251
f 4572/4854/5251 4573/4855/5252 4524/4806/5183
f 4525/4807/5185 4524/4806/5183 4573/4855/5252
f 4573/4855/5252 4574/4856/5253 4525/4807/5185
f 4526/4808/5187 4525/4807/5185 4574/4856/5253
f 4574/4856/5253 4575/4857/5254 4526/4808/5187
f 4527/4809/5189 4526/4808/5187 4575/4857/5254
f 4575/4857/5254 4576/4858/5255 4527/4809/5189
f 4528/4810/5191 4527/4809/5189 4576/4858/5255
f 4576/4858/5255 4577/4859/5256 4528/4810/5191
f 4529/4811/5193 4528/4810/5191 4577/4859/5256
f 4577/4859/5256 4578/4860/5257 4529/4811/5193
f 4530/4812/5195 4529/4811/5193 4578/4860/5257
f 4578/4860/5257 4579/4861/5258 4530/4812/5195
f 4531/4813/5197 4530/4812/5195 4579/4861/5258
f 4579/4861/5258 4580/4862/5259 4531/4813/5197
f 4532/4814/5199 4531/4813/5197 4580/4862/5259
f 4580/4862/5259 4581/4863/5260 4532/4814/5199
f 4533/4815/5201 4532/4814/5199 4581/4863/5260
f 4581/4863/5260 4582/4864/5261 4533/4815/5201
f 4534/4816/5203 4533/4815/5201 4582/4864/5261
f 4582/4864/5261 4583/4865/5262 4534/4816/5203
f 4535/4817/5205 4534/4816/5203 4583/4865/5262
f 4583/4865/5262 4584/4866/5263 4535/4817/5205
f 4536/4818/5207 4535/4817/5205 4584/4866/5263
f 4584/4866/5263 4585/4867/5264 4536/4818/5207
f 4537/4819/5209 4536/4818/5207 4585/4867/5264
f 4585/4867/5264 4586/4868/5265 4537/4819/5209
f 4538/4820/5211 4537/4819/5209 4586/4868/5265
f 4586/4868/5265 4587/4869/5266 4538/4820/5211
f 4539/4821/5213 4538/4820/5211 4587/4869/5266
f 4587/4869/5266 4588/4870/5267 4539/4821/5213
f 4540/4822/5215 4539/4821/5213 4588/4870/5267
f 4588/4870/5267 4589/4871/5268 4540/4822/5215
f 4541/4823/5217 4540/4822/5215 4589/4871/5268
f 4589/4871/5268 4590/4872/5269 4541/4823/5217
f 4542/4824/5219 4541/4823/5217 4590/4872/5269
f 4590/4872/5269 4591/4873/5270 4542/4824/5219
f 4543/4825/5221 4542/4824/5219 4591/4873/5270
f 4591/4873/5270 4592/4874/5271 4543/4825/5221
f 4544/4826/5223 4543/4825/5221 4592/4874/5271
f 4592/4874/5271 4593/4875/5272 4544/4826/5223
f 4521/4803/5177 4544/4826/5223 4593/4875/5272
f 4593/4875/5272 4570/4852/5249 4521/4803/5177
f 4594/4876/5273 4595/4877/5274 4596/4878/5275
f 4597/4879/5276 4594/4876/5273 4596/4878/5275
f 4598/4880/5277 4597/4879/5276 4596/4878/5275
f 4599/4881/5278 4596/4878/5275 4595/4877/5274
f 4600/4882/5279 4601/4883/5280 4602/4884/5281
f 4603/4885/5282 4601/4883/5280 4604/4886/5283
f 4604/4886/5283 4601/4883/5280 4605/4887/5284
f 4600/4882/5279 4606/4888/5285 4605/4887/5284
f 4600/4882/5279 4605/4887/5284 4601/4883/5280
f 4602/4884/5281 4607/4889/5286 4608/4890/5287
f 4601/4883/5280 4607/4889/5286 4602/4884/5281
f 4608/4890/5287 4607/4889/5286 4609/4891/5288
f 4608/4890/5287 4609/4891/5288 4610/4892/5289
f 4610/4892/5289 4611/4893/5290 4612/4894/5291
f 4610/4892/5289 4609/4891/5288 4611/4893/5290
f 4612/4894/5291 4611/4893/5290 4613/4895/5292
f 4612/4894/5291 4613/4895/5292 4614/4896/5293
f 4614/4896/5293 4613/4895/5292 4615/4897/5294
f 4614/4896/5293 4615/4897/5294 4616/4898/5295
f 4616/4898/5295 4615/4897/5294 4617/4899/5296
f 4616/4898/5295 4617/4899/5296 4599/4881/5278
f 4599/4881/5278 4617/4899/5296 4596/4878/5275
f 4598/4880/5277 4596/4878/5275 4618/4900/5297
f 4618/4900/5297 4596/4878/5275 4617/4899/5296
f 4618/4900/5297 4617/4899/5296 4619/4901/5298
f 4619/4901/5298 4617/4899/5296 4615/4897/5294
f 4620/4902/5299 4619/4901/5298 4615/4897/5294
f 4621/4903/5300 4620/4902/5299 4615/4897/5294
f 4621/4903/5300 4615/4897/5294 4613/4895/5292
f 4622/4904/5301 4621/4903/5300 4613/4895/5292
f 4622/4904/5301 4613/4895/5292 4611/4893/5290
f 4622/4904/5301 4611/4893/5290 4623/4905/5302
f 4611/4893/5290 4609/4891/5288 4623/4905/5302
f 4623/4905/5302 4607/4889/5286 4624/4906/5303
f 4623/4905/5302 4609/4891/5288 4607/4889/5286
f 4624/4906/5303 4601/4883/5280 4603/4885/5282
f 4624/4906/5303 4607/4889/5286 4601/4883/5280
f 4597/4879/5276 4598/4880/5277 4625/4907/5304
f 4625/4907/5304 4626/4908/5305 4597/4879/5276
f 4625/4907/5304 4598/4880/5277 4627/4909/5306
f 4627/4909/5306 4598/4880/5277 4618/4900/5297
f 4627/4909/5306 4618/4900/5297 4619/4901/5298
f 4619/4901/5298 4628/4910/5307 4627/4909/5306
f 4628/4910/5307 4619/4901/5298 4620/4902/5299
f 4620/4902/5299 4629/4911/5308 4628/4910/5307
f 4629/4911/5308 4620/4902/5299 4621/4903/5300
f 4621/4903/5300 4630/4912/5309 4629/4911/5308
f 4630/4912/5309 4621/4903/5300 4622/4904/5301
f 4630/4912/5309 4622/4904/5301 4631/4913/5310
f 4631/4913/5310 4622/4904/5301 4623/4905/5302
f 4632/4914/5311 4631/4913/5310 4623/4905/5302
f 4632/4914/5311 4623/4905/5302 4624/4906/5303
f 4632/4914/5311 4624/4906/5303 4633/4915/5312
f 4634/4916/5313 4633/4915/5312 4603/4885/5282
f 4603/4885/5282 4633/4915/5312 4624/4906/5303
f 4635/4917/5314 4603/4885/5282 4604/4886/5283
f 4603/4885/5282 4635/4917/5314 4634/4916/5313
f 4636/4918/5315 4637/4919/5316 4638/4920/5317
f 4637/4919/5316 4639/4921/5318 4638/4920/5317
f 4639/4921/5318 4640/4922/5319 4638/4920/5317
f 4638/4920/5317 4641/4923/5320 4636/4918/5315
f 4642/4924/5321 4643/4925/5322 4644/4926/5323
f 4642/4924/5321 4645/4927/5324 4604/4886/5283
f 4642/4924/5321 4604/4886/5283 4605/4887/5284
f 4606/4888/5285 4643/4925/5322 4605/4887/5284
f 4605/4887/5284 4643/4925/5322 4642/4924/5321
f 4646/4928/5325 4644/4926/5323 4647/4929/5326
f 4646/4928/5325 4642/4924/5321 4644/4926/5323
f 4646/4928/5325 4647/4929/5326 4648/4930/5327
f 4648/4930/5327 4647/4929/5326 4649/4931/5328
f 4650/4932/5329 4649/4931/5328 4651/4933/5330
f 4652/4934/5331 4649/4931/5328 4650/4932/5329
f 4650/4932/5329 4651/4933/5330 4653/4935/5332
f 4653/4935/5332 4651/4933/5330 4654/4936/5333
f 4653/4935/5332 4654/4936/5333 4655/4937/5334
f 4655/4937/5334 4654/4936/5333 4656/4938/5335
f 4655/4937/5334 4656/4938/5335 4657/4939/5336
f 4657/4939/5336 4656/4938/5335 4641/4923/5320
f 4657/4939/5336 4641/4923/5320 4638/4920/5317
f 4638/4920/5317 4640/4922/5319 4658/4940/5337
f 4638/4920/5317 4658/4940/5337 4657/4939/5336
f 4657/4939/5336 4658/4940/5337 4659/4941/5338
f 4657/4939/5336 4659/4941/5338 4655/4937/5334
f 4659/4941/5338 4660/4942/5339 4655/4937/5334
f 4660/4942/5339 4661/4943/5340 4655/4937/5334
f 4655/4937/5334 4661/4943/5340 4653/4935/5332
f 4661/4943/5340 4662/4944/5341 4653/4935/5332
f 4653/4935/5332 4662/4944/5341 4650/4932/5329
f 4652/4934/5331 4662/4944/5341 4663/4945/5342
f 4652/4934/5331 4650/4932/5329 4662/4944/5341
f 4646/4928/5325 4663/4945/5342 4664/4946/5343
f 4648/4930/5327 4663/4945/5342 4646/4928/5325
f 4642/4924/5321 4664/4946/5343 4645/4927/5324
f 4646/4928/5325 4664/4946/5343 4642/4924/5321
f 4665/4947/5344 4640/4922/5319 4639/4921/5318
f 4639/4921/5318 4666/4948/5345 4665/4947/5344
f 4640/4922/5319 4665/4947/5344 4667/4949/5346
f 4640/4922/5319 4667/4949/5346 4658/4940/5337
f 4659/4941/5338 4658/4940/5337 4667/4949/5346
f 4667/4949/5346 4668/4950/5347 4659/4941/5338
f 4660/4942/5339 4659/4941/5338 4668/4950/5347
f 4668/4950/5347 4669/4951/5348 4660/4942/5339
f 4669/4951/5348 4670/4952/5349 4661/4943/5340
f 4661/4943/5340 4660/4942/5339 4669/4951/5348
f 4661/4943/5340 4670/4952/5349 4662/4944/5341
f 4662/4944/5341 4670/4952/5349 4671/4953/5350
f 4662/4944/5341 4671/4953/5350 4663/4945/5342
f 4671/4953/5350 4672/4954/5351 4663/4945/5342
f 4663/4945/5342 4672/4954/5351 4664/4946/5343
f 4664/4946/5343 4672/4954/5351 4673/4955/5352
f 4673/4955/5352 4674/4956/5353 4645/4927/5324
f 4673/4955/5352 4645/4927/5324 4664/4946/5343
f 4645/4927/5324 4635/4917/5314 4604/4886/5283
f 4635/4917/5314 4645/4927/5324 4674/4956/5353
f 4626/4908/5305 4625/4907/5304 4675/4957/5354
f 4675/4957/5354 4676/4958/5355 4626/4908/5305
f 4625/4907/5304 4627/4909/5306 4677/4959/5356
f 4677/4959/5356 4675/4957/5354 4625/4907/5304
f 4627/4909/5306 4628/4910/5307 4678/4960/5357
f 4678/4960/5357 4677/4959/5356 4627/4909/5306
f 4628/4910/5307 4629/4911/5308 4679/4961/5358
f 4679/4961/5358 4678/4960/5357 4628/4910/5307
f 4629/4911/5308 4630/4912/5309 4680/4962/5359
f 4680/4962/5359 4679/4961/5358 4629/4911/5308
f 4680/4962/5359 4631/4913/5310 4681/4963/5360
f 4631/4913/5310 4680/4962/5359 4630/4912/5309
f 4632/4914/5311 4681/4963/5360 4631/4913/5310
f 4681/4963/5360 4633/4915/5312 4682/4964/5361
f 4633/4915/5312 4681/4963/5360 4632/4914/5311
f 4634/4916/5313 4682/4964/5361 4633/4915/5312
f 4634/4916/5313 4635/4917/5314 4683/4965/5362
f 4683/4965/5362 4682/4964/5361 4634/4916/5313
f 4665/4947/5344 4666/4948/5345 4684/4966/5363
f 4684/4966/5363 4685/4967/5364 4665/4947/5344
f 4667/4949/5346 4665/4947/5344 4685/4967/5364
f 4685/4967/5364 4686/4968/5365 4667/4949/5346
f 4668/4950/5347 4667/4949/5346 4686/4968/5365
f 4686/4968/5365 4687/4969/5366 4668/4950/5347
f 4669/4951/5348 4668/4950/5347 4687/4969/5366
f 4687/4969/5366 4688/4970/5367 4669/4951/5348
f 4670/4952/5349 4669/4951/5348 4688/4970/5367
f 4688/4970/5367 4689/4971/5368 4672/4954/5351
f 4671/4953/5350 4670/4952/5349 4688/4970/5367
f 4688/4970/5367 4672/4954/5351 4671/4953/5350
f 4673/4955/5352 4672/4954/5351 4689/4971/5368
f 4689/4971/5368 4690/4972/5369 4674/4956/5353
f 4674/4956/5353 4673/4955/5352 4689/4971/5368
f 4635/4917/5314 4674/4956/5353 4690/4972/5369
f 4690/4972/5369 4683/4965/5362 4635/4917/5314
f 4691/4973/5370 4675/4957/5354 4692/4974/5371
f 4675/4957/5354 4691/4973/5370 4676/4958/5355
f 4675/4957/5354 4677/4959/5356 4692/4974/5371
f 4692/4974/5371 4678/4960/5357 4679/4961/5358
f 4678/4960/5357 4692/4974/5371 4677/4959/5356
f 4692/4974/5371 4679/4961/5358 4693/4975/5372
f 4679/4961/5358 4680/4962/5359 4693/4975/5372
f 4693/4975/5372 4680/4962/5359 4681/4963/5360
f 4682/4964/5361 4694/4976/5373 4693/4975/5372
f 4682/4964/5361 4693/4975/5372 4681/4963/5360
f 4682/4964/5361 4683/4965/5362 4695/4977/5374
f 4695/4977/5374 4694/4976/5373 4682/4964/5361
f 4696/4978/5375 4697/4979/5376 4698/4980/5377
f 4698/4980/5377 4699/4981/5378 4696/4978/5375
f 4700/4982/5379 4697/4979/5376 4696/4978/5375
f 4689/4971/5368 4688/4970/5367 4701/4983/5380
f 4690/4972/5369 4689/4971/5368 4700/4982/5379
f 4702/4984/5381 4700/4982/5379 4696/4978/5375
f 4683/4965/5362 4690/4972/5369 4695/4977/5374
f 4693/4975/5372 4703/4985/5382 4692/4974/5371
f 4694/4976/5373 4703/4985/5382 4693/4975/5372
f 4704/4986/5383 4703/4985/5382 4702/4984/5381
f 4691/4973/5370 4692/4974/5371 4703/4985/5382
f 4702/4984/5381 4696/4978/5375 4699/4981/5378
f 4705/4987/5384 4702/4984/5381 4699/4981/5378
f 4694/4976/5373 4695/4977/5374 4702/4984/5381
f 4695/4977/5374 4700/4982/5379 4702/4984/5381
f 4704/4986/5383 4702/4984/5381 4705/4987/5384
f 4704/4986/5383 4691/4973/5370 4703/4985/5382
f 4703/4985/5382 4694/4976/5373 4702/4984/5381
f 4700/4982/5379 4695/4977/5374 4690/4972/5369
f 4689/4971/5368 4701/4983/5380 4700/4982/5379
f 4685/4967/5364 4684/4966/5363 4698/4980/5377
f 4687/4969/5366 4686/4968/5365 4697/4979/5376
f 4685/4967/5364 4698/4980/5377 4697/4979/5376
f 4697/4979/5376 4686/4968/5365 4685/4967/5364
f 4701/4983/5380 4688/4970/5367 4687/4969/5366
f 4697/4979/5376 4701/4983/5380 4687/4969/5366
f 4700/4982/5379 4701/4983/5380 4697/4979/5376
f 4648/4930/5327 4652/4934/5331 4663/4945/5342
f 4648/4930/5327 4649/4931/5328 4652/4934/5331
f 4595/4877/5274 4594/4876/5273 4706/4988/5385
f 4594/4876/5273 4597/4879/5276 4706/4988/5385
f 4597/4879/5276 4707/4989/5386 4706/4988/5385
f 4706/4988/5385 4708/4990/5387 4595/4877/5274
f 4709/4991/5388 4710/4992/5389 4711/4993/5390
f 4709/4991/5388 4712/4994/5391 4713/4995/5392
f 4709/4991/5388 4713/4995/5392 4714/4996/5393
f 4715/4997/5394 4710/4992/5389 4714/4996/5393
f 4714/4996/5393 4710/4992/5389 4709/4991/5388
f 4716/4998/5395 4711/4993/5390 4717/4999/5396
f 4716/4998/5395 4709/4991/5388 4711/4993/5390
f 4716/4998/5395 4717/4999/5396 4718/5000/5397
f 4718/5000/5397 4717/4999/5396 4719/5001/5398
f 4720/5002/5399 4719/5001/5398 4721/5003/5400
f 4718/5000/5397 4719/5001/5398 4720/5002/5399
f 4720/5002/5399 4721/5003/5400 4722/5004/5401
f 4722/5004/5401 4721/5003/5400 4723/5005/5402
f 4722/5004/5401 4723/5005/5402 4724/5006/5403
f 4724/5006/5403 4723/5005/5402 4725/5007/5404
f 4724/5006/5403 4725/5007/5404 4726/5008/5405
f 4726/5008/5405 4725/5007/5404 4708/4990/5387
f 4726/5008/5405 4708/4990/5387 4706/4988/5385
f 4706/4988/5385 4707/4989/5386 4727/5009/5406
f 4706/4988/5385 4727/5009/5406 4726/5008/5405
f 4726/5008/5405 4727/5009/5406 4728/5010/5407
f 4726/5008/5405 4728/5010/5407 4724/5006/5403
f 4728/5010/5407 4729/5011/5408 4724/5006/5403
f 4729/5011/5408 4730/5012/5409 4724/5006/5403
f 4724/5006/5403 4730/5012/5409 4722/5004/5401
f 4730/5012/5409 4731/5013/5410 4722/5004/5401
f 4722/5004/5401 4731/5013/5410 4720/5002/5399
f 4720/5002/5399 4731/5013/5410 4732/5014/5411
f 4718/5000/5397 4720/5002/5399 4732/5014/5411
f 4716/4998/5395 4732/5014/5411 4733/5015/5412
f 4718/5000/5397 4732/5014/5411 4716/4998/5395
f 4709/4991/5388 4733/5015/5412 4712/4994/5391
f 4716/4998/5395 4733/5015/5412 4709/4991/5388
f 4707/4989/5386 4597/4879/5276 4734/5016/5413
f 4626/4908/5305 4734/5016/5413 4597/4879/5276
f 4707/4989/5386 4734/5016/5413 4735/5017/5414
f 4707/4989/5386 4735/5017/5414 4727/5009/5406
f 4727/5009/5406 4735/5017/5414 4728/5010/5407
f 4736/5018/5415 4728/5010/5407 4735/5017/5414
f 4728/5010/5407 4736/5018/5415 4729/5011/5408
f 4737/5019/5416 4729/5011/5408 4736/5018/5415
f 4729/5011/5408 4737/5019/5416 4730/5012/5409
f 4738/5020/5417 4730/5012/5409 4737/5019/5416
f 4730/5012/5409 4738/5020/5417 4731/5013/5410
f 4731/5013/5410 4738/5020/5417 4739/5021/5418
f 4731/5013/5410 4739/5021/5418 4732/5014/5411
f 4739/5021/5418 4740/5022/5419 4732/5014/5411
f 4732/5014/5411 4740/5022/5419 4733/5015/5412
f 4733/5015/5412 4740/5022/5419 4741/5023/5420
f 4741/5023/5420 4742/5024/5421 4712/4994/5391
f 4741/5023/5420 4712/4994/5391 4733/5015/5412
f 4712/4994/5391 4743/5025/5422 4713/4995/5392
f 4743/5025/5422 4712/4994/5391 4742/5024/5421
f 4637/4919/5316 4636/4918/5315 4744/5026/5423
f 4639/4921/5318 4637/4919/5316 4744/5026/5423
f 4745/5027/5424 4639/4921/5318 4744/5026/5423
f 4746/5028/5425 4744/5026/5423 4636/4918/5315
f 4747/5029/5426 4748/5030/5427 4749/5031/5428
f 4750/5032/5429 4748/5030/5427 4713/4995/5392
f 4713/4995/5392 4748/5030/5427 4714/4996/5393
f 4747/5029/5426 4715/4997/5394 4714/4996/5393
f 4747/5029/5426 4714/4996/5393 4748/5030/5427
f 4749/5031/5428 4751/5033/5430 4752/5034/5431
f 4748/5030/5427 4751/5033/5430 4749/5031/5428
f 4752/5034/5431 4751/5033/5430 4753/5035/5432
f 4752/5034/5431 4753/5035/5432 4754/5036/5433
f 4754/5036/5433 4755/5037/5434 4756/5038/5435
f 4754/5036/5433 4757/5039/5436 4755/5037/5434
f 4756/5038/5435 4755/5037/5434 4758/5040/5437
f 4756/5038/5435 4758/5040/5437 4759/5041/5438
f 4759/5041/5438 4758/5040/5437 4760/5042/5439
f 4759/5041/5438 4760/5042/5439 4761/5043/5440
f 4761/5043/5440 4760/5042/5439 4762/5044/5441
f 4761/5043/5440 4762/5044/5441 4746/5028/5425
f 4746/5028/5425 4762/5044/5441 4744/5026/5423
f 4745/5027/5424 4744/5026/5423 4763/5045/5442
f 4763/5045/5442 4744/5026/5423 4762/5044/5441
f 4763/5045/5442 4762/5044/5441 4764/5046/5443
f 4764/5046/5443 4762/5044/5441 4760/5042/5439
f 4765/5047/5444 4764/5046/5443 4760/5042/5439
f 4766/5048/5445 4765/5047/5444 4760/5042/5439
f 4766/5048/5445 4760/5042/5439 4758/5040/5437
f 4767/5049/5446 4766/5048/5445 4758/5040/5437
f 4767/5049/5446 4758/5040/5437 4755/5037/5434
f 4767/5049/5446 4757/5039/5436 4768/5050/5447
f 4755/5037/5434 4757/5039/5436 4767/5049/5446
f 4768/5050/5447 4751/5033/5430 4769/5051/5448
f 4768/5050/5447 4753/5035/5432 4751/5033/5430
f 4769/5051/5448 4748/5030/5427 4750/5032/5429
f 4769/5051/5448 4751/5033/5430 4748/5030/5427
f 4745/5027/5424 4770/5052/5449 4639/4921/5318
f 4666/4948/5345 4639/4921/5318 4770/5052/5449
f 4770/5052/5449 4745/5027/5424 4771/5053/5450
f 4771/5053/5450 4745/5027/5424 4763/5045/5442
f 4763/5045/5442 4764/5046/5443 4771/5053/5450
f 4772/5054/5451 4771/5053/5450 4764/5046/5443
f 4764/5046/5443 4765/5047/5444 4772/5054/5451
f 4773/5055/5452 4772/5054/5451 4765/5047/5444
f 4774/5056/5453 4773/5055/5452 4766/5048/5445
f 4765/5047/5444 4766/5048/5445 4773/5055/5452
f 4774/5056/5453 4766/5048/5445 4767/5049/5446
f 4774/5056/5453 4767/5049/5446 4775/5057/5454
f 4775/5057/5454 4767/5049/5446 4768/5050/5447
f 4776/5058/5455 4775/5057/5454 4768/5050/5447
f 4776/5058/5455 4768/5050/5447 4769/5051/5448
f 4776/5058/5455 4769/5051/5448 4777/5059/5456
f 4778/5060/5457 4777/5059/5456 4750/5032/5429
f 4750/5032/5429 4777/5059/5456 4769/5051/5448
f 4743/5025/5422 4750/5032/5429 4713/4995/5392
f 4750/5032/5429 4743/5025/5422 4778/5060/5457
f 4734/5016/5413 4626/4908/5305 4779/5061/5458
f 4676/4958/5355 4779/5061/5458 4626/4908/5305
f 4735/5017/5414 4734/5016/5413 4780/5062/5459
f 4779/5061/5458 4780/5062/5459 4734/5016/5413
f 4736/5018/5415 4735/5017/5414 4781/5063/5460
f 4780/5062/5459 4781/5063/5460 4735/5017/5414
f 4737/5019/5416 4736/5018/5415 4782/5064/5461
f 4781/5063/5460 4782/5064/5461 4736/5018/5415
f 4738/5020/5417 4737/5019/5416 4783/5065/5462
f 4782/5064/5461 4783/5065/5462 4737/5019/5416
f 4739/5021/5418 4783/5065/5462 4784/5066/5463
f 4783/5065/5462 4739/5021/5418 4738/5020/5417
f 4784/5066/5463 4740/5022/5419 4739/5021/5418
f 4741/5023/5420 4784/5066/5463 4785/5067/5464
f 4784/5066/5463 4741/5023/5420 4740/5022/5419
f 4785/5067/5464 4742/5024/5421 4741/5023/5420
f 4743/5025/5422 4742/5024/5421 4786/5068/5465
f 4785/5067/5464 4786/5068/5465 4742/5024/5421
f 4666/4948/5345 4770/5052/5449 4684/4966/5363
f 4787/5069/5466 4684/4966/5363 4770/5052/5449
f 4770/5052/5449 4771/5053/5450 4787/5069/5466
f 4788/5070/5467 4787/5069/5466 4771/5053/5450
f 4771/5053/5450 4772/5054/5451 4788/5070/5467
f 4789/5071/5468 4788/5070/5467 4772/5054/5451
f 4772/5054/5451 4773/5055/5452 4789/5071/5468
f 4790/5072/5469 4789/5071/5468 4773/5055/5452
f 4773/5055/5452 4774/5056/5453 4790/5072/5469
f 4775/5057/5454 4790/5072/5469 4774/5056/5453
f 4790/5072/5469 4775/5057/5454 4776/5058/5455
f 4776/5058/5455 4791/5073/5470 4790/5072/5469
f 4776/5058/5455 4777/5059/5456 4791/5073/5470
f 4792/5074/5471 4791/5073/5470 4778/5060/5457
f 4777/5059/5456 4778/5060/5457 4791/5073/5470
f 4778/5060/5457 4743/5025/5422 4792/5074/5471
f 4786/5068/5465 4792/5074/5471 4743/5025/5422
f 4779/5061/5458 4676/4958/5355 4691/4973/5370
f 4691/4973/5370 4793/5075/5472 4779/5061/5458
f 4780/5062/5459 4779/5061/5458 4793/5075/5472
f 4781/5063/5460 4793/5075/5472 4782/5064/5461
f 4793/5075/5472 4781/5063/5460 4780/5062/5459
f 4782/5064/5461 4793/5075/5472 4794/5076/5473
f 4783/5065/5462 4782/5064/5461 4794/5076/5473
f 4783/5065/5462 4794/5076/5473 4784/5066/5463
f 4794/5076/5473 4785/5067/5464 4784/5066/5463
f 4794/5076/5473 4795/5077/5474 4785/5067/5464
f 4786/5068/5465 4785/5067/5464 4796/5078/5475
f 4795/5077/5474 4796/5078/5475 4785/5067/5464
f 4797/5079/5476 4798/5080/5477 4698/4980/5377
f 4699/4981/5378 4698/4980/5377 4798/5080/5477
f 4797/5079/5476 4799/5081/5478 4798/5080/5477
f 4790/5072/5469 4791/5073/5470 4800/5082/5479
f 4791/5073/5470 4792/5074/5471 4799/5081/5478
f 4799/5081/5478 4801/5083/5480 4798/5080/5477
f 4792/5074/5471 4786/5068/5465 4796/5078/5475
f 4802/5084/5481 4795/5077/5474 4794/5076/5473
f 4793/5075/5472 4802/5084/5481 4794/5076/5473
f 4802/5084/5481 4704/4986/5383 4801/5083/5480
f 4793/5075/5472 4691/4973/5370 4802/5084/5481
f 4798/5080/5477 4801/5083/5480 4699/4981/5378
f 4801/5083/5480 4705/4987/5384 4699/4981/5378
f 4796/5078/5475 4795/5077/5474 4801/5083/5480
f 4799/5081/5478 4796/5078/5475 4801/5083/5480
f 4801/5083/5480 4704/4986/5383 4705/4987/5384
f 4691/4973/5370 4704/4986/5383 4802/5084/5481
f 4795/5077/5474 4802/5084/5481 4801/5083/5480
f 4796/5078/5475 4799/5081/5478 4792/5074/5471
f 4800/5082/5479 4791/5073/5470 4799/5081/5478
f 4684/4966/5363 4787/5069/5466 4698/4980/5377
f 4788/5070/5467 4789/5071/5468 4797/5079/5476
f 4698/4980/5377 4787/5069/5466 4797/5079/5476
f 4788/5070/5467 4797/5079/5476 4787/5069/5466
f 4789/5071/5468 4800/5082/5479 4797/5079/5476
f 4790/5072/5469 4800/5082/5479 4789/5071/5468
f 4800/5082/5479 4799/5081/5478 4797/5079/5476
f 4757/5039/5436 4753/5035/5432 4768/5050/5447
f 4754/5036/5433 4753/5035/5432 4757/5039/5436
f 4803/5085/5482 4804/5086/5483 4805/5087/5484
f 4805/5087/5484 4806/5088/5485 4803/5085/5482
f 4807/5089/5486 4804/5086/5483 4803/5085/5482
f 4803/5085/5482 4808/5090/5487 4807/5089/5486
f 4808/5090/5487 4809/5091/5488 4810/5092/5489
f 4810/5092/5489 4807/5089/5486 4808/5090/5487
f 4811/5093/5490 4812/5094/5491 4813/5095/5492
f 4813/5095/5492 4814/5096/5493 4811/5093/5490
f 4815/5097/5494 4811/5093/5490 4814/5096/5493
f 4814/5096/5493 4816/5098/5495 4815/5097/5494
f 4817/5099/5496 4818/5100/5497 4819/5101/5498
f 4819/5101/5498 4820/5102/5499 4817/5099/5496
f 4821/5103/5500 4817/5099/5496 4820/5102/5499
f 4820/5102/5499 4822/5104/5501 4821/5103/5500
f 4818/5100/5497 4823/5105/5502 4824/5106/5503
f 4824/5106/5503 4819/5101/5498 4818/5100/5497
f 4825/5107/5504 4821/5103/5500 4822/5104/5501
f 4822/5104/5501 4826/5108/5505 4825/5107/5504
f 4823/5105/5502 4815/5097/5494 4816/5098/5495
f 4816/5098/5495 4824/5106/5503 4823/5105/5502
f 4827/5109/5506 4828/5110/5507 4806/5088/5485
f 4806/5088/5485 4805/5087/5484 4827/5109/5506
f 4829/5111/5508 4830/5112/5509 4828/5110/5507
f 4828/5110/5507 4827/5109/5506 4829/5111/5508
f 4831/5113/5510 4832/5114/5511 4830/5112/5512
f 4830/5112/5512 4829/5111/5508 4831/5113/5510
f 4828/5110/5507 4833/5115/5513 4834/5116/5514
f 4834/5116/5514 4806/5088/5485 4828/5110/5507
f 4834/5116/5514 4833/5115/5513 4835/5117/5515
f 4835/5117/5515 4836/5118/5516 4834/5116/5514
f 4836/5118/5516 4835/5117/5515 4837/5119/5517
f 4837/5119/5517 4838/5120/5518 4836/5118/5516
f 4838/5120/5518 4837/5119/5517 4839/5121/5519
f 4839/5121/5519 4840/5122/5520 4838/5120/5518
f 4841/5123/5521 4842/5124/5522 4814/5096/5493
f 4814/5096/5493 4813/5095/5492 4841/5123/5521
f 4843/5125/5523 4844/5126/5524 4842/5124/5522
f 4842/5124/5522 4841/5123/5521 4843/5125/5523
f 4845/5127/5525 4846/5128/5526 4844/5126/5524
f 4844/5126/5524 4843/5125/5523 4845/5127/5525
f 4847/5129/5527 4848/5130/5528 4846/5128/5526
f 4846/5128/5526 4845/5127/5525 4847/5129/5527
f 4849/5131/5529 4850/5132/5530 4848/5130/5528
f 4848/5130/5528 4847/5129/5527 4849/5131/5529
f 4851/5133/5531 4852/5134/5532 4850/5132/5530
f 4850/5132/5530 4849/5131/5529 4851/5133/5531
f 4853/5135/5533 4854/5136/5534 4852/5134/5532
f 4852/5134/5532 4851/5133/5531 4853/5135/5533
f 4855/5137/5535 4856/5138/5536 4854/5136/5534
f 4854/5136/5534 4853/5135/5533 4855/5137/5535
f 4857/5139/5537 4858/5140/5538 4856/5138/5536
f 4856/5138/5536 4855/5137/5535 4857/5139/5537
f 4803/5085/5482 4806/5088/5485 4834/5116/5514
f 4834/5116/5514 4859/5141/5539 4803/5085/5482
f 4859/5141/5539 4834/5116/5514 4836/5118/5516
f 4836/5118/5516 4860/5142/5540 4859/5141/5539
f 4860/5142/5540 4836/5118/5516 4838/5120/5518
f 4838/5120/5518 4861/5143/5541 4860/5142/5540
f 4840/5122/5520 4861/5143/5541 4838/5120/5518
f 4808/5090/5487 4803/5085/5482 4859/5141/5539
f 4859/5141/5539 4862/5144/5542 4808/5090/5487
f 4863/5145/5543 4862/5144/5542 4859/5141/5539
f 4859/5141/5539 4860/5142/5540 4863/5145/5543
f 4861/5143/5541 4863/5145/5543 4860/5142/5540
f 4864/5146/5544 4843/5125/5545 4841/5123/5546
f 4841/5123/5546 4865/5147/5547 4864/5146/5544
f 4866/5148/5548 4847/5129/5527 4845/5127/5549
f 4845/5127/5549 4867/5149/5550 4866/5148/5548
f 4868/5150/5551 4851/5133/5552 4849/5131/5529
f 4849/5131/5529 4869/5151/5553 4868/5150/5551
f 4863/5145/5543 4861/5143/5541 4869/5151/5553
f 4865/5147/5547 4841/5123/5546 4813/5095/5554
f 4813/5095/5554 4809/5091/5488 4865/5147/5547
f 4867/5149/5550 4845/5127/5549 4843/5125/5545
f 4843/5125/5545 4864/5146/5544 4867/5149/5550
f 4869/5151/5553 4849/5131/5529 4847/5129/5527
f 4847/5129/5527 4866/5148/5548 4869/5151/5553
f 4865/5147/5547 4809/5091/5488 4808/5090/5487
f 4808/5090/5487 4862/5144/5542 4865/5147/5547
f 4862/5144/5542 4863/5145/5543 4864/5146/5544
f 4863/5145/5543 4867/5149/5550 4864/5146/5544
f 4863/5145/5543 4869/5151/5553 4866/5148/5548
f 4866/5148/5548 4867/5149/5550 4863/5145/5543
f 4864/5146/5544 4865/5147/5547 4862/5144/5542
f 4861/5143/5541 4840/5122/5520 4870/5152/5555
f 4871/5153/5556 4855/5137/5557 4853/5135/5558
f 4853/5135/5558 4870/5152/5555 4871/5153/5556
f 4870/5152/5555 4853/5135/5558 4851/5133/5552
f 4851/5133/5552 4868/5150/5551 4870/5152/5555
f 4861/5143/5541 4870/5152/5555 4868/5150/5551
f 4861/5143/5541 4868/5150/5551 4869/5151/5553
f 4872/5154/5559 4873/5155/5560 4874/5156/5561
f 4874/5156/5561 4875/5157/5562 4872/5154/5559
f 4876/5158/5563 4877/5159/5564 4878/5160/5565
f 4878/5160/5565 4879/5161/5566 4876/5158/5563
f 4879/5161/5566 4880/5162/5567 4881/5163/5568
f 4881/5163/5568 4876/5158/5563 4879/5161/5566
f 4873/5155/5560 4878/5160/5565 4877/5159/5564
f 4877/5159/5564 4874/5156/5561 4873/5155/5560
f 4880/5162/5567 4882/5164/5569 4883/5165/5570
f 4883/5165/5570 4881/5163/5568 4880/5162/5567
f 4824/5106/5503 4816/5098/5495 4875/5157/5562
f 4875/5157/5562 4874/5156/5561 4824/5106/5503
f 4877/5159/5564 4876/5158/5563 4820/5102/5499
f 4820/5102/5499 4819/5101/5498 4877/5159/5564
f 4822/5104/5501 4881/5163/5568 4883/5165/5570
f 4883/5165/5570 4826/5108/5505 4822/5104/5501
f 4844/5126/5571 4872/5154/5559 4875/5157/5562
f 4875/5157/5562 4842/5124/5572 4844/5126/5571
f 4842/5124/5572 4875/5157/5562 4816/5098/5495
f 4816/5098/5495 4814/5096/5493 4842/5124/5572
f 4874/5156/5561 4877/5159/5564 4819/5101/5498
f 4819/5101/5498 4824/5106/5503 4874/5156/5561
f 4822/5104/5501 4820/5102/5499 4876/5158/5563
f 4876/5158/5563 4881/5163/5568 4822/5104/5501
f 4884/5166/5573 4885/5167/5574 4882/5164/5569
f 4882/5164/5569 4880/5162/5567 4884/5166/5573
f 4886/5168/5575 4887/5169/5576 4885/5167/5574
f 4885/5167/5574 4884/5166/5573 4886/5168/5575
f 4888/5170/5577 4889/5171/5578 4887/5169/5576
f 4887/5169/5576 4886/5168/5575 4888/5170/5577
f 4890/5172/5579 4846/5128/5580 4848/5130/5581
f 4848/5130/5581 4891/5173/5582 4890/5172/5579
f 4892/5174/5583 4890/5172/5579 4891/5173/5582
f 4891/5173/5582 4893/5175/5584 4892/5174/5583
f 4873/5155/5560 4872/5154/5559 4890/5172/5579
f 4890/5172/5579 4892/5174/5583 4873/5155/5560
f 4872/5154/5559 4844/5126/5571 4846/5128/5580
f 4846/5128/5580 4890/5172/5579 4872/5154/5559
f 4894/5176/5585 4895/5177/5586 4889/5171/5578
f 4889/5171/5578 4888/5170/5577 4894/5176/5585
f 4896/5178/5587 4897/5179/5588 4895/5177/5586
f 4895/5177/5586 4894/5176/5585 4896/5178/5587
f 4898/5180/5589 4886/5168/5575 4884/5166/5573
f 4884/5166/5573 4899/5181/5590 4898/5180/5589
f 4900/5182/5591 4894/5176/5585 4888/5170/5577
f 4888/5170/5577 4901/5183/5592 4900/5182/5591
f 4902/5184/5593 4898/5180/5589 4899/5181/5590
f 4899/5181/5590 4893/5175/5584 4902/5184/5593
f 4903/5185/5594 4904/5186/5595 4893/5175/5584
f 4893/5175/5584 4899/5181/5590 4903/5185/5594
f 4904/5186/5595 4903/5185/5594 4879/5161/5566
f 4879/5161/5566 4878/5160/5565 4904/5186/5595
f 4899/5181/5590 4884/5166/5573 4880/5162/5567
f 4880/5162/5567 4903/5185/5594 4899/5181/5590
f 4879/5161/5566 4903/5185/5594 4880/5162/5567
f 4901/5183/5592 4888/5170/5577 4886/5168/5575
f 4886/5168/5575 4898/5180/5589 4901/5183/5592
f 4905/5187/5596 4850/5132/5597 4852/5134/5598
f 4852/5134/5598 4906/5188/5599 4905/5187/5596
f 4891/5173/5582 4848/5130/5581 4850/5132/5597
f 4850/5132/5597 4905/5187/5596 4891/5173/5582
f 4906/5188/5599 4901/5183/5592 4902/5184/5593
f 4902/5184/5593 4905/5187/5596 4906/5188/5599
f 4905/5187/5596 4902/5184/5593 4893/5175/5584
f 4893/5175/5584 4891/5173/5582 4905/5187/5596
f 4902/5184/5593 4901/5183/5592 4898/5180/5589
f 4892/5174/5583 4904/5186/5595 4878/5160/5565
f 4878/5160/5565 4873/5155/5560 4892/5174/5583
f 4901/5183/5592 4906/5188/5599 4907/5189/5600
f 4907/5189/5600 4900/5182/5591 4901/5183/5592
f 4854/5136/5601 4907/5189/5600 4906/5188/5599
f 4906/5188/5599 4852/5134/5598 4854/5136/5601
f 4900/5182/5591 4907/5189/5600 4908/5190/5602
f 4908/5190/5602 4896/5178/5587 4900/5182/5591
f 4900/5182/5591 4896/5178/5587 4894/5176/5585
f 4908/5190/5602 4856/5138/5603 4858/5140/5604
f 4858/5140/5604 4909/5191/5605 4908/5190/5602
f 4909/5191/5605 4897/5179/5588 4896/5178/5587
f 4896/5178/5587 4908/5190/5602 4909/5191/5605
f 4907/5189/5600 4854/5136/5601 4856/5138/5603
f 4856/5138/5603 4908/5190/5602 4907/5189/5600
f 4870/5152/5555 4840/5122/5520 4871/5153/5556
f 4910/5192/5606 4857/5139/5607 4855/5137/5557
f 4855/5137/5557 4871/5153/5556 4910/5192/5606
f 4840/5122/5520 4910/5192/5606 4871/5153/5556
f 4840/5122/5520 4839/5121/5519 4910/5192/5606
f 4892/5174/5583 4893/5175/5584 4904/5186/5595
f 4911/5193/5608 4912/5194/5609 4835/5117/5610
f 4835/5117/5610 4833/5115/5611 4911/5193/5608
f 4913/5195/5612 4839/5121/5519 4837/5119/5613
f 4837/5119/5613 4914/5196/5614 4913/5195/5612
f 4915/5197/5615 4916/5198/5616 4912/5194/5617
f 4912/5194/5617 4911/5193/5618 4915/5197/5615
f 4917/5199/5619 4913/5195/5620 4914/5196/5621
f 4914/5196/5621 4918/5200/5622 4917/5199/5619
f 4830/5112/5512 4832/5114/5511 4915/5197/5615
f 4915/5197/5615 4911/5193/5618 4830/5112/5512
f 4828/5110/5507 4830/5112/5509 4911/5193/5608
f 4911/5193/5608 4833/5115/5611 4828/5110/5507
f 4912/5194/5609 4914/5196/5614 4837/5119/5613
f 4837/5119/5613 4835/5117/5610 4912/5194/5609
f 4912/5194/5617 4916/5198/5616 4918/5200/5622
f 4918/5200/5622 4914/5196/5621 4912/5194/5617
f 4919/5201/5623 4857/5139/5537 4910/5192/5606
f 4910/5192/5606 4920/5202/5624 4919/5201/5623
f 4839/5121/5519 4913/5195/5612 4920/5202/5624
f 4920/5202/5624 4910/5192/5606 4839/5121/5519
f 4858/5140/5538 4857/5139/5537 4919/5201/5623
f 4920/5202/5625 4913/5195/5620 4917/5199/5619
f 4812/5094/5626 4810/5092/5489 4809/5091/5488
f 4809/5091/5488 4813/5095/5554 4812/5094/5626
f 4921/5203/5627 4922/5204/5628 4805/5087/5484
f 4805/5087/5484 4804/5086/5483 4921/5203/5627
f 4807/5089/5486 4923/5205/5629 4921/5203/5627
f 4921/5203/5627 4804/5086/5483 4807/5089/5486
f 4923/5205/5629 4807/5089/5486 4810/5092/5489
f 4810/5092/5489 4924/5206/5630 4923/5205/5629
f 4925/5207/5631 4812/5094/5491 4811/5093/5490
f 4811/5093/5490 4926/5208/5632 4925/5207/5631
f 4926/5208/5632 4811/5093/5490 4815/5097/5494
f 4815/5097/5494 4927/5209/5633 4926/5208/5632
f 4928/5210/5634 4818/5100/5497 4817/5099/5496
f 4817/5099/5496 4929/5211/5635 4928/5210/5634
f 4929/5211/5635 4817/5099/5496 4821/5103/5500
f 4821/5103/5500 4930/5212/5636 4929/5211/5635
f 4931/5213/5637 4823/5105/5502 4818/5100/5497
f 4818/5100/5497 4928/5210/5634 4931/5213/5637
f 4930/5212/5636 4821/5103/5500 4825/5107/5504
f 4825/5107/5504 4932/5214/5638 4930/5212/5636
f 4927/5209/5633 4815/5097/5494 4823/5105/5502
f 4823/5105/5502 4931/5213/5637 4927/5209/5633
f 4922/5204/5628 4933/5215/5639 4827/5109/5506
f 4827/5109/5506 4805/5087/5484 4922/5204/5628
f 4933/5215/5639 4934/5216/5640 4829/5111/5508
f 4829/5111/5508 4827/5109/5506 4933/5215/5639
f 4934/5216/5640 4935/5217/5641 4831/5113/5510
f 4831/5113/5510 4829/5111/5508 4934/5216/5640
f 4936/5218/5642 4937/5219/5643 4933/5215/5639
f 4933/5215/5639 4922/5204/5628 4936/5218/5642
f 4938/5220/5644 4939/5221/5645 4937/5219/5643
f 4937/5219/5643 4936/5218/5642 4938/5220/5644
f 4938/5220/5644 4940/5222/5646 4941/5223/5647
f 4941/5223/5647 4939/5221/5645 4938/5220/5644
f 4942/5224/5648 4943/5225/5649 4941/5223/5647
f 4941/5223/5647 4940/5222/5646 4942/5224/5648
f 4926/5208/5632 4944/5226/5650 4945/5227/5651
f 4945/5227/5651 4925/5207/5631 4926/5208/5632
f 4944/5226/5650 4946/5228/5652 4947/5229/5653
f 4947/5229/5653 4945/5227/5651 4944/5226/5650
f 4946/5228/5652 4948/5230/5654 4949/5231/5655
f 4949/5231/5655 4947/5229/5653 4946/5228/5652
f 4948/5230/5654 4950/5232/5656 4951/5233/5657
f 4951/5233/5657 4949/5231/5655 4948/5230/5654
f 4950/5232/5656 4952/5234/5658 4953/5235/5659
f 4953/5235/5659 4951/5233/5657 4950/5232/5656
f 4952/5234/5658 4954/5236/5660 4955/5237/5661
f 4955/5237/5661 4953/5235/5659 4952/5234/5658
f 4954/5236/5660 4956/5238/5662 4957/5239/5663
f 4957/5239/5663 4955/5237/5661 4954/5236/5660
f 4956/5238/5662 4958/5240/5664 4959/5241/5665
f 4959/5241/5665 4957/5239/5663 4956/5238/5662
f 4958/5240/5664 4960/5242/5666 4961/5243/5667
f 4961/5243/5667 4959/5241/5665 4958/5240/5664
f 4922/5204/5628 4921/5203/5627 4962/5244/5668
f 4962/5244/5668 4936/5218/5642 4922/5204/5628
f 4936/5218/5642 4962/5244/5668 4963/5245/5669
f 4963/5245/5669 4938/5220/5644 4936/5218/5642
f 4963/5245/5669 4964/5246/5670 4940/5222/5646
f 4940/5222/5646 4938/5220/5644 4963/5245/5669
f 4964/5246/5670 4965/5247/5671 4942/5224/5648
f 4923/5205/5629 4966/5248/5672 4962/5244/5668
f 4962/5244/5668 4921/5203/5627 4923/5205/5629
f 4962/5244/5668 4966/5248/5672 4967/5249/5673
f 4967/5249/5673 4963/5245/5669 4962/5244/5668
f 4967/5249/5673 4968/5250/5674 4964/5246/5670
f 4969/5251/5675 4945/5227/5676 4947/5229/5677
f 4947/5229/5677 4970/5252/5678 4969/5251/5675
f 4971/5253/5679 4949/5231/5655 4951/5233/5657
f 4951/5233/5657 4972/5254/5680 4971/5253/5679
f 4968/5250/5674 4953/5235/5681 4955/5237/5682
f 4955/5237/5682 4973/5255/5683 4968/5250/5674
f 4964/5246/5670 4963/5245/5669 4967/5249/5673
f 4969/5251/5675 4924/5206/5630 4925/5207/5684
f 4925/5207/5684 4945/5227/5676 4969/5251/5675
f 4970/5252/5678 4947/5229/5677 4949/5231/5655
f 4949/5231/5655 4971/5253/5679 4970/5252/5678
f 4972/5254/5680 4951/5233/5657 4953/5235/5681
f 4953/5235/5681 4968/5250/5674 4972/5254/5680
f 4969/5251/5675 4966/5248/5672 4923/5205/5629
f 4924/5206/5630 4969/5251/5675 4923/5205/5629
f 4971/5253/5679 4967/5249/5673 4966/5248/5672
f 4970/5252/5678 4971/5253/5679 4966/5248/5672
f 4968/5250/5674 4967/5249/5673 4972/5254/5680
f 4972/5254/5680 4967/5249/5673 4971/5253/5679
f 4969/5251/5675 4970/5252/5678 4966/5248/5672
f 4942/5224/5648 4940/5222/5646 4964/5246/5670
f 4959/5241/5685 4974/5256/5686 4965/5247/5671
f 4965/5247/5671 4957/5239/5687 4959/5241/5685
f 4973/5255/5683 4955/5237/5682 4957/5239/5687
f 4957/5239/5687 4965/5247/5671 4973/5255/5683
f 4965/5247/5671 4964/5246/5670 4973/5255/5683
f 4973/5255/5683 4964/5246/5670 4968/5250/5674
f 4975/5257/5688 4976/5258/5689 4977/5259/5690
f 4977/5259/5690 4978/5260/5691 4975/5257/5688
f 4979/5261/5692 4980/5262/5693 4981/5263/5694
f 4981/5263/5694 4982/5264/5695 4979/5261/5692
f 4983/5265/5696 4984/5266/5697 4982/5264/5695
f 4982/5264/5695 4981/5263/5694 4983/5265/5696
f 4980/5262/5693 4979/5261/5692 4976/5258/5689
f 4976/5258/5689 4975/5257/5688 4980/5262/5693
f 4985/5267/5698 4986/5268/5699 4984/5266/5697
f 4984/5266/5697 4983/5265/5696 4985/5267/5698
f 4978/5260/5691 4927/5209/5633 4931/5213/5637
f 4931/5213/5637 4975/5257/5688 4978/5260/5691
f 4929/5211/5635 4981/5263/5694 4980/5262/5693
f 4980/5262/5693 4928/5210/5634 4929/5211/5635
f 4983/5265/5696 4930/5212/5636 4932/5214/5638
f 4932/5214/5638 4985/5267/5698 4983/5265/5696
f 4978/5260/5691 4977/5259/5690 4946/5228/5700
f 4946/5228/5700 4944/5226/5701 4978/5260/5691
f 4927/5209/5633 4978/5260/5691 4944/5226/5701
f 4944/5226/5701 4926/5208/5632 4927/5209/5633
f 4928/5210/5634 4980/5262/5693 4975/5257/5688
f 4975/5257/5688 4931/5213/5637 4928/5210/5634
f 4981/5263/5694 4929/5211/5635 4930/5212/5636
f 4930/5212/5636 4983/5265/5696 4981/5263/5694
f 4986/5268/5699 4987/5269/5702 4988/5270/5703
f 4988/5270/5703 4984/5266/5697 4986/5268/5699
f 4987/5269/5702 4989/5271/5704 4990/5272/5705
f 4990/5272/5705 4988/5270/5703 4987/5269/5702
f 4989/5271/5704 4991/5273/5706 4992/5274/5707
f 4992/5274/5707 4990/5272/5705 4989/5271/5704
f 4950/5232/5708 4948/5230/5709 4993/5275/5710
f 4993/5275/5710 4994/5276/5711 4950/5232/5708
f 4995/5277/5712 4994/5276/5711 4993/5275/5710
f 4993/5275/5710 4977/5259/5690 4976/5258/5689
f 4976/5258/5689 4995/5277/5712 4993/5275/5710
f 4948/5230/5709 4946/5228/5700 4977/5259/5690
f 4977/5259/5690 4993/5275/5710 4948/5230/5709
f 4991/5273/5706 4996/5278/5713 4997/5279/5714
f 4997/5279/5714 4992/5274/5707 4991/5273/5706
f 4996/5278/5713 4998/5280/5715 4999/5281/5716
f 4999/5281/5716 4997/5279/5714 4996/5278/5713
f 4988/5270/5703 4990/5272/5705 5000/5282/5717
f 5000/5282/5717 5001/5283/5718 4988/5270/5703
f 4992/5274/5707 4997/5279/5714 5002/5284/5719
f 5002/5284/5719 5003/5285/5720 4992/5274/5707
f 5001/5283/5718 5000/5282/5717 5004/5286/5721
f 5004/5286/5721 5005/5287/5722 5001/5283/5718
f 5005/5287/5722 5006/5288/5723 5007/5289/5724
f 5007/5289/5724 5001/5283/5718 5005/5287/5722
f 4982/5264/5695 5007/5289/5724 5006/5288/5723
f 5006/5288/5723 4979/5261/5692 4982/5264/5695
f 4984/5266/5697 4988/5270/5703 5001/5283/5718
f 5001/5283/5718 5007/5289/5724 4984/5266/5697
f 5007/5289/5724 4982/5264/5695 4984/5266/5697
f 4990/5272/5705 4992/5274/5707 5003/5285/5720
f 5003/5285/5720 5000/5282/5717 4990/5272/5705
f 4954/5236/5660 4952/5234/5725 5008/5290/5726
f 5008/5290/5726 5009/5291/5727 4954/5236/5660
f 4952/5234/5725 4950/5232/5708 4994/5276/5711
f 4994/5276/5711 5008/5290/5726 4952/5234/5725
f 5004/5286/5721 5003/5285/5720 5009/5291/5727
f 5009/5291/5727 5008/5290/5726 5004/5286/5721
f 5005/5287/5722 5004/5286/5721 5008/5290/5726
f 5008/5290/5726 4994/5276/5711 5005/5287/5722
f 5003/5285/5720 5004/5286/5721 5000/5282/5717
f 4994/5276/5711 4995/5277/5712 5006/5288/5723
f 5006/5288/5723 5005/5287/5722 4994/5276/5711
f 4979/5261/5692 5006/5288/5723 4995/5277/5712
f 4995/5277/5712 4976/5258/5689 4979/5261/5692
f 5010/5292/5728 5009/5291/5727 5003/5285/5720
f 5003/5285/5720 5002/5284/5719 5010/5292/5728
f 5009/5291/5727 5010/5292/5728 4956/5238/5662
f 4956/5238/5662 4954/5236/5660 5009/5291/5727
f 5011/5293/5729 5010/5292/5728 5002/5284/5719
f 5002/5284/5719 4999/5281/5716 5011/5293/5729
f 4999/5281/5716 5002/5284/5719 4997/5279/5714
f 4960/5242/5730 4958/5240/5731 5011/5293/5729
f 5011/5293/5729 5012/5294/5732 4960/5242/5730
f 4999/5281/5716 4998/5280/5715 5012/5294/5732
f 5012/5294/5732 5011/5293/5729 4999/5281/5716
f 4958/5240/5731 4956/5238/5662 5010/5292/5728
f 5010/5292/5728 5011/5293/5729 4958/5240/5731
f 4942/5224/5648 4965/5247/5671 4974/5256/5686
f 4974/5256/5686 4959/5241/5685 4961/5243/5667
f 4961/5243/5667 5013/5295/5733 4974/5256/5686
f 5013/5295/5733 4942/5224/5648 4974/5256/5686
f 4943/5225/5649 4942/5224/5648 5013/5295/5733
f 4939/5221/5734 5014/5296/5735 5015/5297/5736
f 5015/5297/5736 4937/5219/5643 4939/5221/5734
f 4943/5225/5649 5016/5298/5737 5017/5299/5738
f 5017/5299/5738 4941/5223/5647 4943/5225/5649
f 5014/5296/5735 5018/5300/5739 5019/5301/5740
f 5019/5301/5740 5015/5297/5741 5014/5296/5735
f 5016/5298/5737 5020/5302/5742 5021/5303/5743
f 5021/5303/5743 5017/5299/5738 5016/5298/5737
f 5019/5301/5740 4935/5217/5641 4934/5216/5640
f 4934/5216/5640 5015/5297/5741 5019/5301/5740
f 5015/5297/5736 4934/5216/5640 4933/5215/5639
f 4933/5215/5639 4937/5219/5643 5015/5297/5736
f 4941/5223/5647 5017/5299/5738 5014/5296/5735
f 5014/5296/5735 4939/5221/5734 4941/5223/5647
f 5021/5303/5743 5018/5300/5739 5014/5296/5735
f 5014/5296/5735 5017/5299/5738 5021/5303/5743
f 5022/5304/5744 5023/5305/5745 5013/5295/5733
f 5013/5295/5733 4961/5243/5667 5022/5304/5744
f 5016/5298/5746 4943/5225/5649 5013/5295/5733
f 5013/5295/5733 5023/5305/5745 5016/5298/5746
f 4961/5243/5667 4960/5242/5666 5022/5304/5744
f 5016/5298/5737 5023/5305/5747 5020/5302/5742
f 4924/5206/5630 4810/5092/5489 4812/5094/5626
f 4812/5094/5626 4925/5207/5684 4924/5206/5630
