# Blender 5.1.2
# www.blender.org
mtllib right_controller.mtl
o r_0all
v 0.001616 0.009022 -0.077441
v -0.002079 0.008726 -0.076988
v -0.001916 0.008895 -0.075970
v 0.001676 0.009183 -0.076408
v 0.027791 0.005109 -0.067505
v 0.024787 0.006307 -0.070282
v 0.024198 0.006544 -0.069450
v 0.027117 0.005380 -0.066751
v 0.035381 -0.003817 -0.047598
v 0.035307 -0.002183 -0.051173
v 0.034423 -0.001707 -0.050877
v 0.034495 -0.003296 -0.047402
v 0.030311 0.003771 -0.064447
v 0.029567 0.004079 -0.063779
v 0.032314 0.002337 -0.061208
v 0.031514 0.002685 -0.060630
v 0.033794 0.000852 -0.057885
v 0.032952 0.001242 -0.057401
v 0.034773 -0.000641 -0.054571
v 0.033904 -0.000209 -0.054179
v 0.017723 -0.015301 -0.023435
v 0.021242 -0.014406 -0.025205
v 0.020752 -0.013588 -0.025637
v 0.017332 -0.014458 -0.023917
v 0.014085 -0.015988 -0.022128
v 0.013796 -0.015125 -0.022646
v 0.010475 -0.016463 -0.021280
v 0.010286 -0.015587 -0.021822
v 0.030245 -0.010503 -0.033259
v 0.032363 -0.008902 -0.036646
v 0.031561 -0.008238 -0.036757
v 0.029503 -0.009794 -0.033465
v 0.033934 -0.007221 -0.040235
v 0.033088 -0.006605 -0.040246
v 0.034936 -0.005510 -0.043921
v 0.034062 -0.004942 -0.043828
v 0.021366 0.007323 -0.072684
v 0.020872 0.007532 -0.071785
v 0.017618 0.008127 -0.074639
v 0.017230 0.008313 -0.073685
v 0.013654 0.008699 -0.076098
v 0.013377 0.008869 -0.075103
v 0.005544 0.009134 -0.077478
v 0.005495 0.009291 -0.076444
v 0.009591 0.009032 -0.077041
v 0.009428 0.009193 -0.076020
v 0.027633 -0.011977 -0.030175
v 0.026964 -0.011227 -0.030468
v 0.024596 -0.013290 -0.027468
v 0.024012 -0.012503 -0.027836
v 0.001715 0.007163 -0.077384
v -0.001869 0.006854 -0.076949
v 0.020922 -0.006148 -0.071391
v 0.022101 -0.011706 -0.069424
v 0.020667 -0.010982 -0.070788
v 0.027414 -0.018744 -0.054911
v 0.027377 -0.017628 -0.057352
v 0.023834 -0.012842 -0.067244
v 0.025207 -0.014096 -0.064911
v 0.026245 -0.015305 -0.062488
v 0.026966 -0.016405 -0.060047
v 0.014408 -0.027203 -0.037114
v 0.017000 -0.026544 -0.038417
v 0.011728 -0.027708 -0.036151
v 0.009134 -0.028051 -0.035538
v 0.023631 -0.023668 -0.044350
v 0.025191 -0.022489 -0.046844
v 0.026348 -0.021251 -0.049488
v 0.027086 -0.019991 -0.052203
v 0.020116 -0.002341 -0.072366
v 0.018744 0.000781 -0.073475
v 0.016705 0.003108 -0.074692
v 0.013224 0.005207 -0.076061
v 0.005394 0.007111 -0.077425
v 0.009340 0.006654 -0.077001
v 0.021707 -0.024754 -0.042078
v 0.019470 -0.025721 -0.040084
v 0.015663 -0.022956 -0.071936
v 0.018937 -0.020111 -0.070096
v 0.015811 -0.026833 -0.070622
v 0.014144 -0.026594 -0.071936
v 0.020365 -0.020922 -0.068317
v 0.017367 -0.026956 -0.069080
v 0.021508 -0.021595 -0.066614
v 0.018375 -0.027015 -0.067885
v 0.022518 -0.022040 -0.064688
v 0.019316 -0.027141 -0.066624
v 0.020081 -0.027293 -0.065342
v 0.023404 -0.022367 -0.062784
v 0.022256 -0.024745 -0.063221
v 0.025533 -0.020985 -0.058584
v 0.024109 -0.022441 -0.061006
v 0.004448 -0.031374 -0.072864
v 0.004577 -0.032768 -0.072019
v 0.003237 -0.032926 -0.071911
v 0.002979 -0.031567 -0.072673
v 0.013433 -0.031140 -0.070138
v 0.012056 -0.030839 -0.071211
v 0.014254 -0.031345 -0.069396
v 0.015032 -0.031705 -0.068409
v 0.005981 -0.031146 -0.072948
v 0.005904 -0.032698 -0.071960
v 0.007532 -0.030904 -0.072821
v 0.007026 -0.032837 -0.071728
v 0.009065 -0.030707 -0.072532
v 0.008130 -0.032998 -0.071373
v 0.004712 -0.034213 -0.070884
v 0.003590 -0.034334 -0.070765
v 0.011316 -0.033776 -0.069464
v 0.010192 -0.033455 -0.070277
v 0.009183 -0.033214 -0.070885
v 0.007664 -0.034428 -0.070256
v 0.005894 -0.034182 -0.070784
v 0.006855 -0.034244 -0.070608
v 0.004963 -0.035536 -0.069459
v 0.003977 -0.035671 -0.069314
v 0.008374 -0.034838 -0.069681
v 0.005940 -0.035371 -0.069569
v 0.006965 -0.035165 -0.069636
v 0.026863 -0.020445 -0.052211
v 0.026852 -0.020159 -0.053663
v 0.026613 -0.020257 -0.055500
v 0.026196 -0.020403 -0.057041
v 0.017662 -0.029548 -0.067075
v 0.004400 -0.030317 -0.073395
v 0.002836 -0.030767 -0.073056
v 0.006093 -0.029679 -0.073646
v 0.007898 -0.028820 -0.073737
v 0.009934 -0.027718 -0.073554
v 0.017873 -0.019463 -0.071163
v 0.012211 -0.026278 -0.073159
v 0.019564 -0.015451 -0.070695
v 0.010613 -0.030695 -0.071979
v -0.004026 0.008405 -0.076370
v -0.003881 0.008636 -0.075508
v -0.022950 0.001508 -0.060939
v -0.023794 0.001118 -0.061477
v -0.025521 -0.000516 -0.058046
v -0.024691 -0.000084 -0.057551
v -0.024557 -0.007928 -0.040404
v -0.025374 -0.008583 -0.040398
v -0.023894 -0.010068 -0.037072
v -0.023118 -0.009372 -0.037171
v -0.026513 -0.002223 -0.054356
v -0.025664 -0.001746 -0.053971
v -0.026958 -0.003915 -0.050682
v -0.026097 -0.003391 -0.050400
v -0.026885 -0.005548 -0.047110
v -0.026026 -0.004978 -0.046928
v -0.026353 -0.007088 -0.043716
v -0.025508 -0.006475 -0.043629
v -0.001004 -0.015883 -0.021773
v -0.001142 -0.016767 -0.021230
v 0.002873 -0.016867 -0.020798
v 0.002898 -0.015981 -0.021354
v 0.006798 -0.016756 -0.020834
v 0.006713 -0.015872 -0.021388
v -0.015799 -0.013233 -0.028347
v -0.016363 -0.014041 -0.027993
v -0.012941 -0.015057 -0.025590
v -0.012473 -0.014221 -0.026011
v -0.018720 -0.012069 -0.031046
v -0.019368 -0.012843 -0.030770
v -0.021171 -0.010767 -0.034020
v -0.021890 -0.011504 -0.033830
v -0.009194 -0.015861 -0.023636
v -0.008831 -0.015003 -0.024111
v -0.005218 -0.016434 -0.022173
v -0.004966 -0.015559 -0.022690
v -0.005577 0.006267 -0.076073
v -0.004301 0.006482 -0.076379
v -0.005262 0.006021 -0.076138
v -0.004144 0.006677 -0.076425
v -0.019592 -0.011644 -0.061406
v -0.020221 -0.007299 -0.062876
v -0.023052 -0.000248 -0.062143
v -0.017140 -0.022233 -0.049642
v -0.016050 -0.023328 -0.047193
v -0.018335 -0.016934 -0.059684
v -0.018141 -0.015928 -0.060965
v -0.018411 -0.018495 -0.057358
v -0.018267 -0.019928 -0.054740
v -0.017861 -0.021132 -0.052086
v 0.000709 -0.028262 -0.035524
v 0.003666 -0.028336 -0.035206
v 0.006557 -0.028254 -0.035232
v -0.010503 -0.026254 -0.040505
v -0.007982 -0.027002 -0.038736
v -0.012716 -0.025371 -0.042551
v -0.014574 -0.024385 -0.044805
v -0.022793 -0.000364 -0.062493
v -0.020978 0.001029 -0.065442
v -0.019160 -0.002525 -0.066263
v -0.017343 -0.000079 -0.068768
v -0.018434 0.002436 -0.068382
v -0.015520 0.003690 -0.070967
v -0.014911 0.001998 -0.071113
v -0.012332 0.004750 -0.073116
v -0.008880 0.005627 -0.074848
v -0.008749 0.004998 -0.074859
v -0.012034 0.003634 -0.073151
v -0.005222 -0.027595 -0.037296
v -0.002294 -0.028016 -0.036219
v -0.009658 -0.030063 -0.064583
v -0.011267 -0.026164 -0.065371
v -0.009002 -0.029445 -0.066378
v -0.013816 -0.024339 -0.062214
v -0.013561 -0.023729 -0.063347
v -0.010208 -0.030419 -0.062898
v -0.014093 -0.025143 -0.060471
v -0.010764 -0.030579 -0.061224
v -0.014247 -0.025811 -0.058319
v -0.011137 -0.030572 -0.059675
v -0.014341 -0.026278 -0.056231
v -0.013017 -0.028317 -0.056678
v -0.015120 -0.025273 -0.051365
v -0.014343 -0.026496 -0.054178
v 0.001912 -0.033050 -0.071596
v 0.001467 -0.031635 -0.072362
v -0.008131 -0.028693 -0.068145
v -0.004971 -0.032553 -0.068334
v -0.005618 -0.032940 -0.067276
v -0.006182 -0.033481 -0.066013
v -0.006657 -0.033992 -0.064557
v 0.000842 -0.033304 -0.071151
v 0.000053 -0.031702 -0.071948
v -0.000207 -0.033600 -0.070444
v -0.001393 -0.031763 -0.071307
v -0.001081 -0.034044 -0.069662
v -0.002758 -0.031927 -0.070385
v 0.002464 -0.034486 -0.070447
v -0.003185 -0.035305 -0.066889
v -0.002583 -0.034763 -0.067994
v -0.001913 -0.034532 -0.068710
v 0.000031 -0.035233 -0.068901
v 0.001564 -0.034660 -0.070062
v 0.000616 -0.034902 -0.069500
v 0.002928 -0.035723 -0.069114
v -0.000660 -0.035725 -0.068029
v 0.002016 -0.035778 -0.068884
v 0.000964 -0.035775 -0.068594
v -0.014822 -0.024554 -0.046262
v -0.014280 -0.024784 -0.044905
v -0.015208 -0.024667 -0.048073
v -0.015321 -0.024782 -0.049669
v -0.009079 -0.032398 -0.062333
v 0.001226 -0.030953 -0.072659
v -0.000245 -0.030979 -0.072206
v -0.001915 -0.030882 -0.071591
v -0.003822 -0.030431 -0.070693
v -0.016168 -0.019850 -0.061523
v -0.005847 -0.029824 -0.069675
v -0.004019 -0.032238 -0.069381
v 0.013661 -0.027542 -0.038614
v 0.016014 -0.026943 -0.039797
v 0.011228 -0.028001 -0.037739
v 0.008873 -0.028312 -0.037183
v 0.022277 -0.024254 -0.045347
v 0.023740 -0.023187 -0.047602
v 0.024903 -0.022073 -0.049965
v 0.020483 -0.025277 -0.043200
v 0.018339 -0.026181 -0.041339
v 0.023932 -0.022246 -0.058564
v 0.022621 -0.023877 -0.060480
v 0.005214 -0.035797 -0.067887
v 0.004281 -0.035917 -0.067744
v 0.006104 -0.035637 -0.067962
v 0.007204 -0.035403 -0.068051
v 0.008599 -0.035052 -0.068116
v 0.025544 -0.021243 -0.052280
v 0.025589 -0.021027 -0.053677
v 0.025215 -0.021136 -0.055668
v 0.024729 -0.021516 -0.057050
v 0.021334 -0.025766 -0.062107
v 0.019494 -0.027977 -0.063874
v 0.017063 -0.030400 -0.065668
v 0.014631 -0.032242 -0.066914
v 0.011200 -0.034127 -0.067858
v 0.001224 -0.028503 -0.037170
v 0.003909 -0.028570 -0.036882
v 0.006534 -0.028496 -0.036906
v -0.009176 -0.026682 -0.041700
v -0.006727 -0.027376 -0.040078
v -0.011411 -0.025841 -0.043661
v -0.004160 -0.027898 -0.038779
v -0.001501 -0.028281 -0.037801
v -0.009333 -0.031274 -0.058880
v -0.010857 -0.029389 -0.056510
v -0.012219 -0.027567 -0.054189
v -0.013327 -0.026101 -0.051857
v 0.003347 -0.035973 -0.067563
v 0.002398 -0.036026 -0.067332
v 0.001208 -0.036029 -0.066974
v -0.000240 -0.035929 -0.066446
v -0.013635 -0.025073 -0.047182
v -0.013104 -0.025205 -0.045611
v -0.013798 -0.025229 -0.048951
v -0.013724 -0.025538 -0.050360
v -0.007555 -0.033150 -0.061437
v -0.002137 -0.035613 -0.065600
v -0.005411 -0.034563 -0.063516
v 0.012715 -0.026884 -0.040103
v 0.014868 -0.026393 -0.041062
v 0.010535 -0.027276 -0.039362
v 0.008454 -0.027541 -0.038893
v 0.020837 -0.023960 -0.046064
v 0.022210 -0.022962 -0.048171
v 0.023294 -0.021969 -0.050301
v 0.019159 -0.024887 -0.044126
v 0.017187 -0.025723 -0.042404
v 0.022614 -0.022296 -0.058115
v 0.021458 -0.023599 -0.059704
v 0.005313 -0.034769 -0.066634
v 0.004443 -0.034864 -0.066516
v 0.006182 -0.034629 -0.066723
v 0.007243 -0.034420 -0.066795
v 0.008458 -0.034061 -0.066842
v 0.023892 -0.021208 -0.052365
v 0.023982 -0.021023 -0.053600
v 0.023745 -0.021166 -0.055489
v 0.023342 -0.021549 -0.056788
v 0.020054 -0.025459 -0.061259
v 0.018236 -0.027630 -0.062996
v 0.016015 -0.029961 -0.064766
v 0.013758 -0.031566 -0.065770
v 0.011017 -0.033101 -0.066579
v 0.001557 -0.027749 -0.038803
v 0.004068 -0.027779 -0.038604
v 0.006357 -0.027709 -0.038636
v -0.007976 -0.026273 -0.042571
v -0.005913 -0.026856 -0.041119
v -0.009966 -0.025528 -0.044281
v -0.003459 -0.027344 -0.039987
v -0.000971 -0.027623 -0.039212
v -0.008412 -0.030784 -0.058655
v -0.009928 -0.028981 -0.056335
v -0.011268 -0.027224 -0.054059
v -0.012245 -0.025828 -0.051712
v 0.003547 -0.034964 -0.066340
v 0.002691 -0.035000 -0.066153
v 0.001595 -0.034953 -0.065798
v 0.000183 -0.034928 -0.065346
v -0.011877 -0.024856 -0.047439
v -0.011417 -0.024904 -0.046202
v -0.012265 -0.024973 -0.048872
v -0.012414 -0.025243 -0.050222
v -0.006610 -0.032493 -0.060873
v -0.001559 -0.034673 -0.064579
v -0.004496 -0.033707 -0.062751
v 0.001405 0.005732 -0.077065
v -0.001888 0.005449 -0.076668
v 0.018817 -0.010938 -0.071005
v 0.019051 -0.006497 -0.071559
v 0.018311 -0.002999 -0.072455
v 0.017050 -0.000131 -0.073474
v 0.015177 0.002007 -0.074592
v 0.011979 0.003935 -0.075850
v 0.004786 0.005685 -0.077103
v 0.008411 0.005265 -0.076714
v 0.002435 -0.029115 -0.073089
v 0.003871 -0.028618 -0.073418
v 0.005396 -0.027975 -0.073656
v 0.007086 -0.027326 -0.073714
v 0.008956 -0.026314 -0.073547
v 0.014220 -0.021939 -0.072060
v 0.016250 -0.018729 -0.071350
v 0.011049 -0.024991 -0.073184
v 0.017804 -0.015044 -0.070920
v -0.005004 0.004683 -0.075917
v -0.018747 -0.007555 -0.063734
v -0.018185 -0.011551 -0.062395
v -0.016837 -0.015482 -0.061981
v -0.017782 -0.003171 -0.066855
v -0.016103 -0.000921 -0.069150
v -0.013869 0.000987 -0.071303
v -0.008208 0.003743 -0.074745
v -0.011226 0.002490 -0.073176
v -0.012629 -0.022649 -0.064169
v -0.010522 -0.024886 -0.066028
v 0.000956 -0.029286 -0.072724
v -0.000405 -0.029372 -0.072289
v -0.001930 -0.029220 -0.071743
v -0.003681 -0.028806 -0.070918
v -0.015024 -0.019085 -0.062493
v -0.007640 -0.027209 -0.068577
v -0.005517 -0.028185 -0.070021
v -0.003156 0.005153 -0.073024
v -0.003203 0.007112 -0.072128
v -0.020074 -0.001008 -0.060456
v -0.020943 0.001137 -0.065189
v -0.022742 -0.000249 -0.062255
v -0.018388 0.002561 -0.068165
v -0.017607 0.000579 -0.063793
v -0.004215 0.006575 -0.076188
v -0.005646 0.006385 -0.075847
v -0.005915 0.004836 -0.072476
v -0.008833 0.005761 -0.074653
v -0.012270 0.004888 -0.072926
v -0.008991 0.004075 -0.070977
v -0.011864 0.003159 -0.069127
v -0.015465 0.003823 -0.070768
v -0.014919 0.001973 -0.066696
v -0.020123 0.001011 -0.059532
v -0.017656 0.002583 -0.062876
v -0.005964 0.006839 -0.071560
v -0.011912 0.005153 -0.068215
v -0.009039 0.006051 -0.070073
v -0.014968 0.003974 -0.065780
v -0.020965 0.003307 -0.064632
v -0.007316 0.008187 -0.074578
v -0.011120 0.007275 -0.072857
v -0.014933 0.006109 -0.070464
v -0.018084 0.004825 -0.067802
v 0.003966 -0.027079 -0.038762
v 0.012613 -0.026184 -0.040261
v 0.010433 -0.026576 -0.039520
v 0.006255 -0.027009 -0.038794
v 0.001455 -0.027049 -0.038961
v 0.014766 -0.025693 -0.041220
v -0.001073 -0.026923 -0.039371
v 0.017085 -0.025022 -0.042562
v -0.003561 -0.026644 -0.040145
v 0.019057 -0.024187 -0.044284
v -0.006016 -0.026155 -0.041277
v 0.020735 -0.023259 -0.046222
v -0.008079 -0.025572 -0.042729
v 0.022108 -0.022262 -0.048329
v -0.010068 -0.024828 -0.044439
v 0.023192 -0.021268 -0.050460
v -0.011519 -0.024204 -0.046360
v 0.023790 -0.020507 -0.052523
v -0.011979 -0.024156 -0.047597
v 0.023880 -0.020322 -0.053758
v -0.012367 -0.024273 -0.049030
v 0.023642 -0.020466 -0.055647
v -0.012516 -0.024542 -0.050380
v 0.023240 -0.020849 -0.056946
v -0.012347 -0.025127 -0.051870
v 0.022512 -0.021596 -0.058273
v -0.011370 -0.026523 -0.054217
v 0.021356 -0.022898 -0.059862
v -0.010030 -0.028281 -0.056494
v 0.019952 -0.024759 -0.061418
v -0.008514 -0.030083 -0.058813
v 0.018134 -0.026930 -0.063154
v -0.006712 -0.031792 -0.061031
v 0.015913 -0.029261 -0.064924
v -0.004598 -0.033006 -0.062909
v 0.013656 -0.030866 -0.065928
v -0.001661 -0.033973 -0.064737
v 0.010915 -0.032400 -0.066738
v 0.000081 -0.034228 -0.065504
v 0.008356 -0.033361 -0.067000
v 0.001492 -0.034253 -0.065956
v 0.007141 -0.033719 -0.066953
v 0.002589 -0.034300 -0.066311
v 0.006079 -0.033929 -0.066881
v 0.003444 -0.034263 -0.066498
v 0.005211 -0.034069 -0.066792
v -0.053437 0.042550 -0.052542
v -0.052458 0.040870 -0.052241
v -0.057533 0.040009 -0.056495
v -0.060087 0.033158 -0.060768
v -0.051501 0.039126 -0.051958
v -0.050092 0.036239 -0.051028
v -0.059336 0.030963 -0.060478
v -0.054502 0.028145 -0.054778
v -0.049171 0.032923 -0.049939
v -0.048588 0.029664 -0.048497
v -0.050603 0.025001 -0.048623
v -0.048356 0.026525 -0.046730
v -0.049974 0.024146 -0.047199
v -0.048478 0.023563 -0.044669
v -0.049915 0.022767 -0.045972
v -0.050508 0.021368 -0.045472
v -0.062111 0.036900 -0.061552
v -0.061734 0.032104 -0.062798
v -0.065884 0.033908 -0.066577
v -0.060973 0.031326 -0.062241
v -0.061578 0.030948 -0.063006
v -0.063154 0.030933 -0.064632
v -0.065072 0.028594 -0.067809
v -0.062138 0.029826 -0.063909
v -0.062280 0.028337 -0.064375
v -0.063407 0.024344 -0.066376
v -0.062039 0.026790 -0.064269
v -0.061383 0.025382 -0.063432
v -0.062517 0.021148 -0.064796
v -0.060573 0.024660 -0.062242
v -0.062180 0.018782 -0.063357
v -0.059393 0.020389 -0.059429
v -0.061858 0.014913 -0.060440
v -0.058967 0.017145 -0.056372
v -0.056811 0.021922 -0.055761
v -0.056701 0.018947 -0.053544
v -0.062129 0.012173 -0.057854
v -0.058999 0.014689 -0.053360
v -0.056733 0.016463 -0.050864
v -0.062810 0.009375 -0.054460
v -0.059419 0.012123 -0.049829
v -0.056102 0.014433 -0.046051
v -0.069332 0.030734 -0.072044
v -0.071991 0.027894 -0.077046
v -0.066962 0.026862 -0.071117
v -0.069517 0.024090 -0.076008
v -0.074253 0.024795 -0.082656
v -0.071850 0.021050 -0.081485
v -0.076392 0.010715 -0.100957
v -0.078647 0.014272 -0.102541
v -0.077817 0.017803 -0.095709
v -0.075472 0.014187 -0.094266
v -0.076282 0.021442 -0.088837
v -0.073902 0.017753 -0.087546
v -0.076595 0.007166 -0.107985
v -0.079108 0.010629 -0.109690
v -0.075091 0.000567 -0.121511
v -0.077417 0.003850 -0.123623
v -0.078695 0.007249 -0.116531
v -0.076144 0.003897 -0.114615
v -0.071845 -0.004799 -0.133016
v -0.074219 -0.001631 -0.135347
v -0.076035 0.000978 -0.129693
v -0.073493 -0.002206 -0.127438
v -0.069236 -0.007426 -0.138905
v -0.071728 -0.004372 -0.141433
v -0.065053 -0.009471 -0.153261
v -0.068576 -0.007115 -0.147687
v -0.066254 -0.010156 -0.145088
v -0.062747 -0.012413 -0.150468
v -0.060888 -0.011761 -0.158864
v -0.058757 -0.014686 -0.155992
v -0.054163 -0.016794 -0.161338
v -0.056179 -0.013926 -0.164354
v -0.051630 -0.015622 -0.168868
v -0.049650 -0.018447 -0.165759
v -0.044434 -0.020094 -0.170340
v -0.046238 -0.017269 -0.173493
v -0.040223 -0.018809 -0.178065
v -0.038495 -0.021525 -0.174672
v -0.032690 -0.022676 -0.178411
v -0.034228 -0.019911 -0.181753
v -0.026220 -0.023672 -0.182007
v -0.027542 -0.020890 -0.185371
v -0.014604 -0.021904 -0.190618
v -0.021345 -0.021504 -0.188139
v -0.020115 -0.024223 -0.184630
v -0.013454 -0.024601 -0.187027
v -0.006195 -0.024052 -0.189919
v -0.006971 -0.022069 -0.192852
v -0.000730 -0.021923 -0.194108
v -0.002760 -0.023372 -0.191502
v 0.000075 -0.023186 -0.192530
v 0.006754 -0.021465 -0.195388
v 0.003926 -0.022848 -0.193524
v 0.007320 -0.022514 -0.194018
v 0.012659 -0.021719 -0.194629
v 0.012490 -0.020963 -0.195853
v 0.003649 -0.023691 -0.192162
v 0.006024 -0.023762 -0.192219
v 0.010195 -0.023320 -0.192730
v 0.008322 -0.024141 -0.191845
v 0.010414 -0.024888 -0.191059
v 0.013509 -0.023948 -0.191785
v 0.013078 -0.022697 -0.193157
v 0.012175 -0.026012 -0.189977
v 0.014041 -0.025328 -0.190517
v 0.014511 -0.026923 -0.189209
v 0.013548 -0.027486 -0.188751
v 0.017786 -0.025664 -0.190236
v 0.016862 -0.024157 -0.191598
v 0.014734 -0.028278 -0.188153
v 0.014511 -0.029246 -0.187527
v 0.019464 -0.030838 -0.186827
v 0.019095 -0.028888 -0.187919
v 0.015139 -0.031367 -0.186328
v 0.015239 -0.032938 -0.185604
v 0.019641 -0.032888 -0.185878
v 0.015955 -0.038146 -0.184038
v 0.012837 -0.040173 -0.183560
v 0.015212 -0.042304 -0.183489
v 0.009760 -0.042887 -0.183071
v 0.009885 -0.044025 -0.183057
v 0.015723 -0.045352 -0.183536
v 0.010044 -0.046027 -0.183060
v 0.005195 -0.044139 -0.182419
v 0.003362 -0.046339 -0.182181
v 0.014959 -0.021401 -0.194828
v 0.014812 -0.020755 -0.195987
v 0.000944 -0.043693 -0.181697
v -0.003933 -0.046546 -0.180612
v -0.003468 -0.043114 -0.180698
v -0.002842 -0.041781 -0.181012
v -0.011279 -0.041822 -0.178454
v -0.011238 -0.046375 -0.178451
v -0.018281 -0.045956 -0.175861
v -0.017968 -0.041524 -0.175990
v -0.024033 -0.040928 -0.173292
v -0.030534 -0.039990 -0.169802
v -0.031164 -0.044359 -0.169467
v -0.024455 -0.045318 -0.173050
v -0.036351 -0.038822 -0.166023
v -0.037101 -0.043224 -0.165726
v -0.042203 -0.037452 -0.161834
v -0.047514 -0.035762 -0.157139
v -0.048500 -0.040072 -0.156601
v -0.042869 -0.041768 -0.161385
v -0.052035 -0.034096 -0.152692
v -0.056587 -0.031979 -0.147336
v -0.057898 -0.036278 -0.146696
v -0.053114 -0.038392 -0.152102
v -0.065351 -0.031525 -0.135363
v -0.061971 -0.033919 -0.140978
v -0.060614 -0.029711 -0.141811
v -0.064000 -0.027410 -0.136383
v -0.068617 -0.028796 -0.129109
v -0.067183 -0.024733 -0.130252
v -0.069704 -0.022087 -0.124351
v -0.071163 -0.026087 -0.123075
v -0.072985 -0.023486 -0.117435
v -0.071531 -0.019538 -0.118815
v -0.073916 -0.013381 -0.105946
v -0.075682 -0.017226 -0.104283
v -0.074585 -0.020652 -0.111388
v -0.072924 -0.016730 -0.112867
v -0.074222 -0.006564 -0.092280
v -0.075799 -0.010186 -0.090220
v -0.076110 -0.013837 -0.097420
v -0.074434 -0.010118 -0.099310
v -0.073223 -0.003024 -0.076585
v -0.074713 -0.006643 -0.083428
v -0.073257 -0.003101 -0.085618
v -0.071786 0.000463 -0.078880
v -0.068898 0.003405 -0.064845
v -0.071150 0.000341 -0.070393
v -0.069767 0.003777 -0.072776
v -0.067554 0.006800 -0.067300
v -0.066256 0.006274 -0.059784
v -0.064918 0.009589 -0.062398
v -0.053258 0.016264 -0.043109
v -0.053326 0.018039 -0.046016
v -0.053357 0.018853 -0.047350
v -0.053954 0.019212 -0.048854
v -0.052651 0.019084 -0.046366
v -0.049359 0.019732 -0.041474
v -0.050005 0.018260 -0.040084
v -0.052206 0.018542 -0.044600
v -0.048846 0.021338 -0.042869
v -0.051512 0.020043 -0.045583
v -0.005400 -0.026951 -0.187187
v -0.012566 -0.028164 -0.183790
v -0.006524 -0.028596 -0.185496
v -0.007147 -0.030561 -0.183917
v -0.012089 -0.031258 -0.181941
v -0.007286 -0.032601 -0.182679
v -0.011691 -0.034612 -0.180358
v -0.007065 -0.034585 -0.181797
v -0.006514 -0.036588 -0.181198
v -0.011391 -0.038123 -0.179106
v -0.018335 -0.032601 -0.178657
v -0.017937 -0.037823 -0.176652
v -0.024265 -0.032020 -0.175980
v -0.023936 -0.037249 -0.174013
v -0.030584 -0.031045 -0.172462
v -0.036247 -0.029882 -0.168733
v -0.036058 -0.035135 -0.166777
v -0.030349 -0.036314 -0.170551
v -0.042136 -0.028523 -0.164555
v -0.047184 -0.026921 -0.160103
v -0.047072 -0.032137 -0.158054
v -0.041954 -0.033780 -0.162607
v -0.051618 -0.025257 -0.155680
v -0.056126 -0.023215 -0.150488
v -0.056084 -0.028408 -0.148376
v -0.051580 -0.030487 -0.153642
v -0.060023 -0.026151 -0.142894
v -0.060048 -0.020985 -0.145065
v -0.063452 -0.018776 -0.139813
v -0.063397 -0.023901 -0.137570
v -0.066614 -0.016151 -0.133793
v -0.066580 -0.021258 -0.131507
v -0.072445 -0.008284 -0.116691
v -0.072441 -0.013363 -0.114309
v -0.070941 -0.016141 -0.120220
v -0.070877 -0.011038 -0.122537
v -0.069048 -0.018639 -0.125673
v -0.069054 -0.013546 -0.127991
v -0.073731 -0.001822 -0.103483
v -0.073740 -0.006830 -0.100961
v -0.073353 -0.010064 -0.107506
v -0.073378 -0.005027 -0.109970
v -0.073486 0.001663 -0.096606
v -0.073512 -0.003324 -0.094029
v -0.071106 0.008568 -0.083434
v -0.071113 0.003625 -0.080774
v -0.072606 0.000098 -0.087433
v -0.072622 0.005065 -0.090041
v -0.066753 0.014797 -0.072088
v -0.066910 0.009906 -0.069300
v -0.069166 0.006905 -0.074720
v -0.069008 0.011821 -0.077475
v -0.064275 0.012652 -0.064483
v -0.064246 0.017151 -0.067059
v -0.005616 -0.038528 -0.180887
v -0.004380 -0.040292 -0.180844
v -0.065218 0.022535 -0.069594
v -0.067779 0.019793 -0.074422
v -0.072027 0.013535 -0.085839
v -0.070009 0.016800 -0.079832
v -0.073470 0.010029 -0.092470
v -0.074502 0.006602 -0.099042
v -0.074670 0.003116 -0.105951
v -0.074325 -0.000098 -0.112444
v -0.073245 -0.003359 -0.119214
v -0.070051 -0.008664 -0.130585
v -0.071719 -0.006110 -0.125079
v -0.067452 -0.011243 -0.136375
v -0.064458 -0.013924 -0.142465
v -0.061022 -0.016143 -0.147744
v -0.057110 -0.018385 -0.153189
v -0.052594 -0.020456 -0.158444
v -0.048104 -0.022080 -0.162800
v -0.043049 -0.023724 -0.167336
v -0.037157 -0.025116 -0.171580
v -0.031461 -0.026277 -0.175314
v -0.025101 -0.027259 -0.178855
v -0.019069 -0.027777 -0.181392
v 0.020695 -0.045034 -0.184400
v 0.018810 -0.045488 -0.184102
v 0.018760 -0.045751 -0.184679
v 0.020536 -0.045225 -0.184965
v 0.022183 -0.044662 -0.185462
v 0.022350 -0.044478 -0.184925
v 0.024146 -0.043817 -0.186276
v 0.024278 -0.043627 -0.185798
v 0.025726 -0.042734 -0.187444
v 0.025931 -0.042567 -0.186935
v 0.027250 -0.041248 -0.188909
v 0.027452 -0.041078 -0.188389
v 0.028386 -0.039492 -0.190605
v 0.028627 -0.039207 -0.190137
v 0.028488 -0.038843 -0.189645
v 0.029272 -0.037201 -0.191703
v 0.029194 -0.036939 -0.191194
v 0.029096 -0.037499 -0.192155
v 0.029274 -0.035189 -0.193629
v 0.029494 -0.034975 -0.193180
v 0.029309 -0.032683 -0.194362
v 0.029038 -0.032884 -0.194794
v 0.028748 -0.030406 -0.195199
v 0.028429 -0.030574 -0.195724
v 0.027736 -0.028030 -0.195831
v 0.027478 -0.028401 -0.196366
v 0.026196 -0.025699 -0.196364
v 0.025882 -0.026052 -0.196831
v 0.024342 -0.023869 -0.196536
v 0.024182 -0.024226 -0.197041
v 0.022295 -0.022381 -0.196572
v 0.022161 -0.022690 -0.197095
v 0.020379 -0.021543 -0.196529
v 0.020191 -0.021825 -0.197028
v 0.017981 -0.020878 -0.196553
v 0.017887 -0.021194 -0.197022
v 0.016329 -0.020716 -0.196555
v 0.016262 -0.021078 -0.197050
v 0.020708 -0.044570 -0.184053
v 0.018938 -0.044997 -0.183789
v 0.025861 -0.042245 -0.186512
v 0.024233 -0.043226 -0.185400
v 0.027294 -0.040810 -0.187923
v 0.022353 -0.044050 -0.184530
v 0.026382 -0.037185 -0.187499
v 0.027015 -0.034379 -0.189052
v 0.029497 -0.034688 -0.192718
v 0.026883 -0.031642 -0.190413
v 0.029308 -0.032528 -0.193828
v 0.028713 -0.030275 -0.194588
v 0.026267 -0.029219 -0.191577
v 0.025244 -0.027187 -0.192580
v 0.027638 -0.027766 -0.195267
v 0.023633 -0.024995 -0.193489
v 0.025944 -0.025441 -0.195682
v 0.024255 -0.023619 -0.196080
v 0.021892 -0.023249 -0.194257
v 0.022079 -0.022207 -0.196082
v 0.020931 -0.022558 -0.194605
v 0.020355 -0.021397 -0.196039
v 0.019201 -0.021874 -0.194842
v 0.017986 -0.020818 -0.196024
v 0.017520 -0.021310 -0.195040
v 0.016378 -0.020709 -0.196033
v 0.016217 -0.021311 -0.194928
v 0.024984 -0.039582 -0.186003
v 0.023328 -0.041360 -0.184940
v 0.021423 -0.042801 -0.184122
v 0.019553 -0.042909 -0.183733
v 0.017811 -0.042773 -0.183632
v 0.018838 -0.040554 -0.183766
v 0.019313 -0.038023 -0.184260
v 0.019652 -0.035202 -0.185020
v 0.022145 -0.038530 -0.184775
v 0.023096 -0.035849 -0.185752
v 0.023359 -0.033120 -0.186865
v 0.023228 -0.030891 -0.187931
v 0.015549 -0.034676 -0.184943
v 0.022736 -0.028756 -0.189076
v 0.021899 -0.026781 -0.190263
v 0.018603 -0.027254 -0.189008
v 0.019272 -0.023467 -0.192781
v 0.020720 -0.024976 -0.191567
v 0.017855 -0.022415 -0.193591
v 0.016115 -0.023202 -0.192624
v 0.016862 -0.022018 -0.193998
v 0.015413 -0.022233 -0.193703
v 0.021031 -0.040742 -0.184162
v 0.014786 -0.021098 -0.197037
v 0.014774 -0.020820 -0.196480
v 0.012460 -0.021332 -0.196925
v 0.012467 -0.021054 -0.196372
v -0.053879 0.042863 -0.052402
v -0.058141 0.040324 -0.056400
v -0.058624 0.040419 -0.056091
v -0.054628 0.042853 -0.052311
v -0.051789 0.043905 -0.050576
v -0.052108 0.044081 -0.050085
v -0.062646 0.037232 -0.061458
v -0.063177 0.037305 -0.061181
v -0.066477 0.034234 -0.066480
v -0.066997 0.034290 -0.066240
v -0.069909 0.031073 -0.071926
v -0.070398 0.031128 -0.071695
v -0.072563 0.028208 -0.076976
v -0.075448 0.025124 -0.082407
v -0.074890 0.025105 -0.082584
v -0.076886 0.021726 -0.088822
v -0.077492 0.021738 -0.088647
v -0.073034 0.028246 -0.076783
v -0.079111 0.018054 -0.095588
v -0.078481 0.018062 -0.095729
v -0.079344 0.014513 -0.102588
v -0.079946 0.014477 -0.102510
v -0.080301 0.010756 -0.109840
v -0.079727 0.010824 -0.109848
v -0.078621 0.003900 -0.123925
v -0.079777 0.007372 -0.116716
v -0.079256 0.007445 -0.116701
v -0.078021 0.004015 -0.123847
v -0.075190 -0.001589 -0.135723
v -0.077081 0.001033 -0.130025
v -0.076555 0.001146 -0.129930
v -0.074709 -0.001468 -0.135602
v -0.072647 -0.004348 -0.141858
v -0.072196 -0.004223 -0.141720
v -0.069000 -0.006966 -0.147985
v -0.069450 -0.007129 -0.148197
v -0.065502 -0.009352 -0.153614
v -0.065835 -0.009481 -0.153788
v -0.061348 -0.011694 -0.159317
v -0.061730 -0.011895 -0.159622
v -0.051974 -0.015517 -0.169273
v -0.052340 -0.015715 -0.169578
v -0.056948 -0.014018 -0.165045
v -0.056576 -0.013830 -0.164765
v -0.040899 -0.019004 -0.178968
v -0.040569 -0.018751 -0.178562
v -0.034566 -0.019897 -0.182343
v -0.034860 -0.020149 -0.182755
v -0.028043 -0.021087 -0.186341
v -0.027822 -0.020860 -0.185944
v -0.021569 -0.021456 -0.188689
v -0.021790 -0.021724 -0.189170
v -0.014794 -0.021874 -0.191210
v -0.014967 -0.022140 -0.191699
v -0.001037 -0.021974 -0.194838
v 0.006650 -0.021543 -0.195895
v 0.006508 -0.021821 -0.196413
v -0.001277 -0.022234 -0.195298
v -0.007630 -0.022333 -0.193912
v -0.007326 -0.022108 -0.193538
v -0.051514 0.043518 -0.050839
v -0.050304 0.044443 -0.049000
v -0.050434 0.044509 -0.048247
v -0.048421 0.044747 -0.046319
v -0.049300 0.044636 -0.047711
v -0.048889 0.044729 -0.046170
v -0.047752 0.044468 -0.043876
v -0.047347 0.044451 -0.044327
v -0.046762 0.043740 -0.041596
v -0.046227 0.043785 -0.042061
v -0.045326 0.042360 -0.039275
v -0.045817 0.042132 -0.038779
v -0.044803 0.040416 -0.037041
v -0.045262 0.040427 -0.036854
v -0.044335 0.038158 -0.035273
v -0.044870 0.038135 -0.035143
v -0.044022 0.035185 -0.033874
v -0.044525 0.035169 -0.033768
v -0.043928 0.031711 -0.033153
v -0.044440 0.031684 -0.033055
v -0.044581 0.028616 -0.033104
v -0.044073 0.028494 -0.033279
v -0.045084 0.025495 -0.033852
v -0.044637 0.025320 -0.034023
v -0.046009 0.023036 -0.034939
v -0.045545 0.023013 -0.035095
v -0.047175 0.021176 -0.036149
v -0.046728 0.020993 -0.036422
v -0.047772 0.019833 -0.037436
v -0.048293 0.019974 -0.037121
v -0.048862 0.018967 -0.038364
v -0.049314 0.019144 -0.037978
v -0.050049 0.044115 -0.049374
v -0.048938 0.044362 -0.048037
v -0.047800 0.044253 -0.046572
v -0.048083 0.044635 -0.046496
v -0.047058 0.044339 -0.044656
v -0.046945 0.044015 -0.044970
v -0.045062 0.042267 -0.039748
v -0.045965 0.043573 -0.042362
v -0.044422 0.040322 -0.037361
v -0.043899 0.038008 -0.035689
v -0.043589 0.035103 -0.034177
v -0.043401 0.034799 -0.034915
v -0.043505 0.031613 -0.033472
v -0.043293 0.031606 -0.034227
v -0.043740 0.037749 -0.036283
v -0.044203 0.039999 -0.037942
v -0.044910 0.041936 -0.040190
v -0.045847 0.043320 -0.042636
v -0.047025 0.042529 -0.046427
v -0.048709 0.043400 -0.048298
v -0.048947 0.041880 -0.049165
v -0.047470 0.041007 -0.047799
v -0.049913 0.042015 -0.050031
v -0.049820 0.042896 -0.049679
v -0.049498 0.040427 -0.050065
v -0.050167 0.040904 -0.050502
v -0.051234 0.042008 -0.051115
v -0.050880 0.040988 -0.051102
v -0.050379 0.040115 -0.050873
v -0.049442 0.038496 -0.050324
v -0.047817 0.035386 -0.048861
v -0.048548 0.036882 -0.049609
v -0.047468 0.037926 -0.048435
v -0.048581 0.039390 -0.049401
v -0.046112 0.039796 -0.046331
v -0.045645 0.041530 -0.044443
v -0.046793 0.031554 -0.047073
v -0.047257 0.033583 -0.048065
v -0.045804 0.034451 -0.046393
v -0.046535 0.036326 -0.047434
v -0.044106 0.036446 -0.043445
v -0.044979 0.038234 -0.044880
v -0.043656 0.038141 -0.040703
v -0.044551 0.040129 -0.042565
v -0.046564 0.029500 -0.046038
v -0.046573 0.027458 -0.044979
v -0.046815 0.025463 -0.043916
v -0.045583 0.026083 -0.042398
v -0.045189 0.028255 -0.043315
v -0.046266 0.023992 -0.041584
v -0.047272 0.023547 -0.042862
v -0.044920 0.024652 -0.039265
v -0.044011 0.027093 -0.039602
v -0.046174 0.022364 -0.039184
v -0.047190 0.022009 -0.040879
v -0.045697 0.022531 -0.037957
v -0.044307 0.025048 -0.037092
v -0.046685 0.021373 -0.038667
v -0.047642 0.020538 -0.039491
v -0.046272 0.021161 -0.036799
v -0.047350 0.020027 -0.037779
v -0.048586 0.019061 -0.038842
v -0.048271 0.020222 -0.040249
v -0.047921 0.021729 -0.041821
v -0.045293 0.022661 -0.036043
v -0.044209 0.025215 -0.034876
v -0.043414 0.027833 -0.036951
v -0.043533 0.028347 -0.034227
v -0.042941 0.030706 -0.037266
v -0.042872 0.033529 -0.038055
v -0.043156 0.036171 -0.039304
v -0.044327 0.025290 -0.034229
v -0.045351 0.022786 -0.035381
v -0.043731 0.028408 -0.033606
v -0.043341 0.032115 -0.041125
v -0.043478 0.029611 -0.040223
v -0.045105 0.030455 -0.044326
v -0.043590 0.034513 -0.042285
v -0.045337 0.032628 -0.045405
v -0.051022 0.018055 -0.039452
v -0.050513 0.017963 -0.039754
v 0.015737 -0.045877 -0.183861
v 0.009983 -0.046492 -0.183333
v 0.009765 -0.046791 -0.183875
v 0.015600 -0.046230 -0.184439
v 0.003046 -0.046798 -0.182534
v 0.002848 -0.047099 -0.182946
v -0.003966 -0.046970 -0.181021
v -0.004110 -0.047252 -0.181479
v -0.011331 -0.046886 -0.178807
v -0.011447 -0.047120 -0.179279
v -0.018475 -0.046484 -0.176223
v -0.024682 -0.045834 -0.173380
v -0.024918 -0.046076 -0.173804
v -0.018662 -0.046711 -0.176630
v -0.037778 -0.043982 -0.166426
v -0.037309 -0.043655 -0.165890
v -0.043105 -0.042239 -0.161623
v -0.043500 -0.042505 -0.162056
v -0.049204 -0.040706 -0.157047
v -0.048760 -0.040501 -0.156750
v -0.053478 -0.038843 -0.152270
v -0.053837 -0.039014 -0.152521
v -0.058627 -0.036897 -0.147106
v -0.058294 -0.036738 -0.146873
v -0.062351 -0.034318 -0.141038
v -0.062763 -0.034474 -0.141246
v -0.065804 -0.031939 -0.135435
v -0.066334 -0.032115 -0.135653
v -0.069001 -0.029173 -0.129123
v -0.069502 -0.029308 -0.129267
v -0.073327 -0.023826 -0.117387
v -0.073971 -0.023967 -0.117507
v -0.072039 -0.026573 -0.123184
v -0.071490 -0.026433 -0.123041
v -0.074973 -0.020983 -0.111309
v -0.075441 -0.021062 -0.111350
v -0.076130 -0.017547 -0.104170
v -0.076648 -0.017623 -0.104193
v -0.076619 -0.014142 -0.097260
v -0.077148 -0.014189 -0.097224
v -0.076319 -0.010464 -0.090004
v -0.076834 -0.010484 -0.089915
v -0.074372 -0.003253 -0.076113
v -0.075947 -0.006921 -0.083033
v -0.075333 -0.006911 -0.083165
v -0.073772 -0.003270 -0.076296
v -0.069922 0.003226 -0.064307
v -0.072339 0.000138 -0.069861
v -0.071732 0.000115 -0.070056
v -0.069387 0.003188 -0.064515
v -0.055361 0.015038 -0.044387
v -0.055851 0.015155 -0.044032
v -0.059706 0.012083 -0.049195
v -0.060017 0.012197 -0.048890
v -0.063661 0.009361 -0.053636
v -0.067281 0.006133 -0.059170
v -0.066788 0.006077 -0.059403
v -0.063226 0.009277 -0.053912
v -0.031430 -0.044837 -0.169712
v -0.046600 -0.017207 -0.173981
v 0.000913 -0.024018 -0.191481
v -0.001613 -0.024650 -0.190355
v -0.003768 -0.025636 -0.188855
v 0.014690 -0.036707 -0.184320
v -0.046925 -0.017426 -0.174337
v -0.031780 -0.045124 -0.170197
v -0.024443 -0.033766 -0.193123
v -0.023096 -0.043242 -0.188240
v -0.030351 -0.042523 -0.184935
v -0.031638 -0.032992 -0.189725
v -0.015028 -0.043654 -0.191140
v -0.016375 -0.034215 -0.196098
v -0.008276 -0.039222 -0.195843
v -0.007595 -0.043894 -0.193259
v -0.037629 -0.041491 -0.181005
v -0.038968 -0.031993 -0.185845
v -0.050247 -0.038720 -0.172233
v -0.051590 -0.029214 -0.177057
v -0.045330 -0.030790 -0.181808
v -0.043849 -0.040264 -0.176957
v -0.056664 -0.036879 -0.166913
v -0.057936 -0.027373 -0.171755
v -0.066995 -0.032560 -0.155653
v -0.068407 -0.023126 -0.160600
v -0.063376 -0.025383 -0.166390
v -0.061806 -0.034967 -0.161706
v -0.081935 -0.021156 -0.129099
v -0.083027 -0.011824 -0.134334
v -0.080573 -0.014748 -0.140786
v -0.079334 -0.024256 -0.135941
v -0.084195 -0.018139 -0.122511
v -0.085451 -0.008642 -0.127375
v -0.088683 0.001928 -0.105504
v -0.087526 -0.007732 -0.100939
v -0.087062 -0.003598 -0.092831
v -0.088338 0.005765 -0.097955
v -0.085750 -0.014866 -0.115707
v -0.087084 -0.005321 -0.120343
v -0.086929 -0.011108 -0.108495
v -0.088201 -0.001793 -0.113034
v -0.082155 0.008055 -0.070904
v -0.083525 0.017624 -0.075595
v -0.085844 0.013812 -0.082583
v -0.084560 0.004267 -0.077822
v -0.079574 0.011579 -0.064556
v -0.080903 0.021073 -0.069406
v -0.069919 0.031201 -0.052081
v -0.068775 0.021635 -0.047329
v -0.063751 0.024982 -0.041962
v -0.065166 0.034472 -0.046804
v -0.076371 0.015016 -0.058542
v -0.077816 0.024379 -0.063625
v -0.086085 0.000412 -0.085102
v -0.087357 0.010010 -0.089760
v -0.075430 -0.027315 -0.143036
v -0.076810 -0.017898 -0.148027
v -0.072824 -0.020612 -0.154457
v -0.071616 -0.029957 -0.149280
v -0.072666 0.018420 -0.052724
v -0.074084 0.027862 -0.057655
v -0.059185 0.027785 -0.037266
v -0.058346 0.033314 -0.038590
v -0.059609 0.038100 -0.041443
v -0.022957 -0.043727 -0.187752
v -0.030203 -0.043036 -0.184505
v -0.007491 -0.044411 -0.192910
v -0.014848 -0.044210 -0.190805
v -0.037305 -0.042052 -0.180716
v -0.043634 -0.040777 -0.176543
v -0.050033 -0.039231 -0.171817
v -0.056421 -0.037381 -0.166486
v -0.061490 -0.035390 -0.161248
v -0.066722 -0.033092 -0.155291
v -0.081612 -0.021717 -0.128810
v -0.083913 -0.018660 -0.122132
v -0.087208 -0.008276 -0.100615
v -0.086739 -0.004160 -0.092542
v -0.085421 -0.015451 -0.115366
v -0.086541 -0.011877 -0.108194
v -0.081832 0.007494 -0.070614
v -0.079300 0.010992 -0.064305
v -0.068529 0.021011 -0.047145
v -0.063534 0.024344 -0.041800
v -0.076071 0.014419 -0.058317
v -0.085762 -0.000149 -0.084813
v -0.071344 -0.030488 -0.148917
v -0.075156 -0.027839 -0.142659
v -0.084259 0.003669 -0.077601
v -0.072405 0.017784 -0.052567
v -0.058941 0.027295 -0.037116
v -0.079011 -0.024818 -0.135651
v -0.019276 -0.046978 -0.178301
v -0.025759 -0.046295 -0.175344
v -0.004713 -0.047497 -0.183048
v -0.012015 -0.047393 -0.180879
v -0.032752 -0.045374 -0.171651
v -0.038809 -0.044179 -0.167735
v -0.044656 -0.042776 -0.163346
v -0.050403 -0.041012 -0.158352
v -0.055212 -0.039249 -0.153701
v -0.060108 -0.037029 -0.148274
v -0.073714 -0.026697 -0.123846
v -0.075784 -0.023893 -0.118029
v -0.079155 -0.013803 -0.097481
v -0.078829 -0.010091 -0.089990
v -0.077571 -0.020897 -0.111855
v -0.078716 -0.017362 -0.104573
v -0.074153 0.000659 -0.069551
v -0.071585 0.003778 -0.063871
v -0.061518 0.012933 -0.048117
v -0.057170 0.015908 -0.043318
v -0.068847 0.006734 -0.058564
v -0.077839 -0.006569 -0.082929
v -0.064326 -0.034630 -0.142321
v -0.067946 -0.032184 -0.136518
v -0.076238 -0.002716 -0.075879
v -0.065182 0.010048 -0.052913
v -0.052387 0.018707 -0.038686
v -0.071206 -0.029449 -0.130129
v -0.031557 -0.032296 -0.189779
v -0.024402 -0.033038 -0.193103
v -0.016426 -0.033551 -0.196182
v -0.008882 -0.033639 -0.198303
v -0.008949 -0.034333 -0.198249
v -0.038909 -0.031324 -0.185948
v -0.051475 -0.028568 -0.177219
v -0.045241 -0.030126 -0.181929
v -0.057839 -0.026674 -0.171808
v -0.068206 -0.022470 -0.160766
v -0.063240 -0.024701 -0.166487
v -0.082882 -0.011217 -0.134582
v -0.080390 -0.014168 -0.141098
v -0.088167 0.006388 -0.098180
v -0.088521 0.002480 -0.105866
v -0.085259 -0.008032 -0.127629
v -0.086879 -0.004685 -0.120551
v -0.083280 0.018192 -0.075947
v -0.085651 0.014393 -0.082897
v -0.065022 0.035002 -0.047203
v -0.069781 0.031733 -0.052481
v -0.080671 0.021638 -0.069762
v -0.076572 -0.017240 -0.148198
v -0.072654 -0.019940 -0.154583
v -0.087924 -0.001191 -0.113326
v -0.087075 0.010632 -0.090015
v -0.073912 0.028395 -0.058057
v -0.077619 0.024938 -0.063981
v -0.059434 0.038493 -0.041978
v -0.028849 -0.022100 -0.187351
v -0.022481 -0.022773 -0.190335
v -0.015401 -0.023168 -0.192947
v -0.008220 -0.023290 -0.195042
v -0.035736 -0.021120 -0.183624
v -0.047962 -0.018507 -0.175269
v -0.041836 -0.019997 -0.179814
v -0.053496 -0.016821 -0.170485
v -0.062797 -0.012890 -0.160262
v -0.058131 -0.015031 -0.165726
v -0.076753 -0.002432 -0.135847
v -0.074451 -0.004938 -0.141562
v -0.081475 0.013936 -0.102052
v -0.081838 0.010130 -0.109532
v -0.078847 0.000477 -0.129515
v -0.080368 0.003579 -0.122950
v -0.077087 0.024654 -0.081853
v -0.079171 0.021200 -0.088189
v -0.059839 0.040366 -0.055032
v -0.064378 0.037243 -0.060076
v -0.074572 0.027925 -0.075991
v -0.070839 -0.008030 -0.148622
v -0.067099 -0.010534 -0.154462
v -0.081474 0.006793 -0.116268
v -0.080599 0.017673 -0.094841
v -0.068334 0.034092 -0.065326
v -0.071854 0.030888 -0.070795
v -0.055671 0.042868 -0.051031
v -0.000527 -0.043878 -0.194843
v -0.000333 -0.044332 -0.194379
v 0.002435 -0.047338 -0.184576
v -0.002035 -0.033494 -0.199781
v -0.001963 -0.034215 -0.199820
v -0.001531 -0.023164 -0.196519
v 0.003642 -0.033222 -0.200706
v 0.006137 -0.022785 -0.197743
v 0.012429 -0.022269 -0.198185
v 0.008767 -0.032801 -0.201300
v 0.005887 -0.043997 -0.195304
v 0.009613 -0.046974 -0.185578
v 0.014431 -0.043287 -0.196278
v 0.015519 -0.046587 -0.185998
v 0.010575 -0.043678 -0.195881
v 0.018529 -0.046057 -0.186220
v 0.016571 -0.043010 -0.196448
v 0.021238 -0.045267 -0.186794
v 0.018800 -0.042640 -0.196552
v 0.023639 -0.044331 -0.187589
v 0.020352 -0.042230 -0.196693
v 0.021985 -0.041404 -0.197057
v 0.025100 -0.042937 -0.189036
v 0.026478 -0.041471 -0.190486
v 0.023083 -0.040298 -0.197572
v 0.027448 -0.039759 -0.191915
v 0.023673 -0.039155 -0.198099
v 0.028098 -0.037842 -0.193492
v 0.023883 -0.037905 -0.198690
v 0.028216 -0.035645 -0.194808
v 0.023693 -0.036274 -0.199534
v 0.027952 -0.033579 -0.195884
v 0.027409 -0.031205 -0.196896
v 0.023364 -0.035145 -0.200085
v 0.026269 -0.028884 -0.197538
v 0.022728 -0.034089 -0.200599
v 0.024943 -0.026870 -0.197889
v 0.021823 -0.033220 -0.201078
v 0.023440 -0.025297 -0.198084
v 0.020738 -0.032624 -0.201409
v 0.021748 -0.023985 -0.198135
v 0.019559 -0.032271 -0.201637
v 0.019500 -0.022894 -0.198159
v 0.018274 -0.032158 -0.201736
v 0.017469 -0.022287 -0.198125
v 0.016986 -0.032173 -0.201803
v 0.015142 -0.032267 -0.201790
v 0.013065 -0.032423 -0.201675
v 0.015183 -0.022183 -0.198239
v 0.003832 -0.033935 -0.200768
v 0.008791 -0.033572 -0.201328
v 0.013137 -0.033076 -0.201672
v 0.005697 -0.043556 -0.195754
v 0.010385 -0.043274 -0.196350
v 0.014342 -0.042916 -0.196706
v 0.016461 -0.042662 -0.196869
v 0.018545 -0.042258 -0.197062
v 0.020040 -0.041843 -0.197205
v 0.021543 -0.041061 -0.197555
v 0.022447 -0.040098 -0.197975
v 0.022959 -0.039111 -0.198450
v 0.023189 -0.038008 -0.199001
v 0.023094 -0.036477 -0.199751
v 0.022818 -0.035449 -0.200282
v 0.022273 -0.034564 -0.200761
v 0.021456 -0.033808 -0.201192
v 0.020534 -0.033252 -0.201479
v 0.019474 -0.032890 -0.201686
v 0.018246 -0.032754 -0.201774
v 0.015278 -0.032938 -0.201780
v 0.017029 -0.032821 -0.201785
v 0.011283 -0.040657 -0.197962
v 0.011937 -0.039532 -0.198524
v 0.018521 -0.037464 -0.199543
v 0.011603 -0.036986 -0.199801
v 0.009372 -0.035396 -0.200505
v 0.007916 -0.035337 -0.200423
v 0.010670 -0.035971 -0.200261
v 0.010218 -0.041403 -0.197475
v 0.008828 -0.041782 -0.197201
v 0.002797 -0.042089 -0.196310
v 0.001743 -0.035754 -0.199684
v 0.012052 -0.038349 -0.199161
v 0.000158 -0.041320 -0.196466
v -0.001002 -0.037276 -0.198454
v -0.001130 -0.039119 -0.197441
v 0.000507 -0.035988 -0.199356
v -0.000451 -0.036643 -0.198888
v 0.001372 -0.041889 -0.196251
v -0.000743 -0.040339 -0.196839
v 0.007846 -0.034550 -0.198902
v 0.009321 -0.034697 -0.198701
v 0.010448 -0.035209 -0.198335
v 0.011220 -0.036083 -0.197857
v 0.010973 -0.039590 -0.196165
v 0.010055 -0.040354 -0.195877
v 0.008613 -0.040889 -0.195738
v 0.002717 -0.041742 -0.195840
v 0.011623 -0.037200 -0.197272
v 0.011517 -0.038597 -0.196603
v -0.000420 -0.036651 -0.198603
v 0.000684 -0.035802 -0.198916
v -0.000866 -0.037262 -0.198344
v 0.001405 -0.041636 -0.196007
v 0.000249 -0.041130 -0.196356
v 0.001751 -0.035455 -0.198998
v -0.000632 -0.040244 -0.196866
v -0.000974 -0.039105 -0.197452
v 0.008553 -0.035591 -0.198331
v 0.009185 -0.035619 -0.198262
v 0.001477 -0.036532 -0.198494
v 0.010156 -0.036286 -0.197851
v 0.009747 -0.035863 -0.198094
v 0.009686 -0.039554 -0.196296
v 0.010168 -0.039167 -0.196443
v 0.009083 -0.039752 -0.196252
v 0.002016 -0.040760 -0.196382
v 0.010455 -0.037217 -0.197370
v 0.010509 -0.038077 -0.196945
v 0.000674 -0.036845 -0.198412
v 0.000136 -0.037473 -0.198152
v 0.000009 -0.038247 -0.197785
v 0.001161 -0.040675 -0.196498
v 0.000485 -0.040214 -0.196783
v 0.000051 -0.039232 -0.197301
v -0.025070 -0.046102 -0.173981
v -0.018717 -0.046773 -0.176832
v -0.011569 -0.047172 -0.179507
v -0.004233 -0.047364 -0.181746
v -0.031890 -0.045188 -0.170346
v -0.043644 -0.042613 -0.162167
v -0.037885 -0.044031 -0.166607
v -0.049345 -0.040861 -0.157210
v -0.058877 -0.037018 -0.147220
v -0.054036 -0.039157 -0.152649
v -0.074248 -0.024135 -0.117523
v -0.072220 -0.026789 -0.123263
v -0.077059 -0.010545 -0.089849
v -0.077464 -0.014252 -0.097170
v -0.075721 -0.021196 -0.111386
v -0.077003 -0.017730 -0.104227
v -0.070162 0.003221 -0.064205
v -0.072558 0.000151 -0.069737
v -0.056069 0.015174 -0.043906
v -0.060174 0.012230 -0.048707
v -0.067465 0.006159 -0.059040
v -0.076215 -0.006996 -0.082978
v -0.062997 -0.034642 -0.141394
v -0.066577 -0.032254 -0.135709
v -0.074596 -0.003244 -0.075976
v -0.063825 0.009380 -0.053481
v -0.051210 0.018079 -0.039295
v -0.069685 -0.029496 -0.129354
v -0.022010 -0.021729 -0.189396
v -0.028199 -0.021060 -0.186468
v -0.007972 -0.022290 -0.194135
v -0.015101 -0.022133 -0.191983
v -0.034982 -0.020085 -0.182775
v -0.041017 -0.018960 -0.178979
v -0.047140 -0.017486 -0.174466
v -0.052505 -0.015803 -0.169733
v -0.057118 -0.014102 -0.165159
v -0.061858 -0.011988 -0.159730
v -0.073220 -0.004171 -0.141241
v -0.075537 -0.001674 -0.135672
v -0.080353 0.010705 -0.109793
v -0.080082 0.014472 -0.102365
v -0.077543 0.001182 -0.129472
v -0.079035 0.004259 -0.122961
v -0.077694 0.021586 -0.088824
v -0.075718 0.024998 -0.082542
v -0.063299 0.037375 -0.061113
v -0.058821 0.040449 -0.056008
v -0.073276 0.028195 -0.076809
v -0.066027 -0.009703 -0.154106
v -0.069635 -0.007243 -0.148280
v -0.080060 0.007421 -0.116403
v -0.079187 0.018125 -0.095326
v -0.070590 0.031120 -0.071682
v -0.067166 0.034306 -0.066225
v -0.054782 0.042881 -0.052212
v 0.002829 -0.047186 -0.183216
v -0.001357 -0.022191 -0.195643
v 0.006457 -0.021774 -0.196830
v 0.012391 -0.021353 -0.197254
v 0.009761 -0.046848 -0.184222
v 0.015609 -0.046301 -0.184719
v 0.018731 -0.045673 -0.184970
v 0.021743 -0.044862 -0.185530
v 0.024124 -0.044034 -0.186325
v 0.025669 -0.042797 -0.187584
v 0.027226 -0.041303 -0.189115
v 0.028268 -0.039575 -0.190689
v 0.029027 -0.037588 -0.192365
v 0.029211 -0.035233 -0.193807
v 0.028997 -0.032986 -0.194918
v 0.028454 -0.030612 -0.195931
v 0.027315 -0.028291 -0.196573
v 0.025767 -0.026052 -0.196990
v 0.024098 -0.024316 -0.197133
v 0.022126 -0.022945 -0.197175
v 0.020047 -0.021997 -0.197117
v 0.017726 -0.021438 -0.197169
v 0.015194 -0.021267 -0.197251
v -0.053211 0.043959 -0.048880
v -0.058288 0.039117 -0.041132
v -0.051625 0.044354 -0.047163
v -0.056794 0.039788 -0.039999
v -0.050134 0.044492 -0.045132
v -0.055714 0.040015 -0.038864
v -0.048056 0.043344 -0.040667
v -0.048940 0.044164 -0.042962
v -0.054798 0.039962 -0.037890
v -0.053845 0.039172 -0.036370
v -0.047306 0.041793 -0.038235
v -0.053236 0.038309 -0.035211
v -0.046784 0.040135 -0.036396
v -0.052914 0.036969 -0.034313
v -0.046374 0.037967 -0.034754
v -0.052657 0.035282 -0.033549
v -0.046085 0.035205 -0.033574
v -0.052771 0.034015 -0.033211
v -0.045965 0.031898 -0.032935
v -0.053029 0.033006 -0.033107
v -0.046052 0.028826 -0.032950
v -0.053482 0.031862 -0.033150
v -0.046511 0.026011 -0.033501
v -0.054234 0.030695 -0.033498
v -0.047260 0.023582 -0.034517
v -0.055104 0.029828 -0.034111
v -0.048538 0.021828 -0.035565
v -0.056090 0.029035 -0.034767
v -0.049796 0.020576 -0.036615
v -0.057213 0.028285 -0.035655
v -0.058595 0.038614 -0.040578
v -0.057210 0.039345 -0.039399
v -0.056143 0.039595 -0.038414
v -0.055398 0.039540 -0.037550
v -0.054447 0.038863 -0.036309
v -0.053821 0.037957 -0.035372
v -0.053407 0.036784 -0.034516
v -0.053226 0.035218 -0.033775
v -0.053349 0.034092 -0.033479
v -0.053592 0.033078 -0.033334
v -0.053933 0.032109 -0.033347
v -0.054637 0.031070 -0.033655
v -0.055474 0.030201 -0.034171
v -0.056405 0.029471 -0.034858
v -0.057470 0.028756 -0.035724
v -0.052250 0.044094 -0.049928
v -0.050559 0.044484 -0.048096
v -0.049084 0.044712 -0.046034
v -0.047966 0.044415 -0.043715
v -0.047010 0.043696 -0.041478
v -0.046091 0.042112 -0.038757
v -0.045556 0.040376 -0.036784
v -0.045122 0.038076 -0.035043
v -0.044779 0.035172 -0.033737
v -0.044690 0.031705 -0.033019
v -0.044764 0.028564 -0.032967
v -0.045271 0.025541 -0.033794
v -0.046154 0.023102 -0.034851
v -0.047335 0.021238 -0.036089
v -0.048462 0.020026 -0.037073
v 0.008484 -0.034813 -0.196953
v 0.009116 -0.034841 -0.196884
v 0.001408 -0.035753 -0.197116
v 0.009678 -0.035085 -0.196715
v 0.010087 -0.035507 -0.196473
v 0.010099 -0.038388 -0.195065
v 0.009617 -0.038776 -0.194918
v 0.009014 -0.038974 -0.194874
v 0.010385 -0.036439 -0.195992
v 0.010440 -0.037298 -0.195567
v 0.001946 -0.039981 -0.195003
v 0.000067 -0.036695 -0.196774
v 0.000604 -0.036067 -0.197034
v -0.000060 -0.037469 -0.196407
v 0.001092 -0.039896 -0.195120
v 0.000416 -0.039435 -0.195405
v -0.000019 -0.038453 -0.195922
v -0.018311 -0.045580 -0.176007
v -0.024481 -0.044941 -0.173196
v -0.025786 -0.045919 -0.175489
v -0.019305 -0.046602 -0.178448
v -0.003968 -0.046167 -0.180749
v -0.011271 -0.046000 -0.178598
v -0.012050 -0.047017 -0.181026
v -0.004750 -0.047118 -0.183185
v -0.031191 -0.043986 -0.169621
v -0.032780 -0.045001 -0.171805
v -0.037126 -0.042852 -0.165881
v -0.042898 -0.041399 -0.161549
v -0.044687 -0.042407 -0.163508
v -0.038836 -0.043806 -0.167890
v -0.048530 -0.039704 -0.156767
v -0.050432 -0.040645 -0.158518
v -0.053139 -0.038023 -0.152267
v -0.057910 -0.035906 -0.146855
v -0.060120 -0.036658 -0.148435
v -0.055235 -0.038882 -0.153869
v -0.071196 -0.025725 -0.123252
v -0.073001 -0.023121 -0.117609
v -0.075799 -0.023531 -0.118209
v -0.073748 -0.026336 -0.124025
v -0.076103 -0.013475 -0.097601
v -0.075801 -0.009826 -0.090405
v -0.078832 -0.009729 -0.090170
v -0.079148 -0.013441 -0.097661
v -0.074588 -0.020287 -0.111562
v -0.077573 -0.020533 -0.112033
v -0.075682 -0.016862 -0.104460
v -0.078716 -0.016999 -0.104752
v -0.071165 0.000698 -0.070583
v -0.068918 0.003762 -0.065036
v -0.071605 0.004135 -0.064060
v -0.074168 0.001017 -0.069740
v -0.059441 0.012477 -0.050024
v -0.056118 0.014786 -0.046248
v -0.057188 0.016261 -0.043515
v -0.061542 0.013286 -0.048314
v -0.066282 0.006631 -0.059974
v -0.068873 0.007091 -0.058753
v -0.074734 -0.006284 -0.083613
v -0.077861 -0.006210 -0.083113
v -0.061988 -0.033551 -0.141144
v -0.064344 -0.034261 -0.142486
v -0.065370 -0.031158 -0.135532
v -0.067965 -0.031817 -0.136686
v -0.073230 -0.002667 -0.076775
v -0.076246 -0.002359 -0.076070
v -0.062834 0.009731 -0.054652
v -0.065207 0.010403 -0.053107
v -0.050522 0.018287 -0.039996
v -0.052391 0.019036 -0.038922
v -0.068641 -0.028431 -0.129282
v -0.071232 -0.029083 -0.130299
v -0.027494 -0.021246 -0.185185
v -0.021299 -0.021862 -0.187956
v -0.022434 -0.023132 -0.190153
v -0.028800 -0.022457 -0.187167
v -0.014559 -0.022264 -0.190438
v -0.006927 -0.022430 -0.192676
v -0.008175 -0.023652 -0.194867
v -0.015356 -0.023528 -0.192768
v -0.034177 -0.020265 -0.181565
v -0.035687 -0.021475 -0.183436
v -0.046183 -0.017621 -0.173302
v -0.040175 -0.019166 -0.177880
v -0.041906 -0.020310 -0.179641
v -0.047904 -0.018860 -0.175080
v -0.051571 -0.015973 -0.168676
v -0.053436 -0.017173 -0.170294
v -0.060822 -0.012111 -0.158671
v -0.056117 -0.014276 -0.164161
v -0.058068 -0.015381 -0.165534
v -0.062731 -0.013241 -0.160070
v -0.074145 -0.001982 -0.135160
v -0.071663 -0.004725 -0.141246
v -0.074387 -0.005293 -0.141378
v -0.076678 -0.002785 -0.135662
v -0.078574 0.013915 -0.102364
v -0.079024 0.010275 -0.109513
v -0.081807 0.009725 -0.109307
v -0.081402 0.013580 -0.101874
v -0.075960 0.000626 -0.129508
v -0.078774 0.000125 -0.129331
v -0.077343 0.003497 -0.123439
v -0.080294 0.003225 -0.122768
v -0.074186 0.024435 -0.082483
v -0.076213 0.021083 -0.088663
v -0.079103 0.020841 -0.088015
v -0.077021 0.024294 -0.081680
v -0.057479 0.039648 -0.056321
v -0.062054 0.036538 -0.061380
v -0.064371 0.036971 -0.059916
v -0.059786 0.040004 -0.054859
v -0.071926 0.027533 -0.076874
v -0.074746 0.027518 -0.075837
v -0.068512 -0.007468 -0.147498
v -0.064985 -0.009820 -0.153069
v -0.067031 -0.010883 -0.154269
v -0.070775 -0.008383 -0.148433
v -0.078620 0.006895 -0.116350
v -0.081399 0.006438 -0.116089
v -0.077745 0.017445 -0.095534
v -0.080528 0.017315 -0.094666
v -0.065926 0.033575 -0.066351
v -0.069373 0.030396 -0.071826
v -0.071838 0.030570 -0.070605
v -0.068321 0.033782 -0.065139
v -0.053381 0.042182 -0.052381
v -0.055620 0.042497 -0.050878
v 0.003336 -0.046025 -0.182284
v 0.002397 -0.046958 -0.184708
v -0.000683 -0.022286 -0.193936
v -0.001486 -0.023528 -0.196347
v 0.006804 -0.021821 -0.195201
v 0.006181 -0.023141 -0.197555
v 0.012535 -0.021315 -0.195657
v 0.012457 -0.022622 -0.197989
v 0.009576 -0.046595 -0.185715
v 0.010002 -0.045648 -0.183195
v 0.015762 -0.045090 -0.183517
v 0.015464 -0.046216 -0.186151
v 0.018845 -0.044631 -0.183933
v 0.018426 -0.045692 -0.186362
v 0.020573 -0.044207 -0.184171
v 0.021079 -0.044915 -0.186914
v 0.024019 -0.042899 -0.185508
v 0.023394 -0.044021 -0.187679
v 0.025611 -0.041927 -0.186524
v 0.024814 -0.042650 -0.189030
v 0.026994 -0.040540 -0.187896
v 0.026163 -0.041218 -0.190451
v 0.028154 -0.038623 -0.189580
v 0.027108 -0.039551 -0.191844
v 0.028841 -0.036771 -0.191092
v 0.027737 -0.037700 -0.193376
v 0.029145 -0.034580 -0.192552
v 0.027862 -0.035561 -0.194630
v 0.028964 -0.032499 -0.193617
v 0.027607 -0.033543 -0.195675
v 0.028373 -0.030326 -0.194375
v 0.027068 -0.031256 -0.196684
v 0.027334 -0.027882 -0.195026
v 0.025967 -0.029004 -0.197297
v 0.025670 -0.025619 -0.195442
v 0.024670 -0.027049 -0.197650
v 0.024047 -0.023838 -0.195811
v 0.023223 -0.025510 -0.197818
v 0.021934 -0.022481 -0.195822
v 0.021574 -0.024247 -0.197881
v 0.020251 -0.021696 -0.195786
v 0.019387 -0.023190 -0.197906
v 0.017943 -0.021143 -0.195787
v 0.017413 -0.022609 -0.197886
v 0.014833 -0.021095 -0.195768
v 0.015176 -0.022526 -0.198024
v -0.051469 0.043135 -0.050718
v -0.053330 0.043581 -0.048619
v -0.048909 0.043964 -0.047969
v -0.051729 0.043927 -0.046968
v -0.048059 0.044231 -0.046503
v -0.050123 0.044088 -0.045157
v -0.047089 0.043942 -0.044732
v -0.048984 0.043772 -0.043051
v -0.046026 0.043193 -0.042489
v -0.048145 0.042982 -0.040826
v -0.045121 0.041918 -0.039945
v -0.047393 0.041470 -0.038465
v -0.044511 0.040036 -0.037633
v -0.046877 0.039859 -0.036678
v -0.044016 0.037790 -0.036009
v -0.046495 0.037762 -0.035082
v -0.043683 0.034967 -0.034546
v -0.046181 0.035082 -0.033948
v -0.043594 0.031587 -0.033866
v -0.046055 0.031858 -0.033328
v -0.043829 0.028469 -0.033994
v -0.046154 0.028871 -0.033340
v -0.044403 0.025435 -0.034599
v -0.046595 0.026138 -0.033877
v -0.045398 0.023024 -0.035705
v -0.047331 0.023785 -0.034860
v -0.046337 0.021450 -0.037075
v -0.048616 0.022101 -0.035854
v -0.047407 0.020329 -0.038042
v -0.049848 0.020886 -0.036869
v 0.008484 -0.034813 -0.196954
v 0.009115 -0.034841 -0.196884
v 0.005433 -0.037287 -0.196013
v 0.001407 -0.035753 -0.197116
v 0.009678 -0.035085 -0.196716
v 0.010086 -0.035508 -0.196473
v 0.010098 -0.038388 -0.195065
v 0.009616 -0.038776 -0.194918
v 0.009014 -0.038974 -0.194874
v 0.010385 -0.036439 -0.195992
v 0.010439 -0.037298 -0.195568
v 0.001946 -0.039982 -0.195004
v 0.000067 -0.036695 -0.196774
v 0.000604 -0.036067 -0.197034
v -0.000061 -0.037469 -0.196407
v 0.001092 -0.039896 -0.195120
v 0.000416 -0.039435 -0.195405
v -0.000019 -0.038454 -0.195923
v 0.005596 -0.025727 -0.191213
v 0.005968 -0.024129 -0.192868
v 0.003571 -0.024056 -0.192818
v 0.003818 -0.025693 -0.191140
v 0.000878 -0.024419 -0.192127
v 0.001601 -0.025969 -0.190598
v -0.001635 -0.025107 -0.190976
v -0.000550 -0.026588 -0.189607
v 0.008238 -0.024493 -0.192481
v 0.007307 -0.026133 -0.190864
v 0.009283 -0.026774 -0.190272
v 0.010368 -0.025205 -0.191698
v 0.012180 -0.026324 -0.190609
v 0.010488 -0.027410 -0.189704
v 0.011388 -0.028586 -0.188771
v 0.013549 -0.027787 -0.189378
v 0.014537 -0.029623 -0.188116
v 0.012524 -0.030996 -0.187222
v 0.015122 -0.031663 -0.186972
v 0.012705 -0.034284 -0.185757
v 0.015228 -0.033287 -0.186217
v 0.014660 -0.037005 -0.184966
v 0.012009 -0.036941 -0.184907
v 0.012746 -0.040450 -0.184209
v 0.010138 -0.039503 -0.184311
v 0.009659 -0.042987 -0.183754
v 0.007493 -0.040900 -0.183891
v 0.005242 -0.044305 -0.183153
v 0.004935 -0.041706 -0.183491
v 0.002083 -0.041494 -0.183023
v 0.001017 -0.043879 -0.182420
v -0.001476 -0.039906 -0.182444
v -0.002752 -0.041984 -0.181734
v -0.004282 -0.040505 -0.181564
v -0.002692 -0.038553 -0.182420
v -0.005510 -0.038751 -0.181605
v -0.003998 -0.036338 -0.182686
v -0.006402 -0.036822 -0.181913
v -0.006944 -0.034847 -0.182503
v -0.004622 -0.034090 -0.183383
v -0.007152 -0.032935 -0.183356
v -0.004575 -0.031029 -0.185054
v -0.007025 -0.030912 -0.184592
v -0.004101 -0.029588 -0.186170
v -0.006411 -0.028952 -0.186176
v -0.003026 -0.028348 -0.187413
v -0.005313 -0.027360 -0.187843
v -0.003719 -0.026052 -0.189507
v 0.015239 -0.032938 -0.185604
v 0.015139 -0.031367 -0.186328
v 0.003649 -0.023691 -0.192162
v 0.008322 -0.024141 -0.191845
v 0.010414 -0.024888 -0.191059
v 0.012175 -0.026012 -0.189977
v 0.013548 -0.027486 -0.188751
v 0.014511 -0.029246 -0.187527
v 0.014690 -0.036707 -0.184320
v 0.012837 -0.040173 -0.183560
v 0.009760 -0.042887 -0.183071
v 0.005195 -0.044139 -0.182419
v 0.000944 -0.043693 -0.181697
v -0.002842 -0.041781 -0.181012
v -0.004380 -0.040292 -0.180844
v -0.005616 -0.038528 -0.180887
v -0.006514 -0.036588 -0.181198
v -0.007065 -0.034585 -0.181797
v -0.007286 -0.032601 -0.182679
v -0.007147 -0.030561 -0.183917
v -0.006524 -0.028596 -0.185496
v -0.001613 -0.024650 -0.190355
v 0.000913 -0.024018 -0.191481
v -0.059167 0.027319 -0.051967
v -0.054502 0.028145 -0.054778
v -0.055962 0.025163 -0.047620
v -0.062246 0.029363 -0.056094
v -0.059336 0.030963 -0.060478
v -0.055336 0.024659 -0.046747
v -0.049974 0.024146 -0.047199
v -0.056279 0.020819 -0.047781
v -0.053357 0.018853 -0.047350
v -0.053954 0.019212 -0.048854
v -0.056907 0.021061 -0.048645
v -0.055765 0.020996 -0.047037
v -0.052651 0.019084 -0.046366
v -0.055263 0.021679 -0.046279
v -0.051512 0.020043 -0.045583
v -0.054979 0.022643 -0.045956
v -0.050508 0.021368 -0.045472
v -0.054998 0.023649 -0.046129
v -0.049915 0.022767 -0.045972
v -0.056811 0.021922 -0.055761
v -0.060573 0.024660 -0.062242
v -0.063141 0.024830 -0.057565
v -0.060020 0.022970 -0.053100
v -0.063382 0.029487 -0.057720
v -0.060973 0.031326 -0.062241
v -0.061578 0.030948 -0.063006
v -0.063888 0.029178 -0.058322
v -0.062138 0.029826 -0.063909
v -0.064215 0.028297 -0.058951
v -0.062280 0.028337 -0.064375
v -0.064356 0.027161 -0.059283
v -0.062039 0.026790 -0.064269
v -0.064056 0.026301 -0.059296
v -0.061383 0.025382 -0.063432
v -0.063696 0.025247 -0.058473
v -0.014483 0.003889 -0.078830
v -0.010517 0.005520 -0.079973
v -0.010759 0.007101 -0.090651
v -0.014536 0.005429 -0.089804
v -0.017575 0.003024 -0.089001
v -0.017524 0.001877 -0.077652
v -0.019466 -0.000055 -0.088416
v -0.019631 -0.000958 -0.076746
v -0.020026 -0.003593 -0.087931
v -0.020408 -0.004566 -0.075975
v 0.002356 -0.028855 -0.076586
v 0.002853 -0.030885 -0.073238
v 0.000451 -0.031179 -0.072623
v -0.002407 -0.028437 -0.076885
v -0.002013 -0.031049 -0.071689
v -0.018734 -0.010726 -0.087681
v -0.017105 -0.014584 -0.087979
v -0.017256 -0.015525 -0.076816
v -0.018962 -0.011694 -0.076035
v -0.019830 -0.006801 -0.087584
v -0.020115 -0.007949 -0.075737
v 0.013405 0.005177 -0.076306
v 0.015189 0.005050 -0.083037
v 0.009014 0.007494 -0.082986
v 0.009001 0.006628 -0.077330
v 0.003843 0.007998 -0.082600
v 0.004533 0.007018 -0.077543
v -0.001991 0.007692 -0.081733
v -0.001450 0.006757 -0.077178
v -0.002321 0.007646 -0.081680
v -0.006981 0.006587 -0.080875
v -0.006818 0.005462 -0.075819
v -0.001780 0.006710 -0.077125
v -0.010412 0.004257 -0.074314
v -0.014353 0.002289 -0.071859
v -0.017250 0.000575 -0.071076
v -0.019393 -0.001732 -0.070120
v -0.020472 -0.006227 -0.068309
v -0.014851 -0.019227 -0.078033
v -0.014151 -0.021699 -0.069965
v -0.016917 -0.017601 -0.068306
v -0.018615 -0.014005 -0.067486
v -0.019910 -0.009825 -0.067713
v 0.020469 -0.006656 -0.074695
v 0.020819 -0.006114 -0.071557
v 0.020601 -0.010890 -0.071038
v 0.020184 -0.010314 -0.074160
v -0.016357 -0.019822 -0.061679
v -0.013760 -0.023716 -0.063562
v -0.018287 -0.015902 -0.061173
v -0.019676 -0.011728 -0.061652
v -0.020344 -0.007517 -0.063109
v -0.019316 -0.002653 -0.066578
v -0.008457 -0.028539 -0.068218
v -0.010513 -0.025149 -0.072819
v -0.006288 -0.027608 -0.075038
v -0.005784 -0.029897 -0.070092
v -0.017204 0.000033 -0.069229
v 0.018834 0.000693 -0.073674
v 0.019208 -0.000369 -0.077699
v 0.018272 0.001426 -0.079717
v 0.016603 0.003177 -0.074992
v 0.020175 -0.002309 -0.072572
v 0.019795 -0.001915 -0.076515
v 0.019587 -0.015464 -0.070958
v 0.018903 -0.014801 -0.074296
v 0.017642 0.002385 -0.081295
v 0.017046 0.003211 -0.083163
v -0.007171 0.008181 -0.091315
v 0.012052 0.007189 -0.093000
v 0.007942 0.008590 -0.092671
v 0.010730 0.007347 -0.102635
v 0.007004 0.008773 -0.102555
v 0.009860 0.006501 -0.110938
v 0.006533 0.007816 -0.111187
v 0.009233 0.004422 -0.121055
v 0.006286 0.005785 -0.121260
v 0.009143 0.001722 -0.129980
v 0.006187 0.003146 -0.130421
v 0.009250 -0.001699 -0.139809
v 0.006264 -0.000164 -0.140130
v 0.009171 -0.004804 -0.148159
v 0.006392 -0.003440 -0.148518
v 0.009210 -0.008402 -0.156870
v 0.006459 -0.007081 -0.157002
v 0.009145 -0.011154 -0.163249
v 0.006500 -0.009977 -0.163556
v 0.009176 -0.013452 -0.168145
v 0.006377 -0.012091 -0.168211
v 0.002989 0.009182 -0.092147
v 0.002319 0.009506 -0.102313
v 0.002211 0.008690 -0.111363
v 0.002196 0.006745 -0.121490
v 0.002469 0.004041 -0.130801
v 0.002793 0.000629 -0.140519
v 0.003028 -0.002686 -0.148814
v 0.003496 -0.006299 -0.157091
v 0.003622 -0.009326 -0.163508
v 0.003745 -0.011595 -0.168241
v -0.002640 0.009032 -0.091718
v -0.002761 0.009476 -0.101949
v -0.002430 0.008713 -0.111576
v -0.001971 0.006801 -0.121526
v -0.001377 0.004060 -0.131051
v -0.000681 0.000659 -0.140776
v 0.000003 -0.002589 -0.148893
v 0.000719 -0.006265 -0.157109
v 0.001269 -0.009411 -0.163696
v 0.001714 -0.011599 -0.168213
v -0.007015 0.008668 -0.101488
v -0.002974 0.008995 -0.091690
v -0.003096 0.009442 -0.101919
v -0.006707 0.007851 -0.111365
v -0.002764 0.008679 -0.111575
v -0.005853 0.005983 -0.121521
v -0.002305 0.006767 -0.121528
v -0.004950 0.003258 -0.131217
v -0.001687 0.004002 -0.131061
v -0.003929 -0.000071 -0.140804
v -0.000990 0.000600 -0.140779
v -0.003126 -0.003280 -0.148813
v -0.000315 -0.002637 -0.148885
v -0.002196 -0.006947 -0.157149
v 0.000386 -0.006307 -0.157113
v -0.001404 -0.010126 -0.163923
v 0.000939 -0.009470 -0.163729
v -0.000974 -0.012219 -0.168272
v 0.001380 -0.011643 -0.168215
v -0.010402 0.007594 -0.101106
v -0.009969 0.006732 -0.111060
v -0.009102 0.004665 -0.121322
v -0.007921 0.002059 -0.131047
v -0.006899 -0.001297 -0.140603
v -0.005946 -0.004537 -0.148592
v -0.004809 -0.008036 -0.157113
v -0.003931 -0.011180 -0.163946
v -0.003117 -0.013133 -0.168349
v 0.015897 0.004394 -0.087995
v 0.015193 0.005040 -0.093097
v 0.014020 0.004989 -0.102644
v 0.013307 0.004091 -0.110530
v 0.012423 0.002138 -0.120419
v 0.011887 -0.000432 -0.129609
v 0.011682 -0.003542 -0.139379
v 0.011739 -0.006910 -0.147845
v 0.011585 -0.010399 -0.156697
v 0.012037 -0.009635 -0.153602
v 0.011801 -0.008046 -0.150545
v 0.011600 -0.013154 -0.163038
v 0.016410 0.003902 -0.088079
v 0.017433 0.002718 -0.083294
v 0.018342 0.001009 -0.083244
v 0.015608 0.004619 -0.093003
v 0.017271 0.002030 -0.092550
v 0.016226 0.001936 -0.102320
v 0.014406 0.004583 -0.102566
v 0.015610 0.000731 -0.110257
v 0.013681 0.003527 -0.110450
v 0.014907 -0.001040 -0.119572
v 0.012856 0.001591 -0.120263
v 0.014416 -0.003582 -0.129084
v 0.012433 -0.000985 -0.129516
v 0.014044 -0.006582 -0.138782
v 0.012223 -0.004093 -0.139263
v 0.013700 -0.009485 -0.147299
v 0.012272 -0.007481 -0.147737
v 0.012541 -0.011042 -0.155495
v 0.013162 -0.012481 -0.156658
v 0.013693 -0.013792 -0.157392
v 0.013409 -0.015548 -0.162412
v 0.011444 -0.015373 -0.168294
v 0.013384 -0.018054 -0.167930
v 0.013046 -0.017541 -0.105344
v 0.011106 -0.019756 -0.104620
v 0.011207 -0.021328 -0.113589
v 0.013089 -0.019237 -0.114158
v 0.014746 -0.016440 -0.114976
v 0.014873 -0.014774 -0.106275
v 0.019089 -0.009728 -0.080951
v 0.017756 -0.009352 -0.089957
v 0.018508 -0.005568 -0.090899
v 0.019556 -0.005778 -0.081423
v 0.015961 -0.013121 -0.116079
v 0.016287 -0.011279 -0.107497
v 0.014626 -0.019269 -0.125797
v 0.015748 -0.015990 -0.126502
v 0.004251 -0.028330 -0.123113
v 0.006901 -0.027212 -0.123406
v 0.006810 -0.024606 -0.112972
v 0.004107 -0.025912 -0.112853
v 0.009175 -0.025843 -0.123807
v 0.008909 -0.023303 -0.113153
v 0.011301 -0.024069 -0.124313
v 0.012963 -0.022047 -0.125029
v 0.008828 -0.021561 -0.104109
v 0.006495 -0.023047 -0.103731
v 0.003675 -0.024248 -0.103629
v 0.004255 -0.023825 -0.087204
v 0.003665 -0.023451 -0.095100
v 0.006611 -0.022202 -0.095312
v 0.007215 -0.022665 -0.087258
v 0.009258 -0.020553 -0.095649
v 0.009964 -0.020932 -0.087314
v 0.012184 -0.019009 -0.087685
v 0.011371 -0.018766 -0.095980
v 0.015278 -0.013667 -0.097290
v 0.016268 -0.013392 -0.088921
v 0.014308 -0.016526 -0.088083
v 0.013346 -0.016543 -0.096494
v 0.016833 -0.009845 -0.098517
v 0.017639 -0.005924 -0.100085
v 0.017095 -0.006946 -0.108865
v 0.004883 -0.025493 -0.081392
v 0.007946 -0.024268 -0.081382
v 0.010871 -0.022360 -0.081381
v 0.013333 -0.020136 -0.081363
v 0.017566 -0.013859 -0.081182
v 0.015689 -0.017220 -0.081283
v 0.018440 -0.001645 -0.091891
v 0.019311 -0.001903 -0.082454
v 0.017522 -0.002041 -0.101306
v 0.016866 -0.003021 -0.109753
v 0.016382 -0.011721 -0.127614
v 0.016699 -0.008888 -0.117534
v 0.004820 -0.031064 -0.134316
v 0.007373 -0.029922 -0.134302
v 0.009262 -0.028664 -0.134324
v 0.011391 -0.026845 -0.134476
v 0.013157 -0.024517 -0.134813
v 0.014640 -0.021743 -0.135441
v 0.015596 -0.018809 -0.135993
v 0.016125 -0.014653 -0.137060
v 0.005101 -0.033515 -0.143740
v 0.007657 -0.032399 -0.143838
v 0.009548 -0.031237 -0.143845
v 0.011527 -0.029512 -0.143956
v 0.013094 -0.027260 -0.144133
v 0.014456 -0.024601 -0.144434
v 0.015499 -0.021500 -0.144859
v 0.015888 -0.017363 -0.145747
v 0.005558 -0.035771 -0.152547
v 0.007826 -0.034593 -0.152496
v 0.009760 -0.033493 -0.152537
v 0.011542 -0.031875 -0.152687
v 0.013002 -0.029993 -0.153028
v 0.014418 -0.027364 -0.153543
v 0.015293 -0.024424 -0.154098
v 0.015608 -0.020318 -0.154929
v 0.015903 -0.007526 -0.128469
v 0.016355 -0.004732 -0.118488
v 0.015577 -0.010597 -0.138079
v 0.015300 -0.013323 -0.146599
v 0.015069 -0.016499 -0.155682
v 0.013920 -0.013799 -0.156700
v 0.013438 -0.012594 -0.155827
v -0.014253 0.005624 -0.100269
v -0.013408 0.004548 -0.110828
v -0.012329 0.002588 -0.120972
v -0.011273 -0.000115 -0.130246
v -0.009833 -0.003452 -0.140585
v -0.008803 -0.006494 -0.148256
v -0.007540 -0.010112 -0.157006
v -0.006484 -0.013068 -0.164016
v -0.005676 -0.015071 -0.168602
v -0.017010 0.003193 -0.099231
v -0.015926 0.001910 -0.110443
v -0.014671 -0.000089 -0.120310
v -0.013624 -0.002786 -0.129441
v -0.011820 -0.005883 -0.140117
v -0.010663 -0.008689 -0.147901
v -0.009510 -0.012408 -0.156751
v -0.008469 -0.015783 -0.164072
v -0.007705 -0.017918 -0.169105
v -0.018614 -0.000178 -0.098853
v -0.017431 -0.001457 -0.109782
v -0.016273 -0.003331 -0.119467
v -0.014954 -0.005556 -0.128800
v -0.013436 -0.008975 -0.139172
v -0.012257 -0.011632 -0.147031
v -0.010906 -0.015531 -0.156395
v -0.009796 -0.018891 -0.163927
v -0.008847 -0.021321 -0.169587
v -0.019217 -0.004034 -0.098327
v -0.018051 -0.004767 -0.109423
v -0.016979 -0.006505 -0.118530
v -0.015707 -0.008810 -0.128064
v -0.014202 -0.012078 -0.138339
v -0.013061 -0.014791 -0.146343
v -0.011549 -0.019007 -0.156065
v -0.010341 -0.022062 -0.163554
v -0.009317 -0.024691 -0.169700
v 0.000427 -0.024376 -0.095162
v 0.000483 -0.024813 -0.103742
v 0.000815 -0.024818 -0.087078
v 0.017066 -0.018257 -0.075563
v 0.018751 -0.014674 -0.075059
v 0.008555 -0.026217 -0.077201
v 0.011747 -0.024227 -0.076863
v 0.005550 -0.027556 -0.077306
v 0.001512 -0.026507 -0.081319
v 0.000925 -0.026776 -0.112720
v -0.011100 -0.021770 -0.097762
v -0.007216 -0.023612 -0.096389
v -0.011287 -0.021663 -0.093361
v -0.010997 -0.021728 -0.088585
v -0.007167 -0.023938 -0.085761
v -0.003083 -0.025179 -0.104041
v -0.002609 -0.026805 -0.112942
v -0.003269 -0.024340 -0.095704
v -0.003459 -0.024880 -0.086438
v -0.002787 -0.026638 -0.080710
v 0.006023 -0.029765 -0.073736
v 0.005667 -0.028004 -0.076479
v -0.006331 -0.026209 -0.079198
v -0.007955 -0.024890 -0.080641
v -0.006849 -0.024533 -0.104661
v -0.006535 -0.026101 -0.113512
v -0.005622 -0.028473 -0.123882
v -0.001952 -0.029116 -0.123242
v -0.010714 -0.022763 -0.105926
v -0.010156 -0.024182 -0.114179
v -0.008922 -0.026828 -0.124915
v 0.014365 -0.021804 -0.076305
v 0.001286 -0.028963 -0.123074
v 0.002014 -0.031818 -0.134491
v 0.002526 -0.034102 -0.143781
v 0.003080 -0.036382 -0.152668
v -0.001035 -0.032045 -0.134828
v -0.000270 -0.034228 -0.143989
v 0.000399 -0.036400 -0.152800
v -0.004438 -0.031314 -0.135158
v -0.003324 -0.033637 -0.144250
v -0.002377 -0.035951 -0.152967
v -0.007775 -0.029436 -0.135436
v -0.006839 -0.031581 -0.144213
v -0.004965 -0.034538 -0.153041
v -0.005971 -0.033453 -0.150782
v -0.006400 -0.032604 -0.148022
v -0.005656 -0.034048 -0.153162
v -0.006540 -0.033012 -0.151121
v -0.007805 -0.032040 -0.153962
v -0.007457 -0.031072 -0.144206
v -0.009550 -0.028705 -0.144179
v -0.007046 -0.032200 -0.148226
v -0.011249 -0.025546 -0.144297
v -0.009709 -0.029088 -0.154736
v -0.012493 -0.022162 -0.144817
v -0.010830 -0.025933 -0.155257
v -0.013261 -0.018307 -0.145639
v -0.011488 -0.022279 -0.155708
v -0.008383 -0.028936 -0.135484
v -0.010926 -0.025982 -0.135670
v -0.012607 -0.022992 -0.136130
v -0.013755 -0.019603 -0.136714
v -0.014375 -0.015583 -0.137251
v -0.009517 -0.026366 -0.125097
v -0.012069 -0.023445 -0.125687
v -0.014008 -0.020201 -0.126015
v -0.015172 -0.016454 -0.126607
v -0.015806 -0.012590 -0.127314
v -0.010750 -0.023731 -0.114395
v -0.013298 -0.020937 -0.115363
v -0.015220 -0.017840 -0.116095
v -0.016371 -0.014239 -0.116858
v -0.017067 -0.010319 -0.117608
v -0.011323 -0.022320 -0.106120
v -0.014095 -0.019318 -0.106971
v -0.016038 -0.016167 -0.107500
v -0.017322 -0.012446 -0.108233
v -0.018086 -0.008722 -0.108796
v -0.011718 -0.021317 -0.097861
v -0.014956 -0.017869 -0.097578
v -0.016844 -0.014786 -0.097647
v -0.018241 -0.011024 -0.097735
v -0.019076 -0.007460 -0.098097
v -0.011913 -0.021182 -0.093359
v -0.011627 -0.021322 -0.088643
v -0.015259 -0.017556 -0.088312
v 0.002224 -0.028492 -0.077269
v 0.020067 -0.010211 -0.074934
v 0.020360 -0.006741 -0.075350
v 0.019799 -0.002229 -0.077134
v 0.020137 -0.004156 -0.076037
v 0.019225 -0.000627 -0.078389
v 0.018497 0.000903 -0.080090
v -0.002454 -0.027965 -0.077592
v -0.004794 -0.027121 -0.078273
v -0.005003 -0.027287 -0.077610
v 0.008005 -0.035443 -0.155297
v 0.005657 -0.036377 -0.155047
v 0.005816 -0.037420 -0.159121
v 0.008011 -0.036316 -0.159113
v 0.005624 -0.036183 -0.154285
v 0.007973 -0.035220 -0.154544
v 0.009830 -0.035105 -0.159190
v 0.009810 -0.034309 -0.155570
v 0.009780 -0.034091 -0.154815
v 0.011526 -0.032741 -0.155858
v 0.011399 -0.033720 -0.159427
v 0.011523 -0.032506 -0.155104
v 0.014340 -0.028301 -0.156575
v 0.012958 -0.030954 -0.156146
v 0.012924 -0.032001 -0.159832
v 0.014270 -0.029524 -0.160409
v 0.012943 -0.030710 -0.155392
v 0.014359 -0.028072 -0.155817
v 0.015072 -0.026805 -0.161098
v 0.015197 -0.025461 -0.157148
v 0.015221 -0.025205 -0.156396
v 0.015460 -0.022803 -0.161872
v 0.015531 -0.021406 -0.157996
v 0.015550 -0.021140 -0.157246
v 0.015027 -0.017194 -0.157527
v 0.014914 -0.019056 -0.162470
v 0.014984 -0.017453 -0.158351
v 0.014284 -0.015280 -0.158012
v 0.014302 -0.017441 -0.162286
v 0.003578 -0.038053 -0.159213
v 0.003262 -0.036936 -0.154919
v 0.003210 -0.036737 -0.154158
v 0.000577 -0.036951 -0.154992
v 0.000935 -0.038223 -0.159543
v 0.000516 -0.036751 -0.154231
v -0.001497 -0.037653 -0.159942
v -0.002124 -0.036439 -0.154968
v -0.002222 -0.036251 -0.154197
v -0.004927 -0.034694 -0.153970
v -0.004440 -0.036464 -0.160441
v -0.003648 -0.035590 -0.154752
v -0.003349 -0.035596 -0.154005
v -0.006622 -0.034433 -0.161156
v -0.008464 -0.031637 -0.162014
v -0.009682 -0.028590 -0.162699
v -0.010263 -0.025297 -0.163215
v 0.006125 -0.039062 -0.165276
v 0.008196 -0.038032 -0.165170
v 0.009866 -0.036921 -0.165266
v 0.011409 -0.035699 -0.165493
v 0.012832 -0.034015 -0.165803
v 0.014172 -0.031673 -0.166313
v 0.014978 -0.028908 -0.166890
v 0.015375 -0.024878 -0.166122
v 0.014709 -0.021982 -0.169175
v 0.014455 -0.019582 -0.166467
v 0.014951 -0.020957 -0.165424
v 0.014929 -0.022874 -0.168419
v 0.014511 -0.021497 -0.170063
v 0.015206 -0.022840 -0.165389
v 0.015168 -0.024207 -0.168121
v 0.003930 -0.039656 -0.165627
v 0.001408 -0.039891 -0.166038
v -0.000736 -0.039427 -0.166429
v -0.003396 -0.038404 -0.167026
v -0.005734 -0.036430 -0.167781
v -0.007542 -0.033818 -0.168559
v -0.008670 -0.030806 -0.169063
v -0.009423 -0.027287 -0.168297
v -0.009276 -0.027961 -0.168469
v -0.009427 -0.025397 -0.169036
v -0.009494 -0.026260 -0.168569
v 0.006448 -0.040997 -0.173040
v 0.008365 -0.040162 -0.172967
v 0.009873 -0.039312 -0.173003
v 0.011337 -0.038087 -0.173189
v 0.012686 -0.036631 -0.173432
v 0.014072 -0.034529 -0.173950
v 0.014918 -0.032007 -0.174621
v 0.015170 -0.028842 -0.175264
v 0.015256 -0.028898 -0.173991
v 0.015149 -0.031331 -0.177431
v 0.015282 -0.025565 -0.168509
v 0.014255 -0.021317 -0.171221
v 0.013417 -0.020645 -0.173468
v 0.004448 -0.041508 -0.173193
v 0.002036 -0.041515 -0.173430
v 0.000166 -0.041239 -0.173604
v -0.002332 -0.040404 -0.173903
v -0.004809 -0.038389 -0.174405
v -0.006620 -0.035749 -0.175052
v -0.007604 -0.033158 -0.175737
v 0.006973 -0.043475 -0.182687
v 0.008500 -0.042928 -0.182813
v 0.009849 -0.042236 -0.182964
v 0.011175 -0.041278 -0.183114
v 0.012400 -0.040322 -0.183391
v 0.013485 -0.038822 -0.183819
v 0.014466 -0.036464 -0.184420
v 0.014997 -0.029883 -0.179242
v 0.015037 -0.028154 -0.176243
v 0.014463 -0.030163 -0.187043
v 0.015024 -0.033228 -0.185551
v 0.014648 -0.025897 -0.177018
v 0.013507 -0.024596 -0.181552
v 0.014435 -0.024775 -0.176781
v 0.013635 -0.028137 -0.188429
v 0.014617 -0.027446 -0.180824
v 0.013378 -0.022400 -0.177333
v 0.005110 -0.043800 -0.182358
v 0.002878 -0.043583 -0.181901
v 0.001163 -0.043348 -0.181610
v -0.001437 -0.042362 -0.181318
v -0.003810 -0.040606 -0.181320
v -0.005562 -0.038008 -0.181558
v -0.006563 -0.035374 -0.182008
v -0.006930 -0.033095 -0.182617
v -0.007935 -0.031271 -0.176084
v -0.007996 -0.030399 -0.176928
v -0.006828 -0.030811 -0.183978
v -0.007984 -0.029482 -0.177194
v 0.001484 -0.012325 -0.169570
v -0.000705 -0.012953 -0.169878
v -0.002580 -0.014044 -0.170500
v -0.004199 -0.015791 -0.171983
v -0.005090 -0.017338 -0.173374
v -0.007265 -0.019410 -0.171972
v -0.005614 -0.018954 -0.174968
v -0.006962 -0.020443 -0.174175
v -0.005658 -0.020193 -0.176680
v -0.006629 -0.021426 -0.176290
v -0.005242 -0.021104 -0.178766
v -0.006203 -0.022434 -0.178625
v -0.004506 -0.021648 -0.180936
v -0.005694 -0.023288 -0.181257
v -0.003308 -0.021795 -0.182956
v -0.004852 -0.024139 -0.184535
v -0.001303 -0.021698 -0.185041
v -0.001677 -0.025018 -0.190217
v 0.000889 -0.021416 -0.186237
v 0.000826 -0.024324 -0.191365
v 0.002971 -0.021117 -0.186499
v 0.003487 -0.024005 -0.191985
v 0.003910 -0.023978 -0.192050
v 0.003390 -0.021057 -0.186501
v 0.005112 -0.020874 -0.186164
v 0.006008 -0.024027 -0.192125
v 0.007321 -0.020673 -0.184958
v 0.008099 -0.024379 -0.191760
v 0.009305 -0.020357 -0.182727
v 0.010176 -0.025040 -0.191013
v 0.010161 -0.020004 -0.180591
v 0.011504 -0.021701 -0.181579
v 0.010776 -0.019441 -0.178443
v 0.012011 -0.020551 -0.178019
v 0.010852 -0.018470 -0.176275
v 0.012059 -0.019492 -0.175619
v 0.010496 -0.017292 -0.174493
v 0.011793 -0.018017 -0.173171
v 0.009629 -0.015935 -0.172984
v 0.011476 -0.016710 -0.171150
v 0.008355 -0.014519 -0.171613
v 0.006319 -0.013044 -0.170295
v 0.003808 -0.012302 -0.169652
v 0.001817 -0.012275 -0.169552
v -0.007418 -0.024894 -0.178016
v -0.006774 -0.026567 -0.182065
v -0.008033 -0.027348 -0.176986
v -0.008226 -0.022718 -0.173100
v -0.008687 -0.024490 -0.172309
v -0.008131 -0.026524 -0.176100
v 0.008709 -0.026703 -0.076396
v 0.009248 -0.028408 -0.073755
v 0.017966 -0.019515 -0.071376
v 0.017266 -0.018480 -0.074737
v 0.014587 -0.022088 -0.075552
v 0.015469 -0.023152 -0.072210
v 0.012368 -0.026056 -0.073199
v 0.011906 -0.024595 -0.076005
v 0.020252 -0.003989 -0.075482
v 0.017914 0.001937 -0.081635
v -0.011175 -0.022756 -0.079872
v -0.011557 -0.026060 -0.065554
v -0.010115 -0.022652 -0.085011
v -0.009061 -0.023766 -0.082483
v -0.009524 -0.023586 -0.082017
v -0.008338 -0.024727 -0.080008
v -0.010710 -0.022345 -0.084656
v -0.006882 -0.026069 -0.078864
v 0.012947 -0.011421 -0.154976
v 0.012314 -0.008597 -0.150399
v 0.012525 -0.010092 -0.153358
v -0.006160 -0.027252 -0.184560
v -0.003840 -0.025990 -0.188478
v -0.005537 -0.027681 -0.186715
v -0.001645 0.005449 -0.076861
v -0.001315 0.005496 -0.076913
v -0.001856 0.006432 -0.081469
v -0.002186 0.006386 -0.081416
v -0.002505 0.007771 -0.091453
v -0.002839 0.007734 -0.091426
v -0.002627 0.008215 -0.101685
v -0.002961 0.008182 -0.101655
v -0.002295 0.007453 -0.111312
v -0.002629 0.007419 -0.111311
v -0.001836 0.005541 -0.121262
v -0.002170 0.005507 -0.121264
v -0.001219 0.002779 -0.130779
v -0.001552 0.002741 -0.130797
v -0.000522 -0.000622 -0.140502
v -0.000855 -0.000661 -0.140515
v 0.000153 -0.003862 -0.148622
v -0.000181 -0.003897 -0.148621
v 0.000853 -0.007525 -0.156845
v 0.000521 -0.007568 -0.156849
v 0.001404 -0.010671 -0.163432
v 0.001073 -0.010731 -0.163465
v 0.001848 -0.012859 -0.167949
v 0.001515 -0.012903 -0.167951
v 0.002090 -0.013671 -0.169686
v 0.001792 -0.013716 -0.169702
v 0.014465 -0.015423 -0.157263
v -0.006424 -0.024925 -0.078573
v -0.007882 -0.023929 -0.079812
v -0.007584 -0.023871 -0.080140
v -0.006233 -0.025313 -0.078857
v 0.018140 -0.000576 -0.077769
v 0.018009 -0.000795 -0.078083
v 0.017393 0.000677 -0.079884
v 0.017183 0.000947 -0.079625
v 0.010565 -0.008954 -0.150203
v 0.010547 -0.007909 -0.147588
v 0.011080 -0.008480 -0.147480
v 0.011063 -0.009429 -0.149991
v 0.012771 -0.014819 -0.156335
v 0.012486 -0.014622 -0.157077
v 0.011819 -0.013298 -0.156272
v 0.012165 -0.013524 -0.155524
v -0.003994 -0.033175 -0.154088
v -0.003955 -0.033052 -0.153214
v -0.004540 -0.032642 -0.153319
v 0.001908 -0.027024 -0.076570
v 0.001885 -0.027208 -0.076095
v -0.002041 -0.027135 -0.076486
v -0.002066 -0.026896 -0.076857
v 0.019015 -0.010201 -0.074058
v 0.018907 -0.010146 -0.074659
v 0.019172 -0.006736 -0.075060
v 0.019250 -0.006704 -0.074775
v 0.018588 -0.002148 -0.076675
v 0.018586 -0.002369 -0.077003
v 0.017653 -0.014198 -0.073967
v 0.017558 -0.014184 -0.074481
v 0.014227 0.003885 -0.092980
v 0.014028 0.004230 -0.093062
v 0.014881 0.003654 -0.087908
v 0.015152 0.003407 -0.088048
v 0.013069 0.003792 -0.102379
v 0.012864 0.004155 -0.102431
v 0.012489 0.002528 -0.110193
v 0.011950 0.003086 -0.110257
v 0.011664 0.000592 -0.120006
v 0.011123 0.001136 -0.120153
v 0.011241 -0.001984 -0.129259
v 0.010695 -0.001431 -0.129352
v 0.011031 -0.005092 -0.139006
v 0.010490 -0.004541 -0.139122
v 0.011362 -0.012059 -0.155265
v 0.011805 -0.012386 -0.154727
v 0.011414 -0.011243 -0.153213
v 0.011030 -0.010791 -0.153564
v 0.015972 -0.017584 -0.074480
v 0.015850 -0.017517 -0.074960
v 0.008168 -0.024908 -0.075968
v 0.008194 -0.024737 -0.076432
v 0.011041 -0.022881 -0.076116
v 0.011035 -0.023007 -0.075619
v 0.005263 -0.026223 -0.076103
v 0.005232 -0.026090 -0.076598
v -0.010523 -0.020942 -0.088627
v -0.010958 -0.020506 -0.088719
v -0.011017 -0.020229 -0.093495
v -0.010415 -0.020611 -0.093478
v -0.010207 -0.020915 -0.106277
v -0.009598 -0.021358 -0.106083
v -0.010130 -0.020577 -0.097895
v -0.010767 -0.020288 -0.097940
v -0.009634 -0.022326 -0.114552
v -0.009040 -0.022776 -0.114336
v -0.008401 -0.024961 -0.125254
v -0.007806 -0.025422 -0.125072
v 0.013133 -0.020507 -0.075477
v 0.013256 -0.020582 -0.074972
v -0.007267 -0.027531 -0.135641
v -0.006659 -0.028030 -0.135593
v -0.006341 -0.029666 -0.144362
v -0.005722 -0.030175 -0.144370
v -0.004911 -0.032008 -0.150974
v -0.005424 -0.031607 -0.151278
v 0.019045 -0.003993 -0.075646
v 0.019069 -0.004105 -0.075970
v -0.004790 -0.025952 -0.077376
v -0.004669 -0.026093 -0.077753
v 0.005215 -0.034884 -0.154545
v 0.005287 -0.035061 -0.155229
v 0.007096 -0.033853 -0.155580
v 0.007064 -0.033631 -0.154827
v 0.008871 -0.032502 -0.155098
v 0.008902 -0.032720 -0.155853
v 0.010210 -0.031440 -0.156124
v 0.010207 -0.031206 -0.155370
v 0.012744 -0.027461 -0.156764
v 0.012753 -0.027263 -0.156046
v 0.011437 -0.029627 -0.155682
v 0.011455 -0.029865 -0.156428
v 0.013446 -0.016092 -0.156956
v 0.013195 -0.015946 -0.157771
v 0.000620 -0.035531 -0.154487
v 0.000647 -0.035691 -0.155124
v 0.002933 -0.035599 -0.155109
v 0.002858 -0.035423 -0.154416
v -0.001815 -0.035208 -0.155109
v -0.001874 -0.035045 -0.154397
v -0.002951 -0.034460 -0.154142
v -0.003182 -0.034492 -0.154740
v 0.016811 0.001569 -0.081434
v 0.016596 0.001800 -0.081176
v 0.016273 0.002297 -0.083169
v 0.016026 0.002565 -0.083105
v -0.009160 -0.022715 -0.081946
v -0.008789 -0.022898 -0.082313
v 0.013867 -0.025047 -0.157191
v 0.013975 -0.024852 -0.156484
v 0.014324 -0.021460 -0.157801
v 0.014359 -0.021151 -0.157118
v -0.010038 -0.021507 -0.084722
v -0.009745 -0.021857 -0.084934
v -0.005905 -0.030813 -0.148370
v -0.005362 -0.031140 -0.148206
v 0.014025 -0.018046 -0.158055
v 0.014051 -0.017694 -0.157293
v 0.002987 -0.021518 -0.185435
v 0.003363 -0.021465 -0.185436
v 0.003996 -0.024568 -0.191732
v 0.003572 -0.024594 -0.191667
v -0.000138 -0.014451 -0.169903
v -0.001803 -0.015547 -0.170415
v -0.003348 -0.017308 -0.171915
v -0.004041 -0.018775 -0.173072
v -0.004468 -0.020272 -0.174410
v -0.004527 -0.021362 -0.175980
v -0.004155 -0.022179 -0.177849
v -0.003495 -0.022666 -0.179793
v -0.002422 -0.022797 -0.181603
v -0.000624 -0.022373 -0.183831
v 0.001290 -0.021928 -0.185011
v 0.004779 -0.021477 -0.185031
v 0.007029 -0.021501 -0.183634
v 0.008928 -0.021413 -0.181395
v 0.009646 -0.021193 -0.179485
v 0.010213 -0.020705 -0.177552
v 0.010282 -0.019791 -0.175625
v 0.009946 -0.018763 -0.174021
v 0.009172 -0.017563 -0.172651
v 0.008028 -0.016283 -0.171435
v 0.006091 -0.014600 -0.170249
v 0.003771 -0.013850 -0.169685
v 0.015323 -0.026504 -0.169489
v 0.014220 -0.023706 -0.175960
v 0.014887 -0.027108 -0.176874
v 0.014228 -0.028983 -0.175179
v 0.014320 -0.029035 -0.173908
v 0.013492 -0.024915 -0.176695
v 0.013626 -0.025954 -0.176968
v 0.014380 -0.026645 -0.169403
v 0.014325 -0.025708 -0.168421
v 0.014157 -0.024355 -0.168023
v 0.013934 -0.023025 -0.168296
v 0.013721 -0.022068 -0.169089
v 0.013570 -0.021580 -0.169982
v 0.013442 -0.021389 -0.171126
v 0.013377 -0.023874 -0.175847
v 0.013829 -0.027261 -0.176767
v 0.014038 -0.028299 -0.176124
v 0.000574 -0.029274 -0.071922
v 0.002854 -0.030894 -0.073242
v 0.002724 -0.029067 -0.072498
v -0.001629 -0.029141 -0.071099
v 0.011812 0.002842 -0.074817
v 0.007956 0.003974 -0.075624
v 0.004107 0.004219 -0.075749
v -0.001047 0.003906 -0.075377
v -0.001269 0.003887 -0.075349
v -0.005560 0.002845 -0.074250
v -0.008665 0.001883 -0.073004
v -0.012155 0.000310 -0.070956
v 0.018492 -0.011024 -0.070399
v 0.018635 -0.006795 -0.070844
v -0.014570 -0.019054 -0.062038
v -0.012137 -0.022491 -0.063744
v -0.016299 -0.015522 -0.061584
v -0.017464 -0.011766 -0.062030
v -0.017921 -0.008022 -0.063349
v -0.016774 -0.003800 -0.066421
v -0.007189 -0.026470 -0.067849
v -0.004794 -0.027517 -0.069450
v -0.014770 -0.001535 -0.068720
v 0.016711 -0.000884 -0.072640
v 0.014671 0.001208 -0.073741
v 0.017975 -0.003470 -0.071709
v 0.017582 -0.015088 -0.070326
v 0.006024 -0.029805 -0.073754
v 0.005513 -0.028072 -0.072897
v 0.008339 -0.026818 -0.072988
v 0.016069 -0.018654 -0.070669
v 0.011329 -0.024825 -0.072461
v 0.013752 -0.021781 -0.071352
v -0.010057 -0.024471 -0.065524
v 0.013889 -0.025221 -0.172559
v 0.003342 -0.022155 -0.182331
v 0.003143 -0.018889 -0.183835
v 0.004373 -0.018698 -0.183620
v 0.004718 -0.021990 -0.182062
v 0.008266 -0.018709 -0.173213
v 0.007853 -0.014905 -0.175508
v 0.006581 -0.013981 -0.174214
v 0.006891 -0.017139 -0.172294
v 0.005309 -0.016663 -0.171447
v 0.004939 -0.013403 -0.173376
v 0.009056 -0.019743 -0.174947
v 0.008528 -0.015833 -0.176974
v 0.008633 -0.016676 -0.178540
v 0.009188 -0.021040 -0.176472
v 0.008627 -0.021542 -0.178487
v 0.008046 -0.017539 -0.180620
v 0.007310 -0.021785 -0.180373
v 0.006977 -0.018086 -0.182093
v 0.005644 -0.018481 -0.183111
v 0.005979 -0.021918 -0.181470
v 0.001706 -0.019033 -0.183789
v 0.002041 -0.022571 -0.182013
v 0.000516 -0.022570 -0.181646
v 0.000053 -0.019168 -0.183270
v -0.001494 -0.019126 -0.182325
v -0.001034 -0.022703 -0.180558
v -0.002831 -0.018799 -0.180747
v -0.002427 -0.022581 -0.178868
v -0.003702 -0.017946 -0.178611
v -0.003319 -0.021873 -0.176679
v -0.003607 -0.016650 -0.176503
v -0.003319 -0.020411 -0.174437
v -0.002629 -0.019170 -0.173172
v -0.002943 -0.015641 -0.175112
v -0.001448 -0.017870 -0.172111
v -0.001744 -0.014577 -0.173967
v 0.001787 -0.013211 -0.172889
v -0.000017 -0.013653 -0.173145
v 0.000170 -0.016847 -0.171439
v 0.002128 -0.016208 -0.171157
v 0.003262 -0.013137 -0.172986
v 0.003533 -0.016328 -0.171137
v 0.002991 -0.017629 -0.183612
v 0.004128 -0.017478 -0.183420
v 0.007030 -0.014231 -0.176319
v 0.006043 -0.013542 -0.175342
v 0.004555 -0.012984 -0.174558
v 0.007616 -0.014979 -0.177542
v 0.007729 -0.015738 -0.178999
v 0.007320 -0.016447 -0.180672
v 0.006420 -0.016898 -0.181977
v 0.005268 -0.017243 -0.182925
v 0.001752 -0.017752 -0.183572
v 0.000328 -0.017869 -0.183124
v -0.001004 -0.017838 -0.182308
v -0.002154 -0.017567 -0.180945
v -0.002902 -0.016847 -0.179097
v -0.002817 -0.015747 -0.177271
v -0.001206 -0.013982 -0.175071
v -0.002242 -0.014889 -0.176065
v 0.001839 -0.012818 -0.174134
v 0.000284 -0.013195 -0.174357
v 0.003110 -0.012756 -0.174218
v -0.000167 -0.013817 -0.171224
v -0.000645 -0.013050 -0.170019
v 0.001672 -0.012413 -0.169715
v 0.001892 -0.013338 -0.171009
v -0.002049 -0.014754 -0.171815
v -0.002481 -0.014150 -0.170591
v -0.003368 -0.015939 -0.172772
v -0.004112 -0.015847 -0.172122
v -0.004134 -0.017183 -0.173900
v -0.004978 -0.017322 -0.173502
v -0.004627 -0.018644 -0.175335
v -0.005470 -0.018917 -0.175004
v -0.004748 -0.019648 -0.176901
v -0.005504 -0.020152 -0.176693
v -0.004388 -0.020439 -0.178753
v -0.005096 -0.021046 -0.178739
v -0.003788 -0.020937 -0.180672
v -0.004373 -0.021579 -0.180868
v -0.002634 -0.021160 -0.182377
v -0.003198 -0.021723 -0.182849
v -0.000902 -0.021165 -0.183983
v -0.001317 -0.021625 -0.184875
v 0.000893 -0.020870 -0.184923
v 0.000875 -0.021356 -0.186060
v 0.002948 -0.020556 -0.185226
v 0.003133 -0.021035 -0.186315
v 0.004814 -0.020361 -0.184788
v 0.005099 -0.020796 -0.185985
v 0.006801 -0.020283 -0.183763
v 0.007229 -0.020623 -0.184813
v 0.008396 -0.020041 -0.182099
v 0.009222 -0.020291 -0.182603
v 0.009247 -0.019732 -0.180296
v 0.010015 -0.019967 -0.180529
v 0.009853 -0.019245 -0.178322
v 0.010636 -0.019432 -0.178414
v 0.010048 -0.018424 -0.176394
v 0.010711 -0.018432 -0.176304
v 0.009706 -0.017338 -0.174693
v 0.010343 -0.017306 -0.174547
v 0.008953 -0.016102 -0.173323
v 0.009496 -0.015992 -0.173047
v 0.007780 -0.014903 -0.172241
v 0.008243 -0.014591 -0.171716
v 0.006093 -0.013873 -0.171414
v 0.006278 -0.013174 -0.170469
v 0.003925 -0.013356 -0.171071
v 0.003808 -0.012429 -0.169827
v 0.002217 -0.015325 -0.172213
v 0.000597 -0.015699 -0.172369
v 0.002133 -0.015113 -0.170042
v 0.000352 -0.015552 -0.170267
v -0.000836 -0.016434 -0.172745
v -0.001210 -0.016438 -0.170818
v -0.001963 -0.017410 -0.173361
v -0.002428 -0.017634 -0.171700
v -0.002738 -0.018474 -0.174225
v -0.003253 -0.018961 -0.172910
v -0.003158 -0.019475 -0.175326
v -0.003687 -0.020246 -0.174415
v -0.003236 -0.020293 -0.176622
v -0.003754 -0.021345 -0.176149
v -0.002987 -0.020853 -0.178037
v -0.003471 -0.022162 -0.178008
v -0.002408 -0.021137 -0.179466
v -0.002835 -0.022662 -0.179853
v -0.001496 -0.021176 -0.180778
v -0.001837 -0.022867 -0.181527
v -0.000057 -0.021064 -0.181945
v -0.000254 -0.022809 -0.183035
v 0.001451 -0.020820 -0.182584
v 0.001441 -0.022710 -0.183799
v 0.002991 -0.020620 -0.182750
v 0.003083 -0.022518 -0.183984
v 0.004544 -0.020500 -0.182462
v 0.004804 -0.022323 -0.183628
v 0.006038 -0.020402 -0.181699
v 0.006437 -0.022139 -0.182663
v 0.007252 -0.020288 -0.180562
v 0.007756 -0.021890 -0.181225
v 0.008108 -0.020079 -0.179178
v 0.008682 -0.021493 -0.179474
v 0.008592 -0.019690 -0.177713
v 0.009183 -0.020884 -0.177564
v 0.008679 -0.019108 -0.176257
v 0.009244 -0.020048 -0.175641
v 0.008397 -0.018331 -0.174959
v 0.008923 -0.018993 -0.173906
v 0.007757 -0.017431 -0.173898
v 0.008218 -0.017818 -0.172453
v 0.006766 -0.016537 -0.173103
v 0.007131 -0.016675 -0.171334
v 0.005457 -0.015798 -0.172575
v 0.005693 -0.015741 -0.170569
v 0.003892 -0.015361 -0.172287
v 0.003982 -0.015181 -0.170150
v -0.000771 -0.013302 -0.169378
v 0.001678 -0.012630 -0.169056
v -0.002711 -0.014464 -0.169982
v -0.004434 -0.016258 -0.171599
v -0.005349 -0.017817 -0.173058
v -0.005869 -0.019501 -0.174645
v -0.005905 -0.020807 -0.176429
v -0.005474 -0.021752 -0.178591
v -0.004710 -0.022315 -0.180841
v -0.003469 -0.022467 -0.182935
v -0.001481 -0.022363 -0.185075
v 0.000836 -0.022079 -0.186328
v 0.003222 -0.021740 -0.186597
v 0.005299 -0.021487 -0.186249
v 0.007550 -0.021304 -0.185011
v 0.009656 -0.020953 -0.182675
v 0.010494 -0.020611 -0.180484
v 0.011150 -0.020047 -0.178248
v 0.011229 -0.018989 -0.176018
v 0.010841 -0.017800 -0.174162
v 0.009945 -0.016411 -0.172577
v 0.008622 -0.014931 -0.171171
v 0.006545 -0.013433 -0.169853
v 0.003935 -0.012646 -0.169175
v -0.009078 -0.028807 -0.168863
v -0.008888 -0.029406 -0.169576
v -0.008107 -0.031600 -0.173492
v -0.007969 -0.031670 -0.174832
v -0.008853 -0.024266 -0.171454
v -0.009068 -0.024303 -0.170544
v -0.007989 -0.028426 -0.177236
v -0.008482 -0.027246 -0.168153
v -0.008412 -0.027925 -0.168336
v -0.008489 -0.025357 -0.168892
v -0.008506 -0.026216 -0.168418
v -0.007014 -0.030355 -0.176777
v -0.007030 -0.029441 -0.177048
v -0.007191 -0.027313 -0.176856
v -0.007371 -0.026495 -0.175982
v -0.008434 -0.024654 -0.169564
v -0.008299 -0.028776 -0.168743
v -0.008156 -0.029378 -0.169462
v -0.007081 -0.031236 -0.175953
v -0.007439 -0.031576 -0.173388
v -0.007238 -0.031643 -0.174719
v -0.008054 -0.024469 -0.172210
v -0.008195 -0.024243 -0.171352
v -0.008329 -0.024274 -0.170430
v -0.007088 -0.028388 -0.177097
v -0.007823 -0.027722 -0.172410
v 0.031463 -0.002573 -0.044105
v 0.031749 -0.000569 -0.048471
v 0.026567 -0.000266 -0.047742
v 0.025838 -0.000950 -0.046090
v 0.024479 -0.001395 -0.044784
v 0.024485 -0.001556 -0.044440
v 0.025507 0.003024 -0.055148
v 0.024430 0.001968 -0.052288
v 0.025805 0.001309 -0.051098
v 0.031195 0.001409 -0.052823
v 0.029821 0.003301 -0.057029
v 0.003386 0.010025 -0.073123
v -0.001393 0.009700 -0.072664
v -0.000094 0.007814 -0.066216
v 0.003518 0.008046 -0.066531
v -0.006266 0.008986 -0.071362
v -0.003585 0.007326 -0.065335
v -0.010785 0.007917 -0.069265
v -0.006848 0.006597 -0.063914
v -0.014795 0.006530 -0.066445
v -0.009785 0.005649 -0.061997
v -0.018159 0.004871 -0.062998
v -0.012306 0.004510 -0.059642
v -0.020763 0.002997 -0.059040
v -0.014335 0.003215 -0.056920
v -0.022519 0.000971 -0.054707
v -0.015810 0.001804 -0.053914
v -0.017797 0.000631 -0.051933
v -0.015450 0.001283 -0.052655
v -0.021499 -0.001441 -0.048747
v -0.019942 -0.000335 -0.050626
v -0.023366 -0.001136 -0.050147
v -0.022378 -0.002650 -0.046481
v -0.023276 -0.003254 -0.045514
v -0.021730 -0.004933 -0.041585
v -0.022463 -0.003853 -0.044009
v -0.022252 -0.005310 -0.040967
v -0.015719 -0.006452 -0.036702
v -0.018179 -0.006278 -0.037777
v -0.020328 -0.007234 -0.036660
v -0.020251 -0.005772 -0.039440
v -0.013154 -0.006264 -0.036303
v -0.017570 -0.008961 -0.032739
v -0.011815 -0.006628 -0.035276
v -0.014073 -0.010432 -0.029340
v -0.009200 -0.007625 -0.032959
v -0.009954 -0.011597 -0.026576
v -0.006187 -0.008409 -0.031086
v -0.005356 -0.012416 -0.024542
v -0.002867 -0.008956 -0.029714
v -0.000433 -0.012862 -0.023309
v 0.000658 -0.009250 -0.028885
v 0.004647 -0.012918 -0.022916
v 0.004282 -0.009282 -0.028625
v 0.009709 -0.012584 -0.023379
v 0.007894 -0.009050 -0.028940
v 0.018622 -0.010937 -0.026507
v 0.014649 -0.007833 -0.031242
v 0.011385 -0.008563 -0.029821
v 0.014320 -0.011920 -0.024587
v 0.022484 -0.009666 -0.029081
v 0.017585 -0.006885 -0.033159
v 0.025790 -0.008145 -0.032230
v 0.020155 -0.005813 -0.035366
v 0.028438 -0.006420 -0.035860
v 0.022135 -0.004451 -0.038236
v 0.030349 -0.004544 -0.039858
v 0.023610 -0.003040 -0.041242
v 0.011333 0.006437 -0.061575
v 0.012125 0.005947 -0.060292
v 0.012406 0.006734 -0.062583
v 0.014978 0.006689 -0.062802
v 0.013987 0.007173 -0.064070
v 0.014260 0.006140 -0.061126
v 0.004599 0.007708 -0.065355
v 0.007332 0.007919 -0.065962
v 0.006114 0.007686 -0.065143
v 0.003050 0.007689 -0.065366
v 0.001531 0.007561 -0.065129
v 0.000105 0.007340 -0.064662
v -0.001208 0.007029 -0.063856
v -0.002386 0.006620 -0.062898
v -0.004266 0.005586 -0.060367
v -0.003394 0.006148 -0.061772
v -0.004728 0.004993 -0.058916
v -0.004909 0.004359 -0.057304
v -0.012964 0.001644 -0.052847
v -0.004799 0.003769 -0.055649
v -0.010570 0.001695 -0.052328
v -0.001571 -0.001870 -0.042553
v -0.004237 -0.001850 -0.043179
v -0.004719 -0.002883 -0.041179
v -0.002142 -0.001202 -0.043966
v -0.000815 -0.002485 -0.041157
v 0.000249 -0.002985 -0.040051
v -0.010659 -0.005867 -0.036510
v -0.008881 -0.005420 -0.037067
v -0.007424 -0.004825 -0.037887
v -0.005798 -0.003908 -0.039383
v 0.001562 -0.003447 -0.039159
v 0.002926 -0.003772 -0.038410
v 0.004378 -0.003944 -0.037975
v 0.005908 -0.004050 -0.037731
v 0.007444 -0.004020 -0.037783
v 0.008962 -0.003862 -0.038012
v 0.010397 -0.003602 -0.038525
v 0.011722 -0.003275 -0.039231
v 0.012881 -0.002823 -0.040159
v 0.013843 -0.002307 -0.041283
v 0.014631 -0.001635 -0.042726
v 0.031495 -0.003868 -0.044697
v 0.031780 -0.001863 -0.049063
v 0.031227 0.000115 -0.053415
v 0.029852 0.002006 -0.057621
v 0.027698 0.003754 -0.061554
v 0.027666 0.005048 -0.060961
v 0.024829 0.005304 -0.065093
v 0.024798 0.006598 -0.064500
v 0.021333 0.006609 -0.068131
v 0.021302 0.007904 -0.067539
v 0.017316 0.007631 -0.070577
v 0.017285 0.008926 -0.069985
v 0.012901 0.008338 -0.072355
v 0.012869 0.009633 -0.071763
v 0.008220 0.008708 -0.073412
v 0.008189 0.010003 -0.072820
v 0.003418 0.008731 -0.073715
v -0.001362 0.008405 -0.073256
v -0.006235 0.007691 -0.071954
v -0.010754 0.006623 -0.069857
v -0.014763 0.005235 -0.067037
v -0.018128 0.003576 -0.063590
v -0.020732 0.001702 -0.059632
v -0.022488 -0.000323 -0.055300
v -0.023335 -0.002430 -0.050739
v -0.023245 -0.004548 -0.046107
v -0.022220 -0.006604 -0.041559
v -0.020297 -0.008529 -0.037252
v -0.017539 -0.010256 -0.033332
v -0.014041 -0.011727 -0.029932
v -0.009923 -0.012892 -0.027168
v -0.005324 -0.013711 -0.025135
v -0.000401 -0.014156 -0.023901
v 0.004678 -0.014213 -0.023509
v 0.009741 -0.013879 -0.023971
v 0.014351 -0.013214 -0.025180
v 0.018653 -0.012231 -0.027100
v 0.022515 -0.010960 -0.029673
v 0.025821 -0.009439 -0.032823
v 0.028469 -0.007714 -0.036452
v 0.030380 -0.005838 -0.040451
v 0.015312 -0.000237 -0.045629
v 0.015089 -0.000447 -0.045718
v 0.014942 -0.001167 -0.044231
v 0.015160 -0.000975 -0.044097
v 0.015128 0.000560 -0.047346
v 0.014908 0.000336 -0.047405
v 0.012626 0.005344 -0.058661
v 0.012411 0.005113 -0.058702
v 0.011920 0.005702 -0.060300
v 0.011151 0.006177 -0.061546
v 0.010140 0.006937 -0.062939
v 0.009983 0.006665 -0.062882
v 0.008932 0.007273 -0.063899
v 0.008808 0.006991 -0.063817
v 0.007582 0.007519 -0.064613
v 0.007491 0.007230 -0.064514
v 0.006063 0.007392 -0.065029
v 0.004587 0.007412 -0.065237
v 0.003074 0.007394 -0.065247
v 0.001593 0.007269 -0.065016
v 0.000211 0.007054 -0.064563
v -0.001067 0.006754 -0.063778
v -0.002220 0.006353 -0.062841
v -0.003205 0.005893 -0.061741
v -0.004054 0.005347 -0.060372
v -0.004502 0.004772 -0.058962
v -0.004679 0.004154 -0.057387
v -0.004572 0.003577 -0.055764
v -0.001921 -0.001381 -0.044110
v -0.001360 -0.002040 -0.042722
v -0.000623 -0.002640 -0.041360
v 0.000407 -0.003125 -0.040290
v 0.001692 -0.003579 -0.039418
v 0.003023 -0.003896 -0.038688
v 0.004436 -0.004065 -0.038264
v 0.005927 -0.004168 -0.038027
v 0.007423 -0.004139 -0.038078
v 0.008903 -0.003984 -0.038301
v 0.010301 -0.003731 -0.038801
v 0.011593 -0.003412 -0.039489
v 0.012720 -0.002972 -0.040391
v 0.013655 -0.002469 -0.041483
v 0.014427 -0.001810 -0.042896
v 0.013058 -0.001539 -0.046979
v 0.012962 -0.002168 -0.045766
v 0.012897 -0.000856 -0.048362
v 0.010819 0.003286 -0.057662
v 0.010419 0.003792 -0.058985
v 0.009805 0.004201 -0.060018
v 0.008880 0.004621 -0.061132
v 0.007953 0.004901 -0.061917
v 0.006919 0.005107 -0.062505
v 0.005799 0.005244 -0.062947
v 0.004647 0.005260 -0.063137
v 0.003465 0.005244 -0.063162
v -0.000638 0.004348 -0.061243
v 0.000251 0.004693 -0.062000
v -0.001394 0.003950 -0.060349
v -0.002041 0.003480 -0.059232
v -0.002376 0.002984 -0.058078
v -0.002496 0.002451 -0.056784
v -0.002396 0.001958 -0.055443
v -0.000194 -0.002344 -0.045850
v 0.000261 -0.002919 -0.044709
v 0.000852 -0.003441 -0.043585
v 0.001669 -0.003865 -0.042698
v 0.002683 -0.004264 -0.041974
v 0.003730 -0.004542 -0.041362
v 0.004837 -0.004688 -0.040999
v 0.006003 -0.004780 -0.040789
v 0.007171 -0.004756 -0.040815
v 0.008322 -0.004620 -0.040979
v 0.009407 -0.004400 -0.041372
v 0.010406 -0.004123 -0.041922
v 0.011274 -0.003740 -0.042647
v 0.011991 -0.003303 -0.043532
v 0.012576 -0.002729 -0.044680
v 0.001240 0.004951 -0.062633
v 0.002313 0.005136 -0.062989
v -0.004227 -0.000885 -0.045214
v -0.004566 -0.000242 -0.046706
v -0.005251 0.000345 -0.048188
v -0.006596 0.001006 -0.049957
v -0.008426 0.001498 -0.051269
v -0.019964 -0.001837 -0.043409
v -0.019387 -0.002032 -0.043574
v -0.019370 -0.001234 -0.045318
v -0.019946 -0.000974 -0.045294
v -0.012942 -0.004452 -0.037946
v -0.012999 -0.004452 -0.037326
v -0.010930 -0.004359 -0.037420
v -0.011027 -0.004366 -0.038033
v -0.014816 -0.004320 -0.038333
v -0.015025 -0.004310 -0.037744
v -0.016512 -0.003981 -0.039164
v -0.016857 -0.003943 -0.038643
v -0.017902 -0.003459 -0.040378
v -0.018360 -0.003379 -0.039955
v -0.018885 -0.002793 -0.041886
v -0.019422 -0.002659 -0.041584
v -0.014902 0.001663 -0.050789
v -0.014703 0.001206 -0.050403
v -0.012822 0.001400 -0.050726
v -0.012869 0.001872 -0.051138
v -0.010910 0.001377 -0.050575
v -0.010803 0.001847 -0.050975
v -0.009108 0.001139 -0.049960
v -0.008855 0.001590 -0.050310
v -0.007550 0.000704 -0.048928
v -0.007172 0.001120 -0.049195
v -0.006353 0.000105 -0.047554
v -0.005878 0.000472 -0.047710
v -0.005740 -0.000448 -0.046322
v -0.005218 -0.000135 -0.046387
v -0.016751 0.001235 -0.049953
v -0.016414 0.000811 -0.049629
v -0.018278 0.000621 -0.048692
v -0.017826 0.000243 -0.048463
v -0.019370 -0.000134 -0.047099
v -0.018837 -0.000456 -0.046989
v -0.005416 -0.001004 -0.045082
v -0.004865 -0.000726 -0.045038
v -0.005433 -0.001803 -0.043338
v -0.004883 -0.001589 -0.043153
v -0.009403 -0.004142 -0.037847
v -0.009622 -0.004158 -0.038445
v -0.008078 -0.003798 -0.038494
v -0.008389 -0.003847 -0.039027
v -0.006552 -0.003184 -0.039755
v -0.006976 -0.003279 -0.040194
v -0.005459 -0.002429 -0.041348
v -0.005966 -0.002580 -0.041667
v -0.018334 -0.003606 -0.046237
v -0.018348 -0.004295 -0.044732
v -0.012785 -0.006383 -0.039874
v -0.011132 -0.006309 -0.039948
v -0.015866 -0.005977 -0.040925
v -0.014403 -0.006270 -0.040207
v -0.017067 -0.005526 -0.041973
v -0.017915 -0.004951 -0.043274
v -0.014305 -0.001500 -0.050627
v -0.012681 -0.001333 -0.050906
v -0.011030 -0.001352 -0.050775
v -0.009475 -0.001558 -0.050244
v -0.008131 -0.001933 -0.049353
v -0.007097 -0.002450 -0.048167
v -0.006568 -0.002927 -0.047104
v -0.015782 -0.001841 -0.049959
v -0.017001 -0.002331 -0.048952
v -0.017873 -0.002935 -0.047680
v -0.006288 -0.003407 -0.046034
v -0.006302 -0.004097 -0.044528
v -0.009919 -0.006130 -0.040304
v -0.008855 -0.005861 -0.040806
v -0.007635 -0.005371 -0.041814
v -0.006763 -0.004768 -0.043086
v -0.020569 -0.002069 -0.043439
v -0.020550 -0.001138 -0.045472
v -0.015242 -0.004736 -0.037330
v -0.013057 -0.004889 -0.036879
v -0.017218 -0.004340 -0.038299
v -0.018839 -0.003732 -0.039714
v -0.019984 -0.002956 -0.041471
v -0.012917 0.001931 -0.051776
v -0.015110 0.001705 -0.051399
v -0.010688 0.001904 -0.051599
v -0.008588 0.001627 -0.050883
v -0.006773 0.001120 -0.049679
v -0.005377 0.000422 -0.048078
v -0.004665 -0.000233 -0.046652
v -0.017103 0.001245 -0.050497
v -0.018750 0.000582 -0.049137
v -0.019928 -0.000232 -0.047420
v -0.010825 -0.004789 -0.036980
v -0.004285 -0.000871 -0.045197
v -0.004304 -0.001801 -0.043164
v -0.009179 -0.004555 -0.037441
v -0.007750 -0.004184 -0.038139
v -0.006103 -0.003522 -0.039499
v -0.004925 -0.002708 -0.041216
v -0.021342 -0.002702 -0.043631
v -0.021321 -0.001684 -0.045855
v -0.013124 -0.005787 -0.036454
v -0.015514 -0.005619 -0.036947
v -0.017676 -0.005187 -0.038007
v -0.019449 -0.004521 -0.039556
v -0.020702 -0.003672 -0.041478
v -0.012971 0.001674 -0.052751
v -0.015370 0.001428 -0.052339
v -0.017551 0.000923 -0.051353
v -0.019352 0.000199 -0.049865
v -0.020641 -0.000692 -0.047986
v -0.010682 -0.005677 -0.036565
v -0.021857 -0.003241 -0.043812
v -0.021835 -0.002164 -0.046164
v -0.015694 -0.006326 -0.036743
v -0.017980 -0.005869 -0.037864
v -0.019855 -0.005165 -0.039502
v -0.021181 -0.004266 -0.041535
v -0.019753 -0.000173 -0.050405
v -0.021116 -0.001115 -0.048418
v 0.022698 -0.001600 -0.044053
v 0.026556 0.000516 -0.049506
v 0.023348 0.002886 -0.054207
v 0.022639 0.002380 -0.052899
v 0.016848 0.000426 -0.047360
v 0.016837 0.001190 -0.049131
v 0.023215 0.006223 -0.063071
v 0.021842 0.006756 -0.064318
v 0.020054 0.007109 -0.064956
v 0.015002 0.004782 -0.057632
v 0.014254 0.005475 -0.059271
v 0.018165 0.003835 -0.055775
v 0.018926 0.002286 -0.052105
v 0.020097 0.003744 -0.055829
v 0.020707 0.002482 -0.052840
v 0.008277 0.007634 -0.065064
v 0.012069 0.007570 -0.065119
v 0.010840 0.007443 -0.064608
v 0.017598 -0.000368 -0.045767
v 0.018974 -0.001042 -0.044585
v 0.020765 -0.001479 -0.043985
v 0.023239 0.004329 -0.057895
v 0.021878 0.003945 -0.056561
v 0.023971 0.004891 -0.059603
v 0.023962 0.005555 -0.061421
v 0.018121 0.007213 -0.064896
v 0.015321 0.007882 -0.066463
v 0.016339 0.007064 -0.064140
v 0.017567 0.001832 -0.050803
v 0.016376 0.004200 -0.056408
v 0.013008 0.007829 -0.066042
v 0.013514 0.008187 -0.067233
v 0.012995 0.008975 -0.069685
v 0.012050 0.009278 -0.070575
v 0.013509 0.008590 -0.068513
v 0.008258 0.009305 -0.070537
v 0.009487 0.009447 -0.071041
v 0.010818 0.009437 -0.071054
v 0.006815 0.008662 -0.068434
v 0.006819 0.008275 -0.067148
v 0.007320 0.009027 -0.069623
v 0.009508 0.007474 -0.064585
v 0.024332 -0.001540 -0.045097
v 0.022649 -0.001733 -0.044407
v 0.026295 0.000266 -0.049560
v 0.026306 -0.000473 -0.047893
v 0.025586 0.001016 -0.051065
v 0.022594 0.002028 -0.052767
v 0.024286 0.001639 -0.052189
v 0.017120 0.000182 -0.047531
v 0.017109 0.000904 -0.049206
v 0.019979 0.006774 -0.064808
v 0.021670 0.006440 -0.064204
v 0.018153 0.006872 -0.064750
v 0.015205 0.004575 -0.057885
v 0.014498 0.005229 -0.059434
v 0.020020 0.003593 -0.056181
v 0.018194 0.003679 -0.056130
v 0.012858 0.007617 -0.066252
v 0.011971 0.007372 -0.065380
v 0.011953 0.008986 -0.070537
v 0.012846 0.008700 -0.069695
v 0.008369 0.009012 -0.070501
v 0.009530 0.009146 -0.070977
v 0.008386 0.007433 -0.065328
v 0.007493 0.007702 -0.066177
v 0.010809 0.007252 -0.064898
v 0.025617 -0.001119 -0.046331
v 0.017829 -0.000568 -0.046026
v 0.019130 -0.001206 -0.044909
v 0.020822 -0.001619 -0.044342
v 0.022990 0.004146 -0.058134
v 0.021704 0.003783 -0.056873
v 0.023682 0.004677 -0.059748
v 0.023674 0.005304 -0.061467
v 0.022967 0.005936 -0.063026
v 0.015182 0.006377 -0.062771
v 0.016468 0.006731 -0.064036
v 0.014504 0.005858 -0.061188
v 0.016503 0.004024 -0.056728
v 0.017799 0.001511 -0.050786
v 0.019084 0.001940 -0.052017
v 0.020768 0.002125 -0.052711
v 0.013336 0.007955 -0.067378
v 0.013332 0.008336 -0.068587
v 0.010788 0.009137 -0.070989
v 0.007482 0.008749 -0.069637
v 0.007004 0.008404 -0.068513
v 0.007008 0.008038 -0.067298
v 0.009550 0.007281 -0.064875
v 0.024113 -0.002726 -0.046049
v 0.022591 -0.002901 -0.045425
v 0.025887 -0.001094 -0.050083
v 0.025897 -0.001762 -0.048576
v 0.025246 -0.000416 -0.051443
v 0.022542 0.000499 -0.052982
v 0.024071 0.000147 -0.052459
v 0.017594 -0.001171 -0.048249
v 0.017585 -0.000517 -0.049763
v 0.019891 0.005264 -0.064980
v 0.021406 0.004965 -0.064439
v 0.018255 0.005352 -0.064928
v 0.015614 0.003294 -0.058777
v 0.014980 0.003880 -0.060165
v 0.019928 0.002414 -0.057250
v 0.018292 0.002491 -0.057204
v 0.012632 0.006317 -0.067034
v 0.011830 0.006096 -0.066246
v 0.011814 0.007555 -0.070907
v 0.012621 0.007297 -0.070146
v 0.008575 0.007579 -0.070874
v 0.009624 0.007699 -0.071305
v 0.008590 0.006151 -0.066199
v 0.007784 0.006394 -0.066966
v 0.010781 0.005988 -0.065810
v 0.025274 -0.002346 -0.047165
v 0.018235 -0.001848 -0.046889
v 0.019410 -0.002425 -0.045879
v 0.020940 -0.002798 -0.045367
v 0.022589 0.002909 -0.059000
v 0.021436 0.002584 -0.057870
v 0.023208 0.003385 -0.060447
v 0.023201 0.003947 -0.061986
v 0.022568 0.004514 -0.063383
v 0.015593 0.004908 -0.063155
v 0.016745 0.005226 -0.064288
v 0.014985 0.004444 -0.061736
v 0.016777 0.002800 -0.057740
v 0.018208 0.000031 -0.051191
v 0.019369 0.000418 -0.052303
v 0.020891 0.000586 -0.052931
v 0.013064 0.006624 -0.068052
v 0.013060 0.006967 -0.069145
v 0.010762 0.007691 -0.071316
v 0.007773 0.007341 -0.070093
v 0.007342 0.007029 -0.069078
v 0.007345 0.006698 -0.067979
v 0.009643 0.006014 -0.065790
v 0.008613 -0.001010 -0.050078
v 0.008572 -0.001277 -0.049563
v 0.008544 -0.000720 -0.050665
v 0.007662 0.001040 -0.054615
v 0.007492 0.001254 -0.055177
v 0.007231 0.001428 -0.055616
v 0.006838 0.001607 -0.056089
v 0.006445 0.001725 -0.056422
v 0.006005 0.001813 -0.056672
v 0.005530 0.001871 -0.056860
v 0.005040 0.001878 -0.056940
v 0.004539 0.001871 -0.056951
v 0.002796 0.001491 -0.056136
v 0.003173 0.001637 -0.056457
v 0.002475 0.001321 -0.055756
v 0.002200 0.001122 -0.055282
v 0.002058 0.000911 -0.054792
v 0.002007 0.000685 -0.054242
v 0.002049 0.000475 -0.053672
v 0.002984 -0.001352 -0.049598
v 0.003178 -0.001596 -0.049114
v 0.003429 -0.001818 -0.048636
v 0.003776 -0.001998 -0.048260
v 0.004206 -0.002167 -0.047952
v 0.004651 -0.002285 -0.047692
v 0.005121 -0.002347 -0.047538
v 0.005617 -0.002386 -0.047449
v 0.006112 -0.002376 -0.047460
v 0.006601 -0.002318 -0.047530
v 0.007062 -0.002225 -0.047697
v 0.007486 -0.002107 -0.047930
v 0.007855 -0.001944 -0.048238
v 0.008160 -0.001759 -0.048614
v 0.008408 -0.001515 -0.049101
v 0.003593 0.001747 -0.056726
v 0.004049 0.001825 -0.056878
v 0.005321 -0.000208 -0.052178
v -0.008855 -0.005861 -0.040806
v -0.006302 -0.004097 -0.044528
v -0.006568 -0.002927 -0.047104
v -0.017873 -0.002935 -0.047680
v -0.018334 -0.003606 -0.046237
v -0.017915 -0.004951 -0.043274
v -0.012782 0.008236 -0.072239
v -0.012829 0.007288 -0.072793
v -0.015335 0.006482 -0.071166
v -0.015277 0.007434 -0.070618
v -0.010175 0.008922 -0.073600
v -0.010211 0.007976 -0.074160
v -0.007344 0.009687 -0.074153
v -0.007503 0.009489 -0.074698
v -0.009978 0.009128 -0.073071
v -0.004686 0.010130 -0.074982
v -0.004806 0.009939 -0.075539
v -0.007195 0.009568 -0.073526
v -0.001872 0.010349 -0.074950
v -0.002042 0.010463 -0.075568
v 0.001616 0.010756 -0.076016
v -0.002123 0.010276 -0.076134
v 0.001588 0.010574 -0.076588
v -0.002126 0.009336 -0.076704
v 0.001601 0.009635 -0.077160
v -0.007527 0.008546 -0.075263
v -0.004819 0.008998 -0.076107
v 0.027654 0.006678 -0.066694
v 0.027776 0.005723 -0.067225
v 0.024772 0.006920 -0.070001
v 0.024662 0.007870 -0.069458
v 0.030164 0.005345 -0.063649
v 0.030297 0.004384 -0.064167
v 0.031747 0.004194 -0.060082
v 0.032158 0.003917 -0.060422
v 0.029782 0.005602 -0.063262
v 0.033200 0.002737 -0.056821
v 0.033632 0.002439 -0.057114
v 0.032858 0.002444 -0.055839
v 0.034161 0.001272 -0.053568
v 0.033971 0.000210 -0.050897
v 0.034685 -0.000241 -0.050233
v 0.034758 -0.001846 -0.046724
v 0.035139 -0.000583 -0.050430
v 0.035212 -0.002211 -0.046870
v 0.035292 -0.001569 -0.050893
v 0.035366 -0.003203 -0.047317
v 0.032299 0.002950 -0.060927
v 0.034607 0.000952 -0.053813
v 0.033779 0.001466 -0.057604
v 0.034758 -0.000027 -0.054290
v 0.017628 -0.013647 -0.022808
v 0.017708 -0.014688 -0.023155
v 0.021228 -0.013793 -0.024924
v 0.021141 -0.012754 -0.024574
v 0.014005 -0.014331 -0.021506
v 0.014070 -0.015374 -0.021847
v 0.010288 -0.014260 -0.020888
v 0.010386 -0.014807 -0.020657
v 0.013855 -0.013791 -0.021724
v 0.006625 -0.014550 -0.020449
v 0.006669 -0.015100 -0.020212
v 0.010192 -0.013866 -0.021396
v 0.004987 -0.014220 -0.020896
v 0.002765 -0.014655 -0.020423
v -0.000244 -0.014194 -0.021229
v -0.001208 -0.014550 -0.020863
v -0.005341 -0.013789 -0.022385
v -0.005195 -0.014218 -0.021800
v -0.009082 -0.013652 -0.023243
v -0.005322 -0.014764 -0.021582
v -0.009266 -0.014189 -0.023047
v -0.005338 -0.015809 -0.021924
v -0.009299 -0.015232 -0.023395
v 0.010436 -0.015852 -0.020995
v 0.002754 -0.015207 -0.020186
v 0.006704 -0.016147 -0.020548
v -0.001278 -0.015101 -0.020631
v 0.002772 -0.016254 -0.020522
v -0.001276 -0.016147 -0.020969
v -0.016914 -0.013253 -0.028121
v -0.013040 -0.014422 -0.025361
v -0.016724 -0.012982 -0.027828
v -0.018898 -0.012471 -0.029936
v -0.018836 -0.011946 -0.029697
v -0.016391 -0.012366 -0.027407
v -0.018761 -0.011241 -0.029597
v -0.018610 -0.010819 -0.029872
v -0.016105 -0.011855 -0.027540
v -0.018336 -0.010465 -0.030337
v -0.014517 -0.011900 -0.026999
v -0.012755 -0.012857 -0.025173
v -0.010147 -0.013016 -0.024328
v 0.015488 -0.013090 -0.022810
v 0.017426 -0.013118 -0.023007
v 0.020398 -0.011929 -0.025088
v 0.020897 -0.012235 -0.024754
v 0.024179 -0.011141 -0.026971
v 0.024476 -0.011643 -0.026826
v 0.027496 -0.010337 -0.029519
v 0.027153 -0.009855 -0.029623
v 0.030231 -0.009889 -0.032979
v 0.030098 -0.008869 -0.032591
v 0.027618 -0.011364 -0.029894
v 0.032348 -0.008288 -0.036365
v 0.032207 -0.007274 -0.035963
v 0.024755 -0.010421 -0.028153
v 0.029717 -0.008408 -0.032650
v 0.033919 -0.006608 -0.039955
v 0.033771 -0.005601 -0.039537
v 0.028411 -0.008618 -0.031899
v 0.031796 -0.006836 -0.035974
v 0.034921 -0.004897 -0.043640
v 0.034769 -0.003897 -0.043208
v 0.031241 -0.006582 -0.036199
v 0.033337 -0.005187 -0.039497
v 0.033149 -0.004381 -0.040908
v 0.034321 -0.003508 -0.043115
v 0.034069 -0.002091 -0.045863
v 0.030768 0.004535 -0.060519
v 0.027308 0.006915 -0.066264
v 0.021351 0.007937 -0.072404
v 0.021255 0.008883 -0.071851
v 0.027771 0.006412 -0.064779
v 0.024360 0.008091 -0.068989
v 0.017603 0.008741 -0.074359
v 0.017523 0.009683 -0.073798
v 0.023971 0.008011 -0.068473
v 0.021001 0.009089 -0.071347
v 0.013639 0.009312 -0.075818
v 0.013576 0.010253 -0.075251
v 0.019018 0.009367 -0.071672
v 0.017323 0.009878 -0.073266
v 0.014498 0.010167 -0.073686
v 0.013432 0.010439 -0.074698
v 0.009149 0.010651 -0.075027
v 0.009444 0.010766 -0.075624
v 0.005472 0.010866 -0.076052
v 0.005500 0.010686 -0.076624
v 0.009530 0.010584 -0.076190
v 0.003630 0.010712 -0.075453
v -0.012127 0.008398 -0.071229
v -0.012547 0.008452 -0.071730
v -0.015007 0.007661 -0.070132
v -0.017616 0.006522 -0.068748
v -0.017312 0.006762 -0.068289
v -0.017683 0.005566 -0.069288
v -0.019837 0.004551 -0.067182
v -0.019745 0.005498 -0.066644
v -0.022072 0.003272 -0.064463
v -0.021771 0.004338 -0.064328
v -0.016498 0.006878 -0.068139
v -0.019427 0.005772 -0.066220
v -0.020345 0.004999 -0.064258
v -0.021006 0.004989 -0.064444
v 0.005530 0.009747 -0.077197
v 0.009576 0.009646 -0.076761
v 0.024582 -0.012676 -0.027187
v -0.012992 -0.013383 -0.025005
v -0.027891 0.004571 -0.060576
v -0.026149 0.003673 -0.061089
v -0.026280 0.003118 -0.060953
v -0.028108 0.003970 -0.060314
v -0.030185 0.005585 -0.060259
v -0.029848 0.006023 -0.060528
v -0.030406 0.004794 -0.059049
v -0.027636 0.005099 -0.060559
v -0.025904 0.004097 -0.060983
v -0.024249 0.003602 -0.061853
v -0.024397 0.003154 -0.061933
v -0.023975 0.003996 -0.061618
v -0.022764 0.004022 -0.062772
v -0.023047 0.003572 -0.062960
v -0.022481 0.004255 -0.062447
v -0.023274 0.003042 -0.062950
v -0.023303 0.002354 -0.062545
v -0.024512 0.002489 -0.061738
v -0.023708 0.004161 -0.061207
v -0.025602 0.004500 -0.060740
v -0.029453 0.006433 -0.060569
v -0.025224 0.004482 -0.059958
v -0.022941 0.003047 -0.060107
v -0.023499 0.003981 -0.060926
v -0.024695 0.001069 -0.055879
v -0.026856 0.005305 -0.059417
v -0.029108 0.006841 -0.059178
v -0.028928 0.007035 -0.059879
v -0.026953 0.005550 -0.059926
v -0.029046 0.006833 -0.060322
v -0.027229 0.005464 -0.060326
v -0.025339 0.004622 -0.060350
v -0.022284 0.004117 -0.062019
v -0.022025 -0.010815 -0.033695
v -0.020670 -0.011571 -0.031982
v -0.022378 -0.010440 -0.033707
v -0.024171 -0.009118 -0.035418
v -0.024478 -0.008984 -0.037850
v -0.025772 -0.007404 -0.037026
v -0.027333 -0.005786 -0.040508
v -0.027508 -0.005812 -0.038261
v -0.028990 -0.004264 -0.039200
v -0.029241 -0.003831 -0.042667
v -0.030258 -0.002918 -0.039853
v -0.032546 -0.000324 -0.043557
v -0.048205 0.018217 -0.058053
v -0.046541 0.017778 -0.060305
v -0.039835 0.012534 -0.059872
v -0.040305 0.012145 -0.058342
v -0.054338 0.023050 -0.059222
v -0.053713 0.022418 -0.057801
v -0.054830 0.023247 -0.056584
v -0.057835 0.025584 -0.061707
v -0.054967 0.023671 -0.060616
v -0.052881 0.022338 -0.060835
v -0.026126 -0.006981 -0.042315
v -0.031634 -0.001447 -0.040430
v -0.033372 0.001185 -0.046916
v -0.030084 -0.002230 -0.046256
v -0.039940 0.008008 -0.048236
v -0.039114 0.006708 -0.045330
v -0.040378 0.008939 -0.050304
v -0.033708 0.002274 -0.049322
v -0.026948 -0.004876 -0.046959
v -0.030370 -0.001062 -0.048830
v -0.026919 -0.002727 -0.051654
v -0.030406 0.000113 -0.051407
v -0.030191 0.001286 -0.053964
v -0.033753 0.004458 -0.054112
v -0.033836 0.003367 -0.051727
v -0.033462 0.005536 -0.056459
v -0.029727 0.002445 -0.056479
v -0.040669 0.011487 -0.056407
v -0.040873 0.010798 -0.054409
v -0.032967 0.006593 -0.058749
v -0.026040 -0.000592 -0.056273
v -0.028240 0.003300 -0.059390
v -0.024334 0.001470 -0.060689
v -0.032611 0.007392 -0.060293
v -0.039531 0.012823 -0.060617
v -0.051856 0.020467 -0.053407
v -0.052174 0.020717 -0.051086
v -0.052471 0.021126 -0.054892
v -0.053090 0.021777 -0.056357
v -0.051111 0.019547 -0.048347
v -0.050649 0.019131 -0.050388
v -0.049825 0.018179 -0.048222
v -0.051248 0.019802 -0.051905
v -0.047878 0.017464 -0.056384
v -0.047500 0.016700 -0.054685
v -0.050843 0.019473 -0.047740
v -0.046060 0.014364 -0.049466
v -0.045199 0.013226 -0.047013
v -0.046589 0.015146 -0.051219
v -0.047070 0.015926 -0.052961
v -0.040689 0.009871 -0.052366
v -0.044553 0.012591 -0.045439
v -0.037777 0.005163 -0.043044
v -0.020172 -0.009655 -0.031887
v -0.020087 -0.009583 -0.032068
v -0.020108 -0.009545 -0.032446
v -0.021315 -0.008856 -0.034009
v -0.021915 -0.008226 -0.033936
v -0.022124 -0.008162 -0.033835
v -0.022305 -0.008268 -0.033720
v -0.020354 -0.009793 -0.031745
v -0.020549 -0.010003 -0.031599
v -0.022465 -0.008458 -0.033584
v -0.020644 -0.010241 -0.031523
v -0.022711 -0.008846 -0.033556
v -0.020717 -0.010755 -0.031574
v -0.022831 -0.009305 -0.033704
v -0.020754 -0.011244 -0.031718
v -0.022787 -0.009843 -0.033805
v -0.024953 -0.007869 -0.035785
v -0.026948 -0.006003 -0.037367
v -0.028734 -0.004226 -0.038526
v -0.030224 -0.002687 -0.039295
v -0.031465 -0.001369 -0.039814
v -0.029926 -0.002474 -0.038906
v -0.031125 -0.001111 -0.039395
v -0.029535 -0.002122 -0.038657
v -0.030766 -0.000755 -0.039184
v -0.028507 -0.003952 -0.038169
v -0.028153 -0.003573 -0.037922
v -0.026778 -0.005678 -0.037044
v -0.026447 -0.005270 -0.036793
v -0.024865 -0.007597 -0.035565
v -0.024653 -0.007159 -0.035332
v -0.030110 -0.000062 -0.041536
v -0.030088 -0.000101 -0.039867
v -0.028535 -0.001715 -0.039098
v -0.027601 -0.002833 -0.040405
v -0.023805 -0.006714 -0.035374
v -0.023585 -0.006745 -0.035567
v -0.025614 -0.004738 -0.037355
v -0.025696 -0.004745 -0.037058
v -0.023412 -0.007050 -0.036342
v -0.024290 -0.006838 -0.035247
v -0.026126 -0.004953 -0.036767
v -0.027725 -0.003253 -0.037867
v -0.029092 -0.001765 -0.038626
v -0.030344 -0.000362 -0.039188
v -0.024019 -0.006725 -0.035285
v -0.025907 -0.004809 -0.036865
v -0.027412 -0.003175 -0.037948
v -0.028818 -0.001638 -0.038755
v -0.030136 -0.000208 -0.039355
v -0.026759 -0.003611 -0.038178
v -0.027059 -0.003326 -0.038056
v -0.017786 -0.009031 -0.032597
v -0.020570 -0.007288 -0.036556
v -0.023588 -0.007052 -0.038074
v -0.022513 -0.005345 -0.040904
v -0.025090 -0.005103 -0.042410
v -0.023547 -0.003269 -0.045496
v -0.025785 -0.003063 -0.046906
v -0.023638 -0.001130 -0.050173
v -0.025651 -0.000986 -0.051438
v -0.022783 0.000997 -0.054778
v -0.021010 0.003042 -0.059153
v -0.018380 0.004934 -0.063148
v -0.014984 0.006609 -0.066629
v -0.010935 0.008010 -0.069476
v -0.006373 0.009089 -0.071593
v -0.001452 0.009810 -0.072908
v -0.014255 -0.010517 -0.029165
v -0.010097 -0.011693 -0.026374
v -0.005453 -0.012520 -0.024321
v -0.000483 -0.012970 -0.023075
v 0.004646 -0.013027 -0.022679
v 0.009757 -0.012689 -0.023146
v -0.032214 0.007905 -0.057107
v -0.039791 0.014075 -0.057525
v -0.031574 0.008891 -0.059327
v -0.038975 0.014659 -0.059773
v -0.038758 0.009478 -0.046978
v -0.037923 0.008329 -0.044308
v -0.032080 0.002510 -0.045407
v -0.037251 0.007421 -0.042492
v -0.037530 0.007786 -0.043042
v -0.043584 0.014282 -0.045417
v -0.032553 0.007025 -0.055216
v -0.032750 0.006130 -0.053286
v -0.032801 0.005226 -0.051329
v -0.040055 0.012609 -0.053755
v -0.039861 0.011831 -0.052077
v -0.032706 0.004317 -0.049356
v -0.039580 0.011048 -0.050383
v -0.025475 -0.004916 -0.038293
v -0.043983 0.014670 -0.046370
v -0.049889 0.021101 -0.048253
v -0.048495 0.019695 -0.051133
v -0.047639 0.018745 -0.049067
v -0.044702 0.015633 -0.048374
v -0.045674 0.017014 -0.051294
v -0.049250 0.020615 -0.053071
v -0.053105 0.024182 -0.054787
v -0.054875 0.025554 -0.057738
v -0.050890 0.022708 -0.057863
v -0.050277 0.021826 -0.055667
v -0.046905 0.019010 -0.055581
v -0.046595 0.019436 -0.057881
v -0.046531 0.018353 -0.054170
v -0.049769 0.021225 -0.054377
v -0.046121 0.017687 -0.052739
v -0.057035 0.027228 -0.061338
v -0.051227 0.023559 -0.060697
v -0.045504 0.019435 -0.060326
v -0.040160 0.013378 -0.055409
v -0.057427 0.027195 -0.062192
v -0.051179 0.023379 -0.061766
v -0.051121 0.022841 -0.062049
v -0.057688 0.026575 -0.062535
v -0.051356 0.022441 -0.062067
v -0.045402 0.018814 -0.061606
v -0.045723 0.018423 -0.061564
v -0.038868 0.013499 -0.061059
v -0.039069 0.013193 -0.061007
v -0.031945 0.008319 -0.060688
v -0.032281 0.007909 -0.060661
v -0.045982 0.018109 -0.061371
v -0.051704 0.021870 -0.061668
v -0.057885 0.025903 -0.062222
v -0.046211 0.017874 -0.061065
v -0.051802 0.021778 -0.061424
v -0.031547 0.008791 -0.060475
v -0.038590 0.014152 -0.060947
v -0.045281 0.019186 -0.061272
v -0.038667 0.014501 -0.060541
v -0.031373 0.009038 -0.060037
v -0.045352 0.019387 -0.060716
v -0.058616 0.029074 -0.061544
v -0.058138 0.028879 -0.061026
v -0.059279 0.030337 -0.060795
v -0.060045 0.030668 -0.061625
v -0.058946 0.029181 -0.062160
v -0.060810 0.030624 -0.062507
v -0.059354 0.028863 -0.062578
v -0.061391 0.029992 -0.063305
v -0.059566 0.028404 -0.062976
v -0.061672 0.028961 -0.063832
v -0.059673 0.027833 -0.063228
v -0.061664 0.027780 -0.063998
v -0.059714 0.027380 -0.063315
v -0.059642 0.026616 -0.063194
v -0.059467 0.025911 -0.062739
v -0.059046 0.025436 -0.061948
v -0.061386 0.026652 -0.063739
v -0.060883 0.025787 -0.063079
v -0.060257 0.025287 -0.062188
v -0.055398 0.027048 -0.057179
v -0.053236 0.025462 -0.053935
v -0.050460 0.022783 -0.048808
v -0.053407 0.026582 -0.053208
v -0.050789 0.024386 -0.048833
v -0.057682 0.026573 -0.049999
v -0.055920 0.028316 -0.056689
v -0.060435 0.028400 -0.053785
v -0.063359 0.030329 -0.057904
v -0.054869 0.024378 -0.045942
v -0.064336 0.025279 -0.059297
v -0.064961 0.025773 -0.060177
v -0.065439 0.026621 -0.060849
v -0.065662 0.027739 -0.061161
v -0.065596 0.028918 -0.061065
v -0.065265 0.029952 -0.060595
v -0.064700 0.030605 -0.059795
v -0.064018 0.030664 -0.058834
v -0.053167 0.019518 -0.048273
v -0.055811 0.019755 -0.047284
v -0.057939 0.021154 -0.050282
v -0.054791 0.021144 -0.052461
v -0.060067 0.022549 -0.053281
v -0.056870 0.022932 -0.056735
v -0.062199 0.023927 -0.056285
v -0.055902 0.023114 -0.056745
v -0.053577 0.021019 -0.051962
v -0.052154 0.019532 -0.048332
v -0.050274 0.023725 -0.047663
v -0.050039 0.022342 -0.047821
v -0.049709 0.020821 -0.047613
v -0.049935 0.021865 -0.047205
v -0.050119 0.022860 -0.046744
v -0.050060 0.021311 -0.046839
v -0.050421 0.021816 -0.046222
v -0.050273 0.020909 -0.046736
v -0.051079 0.020762 -0.046154
v -0.050702 0.020367 -0.046694
v -0.050119 0.020266 -0.047198
v -0.050316 0.019947 -0.047258
v -0.049808 0.020584 -0.047330
v -0.051182 0.019833 -0.046911
v -0.050568 0.019695 -0.047398
v -0.051371 0.019626 -0.047079
v -0.051670 0.019484 -0.047391
v -0.051990 0.019439 -0.047908
v -0.052451 0.019514 -0.047042
v -0.052847 0.019413 -0.047647
v -0.051871 0.019936 -0.046504
v -0.054541 0.019547 -0.045493
v -0.055186 0.019443 -0.046402
v -0.053988 0.020128 -0.044710
v -0.053614 0.021043 -0.044181
v -0.053518 0.022146 -0.044042
v -0.053782 0.023163 -0.044412
v -0.044037 0.012709 -0.044774
v -0.043736 0.013254 -0.044676
v -0.043549 0.013936 -0.045041
v -0.037130 0.006064 -0.041883
v -0.037195 0.005361 -0.041960
v -0.036988 0.006781 -0.042160
v -0.037471 0.004939 -0.042447
v 0.030063 0.003349 -0.057122
v 0.031451 0.001439 -0.052875
v 0.032010 -0.000558 -0.048481
v 0.031722 -0.002582 -0.044073
v 0.030596 -0.004571 -0.039785
v 0.028667 -0.006465 -0.035748
v 0.025993 -0.008207 -0.032083
v 0.022656 -0.009743 -0.028904
v 0.018756 -0.011026 -0.026305
v 0.014413 -0.012019 -0.024366
v 0.027888 0.005113 -0.061092
v 0.024992 0.006679 -0.064666
v 0.021462 0.007997 -0.067734
v 0.017406 0.009029 -0.070203
v 0.012948 0.009742 -0.071998
v 0.008223 0.010116 -0.073065
v 0.003373 0.010139 -0.073372
v -0.001156 0.008814 -0.071712
v 0.003405 0.009125 -0.072150
v -0.005807 0.008132 -0.070469
v -0.010119 0.007113 -0.068469
v -0.013945 0.005788 -0.065777
v -0.017156 0.004205 -0.062488
v -0.019641 0.002417 -0.058711
v -0.021316 0.000484 -0.054576
v -0.022125 -0.001527 -0.050225
v -0.022039 -0.003547 -0.045804
v -0.021061 -0.005510 -0.041464
v -0.019225 -0.007346 -0.037354
v 0.007988 0.009103 -0.071860
v 0.012454 0.008750 -0.070852
v 0.016668 0.008075 -0.069155
v 0.020501 0.007100 -0.066821
v 0.023837 0.005854 -0.063922
v 0.026575 0.004375 -0.060544
v 0.028630 0.002707 -0.056792
v 0.029942 0.000902 -0.052778
v -0.016594 -0.008994 -0.033613
v -0.013256 -0.010398 -0.030368
v -0.009326 -0.011510 -0.027731
v -0.004937 -0.012291 -0.025791
v -0.000240 -0.012716 -0.024613
v 0.004607 -0.012770 -0.024239
v 0.009438 -0.012451 -0.024680
v 0.030470 -0.000985 -0.048625
v 0.030198 -0.002898 -0.044459
v 0.029134 -0.004779 -0.040406
v 0.027311 -0.006569 -0.036590
v 0.024784 -0.008215 -0.033127
v 0.021629 -0.009666 -0.030122
v 0.017943 -0.010879 -0.027666
v 0.013838 -0.011817 -0.025833
v -0.019168 0.003897 -0.066880
v -0.021422 0.002654 -0.064219
v -0.012359 0.006560 -0.072339
v -0.014796 0.005777 -0.070756
v 0.001671 0.008843 -0.076585
v -0.001952 0.008552 -0.076141
v -0.009814 0.007230 -0.073667
v -0.007205 0.007784 -0.074740
v 0.027121 0.005038 -0.066924
v 0.024201 0.006203 -0.069624
v 0.034502 -0.003641 -0.047568
v 0.034430 -0.002051 -0.051044
v 0.029572 0.003737 -0.063951
v 0.031520 0.002343 -0.060801
v 0.032959 0.000899 -0.057570
v 0.033910 -0.000553 -0.054348
v 0.017333 -0.014807 -0.024074
v 0.020754 -0.013937 -0.025795
v -0.008927 -0.015336 -0.024308
v -0.005076 -0.015897 -0.022878
v 0.013795 -0.015474 -0.022803
v 0.010262 -0.015939 -0.021975
v 0.006633 -0.016226 -0.021540
v 0.002810 -0.016330 -0.021514
v -0.016331 -0.013412 -0.028903
v -0.012565 -0.014549 -0.026219
v -0.018260 -0.012651 -0.030668
v 0.029508 -0.010141 -0.033626
v 0.031567 -0.008585 -0.036919
v 0.033094 -0.006951 -0.040409
v 0.034069 -0.005287 -0.043993
v 0.020874 0.007191 -0.071960
v 0.017230 0.007973 -0.073861
v 0.013376 0.008529 -0.075279
v -0.017079 0.004886 -0.068930
v -0.004571 0.008223 -0.075561
v 0.005491 0.008951 -0.076620
v 0.009426 0.008853 -0.076196
v 0.026968 -0.011575 -0.030628
v 0.024015 -0.012851 -0.027995
v -0.001127 -0.016226 -0.021950
v -0.021301 -0.011041 -0.034323
v -0.019983 -0.011777 -0.032658
v -0.023686 -0.009262 -0.038363
v -0.025289 -0.007314 -0.042704
v -0.026087 -0.005267 -0.047219
v -0.026059 -0.003177 -0.051784
v -0.025204 -0.001102 -0.056275
v -0.023546 0.000903 -0.060569
v 0.009665 -0.007294 -0.031746
v 0.009960 -0.007286 -0.031762
v 0.009650 -0.007359 -0.031855
v 0.009970 -0.007350 -0.031872
v 0.010242 -0.007329 -0.031689
v 0.010278 -0.007397 -0.031792
v 0.010480 -0.007419 -0.031536
v 0.010536 -0.007495 -0.031627
v 0.010642 -0.007545 -0.031323
v 0.010713 -0.007632 -0.031395
v 0.010711 -0.007691 -0.031074
v 0.010788 -0.007790 -0.031125
v 0.010678 -0.007840 -0.030820
v 0.010751 -0.007952 -0.030849
v 0.010546 -0.007974 -0.030592
v 0.010608 -0.008098 -0.030600
v 0.010333 -0.008076 -0.030416
v 0.010376 -0.008209 -0.030409
v 0.010062 -0.008135 -0.030314
v 0.010082 -0.008273 -0.030298
v 0.009768 -0.008143 -0.030299
v 0.009762 -0.008282 -0.030281
v 0.009485 -0.008100 -0.030372
v 0.009454 -0.008235 -0.030361
v 0.009248 -0.008010 -0.030524
v 0.009196 -0.008137 -0.030526
v 0.009085 -0.007885 -0.030737
v 0.009019 -0.008001 -0.030758
v 0.009016 -0.007739 -0.030986
v 0.008944 -0.007842 -0.031029
v 0.009049 -0.007590 -0.031240
v 0.008981 -0.007680 -0.031305
v 0.009181 -0.007456 -0.031469
v 0.009124 -0.007535 -0.031553
v 0.009395 -0.007353 -0.031644
v 0.009356 -0.007423 -0.031744
v 0.020889 0.008464 -0.059379
v 0.019052 0.008337 -0.059022
v 0.020924 0.008262 -0.058934
v 0.020832 0.008060 -0.058498
v 0.020618 0.007873 -0.058100
v 0.020298 0.007712 -0.057766
v 0.019892 0.007590 -0.057521
v 0.019430 0.007514 -0.057379
v 0.018942 0.007490 -0.057352
v 0.018462 0.007519 -0.057440
v 0.018022 0.007599 -0.057639
v 0.017652 0.007725 -0.057933
v 0.017377 0.007888 -0.058304
v 0.017217 0.008077 -0.058726
v 0.017182 0.008280 -0.059171
v 0.017275 0.008481 -0.059607
v 0.017488 0.008669 -0.060005
v 0.017809 0.008829 -0.060339
v 0.018214 0.008952 -0.060584
v 0.018676 0.009027 -0.060726
v 0.019164 0.009052 -0.060753
v 0.019645 0.009023 -0.060665
v 0.020085 0.008943 -0.060466
v 0.020455 0.008817 -0.060171
v 0.020729 0.008654 -0.059800
v 0.022804 0.007870 -0.058991
v 0.022734 0.008275 -0.059880
v 0.022619 0.007467 -0.058119
v 0.022192 0.007092 -0.057322
v 0.021551 0.006771 -0.056655
v 0.020741 0.006527 -0.056164
v 0.019816 0.006375 -0.055881
v 0.018840 0.006326 -0.055826
v 0.017879 0.006384 -0.056003
v 0.016999 0.006544 -0.056400
v 0.016259 0.006796 -0.056990
v 0.015711 0.007122 -0.057732
v 0.015391 0.007501 -0.058576
v 0.015321 0.007906 -0.059464
v 0.015506 0.008309 -0.060336
v 0.015933 0.008684 -0.061133
v 0.016574 0.009005 -0.061800
v 0.017384 0.009249 -0.062291
v 0.018309 0.009401 -0.062574
v 0.019285 0.009450 -0.062629
v 0.020245 0.009392 -0.062452
v 0.021126 0.009232 -0.062055
v 0.021865 0.008980 -0.061466
v 0.022414 0.008654 -0.060724
v 0.023307 0.007680 -0.059046
v 0.023228 0.008139 -0.060053
v 0.023098 0.007223 -0.058057
v 0.022613 0.006798 -0.057155
v 0.021887 0.006434 -0.056399
v 0.020969 0.006157 -0.055842
v 0.019921 0.005985 -0.055521
v 0.018815 0.005930 -0.055459
v 0.017726 0.005995 -0.055660
v 0.016729 0.006177 -0.056110
v 0.015891 0.006462 -0.056778
v 0.015269 0.006832 -0.057618
v 0.014906 0.007261 -0.058575
v 0.014827 0.007720 -0.059582
v 0.015036 0.008177 -0.060570
v 0.015521 0.008602 -0.061473
v 0.016247 0.008965 -0.062229
v 0.017165 0.009243 -0.062786
v 0.018213 0.009415 -0.063106
v 0.019319 0.009470 -0.063168
v 0.020408 0.009404 -0.062968
v 0.021405 0.009223 -0.062518
v 0.022243 0.008937 -0.061850
v 0.022865 0.008568 -0.061009
v 0.023525 0.007225 -0.059241
v 0.023442 0.007706 -0.060296
v 0.023305 0.006745 -0.058204
v 0.022797 0.006300 -0.057257
v 0.022036 0.005919 -0.056465
v 0.021073 0.005628 -0.055880
v 0.019974 0.005447 -0.055544
v 0.018814 0.005390 -0.055479
v 0.017672 0.005458 -0.055690
v 0.016626 0.005649 -0.056161
v 0.015747 0.005948 -0.056862
v 0.015095 0.006336 -0.057744
v 0.014714 0.006786 -0.058747
v 0.014631 0.007267 -0.059802
v 0.014851 0.007746 -0.060839
v 0.015359 0.008192 -0.061786
v 0.016120 0.008573 -0.062578
v 0.017083 0.008864 -0.063163
v 0.018182 0.009044 -0.063499
v 0.019342 0.009102 -0.063564
v 0.020484 0.009033 -0.063353
v 0.021530 0.008843 -0.062882
v 0.022409 0.008543 -0.062181
v 0.023061 0.008156 -0.061299
v 0.023634 0.002723 -0.061301
v 0.023551 0.003204 -0.062357
v 0.023414 0.002243 -0.060264
v 0.022906 0.001797 -0.059317
v 0.022145 0.001416 -0.058525
v 0.021182 0.001126 -0.057941
v 0.020083 0.000945 -0.057605
v 0.018923 0.000887 -0.057540
v 0.017781 0.000956 -0.057750
v 0.016735 0.001147 -0.058222
v 0.015856 0.001446 -0.058922
v 0.015204 0.001834 -0.059804
v 0.014823 0.002283 -0.060807
v 0.014740 0.002764 -0.061863
v 0.014960 0.003244 -0.062899
v 0.015468 0.003690 -0.063846
v 0.016229 0.004071 -0.064639
v 0.017192 0.004361 -0.065223
v 0.018291 0.004542 -0.065559
v 0.019451 0.004600 -0.065624
v 0.020593 0.004531 -0.065414
v 0.021639 0.004341 -0.064942
v 0.022518 0.004041 -0.064241
v 0.023170 0.003653 -0.063360
v 0.023496 0.003661 -0.047550
v 0.021659 0.003533 -0.047194
v 0.023531 0.003459 -0.047106
v 0.023439 0.003257 -0.046669
v 0.023225 0.003069 -0.046271
v 0.022905 0.002909 -0.045938
v 0.022500 0.002787 -0.045692
v 0.022037 0.002711 -0.045550
v 0.021549 0.002686 -0.045523
v 0.021069 0.002715 -0.045612
v 0.020629 0.002795 -0.045810
v 0.020259 0.002921 -0.046105
v 0.019984 0.003085 -0.046476
v 0.019824 0.003274 -0.046898
v 0.019789 0.003476 -0.047342
v 0.019882 0.003678 -0.047778
v 0.020096 0.003865 -0.048176
v 0.020416 0.004026 -0.048510
v 0.020821 0.004148 -0.048756
v 0.021283 0.004224 -0.048897
v 0.021771 0.004248 -0.048924
v 0.022252 0.004219 -0.048836
v 0.022692 0.004139 -0.048638
v 0.023062 0.004013 -0.048343
v 0.023336 0.003850 -0.047972
v 0.025411 0.003067 -0.047163
v 0.025341 0.003472 -0.048051
v 0.025226 0.002663 -0.046290
v 0.024799 0.002288 -0.045494
v 0.024158 0.001968 -0.044827
v 0.023348 0.001723 -0.044335
v 0.022423 0.001571 -0.044052
v 0.021447 0.001523 -0.043998
v 0.020487 0.001580 -0.044175
v 0.019606 0.001741 -0.044572
v 0.018867 0.001993 -0.045161
v 0.018318 0.002319 -0.045903
v 0.017998 0.002697 -0.046747
v 0.017928 0.003102 -0.047635
v 0.018113 0.003506 -0.048508
v 0.018540 0.003881 -0.049304
v 0.019181 0.004201 -0.049971
v 0.019991 0.004446 -0.050463
v 0.020916 0.004598 -0.050746
v 0.021892 0.004646 -0.050800
v 0.022853 0.004589 -0.050623
v 0.023733 0.004428 -0.050226
v 0.024473 0.004176 -0.049637
v 0.025021 0.003850 -0.048895
v 0.025915 0.002876 -0.047217
v 0.025835 0.003335 -0.048224
v 0.025705 0.002419 -0.046229
v 0.025221 0.001994 -0.045326
v 0.024495 0.001631 -0.044570
v 0.023576 0.001354 -0.044013
v 0.022528 0.001182 -0.043693
v 0.021422 0.001126 -0.043631
v 0.020333 0.001192 -0.043831
v 0.019336 0.001374 -0.044281
v 0.018498 0.001659 -0.044949
v 0.017876 0.002029 -0.045790
v 0.017513 0.002458 -0.046746
v 0.017434 0.002916 -0.047753
v 0.017643 0.003374 -0.048741
v 0.018128 0.003799 -0.049644
v 0.018854 0.004162 -0.050400
v 0.019772 0.004439 -0.050957
v 0.020820 0.004611 -0.051278
v 0.021926 0.004666 -0.051340
v 0.023015 0.004601 -0.051139
v 0.024012 0.004419 -0.050689
v 0.024851 0.004134 -0.050021
v 0.025472 0.003764 -0.049180
v 0.026132 0.002421 -0.047412
v 0.026049 0.002902 -0.048468
v 0.025912 0.001942 -0.046375
v 0.025404 0.001496 -0.045429
v 0.024643 0.001115 -0.044636
v 0.023680 0.000824 -0.044052
v 0.022581 0.000644 -0.043716
v 0.021421 0.000586 -0.043651
v 0.020279 0.000655 -0.043861
v 0.019233 0.000845 -0.044333
v 0.018354 0.001145 -0.045033
v 0.017702 0.001532 -0.045915
v 0.017321 0.001982 -0.046918
v 0.017238 0.002463 -0.047974
v 0.017458 0.002943 -0.049010
v 0.017966 0.003388 -0.049957
v 0.018727 0.003769 -0.050750
v 0.019690 0.004060 -0.051334
v 0.020789 0.004241 -0.051670
v 0.021949 0.004298 -0.051735
v 0.023091 0.004230 -0.051525
v 0.024137 0.004039 -0.051053
v 0.025016 0.003740 -0.050353
v 0.025668 0.003352 -0.049471
v 0.026241 -0.002081 -0.049472
v 0.026158 -0.001600 -0.050528
v 0.026021 -0.002561 -0.048436
v 0.025513 -0.003006 -0.047489
v 0.024752 -0.003387 -0.046696
v 0.023789 -0.003678 -0.046112
v 0.022690 -0.003858 -0.045776
v 0.021530 -0.003916 -0.045711
v 0.020388 -0.003847 -0.045921
v 0.019342 -0.003657 -0.046393
v 0.018463 -0.003358 -0.047093
v 0.017811 -0.002970 -0.047975
v 0.017430 -0.002520 -0.048978
v 0.017347 -0.002039 -0.050034
v 0.017567 -0.001559 -0.051071
v 0.018075 -0.001114 -0.052017
v 0.018836 -0.000733 -0.052810
v 0.019799 -0.000442 -0.053394
v 0.020898 -0.000262 -0.053730
v 0.022058 -0.000204 -0.053795
v 0.023200 -0.000273 -0.053585
v 0.024246 -0.000463 -0.053113
v 0.025125 -0.000762 -0.052413
v 0.025777 -0.001150 -0.051531
v 0.011336 0.009439 -0.067486
v 0.010196 0.009362 -0.067264
v 0.011358 0.009313 -0.067211
v 0.011301 0.009188 -0.066940
v 0.011168 0.009072 -0.066692
v 0.010969 0.008972 -0.066485
v 0.010718 0.008896 -0.066333
v 0.010431 0.008849 -0.066245
v 0.010128 0.008834 -0.066228
v 0.009829 0.008852 -0.066283
v 0.009556 0.008902 -0.066406
v 0.009327 0.008980 -0.066589
v 0.009156 0.009081 -0.066820
v 0.009057 0.009198 -0.067082
v 0.009035 0.009324 -0.067357
v 0.009093 0.009449 -0.067628
v 0.009225 0.009566 -0.067875
v 0.009424 0.009665 -0.068082
v 0.009676 0.009741 -0.068235
v 0.009963 0.009788 -0.068323
v 0.010266 0.009803 -0.068340
v 0.010564 0.009785 -0.068285
v 0.010837 0.009736 -0.068161
v 0.011067 0.009658 -0.067979
v 0.011237 0.009556 -0.067748
v 0.012516 0.009148 -0.067211
v 0.012472 0.009398 -0.067761
v 0.012401 0.008898 -0.066671
v 0.012137 0.008666 -0.066178
v 0.011740 0.008467 -0.065766
v 0.011239 0.008316 -0.065462
v 0.010667 0.008222 -0.065287
v 0.010063 0.008192 -0.065253
v 0.009468 0.008228 -0.065362
v 0.008924 0.008327 -0.065608
v 0.008466 0.008483 -0.065973
v 0.008127 0.008685 -0.066432
v 0.007929 0.008919 -0.066954
v 0.007885 0.009169 -0.067503
v 0.008000 0.009419 -0.068043
v 0.008264 0.009651 -0.068536
v 0.008661 0.009849 -0.068949
v 0.009162 0.010001 -0.069253
v 0.009734 0.010095 -0.069428
v 0.010338 0.010125 -0.069462
v 0.010932 0.010089 -0.069352
v 0.011477 0.009990 -0.069107
v 0.011935 0.009834 -0.068742
v 0.012274 0.009632 -0.068283
v 0.013019 0.008957 -0.067266
v 0.012966 0.009261 -0.067934
v 0.012880 0.008654 -0.066610
v 0.012558 0.008372 -0.066011
v 0.012076 0.008131 -0.065509
v 0.011467 0.007947 -0.065139
v 0.010772 0.007832 -0.064927
v 0.010038 0.007796 -0.064886
v 0.009315 0.007839 -0.065019
v 0.008653 0.007960 -0.065317
v 0.008097 0.008149 -0.065760
v 0.007685 0.008395 -0.066318
v 0.007444 0.008679 -0.066953
v 0.007391 0.008983 -0.067621
v 0.007530 0.009287 -0.068277
v 0.007852 0.009569 -0.068876
v 0.008334 0.009810 -0.069377
v 0.008943 0.009994 -0.069747
v 0.009638 0.010108 -0.069960
v 0.010372 0.010145 -0.070001
v 0.011095 0.010101 -0.069868
v 0.011757 0.009981 -0.069569
v 0.012313 0.009791 -0.069126
v 0.012725 0.009546 -0.068568
v 0.013236 0.008502 -0.067460
v 0.013180 0.008829 -0.068177
v 0.013087 0.008176 -0.066756
v 0.012742 0.007874 -0.066113
v 0.012225 0.007615 -0.065575
v 0.011571 0.007417 -0.065178
v 0.010824 0.007295 -0.064950
v 0.010037 0.007256 -0.064906
v 0.009261 0.007302 -0.065049
v 0.008551 0.007432 -0.065369
v 0.007954 0.007635 -0.065845
v 0.007511 0.007898 -0.066444
v 0.007252 0.008204 -0.067125
v 0.007196 0.008530 -0.067842
v 0.007345 0.008856 -0.068546
v 0.007690 0.009159 -0.069189
v 0.008207 0.009418 -0.069727
v 0.008861 0.009615 -0.070124
v 0.009608 0.009737 -0.070352
v 0.010395 0.009777 -0.070396
v 0.011171 0.009730 -0.070254
v 0.011881 0.009601 -0.069933
v 0.012478 0.009398 -0.069457
v 0.012921 0.009134 -0.068859
v 0.013350 0.003819 -0.069603
v 0.013293 0.004146 -0.070320
v 0.013200 0.003493 -0.068899
v 0.012855 0.003190 -0.068256
v 0.012338 0.002932 -0.067718
v 0.011684 0.002734 -0.067321
v 0.010938 0.002612 -0.067093
v 0.010150 0.002572 -0.067049
v 0.009374 0.002619 -0.067192
v 0.008664 0.002748 -0.067512
v 0.008067 0.002952 -0.067988
v 0.007624 0.003215 -0.068587
v 0.007366 0.003520 -0.069268
v 0.007309 0.003847 -0.069985
v 0.007458 0.004173 -0.070689
v 0.007803 0.004476 -0.071332
v 0.008321 0.004734 -0.071870
v 0.008975 0.004932 -0.072267
v 0.009721 0.005054 -0.072495
v 0.010509 0.005094 -0.072539
v 0.011284 0.005047 -0.072397
v 0.011995 0.004918 -0.072076
v 0.012592 0.004714 -0.071600
v 0.013035 0.004451 -0.071002
v 0.009485 -0.008100 -0.030372
v 0.008944 -0.007842 -0.031029
v -0.007082 0.004834 -0.042558
v -0.008269 0.004861 -0.042279
v -0.006979 0.004239 -0.041251
v -0.008189 0.004396 -0.041257
v -0.007252 0.003645 -0.039967
v -0.008401 0.003932 -0.040255
v -0.007881 0.003093 -0.038794
v -0.008893 0.003501 -0.039339
v -0.008824 0.002621 -0.037813
v -0.009629 0.003132 -0.038572
v -0.010016 0.002261 -0.037089
v -0.010561 0.002851 -0.038007
v -0.011377 0.002038 -0.036673
v -0.011624 0.002677 -0.037682
v -0.012813 0.001966 -0.036593
v -0.012745 0.002621 -0.037619
v -0.014228 0.002051 -0.036853
v -0.013850 0.002687 -0.037823
v -0.015523 0.002287 -0.037437
v -0.014862 0.002871 -0.038279
v -0.016612 0.002657 -0.038305
v -0.015712 0.003161 -0.038957
v -0.017419 0.003138 -0.039397
v -0.016343 0.003536 -0.039809
v -0.017891 0.003695 -0.040639
v -0.016711 0.003971 -0.040780
v -0.017994 0.004290 -0.041946
v -0.016791 0.004436 -0.041801
v -0.017721 0.004884 -0.043230
v -0.016579 0.004900 -0.042804
v -0.017092 0.005436 -0.044403
v -0.016088 0.005331 -0.043719
v -0.016149 0.005908 -0.045384
v -0.015351 0.005700 -0.044486
v -0.014957 0.006268 -0.046108
v -0.014420 0.005981 -0.045051
v -0.013596 0.006491 -0.046524
v -0.013357 0.006155 -0.045376
v -0.012159 0.006563 -0.046604
v -0.012235 0.006211 -0.045439
v -0.010745 0.006478 -0.046344
v -0.011130 0.006145 -0.045236
v -0.009450 0.006242 -0.045760
v -0.010118 0.005961 -0.044779
v -0.008361 0.005872 -0.044892
v -0.009268 0.005671 -0.044102
v -0.007554 0.005391 -0.043800
v -0.008637 0.005296 -0.043249
v -0.006207 0.004550 -0.042884
v -0.006088 0.003859 -0.041367
v -0.006403 0.003169 -0.039877
v -0.007133 0.002529 -0.038517
v -0.008227 0.001981 -0.037378
v -0.009611 0.001564 -0.036539
v -0.011190 0.001305 -0.036056
v -0.012857 0.001221 -0.035962
v -0.014498 0.001320 -0.036265
v -0.016001 0.001594 -0.036942
v -0.017264 0.002024 -0.037949
v -0.018201 0.002581 -0.039216
v -0.018748 0.003227 -0.040657
v -0.018867 0.003919 -0.042174
v -0.018551 0.004608 -0.043664
v -0.017821 0.005248 -0.045024
v -0.016727 0.005796 -0.046163
v -0.015344 0.006213 -0.047002
v -0.013765 0.006472 -0.047485
v -0.012098 0.006556 -0.047579
v -0.010457 0.006457 -0.047276
v -0.008954 0.006183 -0.046599
v -0.007691 0.005753 -0.045592
v -0.006754 0.005196 -0.044325
v -0.005878 0.004070 -0.043175
v -0.005752 0.003343 -0.041582
v -0.006084 0.002619 -0.040017
v -0.006851 0.001947 -0.038587
v -0.008000 0.001371 -0.037391
v -0.009454 0.000933 -0.036509
v -0.011112 0.000660 -0.036002
v -0.012863 0.000573 -0.035904
v -0.014587 0.000677 -0.036221
v -0.016166 0.000964 -0.036933
v -0.017493 0.001416 -0.037991
v -0.018478 0.002001 -0.039322
v -0.019052 0.002680 -0.040836
v -0.019178 0.003406 -0.042430
v -0.018846 0.004131 -0.043994
v -0.018079 0.004803 -0.045424
v -0.016930 0.005378 -0.046620
v -0.015476 0.005817 -0.047502
v -0.013817 0.006090 -0.048009
v -0.012066 0.006177 -0.048108
v -0.010343 0.006073 -0.047790
v -0.008763 0.005786 -0.047078
v -0.007436 0.005334 -0.046020
v -0.006452 0.004749 -0.044689
v -0.005862 0.003413 -0.043476
v -0.005736 0.002687 -0.041882
v -0.006068 0.001963 -0.040317
v -0.006835 0.001290 -0.038888
v -0.007984 0.000715 -0.037691
v -0.009438 0.000276 -0.036809
v -0.011097 0.000004 -0.036302
v -0.012848 -0.000083 -0.036204
v -0.014571 0.000020 -0.036522
v -0.016151 0.000308 -0.037233
v -0.017478 0.000760 -0.038291
v -0.018462 0.001345 -0.039622
v -0.019036 0.002024 -0.041136
v -0.019162 0.002750 -0.042730
v -0.018830 0.003474 -0.044295
v -0.018063 0.004147 -0.045724
v -0.016914 0.004722 -0.046920
v -0.015460 0.005161 -0.047802
v -0.013801 0.005433 -0.048310
v -0.012050 0.005521 -0.048408
v -0.010327 0.005417 -0.048090
v -0.008747 0.005129 -0.047378
v -0.007420 0.004678 -0.046321
v -0.006436 0.004092 -0.044990
v -0.006166 0.002866 -0.043654
v -0.006047 0.002175 -0.042137
v -0.006363 0.001486 -0.040648
v -0.007093 0.000846 -0.039287
v -0.008187 0.000298 -0.038148
v -0.009570 -0.000120 -0.037309
v -0.011149 -0.000379 -0.036826
v -0.012816 -0.000462 -0.036733
v -0.014457 -0.000363 -0.037035
v -0.015960 -0.000090 -0.037713
v -0.017223 0.000340 -0.038719
v -0.018160 0.000898 -0.039986
v -0.018707 0.001544 -0.041427
v -0.018826 0.002235 -0.042944
v -0.018510 0.002924 -0.044434
v -0.017781 0.003565 -0.045795
v -0.016687 0.004112 -0.046933
v -0.015303 0.004530 -0.047773
v -0.013724 0.004789 -0.048256
v -0.012057 0.004872 -0.048349
v -0.010416 0.004774 -0.048047
v -0.008913 0.004500 -0.047369
v -0.007650 0.004070 -0.046363
v -0.006713 0.003513 -0.045095
v -0.008097 0.001745 -0.043726
v -0.008014 0.001269 -0.042682
v -0.008232 0.000795 -0.041656
v -0.008734 0.000354 -0.040719
v -0.009488 -0.000023 -0.039935
v -0.010441 -0.000311 -0.039357
v -0.011528 -0.000489 -0.039024
v -0.012676 -0.000547 -0.038960
v -0.013806 -0.000479 -0.039168
v -0.014841 -0.000290 -0.039635
v -0.015711 0.000006 -0.040328
v -0.016356 0.000389 -0.041200
v -0.016732 0.000835 -0.042193
v -0.016815 0.001311 -0.043238
v -0.016597 0.001785 -0.044263
v -0.016095 0.002226 -0.045200
v -0.015341 0.002603 -0.045984
v -0.014388 0.002891 -0.046563
v -0.013301 0.003069 -0.046895
v -0.012153 0.003127 -0.046959
v -0.011023 0.003059 -0.046751
v -0.009988 0.002870 -0.046285
v -0.009118 0.002574 -0.045591
v -0.008473 0.002190 -0.044719
v -0.008021 -0.001991 -0.045433
v -0.007939 -0.002465 -0.044392
v -0.008156 -0.002938 -0.043370
v -0.008657 -0.003378 -0.042436
v -0.009408 -0.003753 -0.041655
v -0.010357 -0.004040 -0.041079
v -0.011441 -0.004218 -0.040747
v -0.012584 -0.004275 -0.040683
v -0.013710 -0.004207 -0.040890
v -0.014742 -0.004019 -0.041355
v -0.015608 -0.003724 -0.042046
v -0.016251 -0.003342 -0.042916
v -0.016627 -0.002898 -0.043905
v -0.016709 -0.002424 -0.044946
v -0.016492 -0.001951 -0.045968
v -0.015991 -0.001512 -0.046901
v -0.015240 -0.001136 -0.047683
v -0.014291 -0.000849 -0.048259
v -0.013207 -0.000672 -0.048590
v -0.012064 -0.000615 -0.048654
v -0.010938 -0.000682 -0.048447
v -0.009906 -0.000870 -0.047982
v -0.009040 -0.001165 -0.047291
v -0.008397 -0.001547 -0.046422
v -0.004772 -0.003999 -0.044889
v -0.004913 -0.003186 -0.046673
v -0.005144 -0.004810 -0.043137
v -0.006002 -0.005563 -0.041537
v -0.007289 -0.006207 -0.040198
v -0.008916 -0.006698 -0.039211
v -0.010773 -0.007003 -0.038643
v -0.012733 -0.007100 -0.038533
v -0.014663 -0.006984 -0.038888
v -0.016431 -0.006663 -0.039685
v -0.017917 -0.006157 -0.040869
v -0.019018 -0.005502 -0.042359
v -0.019662 -0.004742 -0.044054
v -0.019802 -0.003929 -0.045838
v -0.019431 -0.003118 -0.047590
v -0.018572 -0.002365 -0.049190
v -0.017286 -0.001721 -0.050530
v -0.015658 -0.001230 -0.051517
v -0.013801 -0.000925 -0.052085
v -0.011841 -0.000827 -0.052195
v -0.009911 -0.000943 -0.051839
v -0.008143 -0.001265 -0.051042
v -0.006658 -0.001771 -0.049858
v -0.005556 -0.002426 -0.048368
v -0.010332 0.004784 -0.041849
v -0.010290 0.004546 -0.041326
v -0.010399 0.004308 -0.040812
v -0.010651 0.004088 -0.040343
v -0.011028 0.003899 -0.039950
v -0.011505 0.003755 -0.039661
v -0.012050 0.003665 -0.039495
v -0.012624 0.003637 -0.039462
v -0.013190 0.003671 -0.039567
v -0.013708 0.003765 -0.039800
v -0.014144 0.003913 -0.040147
v -0.014467 0.004106 -0.040584
v -0.014655 0.004328 -0.041081
v -0.014697 0.004567 -0.041604
v -0.014588 0.004804 -0.042118
v -0.014336 0.005025 -0.042587
v -0.013959 0.005214 -0.042979
v -0.013482 0.005358 -0.043269
v -0.012937 0.005447 -0.043435
v -0.012363 0.005476 -0.043468
v -0.011797 0.005442 -0.043363
v -0.011279 0.005348 -0.043130
v -0.010843 0.005199 -0.042783
v -0.010520 0.005007 -0.042346
v -0.012495 0.004635 -0.041429
v -0.002825 -0.005282 -0.048092
v -0.002645 -0.006319 -0.045816
v -0.003119 -0.007353 -0.043581
v -0.004214 -0.008314 -0.041540
v -0.005856 -0.009135 -0.039832
v -0.007931 -0.009762 -0.038572
v -0.010300 -0.010151 -0.037848
v -0.012800 -0.010276 -0.037708
v -0.015262 -0.010128 -0.038161
v -0.017517 -0.009717 -0.039178
v -0.019412 -0.009072 -0.040688
v -0.020817 -0.008236 -0.042589
v -0.021638 -0.007267 -0.044751
v -0.021817 -0.006229 -0.047027
v -0.021343 -0.005195 -0.049261
v -0.020248 -0.004235 -0.051302
v -0.018607 -0.003413 -0.053011
v -0.016531 -0.002787 -0.054270
v -0.014163 -0.002398 -0.054994
v -0.011662 -0.002273 -0.055135
v -0.009201 -0.002421 -0.054681
v -0.006946 -0.002832 -0.053664
v -0.005051 -0.003477 -0.052154
v -0.003645 -0.004313 -0.050254
v 0.002354 0.007366 -0.064514
v 0.002493 0.007084 -0.063899
v 0.004383 0.007201 -0.063946
v 0.002648 0.006629 -0.063297
v 0.004310 0.006746 -0.063391
v 0.004363 0.007489 -0.064568
v 0.011438 0.005210 -0.058141
v 0.012148 0.005382 -0.058307
v 0.012145 0.005387 -0.058319
v 0.010722 0.004796 -0.057992
v 0.011916 0.002366 -0.052451
v 0.012724 0.002751 -0.052455
v 0.013443 0.002894 -0.052551
v 0.011094 0.005674 -0.059290
v 0.011787 0.005852 -0.059475
v 0.010605 0.006037 -0.060259
v 0.011161 0.006315 -0.060711
v 0.009705 0.006478 -0.061467
v 0.009872 0.006831 -0.062209
v 0.009143 0.006665 -0.061995
v 0.008255 0.007220 -0.063401
v 0.007973 0.006948 -0.062850
v 0.006384 0.007446 -0.064208
v 0.006316 0.007149 -0.063580
v 0.005731 0.006731 -0.063175
v 0.006533 0.006666 -0.062908
v 0.007556 0.006520 -0.062416
v 0.008481 0.006298 -0.061774
v 0.009277 0.006013 -0.060996
v 0.009920 0.005669 -0.060107
v 0.010438 0.005280 -0.059140
v 0.004050 0.005692 -0.062231
v 0.002969 0.005577 -0.062113
v 0.005537 0.005784 -0.062147
v 0.006610 0.005810 -0.061916
v 0.007614 0.005715 -0.061448
v 0.008416 0.005627 -0.060902
v 0.009118 0.005390 -0.060219
v 0.009557 0.005083 -0.059526
v 0.009771 0.004863 -0.058992
v 0.010017 0.004388 -0.057918
v 0.011275 0.001889 -0.052572
v 0.008143 -0.003911 -0.038655
v 0.008281 -0.004164 -0.038028
v 0.009930 -0.003567 -0.039230
v 0.007997 -0.003786 -0.039401
v 0.009592 -0.003509 -0.039864
v 0.010181 -0.003802 -0.038636
v 0.014751 0.000304 -0.046791
v 0.014015 0.000179 -0.046736
v 0.014753 0.000299 -0.046779
v 0.013223 -0.000068 -0.046885
v 0.014182 -0.000341 -0.045599
v 0.014913 -0.000238 -0.045610
v 0.014153 -0.000912 -0.044400
v 0.014856 -0.000873 -0.044297
v 0.013820 -0.001534 -0.043198
v 0.014292 -0.001759 -0.042544
v 0.013991 -0.001201 -0.043819
v 0.013519 -0.001839 -0.042529
v 0.013296 -0.002570 -0.040951
v 0.012796 -0.002420 -0.041380
v 0.011902 -0.003266 -0.039619
v 0.011567 -0.003046 -0.040190
v 0.010818 -0.003147 -0.040522
v 0.011449 -0.002882 -0.041021
v 0.012189 -0.002481 -0.041797
v 0.012773 -0.002045 -0.042683
v 0.013180 -0.001578 -0.043651
v 0.013425 -0.001156 -0.044645
v 0.013473 -0.000582 -0.045786
v 0.008927 -0.003460 -0.041251
v 0.007701 -0.003645 -0.040983
v 0.010121 -0.003123 -0.041748
v 0.011027 -0.002776 -0.042261
v 0.011788 -0.002371 -0.042929
v 0.012403 -0.001902 -0.043720
v 0.012763 -0.001484 -0.044528
v 0.012799 -0.001210 -0.045153
v 0.012786 -0.000902 -0.045924
v 0.012474 -0.000372 -0.047111
v 0.004152 0.005089 -0.061461
v 0.003167 0.004984 -0.061354
v 0.005508 0.005175 -0.061384
v 0.006485 0.005202 -0.061173
v 0.007401 0.005121 -0.060745
v 0.008132 0.005047 -0.060245
v 0.009171 0.004563 -0.058986
v 0.009517 0.004070 -0.057826
v 0.010749 0.001685 -0.052565
v 0.007478 -0.003302 -0.042036
v 0.008699 -0.003114 -0.042294
v 0.009881 -0.002778 -0.042756
v 0.010476 -0.002196 -0.044205
v 0.011572 -0.001768 -0.044791
v 0.011619 -0.001308 -0.045854
v 0.011384 -0.000697 -0.047094
v 0.003605 0.004008 -0.059478
v 0.005584 0.004317 -0.059708
v 0.007627 0.004058 -0.058715
v 0.008020 0.003468 -0.057338
v 0.009271 0.001361 -0.052395
v 0.009267 -0.002004 -0.045021
v 0.008831 -0.001308 -0.046711
v 0.006986 -0.002458 -0.044309
v 0.006540 -0.001607 -0.046308
v 0.010271 -0.000994 -0.046942
v 0.010436 -0.001607 -0.045482
v 0.007174 0.000960 -0.052121
v 0.005914 0.002719 -0.056129
v 0.004512 0.002331 -0.055372
v 0.005315 0.000744 -0.051802
v 0.000735 0.006816 -0.063298
v 0.001083 0.006406 -0.062818
v 0.000483 0.007080 -0.063879
v -0.004106 0.003668 -0.055421
v -0.003362 0.003649 -0.055513
v -0.004109 0.003673 -0.055433
v -0.002571 0.003394 -0.055631
v -0.001288 0.000974 -0.050106
v -0.002109 0.001187 -0.049821
v -0.002831 0.001177 -0.049660
v -0.003533 0.004131 -0.056693
v -0.004267 0.004159 -0.056624
v -0.003486 0.004551 -0.057756
v -0.004208 0.004694 -0.057981
v -0.003161 0.005121 -0.059182
v -0.003638 0.005406 -0.059810
v -0.002863 0.005399 -0.059863
v -0.002639 0.006072 -0.061466
v -0.002137 0.005882 -0.061055
v -0.001241 0.006642 -0.062854
v -0.000905 0.006388 -0.062298
v -0.000146 0.006111 -0.062131
v -0.000778 0.005895 -0.061610
v -0.001520 0.005562 -0.060804
v -0.002106 0.005181 -0.059894
v -0.002514 0.004769 -0.058902
v -0.002732 0.004335 -0.057860
v -0.002799 0.003884 -0.056790
v 0.001929 0.005469 -0.061855
v 0.000574 0.005260 -0.061266
v -0.000337 0.005077 -0.060682
v -0.001081 0.004798 -0.059904
v -0.001613 0.004569 -0.059121
v -0.001977 0.004220 -0.058248
v -0.002082 0.003856 -0.057459
v -0.002052 0.003616 -0.056893
v -0.001816 0.003140 -0.055817
v -0.000645 0.000632 -0.050456
v 0.006239 -0.003956 -0.038575
v 0.006322 -0.003854 -0.039283
v 0.006259 -0.004216 -0.037940
v -0.000827 -0.001386 -0.044100
v -0.001546 -0.001414 -0.043897
v -0.001543 -0.001419 -0.043885
v -0.000100 -0.001474 -0.044519
v -0.000487 -0.001889 -0.042994
v -0.001183 -0.001935 -0.042752
v 0.000063 -0.002398 -0.041898
v -0.000555 -0.002499 -0.041560
v 0.000905 -0.002896 -0.040904
v 0.000740 -0.003189 -0.040137
v 0.000468 -0.002627 -0.041418
v 0.001470 -0.003110 -0.040390
v 0.002360 -0.003723 -0.039009
v 0.002643 -0.003491 -0.039577
v 0.004235 -0.004075 -0.038257
v 0.004304 -0.003812 -0.038900
v 0.004899 -0.003772 -0.039471
v 0.004096 -0.003657 -0.039715
v 0.003071 -0.003443 -0.040178
v 0.002145 -0.003166 -0.040795
v 0.001347 -0.002826 -0.041549
v 0.000698 -0.002498 -0.042385
v 0.000149 -0.001987 -0.043420
v 0.006450 -0.003721 -0.040811
v 0.005116 -0.003651 -0.040860
v 0.004039 -0.003513 -0.041020
v 0.003031 -0.003295 -0.041374
v 0.002102 -0.002989 -0.041891
v 0.001411 -0.002681 -0.042512
v 0.001110 -0.002443 -0.043077
v 0.000797 -0.002166 -0.043795
v 0.000572 -0.001627 -0.044998
v 0.002220 0.004886 -0.061118
v 0.000985 0.004698 -0.060581
v 0.000154 0.004535 -0.060048
v -0.000525 0.004285 -0.059337
v -0.001011 0.004082 -0.058621
v -0.001438 0.003444 -0.057102
v -0.001261 0.002934 -0.055912
v -0.000118 0.000538 -0.050635
v 0.006234 -0.003374 -0.041857
v 0.004923 -0.003301 -0.041876
v 0.003766 -0.002904 -0.043013
v 0.002473 -0.002728 -0.043175
v 0.001975 -0.002325 -0.044141
v 0.001645 -0.001725 -0.045365
v 0.001659 0.003903 -0.059011
v 0.000174 0.003272 -0.057392
v 0.000401 0.002665 -0.055985
v 0.001363 0.000526 -0.050990
v 0.004242 -0.001792 -0.045896
v 0.004559 -0.002500 -0.044185
v 0.002778 -0.001785 -0.045611
v 0.003248 -0.002365 -0.044205
v 0.003462 0.000569 -0.051462
v 0.002899 0.002401 -0.055593
v 0.008045 -0.030181 -0.043994
v 0.004419 -0.030422 -0.043658
v 0.004260 -0.033872 -0.048846
v 0.007511 -0.033622 -0.049160
v 0.004369 -0.038237 -0.053930
v 0.007002 -0.038154 -0.054307
v 0.006757 -0.041370 -0.057389
v 0.004282 -0.041379 -0.056862
v 0.004262 -0.041957 -0.057812
v 0.004184 -0.042170 -0.058693
v 0.006489 -0.042137 -0.059102
v 0.006646 -0.042013 -0.058243
v 0.003998 -0.041797 -0.059850
v 0.006230 -0.041797 -0.060230
v 0.003315 -0.039371 -0.062582
v 0.002944 -0.037896 -0.063852
v 0.005020 -0.037872 -0.064362
v 0.005422 -0.039311 -0.063064
v 0.002612 -0.036337 -0.065035
v 0.004631 -0.036234 -0.065488
v 0.003624 -0.040624 -0.061345
v 0.005807 -0.040568 -0.061770
v 0.002219 -0.034512 -0.066280
v 0.004207 -0.034410 -0.066694
v 0.008645 -0.028025 -0.039821
v 0.004577 -0.028217 -0.039527
v 0.008718 -0.026990 -0.038570
v 0.004396 -0.027218 -0.038271
v 0.008413 -0.023706 -0.037545
v 0.004146 -0.024092 -0.037422
v 0.000647 -0.030682 -0.043773
v 0.000417 -0.028218 -0.039768
v -0.003818 -0.027817 -0.041025
v -0.003006 -0.030304 -0.044927
v -0.007284 -0.027178 -0.043246
v -0.006348 -0.029655 -0.046788
v -0.010059 -0.026305 -0.046373
v -0.009147 -0.029109 -0.049145
v 0.002247 -0.041672 -0.057497
v 0.002074 -0.041882 -0.058368
v 0.000022 -0.040950 -0.057197
v -0.000282 -0.041092 -0.058052
v -0.002037 -0.039869 -0.056826
v -0.002257 -0.040071 -0.057634
v -0.003922 -0.038385 -0.056286
v -0.004132 -0.038507 -0.057085
v -0.005448 -0.036915 -0.055639
v -0.005632 -0.036828 -0.056350
v -0.007372 -0.034474 -0.054417
v -0.007583 -0.034397 -0.055217
v -0.008747 -0.032312 -0.053288
v -0.008948 -0.032151 -0.054233
v -0.010397 -0.028962 -0.051597
v -0.010502 -0.029178 -0.052705
v -0.011632 -0.026041 -0.050195
v -0.011982 -0.025234 -0.051804
v 0.001187 -0.034270 -0.048855
v -0.002131 -0.033759 -0.049564
v -0.005523 -0.033272 -0.050833
v 0.001870 -0.038586 -0.053886
v -0.000935 -0.038481 -0.054149
v 0.002302 -0.040985 -0.056526
v 0.000375 -0.040376 -0.056297
v -0.001788 -0.039573 -0.055983
v -0.003323 -0.038329 -0.055517
v -0.004833 -0.036911 -0.054928
v -0.006802 -0.034451 -0.053753
v -0.008161 -0.032432 -0.052477
v -0.010009 -0.029085 -0.050393
v 0.001461 -0.040520 -0.060781
v 0.001848 -0.041465 -0.059442
v -0.000497 -0.040608 -0.058890
v -0.000707 -0.039756 -0.059942
v -0.000992 -0.038609 -0.061134
v -0.001253 -0.037469 -0.062090
v 0.000710 -0.037782 -0.063123
v 0.001086 -0.039282 -0.061938
v 0.000418 -0.036245 -0.064311
v -0.001888 -0.035763 -0.063149
v 0.000033 -0.034315 -0.065567
v -0.002254 -0.033898 -0.064543
v -0.004044 -0.034949 -0.061736
v -0.004294 -0.033038 -0.063198
v -0.005768 -0.033981 -0.060311
v -0.006023 -0.032136 -0.061713
v -0.007202 -0.032594 -0.058688
v -0.007473 -0.030857 -0.060088
v -0.004059 -0.038237 -0.057866
v -0.002292 -0.039642 -0.058507
v -0.003994 -0.037593 -0.058855
v -0.002259 -0.038945 -0.059435
v -0.008716 -0.030967 -0.056736
v -0.008964 -0.029309 -0.058139
v -0.009848 -0.029204 -0.054889
v -0.010107 -0.027639 -0.056089
v -0.003981 -0.036390 -0.060318
v -0.005660 -0.035478 -0.058860
v -0.007392 -0.033849 -0.056883
v -0.008769 -0.031434 -0.055841
v -0.005627 -0.036169 -0.058040
v -0.002076 -0.037042 -0.061770
v -0.002176 -0.038065 -0.060591
v -0.007581 -0.034218 -0.056049
v -0.005629 -0.036643 -0.057179
v -0.008851 -0.031788 -0.055062
v -0.010196 -0.029140 -0.053785
v -0.011429 -0.025766 -0.053205
v -0.011320 -0.026193 -0.048708
v 0.000372 -0.026963 -0.038745
v -0.003959 -0.026456 -0.039991
v -0.007473 -0.025953 -0.042140
v -0.010301 -0.025408 -0.045934
v 0.000335 -0.024243 -0.038149
v -0.003774 -0.024436 -0.039453
v -0.007297 -0.024359 -0.041620
v -0.010767 -0.024584 -0.045500
v -0.011899 -0.024582 -0.048417
v -0.012158 -0.024845 -0.049845
v 0.010654 -0.033200 -0.050088
v 0.011807 -0.029646 -0.045113
v 0.009773 -0.037589 -0.055103
v 0.009058 -0.040913 -0.057904
v 0.008665 -0.041711 -0.059566
v 0.008902 -0.041478 -0.058708
v 0.008374 -0.041353 -0.060680
v 0.007179 -0.037446 -0.064664
v 0.007586 -0.038933 -0.063392
v 0.006820 -0.035834 -0.065797
v 0.007976 -0.040224 -0.062122
v 0.006412 -0.034088 -0.067048
v 0.012774 -0.027310 -0.041082
v 0.013037 -0.026254 -0.039884
v 0.012960 -0.022975 -0.038799
v 0.015210 -0.028891 -0.046761
v 0.016352 -0.026476 -0.042772
v 0.018364 -0.027862 -0.049287
v 0.019906 -0.025164 -0.045754
v 0.021951 -0.023966 -0.048861
v 0.020541 -0.026719 -0.052017
v 0.021579 -0.025995 -0.054823
v 0.023090 -0.023029 -0.051716
v 0.010837 -0.040769 -0.059166
v 0.010714 -0.040974 -0.060046
v 0.012907 -0.039552 -0.059724
v 0.012810 -0.039716 -0.060596
v 0.014610 -0.038120 -0.060061
v 0.014525 -0.038246 -0.060880
v 0.016161 -0.036340 -0.060148
v 0.016141 -0.036377 -0.061024
v 0.017473 -0.034517 -0.060109
v 0.017407 -0.034389 -0.060915
v 0.019095 -0.031817 -0.059772
v 0.019067 -0.031764 -0.060561
v 0.020457 -0.029304 -0.059343
v 0.020260 -0.028987 -0.060026
v 0.022030 -0.025694 -0.058242
v 0.021536 -0.025457 -0.059084
v 0.023267 -0.022697 -0.056771
v 0.022385 -0.021696 -0.058910
v 0.013931 -0.032546 -0.051691
v 0.016919 -0.031469 -0.053712
v 0.018731 -0.031261 -0.056730
v 0.020428 -0.029440 -0.058309
v 0.012857 -0.036568 -0.056366
v 0.015934 -0.035431 -0.058097
v 0.017286 -0.034521 -0.059142
v 0.012901 -0.039026 -0.058872
v 0.011005 -0.040197 -0.058409
v 0.016096 -0.036118 -0.059259
v 0.014516 -0.037766 -0.059064
v 0.019080 -0.031794 -0.058848
v 0.022243 -0.025848 -0.056665
v 0.012525 -0.039264 -0.061447
v 0.010463 -0.040637 -0.061157
v 0.010092 -0.039580 -0.062428
v 0.012133 -0.038417 -0.062489
v 0.009367 -0.036873 -0.064805
v 0.011386 -0.035986 -0.064692
v 0.011808 -0.037450 -0.063480
v 0.009766 -0.038370 -0.063625
v 0.009015 -0.035264 -0.065983
v 0.011322 -0.034277 -0.065765
v 0.008632 -0.033427 -0.067149
v 0.010786 -0.032591 -0.067030
v 0.013852 -0.032913 -0.065118
v 0.013015 -0.031300 -0.066469
v 0.015567 -0.031653 -0.064449
v 0.014880 -0.029951 -0.065774
v 0.017250 -0.029847 -0.063370
v 0.016542 -0.028346 -0.064753
v 0.014235 -0.037921 -0.061646
v 0.015851 -0.035951 -0.061749
v 0.013847 -0.037385 -0.062322
v 0.019036 -0.027772 -0.062016
v 0.018330 -0.026493 -0.063399
v 0.020304 -0.025842 -0.060700
v 0.019793 -0.024552 -0.061856
v 0.016311 -0.032967 -0.063180
v 0.014630 -0.034096 -0.063927
v 0.019562 -0.028357 -0.061207
v 0.018377 -0.031111 -0.061831
v 0.016790 -0.033619 -0.062386
v 0.015287 -0.035100 -0.062805
v 0.012395 -0.035484 -0.064497
v 0.013274 -0.036547 -0.063245
v 0.017198 -0.034085 -0.061588
v 0.018785 -0.031472 -0.061169
v 0.019982 -0.028573 -0.060597
v 0.020982 -0.025435 -0.059833
v 0.021442 -0.022393 -0.059874
v 0.023629 -0.022720 -0.054567
v 0.016433 -0.025261 -0.041801
v 0.020027 -0.023923 -0.044776
v 0.022216 -0.022572 -0.047842
v 0.023478 -0.021466 -0.050855
v 0.016097 -0.022193 -0.041033
v 0.019664 -0.021173 -0.044035
v 0.021805 -0.020052 -0.047105
v 0.023121 -0.019091 -0.050151
v 0.023177 -0.020341 -0.055622
v 0.023326 -0.019848 -0.053363
vn -0.0704 0.0896 -0.9935
vn -0.2016 0.1003 -0.9743
vn -0.1443 0.9763 -0.1615
vn -0.0632 0.9866 -0.1501
vn 0.7189 -0.0356 -0.6942
vn 0.6287 0.0013 -0.7777
vn 0.3434 0.9389 -0.0243
vn 0.3962 0.9179 0.0244
vn 0.9465 -0.3090 -0.0934
vn 0.9446 -0.2597 -0.2005
vn 0.5287 0.7892 0.3126
vn 0.5299 0.7604 0.3754
vn 0.7952 -0.0767 -0.6015
vn 0.4405 0.8944 0.0780
vn 0.8547 -0.1206 -0.5049
vn 0.4757 0.8692 0.1349
vn 0.8989 -0.1658 -0.4055
vn 0.5018 0.8432 0.1932
vn 0.9286 -0.2123 -0.3043
vn 0.5192 0.8166 0.2521
vn 0.4155 -0.6540 0.6322
vn 0.5216 -0.6272 0.5784
vn 0.2818 0.5746 0.7684
vn 0.2198 0.5588 0.7997
vn 0.3068 -0.6742 0.6718
vn 0.1561 0.5467 0.8226
vn 0.1962 -0.6886 0.6981
vn 0.0919 0.5383 0.8378
vn 0.7916 -0.5104 0.3360
vn 0.8552 -0.4622 0.2344
vn 0.4768 0.6712 0.5676
vn 0.4396 0.6431 0.6270
vn 0.9025 -0.4116 0.1266
vn 0.5044 0.7007 0.5046
vn 0.9328 -0.3600 0.0160
vn 0.5220 0.7307 0.4399
vn 0.5251 0.0324 -0.8504
vn 0.2834 0.9567 -0.0665
vn 0.4127 0.0579 -0.9090
vn 0.2176 0.9708 -0.1008
vn 0.2929 0.0757 -0.9531
vn 0.1480 0.9809 -0.1264
vn 0.0498 0.0921 -0.9945
vn 0.0057 0.9886 -0.1507
vn 0.1714 0.0867 -0.9814
vn 0.0767 0.9867 -0.1430
vn 0.7131 -0.5546 0.4288
vn 0.3937 0.6172 0.6812
vn 0.6220 -0.5939 0.5102
vn 0.3405 0.5942 0.7287
vn -0.0631 -0.0335 -0.9974
vn -0.0629 -0.0330 -0.9975
vn -0.1716 -0.0403 -0.9843
vn -0.1879 -0.0202 -0.9820
vn 0.6272 -0.1249 -0.7688
vn 0.6846 -0.1506 -0.7132
vn 0.6800 -0.1715 -0.7129
vn 0.6422 -0.1459 -0.7525
vn 0.5996 -0.1160 -0.7918
vn 0.9007 -0.4103 -0.1429
vn 0.8986 -0.4144 -0.1442
vn 0.8927 -0.3757 -0.2489
vn 0.8989 -0.3631 -0.2452
vn 0.7570 -0.1895 -0.6254
vn 0.7495 -0.2116 -0.6273
vn 0.8137 -0.2316 -0.5331
vn 0.8046 -0.2517 -0.5378
vn 0.8557 -0.2748 -0.4386
vn 0.8467 -0.2922 -0.4447
vn 0.8837 -0.3185 -0.3430
vn 0.8763 -0.3342 -0.3470
vn 0.3969 -0.7379 0.5459
vn 0.3967 -0.7380 0.5460
vn 0.4974 -0.7125 0.4949
vn 0.4976 -0.7125 0.4948
vn 0.2936 -0.7572 0.5835
vn 0.2939 -0.7571 0.5835
vn 0.1891 -0.7708 0.6084
vn 0.1884 -0.7707 0.6087
vn 0.7535 -0.6017 0.2649
vn 0.8139 -0.5560 0.1684
vn 0.8139 -0.5561 0.1685
vn 0.8607 -0.5049 0.0649
vn 0.8588 -0.5080 0.0663
vn 0.8923 -0.4495 -0.0424
vn 0.8876 -0.4591 -0.0386
vn 0.5014 -0.0865 -0.8609
vn 0.5392 -0.0960 -0.8367
vn 0.4765 -0.0852 -0.8750
vn 0.4099 -0.0650 -0.9098
vn 0.3947 -0.0622 -0.9167
vn 0.2917 -0.0461 -0.9554
vn 0.2810 -0.0452 -0.9586
vn 0.0508 -0.0305 -0.9982
vn 0.0467 -0.0284 -0.9985
vn 0.1658 -0.0349 -0.9855
vn 0.1679 -0.0338 -0.9852
vn 0.6791 -0.6437 0.3529
vn 0.6790 -0.6437 0.3529
vn 0.5927 -0.6809 0.4301
vn 0.5926 -0.6810 0.4302
vn 0.5978 -0.2288 -0.7683
vn 0.6660 -0.2238 -0.7115
vn 0.6089 -0.3189 -0.7263
vn 0.5182 -0.2994 -0.8011
vn 0.7254 -0.2531 -0.6401
vn 0.6806 -0.3358 -0.6512
vn 0.7802 -0.2917 -0.5534
vn 0.7226 -0.3374 -0.6034
vn 0.8208 -0.3138 -0.4773
vn 0.7620 -0.3412 -0.5504
vn 0.7941 -0.3425 -0.5021
vn 0.8520 -0.3357 -0.4018
vn 0.8365 -0.3304 -0.4371
vn 0.8819 -0.3781 -0.2814
vn 0.8689 -0.3565 -0.3434
vn -0.0085 -0.4787 -0.8779
vn 0.0276 -0.5707 -0.8207
vn -0.0730 -0.5739 -0.8157
vn -0.1066 -0.4743 -0.8739
vn 0.5027 -0.4688 -0.7263
vn 0.4340 -0.4537 -0.7783
vn 0.5566 -0.4894 -0.6713
vn 0.6076 -0.4690 -0.6410
vn 0.0830 -0.4787 -0.8741
vn 0.0840 -0.5762 -0.8130
vn 0.1835 -0.4700 -0.8634
vn 0.1389 -0.5778 -0.8043
vn 0.2690 -0.4547 -0.8491
vn 0.2081 -0.5796 -0.7879
vn 0.0345 -0.6725 -0.7393
vn -0.0526 -0.6877 -0.7241
vn 0.3938 -0.5845 -0.7095
vn 0.3264 -0.6033 -0.7277
vn 0.2744 -0.5880 -0.7609
vn 0.1725 -0.6735 -0.7188
vn 0.0852 -0.6678 -0.7394
vn 0.1265 -0.6679 -0.7334
vn 0.0268 -0.7258 -0.6874
vn -0.0426 -0.7398 -0.6715
vn 0.2142 -0.6749 -0.7061
vn 0.0667 -0.7120 -0.6990
vn 0.1148 -0.7126 -0.6921
vn 0.8977 -0.4403 -0.0175
vn 0.8944 -0.4374 -0.0932
vn 0.8956 -0.4142 -0.1626
vn 0.8890 -0.4028 -0.2178
vn 0.6770 -0.3952 -0.6209
vn -0.0026 -0.4474 -0.8943
vn -0.1125 -0.4454 -0.8882
vn 0.1051 -0.4308 -0.8963
vn 0.2313 -0.4045 -0.8848
vn 0.3427 -0.3735 -0.8620
vn 0.6284 -0.2038 -0.7507
vn 0.4458 -0.3225 -0.8350
vn 0.6403 -0.1807 -0.7465
vn 0.3497 -0.4481 -0.8228
vn -0.2577 0.0932 -0.9617
vn -0.5293 0.8283 0.1837
vn -0.8557 -0.1577 -0.4929
vn -0.8885 -0.1937 -0.4161
vn -0.8885 -0.1936 -0.4160
vn -0.5386 0.6766 0.5021
vn -0.8835 -0.4520 0.1230
vn -0.8387 -0.4970 0.2227
vn -0.5126 0.6505 0.5605
vn -0.9188 -0.2580 -0.2987
vn -0.5588 0.7890 0.2554
vn -0.9323 -0.3080 -0.1895
vn -0.5667 0.7593 0.3200
vn -0.9300 -0.3580 -0.0827
vn -0.5655 0.7306 0.3827
vn -0.9136 -0.4060 0.0216
vn -0.5561 0.7032 0.4431
vn -0.1133 0.5329 0.8386
vn -0.1549 -0.6986 0.6986
vn -0.0338 -0.7014 0.7120
vn -0.0425 0.5311 0.8462
vn 0.0832 -0.6977 0.7115
vn 0.0262 0.5330 0.8457
vn -0.3802 0.5808 0.7198
vn -0.6118 -0.6170 0.4949
vn -0.5090 -0.6476 0.5671
vn -0.3202 0.5629 0.7620
vn -0.4330 0.6018 0.6711
vn -0.7022 -0.5809 0.4116
vn -0.4773 0.6253 0.6174
vn -0.7781 -0.5405 0.3199
vn -0.3964 -0.6717 0.6259
vn -0.2543 0.5488 0.7963
vn -0.2771 -0.6887 0.6700
vn -0.1846 0.5388 0.8220
vn -0.2934 -0.1277 -0.9474
vn -0.2207 -0.0508 -0.9740
vn -0.2541 -0.0680 -0.9648
vn -0.2384 -0.0301 -0.9707
vn -0.3096 0.0515 -0.9495
vn -0.8495 -0.3231 -0.4171
vn -0.8416 -0.3013 -0.4482
vn -0.8067 -0.2766 -0.5222
vn -0.8205 -0.2550 -0.5117
vn -0.8297 -0.5557 0.0526
vn -0.7913 -0.5917 0.1538
vn -0.7926 -0.5891 0.1574
vn -0.8352 -0.5463 0.0628
vn -0.8585 -0.3756 -0.3492
vn -0.8690 -0.3626 -0.3367
vn -0.8499 -0.3435 -0.3996
vn -0.8710 -0.4243 -0.2475
vn -0.8817 -0.4109 -0.2320
vn -0.8693 -0.4727 -0.1445
vn -0.8792 -0.4582 -0.1308
vn -0.8545 -0.5175 -0.0455
vn -0.8637 -0.5029 -0.0330
vn -0.1440 -0.7802 0.6088
vn -0.0290 -0.7828 0.6215
vn -0.0292 -0.7828 0.6215
vn -0.1442 -0.7802 0.6087
vn 0.0813 -0.7794 0.6213
vn 0.0822 -0.7795 0.6210
vn -0.5775 -0.7028 0.4155
vn -0.4799 -0.7318 0.4839
vn -0.5774 -0.7028 0.4155
vn -0.6660 -0.6660 0.3361
vn -0.6631 -0.6686 0.3366
vn -0.7428 -0.6219 0.2479
vn -0.7352 -0.6302 0.2496
vn -0.7933 -0.2647 -0.5483
vn -0.7332 -0.2268 -0.6411
vn -0.7386 -0.2300 -0.6337
vn -0.6619 -0.1752 -0.7288
vn -0.6582 -0.1739 -0.7325
vn -0.5749 -0.1371 -0.8066
vn -0.5785 -0.1376 -0.8040
vn -0.4805 -0.1005 -0.8712
vn -0.3811 -0.0670 -0.9221
vn -0.3852 -0.0662 -0.9205
vn -0.4853 -0.1029 -0.8683
vn -0.3730 -0.7547 0.5397
vn -0.3731 -0.7546 0.5397
vn -0.2598 -0.7709 0.5816
vn -0.2600 -0.7709 0.5816
vn -0.7697 -0.4950 -0.4031
vn -0.8026 -0.4112 -0.4321
vn -0.7383 -0.4577 -0.4954
vn -0.8329 -0.4152 -0.3660
vn -0.8225 -0.4026 -0.4019
vn -0.7948 -0.5002 -0.3436
vn -0.8453 -0.4596 -0.2725
vn -0.8163 -0.5181 -0.2555
vn -0.8511 -0.4909 -0.1862
vn -0.8323 -0.5214 -0.1883
vn -0.8510 -0.5149 -0.1031
vn -0.8445 -0.5212 -0.1233
vn -0.8290 -0.5587 0.0226
vn -0.8475 -0.5288 -0.0469
vn -0.1642 -0.5792 -0.7985
vn -0.1946 -0.4780 -0.8565
vn -0.6923 -0.4619 -0.5544
vn -0.5640 -0.5631 -0.6040
vn -0.6059 -0.5765 -0.5482
vn -0.6311 -0.6142 -0.4738
vn -0.6795 -0.6002 -0.4220
vn -0.2464 -0.6065 -0.7560
vn -0.2800 -0.4807 -0.8310
vn -0.3123 -0.6258 -0.7147
vn -0.3781 -0.5219 -0.7646
vn -0.3527 -0.6367 -0.6857
vn -0.4405 -0.5314 -0.7236
vn -0.1288 -0.7017 -0.7007
vn -0.4875 -0.6752 -0.5536
vn -0.4374 -0.6744 -0.5949
vn -0.3957 -0.6600 -0.6386
vn -0.2685 -0.7201 -0.6398
vn -0.1873 -0.7102 -0.6786
vn -0.2430 -0.7067 -0.6645
vn -0.1065 -0.7452 -0.6583
vn -0.3165 -0.7216 -0.6157
vn -0.1512 -0.7440 -0.6508
vn -0.2048 -0.7456 -0.6341
vn -0.7645 -0.6123 0.2014
vn -0.7411 -0.6132 0.2735
vn -0.7952 -0.5908 0.1363
vn -0.8107 -0.5794 0.0838
vn -0.7524 -0.5465 -0.3678
vn -0.2124 -0.4538 -0.8654
vn -0.2962 -0.4337 -0.8510
vn -0.4132 -0.4810 -0.7732
vn -0.4837 -0.4778 -0.7333
vn -0.8395 -0.3784 -0.3898
vn -0.5950 -0.4912 -0.6362
vn -0.4867 -0.5455 -0.6823
vn 0.3861 -0.7737 0.5024
vn 0.0482 -0.9298 -0.3649
vn 0.0546 -0.9279 -0.3687
vn 0.4835 -0.7494 0.4524
vn 0.2861 -0.7920 0.5393
vn 0.0414 -0.9313 -0.3620
vn 0.1844 -0.8052 0.5636
vn 0.0343 -0.9322 -0.3602
vn 0.7311 -0.6427 0.2289
vn 0.0704 -0.9202 -0.3850
vn 0.0758 -0.9177 -0.3901
vn 0.7897 -0.5982 0.1362
vn 0.0701 -0.9318 -0.3561
vn 0.8341 -0.5500 0.0410
vn 0.6592 -0.6831 0.3143
vn 0.0663 -0.9232 -0.3785
vn 0.5756 -0.7190 0.3896
vn 0.0608 -0.9258 -0.3732
vn 0.8682 -0.4298 -0.2480
vn 0.2190 -0.8750 0.4319
vn 0.2877 -0.7792 0.5568
vn 0.8645 -0.4039 -0.2993
vn 0.0431 -0.7673 -0.6398
vn 0.1842 -0.8163 0.5475
vn 0.1761 -0.8164 0.5500
vn -0.0306 -0.7794 -0.6258
vn 0.0866 -0.7577 -0.6468
vn 0.1985 -0.8181 0.5397
vn 0.1262 -0.7536 -0.6451
vn 0.2231 -0.8146 0.5355
vn 0.2257 -0.7177 -0.6587
vn 0.2389 -0.8049 0.5432
vn 0.8702 -0.4916 -0.0322
vn 0.0558 -0.9706 -0.2343
vn 0.0623 -0.9967 -0.0523
vn 0.8677 -0.4880 -0.0944
vn 0.0955 -0.9866 0.1321
vn 0.8712 -0.4672 -0.1509
vn 0.1511 -0.9450 0.2902
vn 0.8686 -0.4549 -0.1967
vn 0.3171 -0.7389 0.5945
vn 0.8427 -0.3734 -0.3879
vn 0.8015 -0.3855 -0.4571
vn 0.3154 -0.7445 0.5885
vn 0.3054 -0.7589 0.5751
vn 0.6916 -0.4390 -0.5735
vn 0.6250 -0.5168 -0.5850
vn 0.2865 -0.7761 0.5618
vn 0.2535 -0.7923 0.5550
vn 0.4132 -0.6297 -0.6579
vn -0.1384 -0.8151 0.5626
vn 0.0119 -0.9324 -0.3613
vn 0.0195 -0.9328 -0.3598
vn -0.0269 -0.8172 0.5757
vn 0.0269 -0.9328 -0.3595
vn 0.0807 -0.8136 0.5757
vn -0.5572 -0.7414 0.3741
vn -0.0165 -0.9275 -0.3733
vn -0.0076 -0.9280 -0.3726
vn -0.4628 -0.7696 0.4399
vn -0.6397 -0.7070 0.3015
vn -0.0054 -0.9413 -0.3376
vn -0.0026 -0.9302 -0.3671
vn -0.3597 -0.7915 0.4940
vn 0.0049 -0.9322 -0.3618
vn -0.2505 -0.8067 0.5353
vn -0.8108 -0.5691 -0.1368
vn 0.1103 -0.7514 0.6505
vn 0.1203 -0.7450 0.6561
vn -0.8195 -0.5688 -0.0701
vn -0.8155 -0.5787 -0.0124
vn 0.1112 -0.7920 0.6003
vn 0.1122 -0.8810 0.4596
vn -0.7920 -0.6084 0.0501
vn 0.1708 -0.8191 0.5476
vn -0.0943 -0.7847 -0.6126
vn 0.1644 -0.8169 0.5528
vn -0.1411 -0.7854 -0.6027
vn 0.1585 -0.8124 0.5612
vn -0.1942 -0.7866 -0.5861
vn 0.1396 -0.8133 0.5648
vn -0.3024 -0.7649 -0.5688
vn -0.7286 -0.6586 0.1881
vn 0.0839 -0.9964 -0.0091
vn 0.0422 -0.9803 -0.1930
vn -0.7094 -0.6599 0.2476
vn -0.7555 -0.6406 0.1374
vn 0.1066 -0.9852 0.1343
vn -0.7718 -0.6288 0.0950
vn 0.1167 -0.9511 0.2861
vn -0.7403 -0.5945 -0.3138
vn 0.0847 -0.7774 0.6233
vn -0.4734 -0.7206 -0.5065
vn 0.1132 -0.8115 0.5732
vn 0.0906 -0.7989 0.5946
vn -0.6681 -0.6488 -0.3644
vn 0.0221 -0.9092 -0.4157
vn 0.0222 -0.9092 -0.4158
vn 0.0211 -0.9091 -0.4161
vn 0.0214 -0.9091 -0.4160
vn 0.0206 -0.9094 -0.4154
vn 0.0220 -0.9094 -0.4154
vn 0.0188 -0.9239 -0.3822
vn 0.0160 -0.9267 -0.3755
vn 0.0223 -0.9092 -0.4157
vn 0.0225 -0.9092 -0.4157
vn 0.0223 -0.9092 -0.4158
vn 0.1768 -0.8804 0.4400
vn 0.1786 -0.8644 0.4700
vn 0.2211 -0.7722 0.5957
vn 0.2199 -0.7655 0.6047
vn 0.1871 -0.7637 0.6179
vn 0.1774 -0.7683 0.6150
vn 0.1909 -0.7607 0.6204
vn 0.1862 -0.7626 0.6195
vn 0.1991 -0.7661 0.6111
vn 0.1940 -0.7698 0.6081
vn 0.2128 -0.7700 0.6016
vn 0.2161 -0.7676 0.6034
vn 0.2217 -0.7618 0.6087
vn 0.2272 -0.7540 0.6164
vn -0.0074 -0.9707 -0.2400
vn -0.0050 -0.9676 -0.2523
vn -0.0058 -0.9992 -0.0391
vn 0.0005 -0.9989 -0.0465
vn 0.0353 -0.9847 0.1706
vn 0.0424 -0.9888 0.1431
vn 0.0862 -0.9281 0.3623
vn 0.0950 -0.9448 0.3136
vn 0.2518 -0.7245 0.6416
vn 0.2514 -0.7241 0.6423
vn 0.2496 -0.7239 0.6432
vn 0.2497 -0.7241 0.6429
vn 0.2441 -0.7298 0.6386
vn 0.2450 -0.7309 0.6370
vn 0.2388 -0.7442 0.6238
vn 0.2385 -0.7441 0.6241
vn 0.2266 -0.7442 0.6283
vn 0.2219 -0.7471 0.6266
vn 0.0220 -0.9092 -0.4157
vn 0.0192 -0.9122 -0.4092
vn 0.0197 -0.9141 -0.4050
vn 0.0237 -0.9038 -0.4273
vn 0.0246 -0.9039 -0.4269
vn 0.0383 -0.9258 -0.3760
vn 0.0318 -0.9211 -0.3879
vn 0.0221 -0.9120 -0.4096
vn 0.0216 -0.9128 -0.4079
vn 0.0222 -0.9099 -0.4141
vn 0.0219 -0.9092 -0.4157
vn 0.2085 -0.7070 0.6758
vn 0.2007 -0.7098 0.6752
vn 0.1886 -0.7135 0.6748
vn 0.1845 -0.7150 0.6744
vn 0.1825 -0.7672 0.6149
vn 0.1921 -0.7609 0.6198
vn 0.1637 -0.8640 0.4761
vn 0.1529 -0.8675 0.4733
vn 0.1800 -0.7678 0.6149
vn 0.1747 -0.7703 0.6133
vn 0.1722 -0.7671 0.6180
vn 0.1872 -0.7610 0.6211
vn 0.1828 -0.7575 0.6267
vn 0.1859 -0.7564 0.6272
vn 0.1735 -0.7591 0.6275
vn 0.1676 -0.7622 0.6252
vn 0.1286 -0.9916 -0.0128
vn 0.1267 -0.9918 -0.0179
vn 0.0822 -0.9690 -0.2330
vn 0.0954 -0.9695 -0.2259
vn 0.1480 -0.9784 0.1443
vn 0.1674 -0.9804 0.1042
vn 0.1688 -0.9409 0.2937
vn 0.1872 -0.9451 0.2678
vn 0.1359 -0.7421 0.6564
vn 0.1275 -0.7432 0.6568
vn 0.1478 -0.7656 0.6262
vn 0.1465 -0.7659 0.6260
vn 0.1560 -0.7487 0.6443
vn 0.1572 -0.7478 0.6450
vn -0.0502 -0.2067 -0.9771
vn -0.0643 -0.2038 -0.9769
vn -0.1490 -0.1920 -0.9700
vn -0.1378 -0.1928 -0.9715
vn 0.1140 -0.0921 -0.9892
vn 0.1142 -0.0863 -0.9897
vn 0.1201 -0.1725 -0.9777
vn 0.1210 -0.1778 -0.9766
vn 0.1375 -0.2475 -0.9591
vn 0.1372 -0.2466 -0.9593
vn 0.1625 -0.3029 -0.9391
vn 0.1611 -0.3004 -0.9401
vn 0.1739 -0.3258 -0.9293
vn 0.1747 -0.3268 -0.9288
vn 0.1448 -0.2985 -0.9433
vn 0.1530 -0.3059 -0.9397
vn 0.0399 -0.2363 -0.9709
vn 0.0217 -0.2291 -0.9732
vn 0.1058 -0.2690 -0.9573
vn 0.0955 -0.2627 -0.9601
vn -0.2125 -0.0729 -0.9744
vn -0.2154 -0.0717 -0.9739
vn -0.1626 -0.0621 -0.9847
vn -0.1603 -0.0645 -0.9850
vn -0.0784 -0.0367 -0.9962
vn -0.0813 -0.0358 -0.9960
vn 0.0108 0.0166 -0.9998
vn 0.0096 0.0202 -0.9998
vn 0.0885 0.0670 -0.9938
vn 0.0912 0.0688 -0.9935
vn 0.1778 0.1334 -0.9750
vn 0.1793 0.1357 -0.9744
vn 0.1523 0.0861 -0.9846
vn 0.1512 0.0836 -0.9850
vn 0.1570 0.1231 -0.9799
vn 0.1535 0.1199 -0.9808
vn 0.1283 0.0068 -0.9917
vn 0.1268 0.0003 -0.9919
vn -0.2361 -0.2019 -0.9505
vn -0.2288 -0.2011 -0.9525
vn -0.5151 -0.3755 -0.7705
vn -0.5139 -0.3810 -0.7686
vn -0.5331 -0.3043 -0.7894
vn -0.5331 -0.3047 -0.7893
vn -0.5536 -0.2168 -0.8041
vn -0.5515 -0.2198 -0.8047
vn -0.5144 -0.4097 -0.7534
vn -0.5139 -0.4071 -0.7551
vn -0.4980 -0.3776 -0.7806
vn -0.4928 -0.3682 -0.7884
vn -0.4637 -0.3220 -0.8254
vn -0.4572 -0.3140 -0.8321
vn -0.3246 -0.2235 -0.9191
vn -0.3265 -0.2239 -0.9183
vn -0.3999 -0.2631 -0.8780
vn -0.4066 -0.2679 -0.8734
vn -0.6427 -0.0282 -0.7656
vn -0.6445 -0.0256 -0.7642
vn -0.6619 0.0004 -0.7496
vn -0.2596 -0.0797 -0.9624
vn -0.2643 -0.0785 -0.9612
vn -0.3205 -0.0824 -0.9436
vn -0.3243 -0.0824 -0.9423
vn -0.3908 -0.0858 -0.9164
vn -0.3967 -0.0871 -0.9138
vn -0.4532 -0.0837 -0.8875
vn -0.4540 -0.0859 -0.8869
vn -0.5994 -0.1096 -0.7929
vn -0.5960 -0.1166 -0.7945
vn -0.6186 -0.0258 -0.7853
vn -0.6214 -0.0226 -0.7832
vn -0.5221 -0.0728 -0.8498
vn -0.5188 -0.0732 -0.8517
vn -0.8330 -0.2015 -0.5153
vn -0.9809 -0.0769 0.1785
vn -0.9774 -0.0416 0.2074
vn -0.9835 -0.0945 0.1545
vn -0.9641 0.0146 0.2650
vn 0.4820 0.4966 -0.7219
vn 0.4229 0.3210 -0.8474
vn 0.4835 0.4556 -0.7474
vn -0.0220 0.9091 0.4160
vn -0.9208 0.1314 0.3672
vn 0.5296 0.6892 -0.4945
vn 0.4647 0.3777 -0.8009
vn -0.8314 0.2144 -0.5126
vn -0.8006 0.2332 -0.5520
vn -0.8005 0.2332 -0.5520
vn -0.3542 0.3820 -0.8536
vn -0.3546 0.3820 -0.8535
vn -0.2226 0.4012 -0.8885
vn -0.6236 0.3127 -0.7164
vn -0.6237 0.3127 -0.7164
vn -0.5320 0.3416 -0.7747
vn -0.5321 0.3416 -0.7747
vn -0.7170 0.2756 -0.6403
vn -0.7171 0.2756 -0.6402
vn -0.3364 -0.0000 -0.9417
vn -0.2682 0.0514 -0.9620
vn -0.1050 0.9275 0.3587
vn -0.1048 0.9246 0.3662
vn -0.8218 -0.1606 -0.5466
vn -0.7977 -0.1862 -0.5735
vn -0.3149 0.0305 -0.9486
vn -0.0559 0.9420 0.3310
vn -0.2577 0.0931 -0.9617
vn -0.1047 0.9246 0.3662
vn -0.7692 -0.1316 -0.6253
vn -0.0955 0.9298 0.3554
vn -0.6901 -0.0786 -0.7195
vn -0.0859 0.9339 0.3469
vn -0.6030 -0.0380 -0.7968
vn -0.0649 0.9403 0.3340
vn -0.3993 0.0147 -0.9167
vn -0.5044 -0.0021 -0.8634
vn -0.0752 0.9376 0.3395
vn -0.8558 -0.1577 -0.4928
vn 0.0266 -0.9094 -0.4151
vn 0.0210 -0.9098 -0.4145
vn 0.0356 -0.9091 -0.4150
vn 0.0477 -0.9079 -0.4165
vn 0.0068 -0.9115 -0.4113
vn 0.0053 -0.9112 -0.4120
vn 0.0181 -0.9096 -0.4151
vn 0.0185 -0.9096 -0.4151
vn 0.0067 -0.9114 -0.4114
vn 0.0229 -0.9090 -0.4162
vn 0.0232 -0.9089 -0.4163
vn 0.0194 -0.9102 -0.4136
vn 0.0201 -0.9102 -0.4138
vn 0.0212 -0.9096 -0.4150
vn 0.0213 -0.9095 -0.4151
vn 0.0220 -0.9091 -0.4160
vn 0.0242 -0.9123 -0.4088
vn 0.0196 -0.9049 -0.4252
vn 0.0227 -0.9094 -0.4153
vn 0.0237 -0.9119 -0.4097
vn 0.0217 -0.9089 -0.4164
vn 0.0224 -0.9095 -0.4150
vn 0.0229 -0.9102 -0.4135
vn 0.0339 -0.9310 -0.3633
vn 0.0347 -0.9322 -0.3602
vn 0.0729 -0.9811 -0.1793
vn 0.0643 -0.9742 -0.2162
vn 0.1050 -0.9945 -0.0057
vn 0.1001 -0.9945 -0.0299
vn 0.1244 -0.9853 0.1167
vn 0.1309 -0.9804 0.1471
vn 0.1472 -0.9514 0.2706
vn 0.1554 -0.9375 0.3115
vn 0.1713 -0.8771 0.4487
vn 0.1745 -0.8701 0.4610
vn 0.1885 -0.7791 0.5979
vn 0.1884 -0.7859 0.5890
vn 0.1947 -0.7144 0.6721
vn 0.1946 -0.7100 0.6768
vn 0.1951 -0.7044 0.6825
vn 0.1947 -0.7061 0.6808
vn 0.1965 -0.6967 0.6900
vn 0.1951 -0.7034 0.6835
vn 0.1953 -0.7074 0.6793
vn 0.1962 -0.7043 0.6823
vn 0.1958 -0.7024 0.6844
vn 0.1964 -0.7086 0.6778
vn 0.1969 -0.7067 0.6796
vn 0.1966 -0.6998 0.6867
vn 0.1939 -0.7336 0.6514
vn 0.1949 -0.5625 0.8035
vn 0.1864 -0.7156 0.6732
vn 0.1863 -0.7113 0.6778
vn 0.1952 -0.6007 0.7753
vn 0.1850 -0.7310 0.6568
vn -0.0148 -0.8709 -0.4911
vn -0.0156 -0.8709 -0.4912
vn -0.0248 -0.8725 -0.4880
vn -0.0236 -0.8724 -0.4882
vn -0.0380 -0.8773 -0.4784
vn -0.0359 -0.8749 -0.4830
vn -0.0540 -0.8766 -0.4781
vn -0.0503 -0.8784 -0.4753
vn -0.0635 -0.8842 -0.4628
vn -0.0618 -0.8815 -0.4681
vn -0.0726 -0.8867 -0.4567
vn -0.0701 -0.8852 -0.4599
vn -0.0730 -0.9164 -0.3936
vn -0.0872 -0.9047 -0.4170
vn -0.0501 -0.9760 -0.2117
vn -0.1172 -0.9544 -0.2744
vn -0.0208 -0.9997 -0.0121
vn -0.1199 -0.9918 -0.0445
vn 0.0063 -0.9874 0.1580
vn -0.0812 -0.9787 0.1887
vn 0.0360 -0.9417 0.3346
vn -0.0120 -0.9243 0.3815
vn 0.0654 -0.8573 0.5107
vn 0.0621 -0.8392 0.5402
vn 0.0863 -0.7553 0.6497
vn 0.1216 -0.7484 0.6520
vn 0.0971 -0.6796 0.7271
vn 0.1543 -0.6949 0.7023
vn 0.1025 -0.6679 0.7372
vn 0.1581 -0.6900 0.7063
vn 0.1148 -0.6552 0.7467
vn 0.1685 -0.6873 0.7066
vn 0.1340 -0.6498 0.7482
vn 0.1779 -0.6880 0.7036
vn 0.1512 -0.6419 0.7517
vn 0.1837 -0.6868 0.7033
vn 0.1716 -0.6353 0.7529
vn 0.1989 -0.6909 0.6950
vn 0.1816 -0.5932 0.7843
vn 0.2071 -0.6973 0.6862
vn 0.1793 -0.6429 0.7447
vn 0.1899 -0.6990 0.6894
vn 0.1878 -0.6165 0.7646
vn 0.1855 -0.6945 0.6952
vn 0.1885 -0.6930 0.6958
vn 0.1958 -0.6157 0.7633
vn 0.1922 -0.6952 0.6927
vn 0.2044 -0.6404 0.7404
vn 0.1994 -0.6910 0.6948
vn 0.2173 -0.5903 0.7774
vn 0.2063 -0.6853 0.6984
vn 0.2268 -0.6299 0.7428
vn 0.2016 -0.6884 0.6968
vn 0.2435 -0.6310 0.7366
vn 0.2044 -0.6896 0.6948
vn 0.2629 -0.6357 0.7258
vn 0.2160 -0.6842 0.6966
vn 0.2803 -0.6371 0.7180
vn 0.2382 -0.6731 0.7001
vn 0.2903 -0.6474 0.7047
vn 0.2737 -0.6580 0.7015
vn 0.2948 -0.6580 0.6930
vn 0.2876 -0.6588 0.6952
vn 0.2952 -0.7327 0.6133
vn 0.2803 -0.7136 0.6420
vn 0.2896 -0.8362 0.4658
vn 0.2857 -0.8234 0.4904
vn 0.2730 -0.9185 0.2862
vn 0.2925 -0.9161 0.2743
vn 0.2480 -0.9626 0.1088
vn 0.2751 -0.9571 0.0912
vn 0.2189 -0.9742 -0.0546
vn 0.2473 -0.9664 -0.0702
vn 0.1764 -0.9525 -0.2484
vn 0.1857 -0.9380 -0.2925
vn 0.1219 -0.8963 -0.4263
vn 0.1113 -0.8851 -0.4519
vn 0.0927 -0.8697 -0.4848
vn 0.0887 -0.8696 -0.4857
vn 0.0795 -0.8691 -0.4882
vn 0.0741 -0.8662 -0.4942
vn 0.0598 -0.8639 -0.5001
vn 0.0574 -0.8668 -0.4954
vn 0.0474 -0.8680 -0.4943
vn 0.0440 -0.8674 -0.4956
vn 0.0338 -0.8663 -0.4983
vn 0.0326 -0.8665 -0.4981
vn 0.0248 -0.8667 -0.4982
vn 0.0239 -0.8669 -0.4978
vn 0.0125 -0.8688 -0.4951
vn 0.0118 -0.8691 -0.4946
vn 0.0049 -0.8709 -0.4914
vn -0.0033 -0.8704 -0.4923
vn -0.0027 -0.8706 -0.4921
vn 0.4386 0.4684 -0.7670
vn 0.5888 0.2035 -0.7823
vn 0.4462 0.4886 -0.7498
vn 0.6841 0.1877 -0.7049
vn 0.6325 0.1417 -0.7615
vn 0.6800 0.0115 -0.7331
vn 0.7123 0.0950 -0.6954
vn 0.7336 -0.1345 -0.6661
vn 0.7097 -0.1036 -0.6969
vn 0.7312 -0.2346 -0.6406
vn 0.7308 -0.3281 -0.5986
vn 0.7343 -0.3470 -0.5834
vn 0.7360 -0.4045 -0.5428
vn 0.7289 -0.4579 -0.5090
vn 0.7225 -0.4634 -0.5131
vn 0.7237 -0.5016 -0.4741
vn 0.5130 0.4760 -0.7143
vn 0.7039 0.2185 -0.6759
vn 0.5352 0.5130 -0.6711
vn 0.7163 0.1981 -0.6691
vn 0.7041 0.2128 -0.6774
vn 0.7183 0.2321 -0.6559
vn 0.7723 0.2022 -0.6022
vn 0.7330 0.1935 -0.6522
vn 0.7781 0.1048 -0.6193
vn 0.8321 0.0473 -0.5526
vn 0.8010 0.0648 -0.5951
vn 0.8209 -0.0117 -0.5710
vn 0.8671 -0.0953 -0.4890
vn 0.8345 -0.0922 -0.5432
vn 0.8698 -0.1965 -0.4526
vn 0.8400 -0.2151 -0.4981
vn 0.8606 -0.3345 -0.3839
vn 0.8346 -0.3766 -0.4019
vn 0.8337 -0.2750 -0.4788
vn 0.8156 -0.3783 -0.4377
vn 0.8374 -0.4606 -0.2943
vn 0.8070 -0.4912 -0.3278
vn 0.7744 -0.5098 -0.3749
vn 0.6769 -0.7353 -0.0333
vn 0.6573 -0.7499 -0.0749
vn 0.6363 -0.7622 -0.1192
vn 0.5523 0.5487 -0.6276
vn 0.5706 0.5738 -0.5875
vn 0.7924 0.2343 -0.5632
vn 0.8125 0.2562 -0.5236
vn 0.5826 0.6030 -0.5449
vn 0.8361 0.2806 -0.4714
vn 0.8916 0.3705 -0.2603
vn 0.6247 0.6728 -0.3963
vn 0.6178 0.6465 -0.4475
vn 0.8723 0.3468 -0.3448
vn 0.6120 0.6124 -0.5005
vn 0.8569 0.3123 -0.4100
vn 0.8850 0.4205 -0.2000
vn 0.6265 0.6966 -0.3496
vn 0.8728 0.4861 -0.0441
vn 0.6257 0.7477 -0.2225
vn 0.6381 0.7180 -0.2780
vn 0.8800 0.4579 -0.1264
vn 0.8349 0.5474 0.0567
vn 0.6260 0.7702 -0.1221
vn 0.6261 0.7577 -0.1841
vn 0.8559 0.5172 -0.0043
vn 0.8020 0.5867 0.1127
vn 0.6000 0.7962 -0.0780
vn 0.5386 0.8424 0.0164
vn 0.5900 0.8073 -0.0135
vn 0.7723 0.6112 0.1732
vn 0.7307 0.6409 0.2354
vn 0.4908 0.8701 0.0440
vn 0.6983 0.6547 0.2893
vn 0.6493 0.6769 0.3467
vn 0.4750 0.8735 0.1067
vn 0.4478 0.8798 0.1594
vn 0.6010 0.6972 0.3908
vn 0.5517 0.7069 0.4426
vn 0.3916 0.9041 0.1710
vn 0.3373 0.9207 0.1961
vn 0.4881 0.7305 0.4777
vn 0.4371 0.7294 0.5261
vn 0.2779 0.9361 0.2154
vn 0.3698 0.7346 0.5689
vn 0.2432 0.9347 0.2593
vn 0.1313 0.9461 0.2961
vn 0.1924 0.9357 0.2959
vn 0.2914 0.7498 0.5940
vn 0.2257 0.7513 0.6201
vn 0.1590 0.7713 0.6163
vn 0.0595 0.9671 0.2473
vn 0.0272 0.9590 0.2820
vn 0.1226 0.7931 0.5966
vn 0.1119 0.8136 0.5705
vn -0.0500 0.9662 0.2528
vn 0.0495 0.8024 0.5947
vn -0.0161 0.7971 0.6036
vn -0.0558 0.8269 0.5596
vn -0.0773 0.9791 0.1883
vn 0.0520 0.8393 0.5412
vn 0.0224 0.8213 0.5701
vn -0.0470 0.7663 0.6407
vn -0.0097 0.7771 0.6294
vn -0.0311 0.7090 0.7045
vn -0.0112 0.7060 0.7081
vn -0.0439 0.7807 0.6234
vn -0.0205 0.6544 0.7559
vn -0.0065 0.6610 0.7503
vn 0.0034 0.6256 0.7801
vn -0.0038 0.6172 0.7868
vn 0.0849 0.6624 0.7443
vn 0.0486 0.7102 0.7023
vn -0.0028 0.5712 0.8208
vn 0.0182 0.5238 0.8517
vn 0.1523 0.4659 0.8716
vn 0.1363 0.5373 0.8323
vn 0.0454 0.4612 0.8861
vn 0.0374 0.3886 0.9206
vn 0.1603 0.3872 0.9079
vn 0.0442 0.1973 0.9794
vn 0.0619 0.1244 0.9903
vn 0.0606 0.0547 0.9967
vn 0.0961 0.0380 0.9946
vn 0.1063 0.0143 0.9942
vn 0.1051 -0.2736 0.9561
vn 0.1260 -0.2712 0.9542
vn 0.1405 -0.0063 0.9901
vn 0.1624 -0.3615 0.9181
vn -0.0382 0.8337 0.5508
vn -0.0621 0.9794 0.1921
vn 0.2050 0.0108 0.9787
vn 0.2308 -0.3811 0.8953
vn 0.2576 0.0452 0.9652
vn 0.2630 0.1247 0.9567
vn 0.3180 0.0886 0.9439
vn 0.2897 -0.3113 0.9051
vn 0.3360 -0.3271 0.8832
vn 0.3812 0.0804 0.9210
vn 0.4458 0.0821 0.8913
vn 0.5144 0.0667 0.8549
vn 0.4420 -0.3075 0.8427
vn 0.3861 -0.3215 0.8646
vn 0.5696 0.0418 0.8209
vn 0.5027 -0.2740 0.8199
vn 0.6301 0.0446 0.7752
vn 0.6852 0.0172 0.7282
vn 0.5865 -0.3061 0.7499
vn 0.5412 -0.3072 0.7828
vn 0.7289 -0.0036 0.6846
vn 0.7788 -0.0355 0.6263
vn 0.6313 -0.4056 0.6610
vn 0.5998 -0.3623 0.7135
vn 0.6996 -0.4197 0.5783
vn 0.6868 -0.3888 0.6141
vn 0.8187 -0.0526 0.5719
vn 0.8546 -0.0634 0.5153
vn 0.7449 -0.4076 0.5282
vn 0.8851 -0.0873 0.4572
vn 0.9115 -0.1113 0.3961
vn 0.7890 -0.3930 0.4722
vn 0.8018 -0.4182 0.4268
vn 0.9369 -0.1265 0.3260
vn 0.9567 -0.2067 0.2051
vn 0.7820 -0.5209 0.3423
vn 0.7917 -0.4710 0.3890
vn 0.9522 -0.1611 0.2594
vn 0.9586 -0.2792 0.0566
vn 0.7731 -0.5924 0.2269
vn 0.7756 -0.5602 0.2909
vn 0.9588 -0.2456 0.1428
vn 0.7519 -0.6447 0.1379
vn 0.7533 -0.6290 0.1921
vn 0.9535 -0.3009 -0.0160
vn 0.9385 -0.3369 -0.0749
vn 0.7297 -0.6825 0.0420
vn 0.7329 -0.6732 0.0985
vn 0.9203 -0.3650 -0.1406
vn 0.8943 -0.4024 -0.1956
vn 0.6944 -0.7195 0.0112
vn 0.8649 -0.4383 -0.2447
vn 0.6196 -0.7713 -0.1456
vn 0.7399 -0.5676 -0.3611
vn 0.7510 -0.5443 -0.3738
vn 0.7815 -0.4537 -0.4283
vn 0.7236 -0.5844 -0.3672
vn 0.6987 -0.6033 -0.3845
vn 0.6120 -0.7701 -0.1801
vn 0.7123 -0.5850 -0.3878
vn 0.7149 -0.5441 -0.4393
vn 0.7150 -0.5673 -0.4085
vn 0.2085 0.6778 0.7051
vn 0.2715 0.6074 0.7466
vn 0.2589 0.5842 0.7692
vn 0.2612 0.5239 0.8107
vn 0.2927 0.4833 0.8251
vn 0.2635 0.4526 0.8519
vn 0.3021 0.3843 0.8724
vn 0.2729 0.3792 0.8842
vn 0.2887 0.3153 0.9040
vn 0.3161 0.2610 0.9121
vn 0.3676 0.4280 0.8256
vn 0.3794 0.2604 0.8878
vn 0.4433 0.4270 0.7881
vn 0.4504 0.2517 0.8566
vn 0.5256 0.4116 0.7445
vn 0.5742 0.4036 0.7123
vn 0.5825 0.2111 0.7850
vn 0.5294 0.2285 0.8170
vn 0.6364 0.3852 0.6683
vn 0.7011 0.3618 0.6145
vn 0.7030 0.1836 0.6871
vn 0.6430 0.2003 0.7393
vn 0.7481 0.3456 0.5665
vn 0.8008 0.3246 0.5033
vn 0.8044 0.1439 0.5764
vn 0.7526 0.1631 0.6380
vn 0.8442 0.1205 0.5223
vn 0.8404 0.3024 0.4497
vn 0.8763 0.2828 0.3901
vn 0.8808 0.1061 0.4615
vn 0.9159 0.2397 0.3221
vn 0.9144 0.0826 0.3962
vn 0.9808 0.1443 0.1312
vn 0.9831 0.0093 0.1831
vn 0.9612 0.0287 0.2744
vn 0.9621 0.1760 0.2083
vn 0.9400 0.0509 0.3373
vn 0.9423 0.2139 0.2576
vn 0.9963 0.0810 -0.0286
vn 0.9956 -0.0761 0.0541
vn 0.9935 -0.0282 0.1107
vn 0.9926 0.1152 0.0386
vn 0.9933 0.0418 -0.1075
vn 0.9925 -0.1205 -0.0210
vn 0.9659 -0.0390 -0.2560
vn 0.9672 -0.1964 -0.1611
vn 0.9832 -0.1531 -0.0992
vn 0.9845 -0.0024 -0.1751
vn 0.9225 -0.1104 -0.3700
vn 0.9190 -0.2756 -0.2819
vn 0.9462 -0.2368 -0.2206
vn 0.9455 -0.0780 -0.3162
vn 0.8916 -0.3023 -0.3372
vn 0.8955 -0.1500 -0.4190
vn 0.3012 0.2513 0.9198
vn 0.2883 0.1952 0.9374
vn 0.8604 0.0530 -0.5069
vn 0.8849 0.0776 -0.4593
vn 0.9317 0.1412 -0.3347
vn 0.9085 0.1093 -0.4034
vn 0.9454 0.1812 -0.2708
vn 0.9549 0.2212 -0.1982
vn 0.9595 0.2570 -0.1151
vn 0.9577 0.2850 -0.0384
vn 0.9467 0.3186 0.0467
vn 0.9066 0.3904 0.1603
vn 0.9313 0.3489 0.1048
vn 0.8820 0.4123 0.2282
vn 0.8434 0.4539 0.2875
vn 0.8033 0.4822 0.3497
vn 0.7658 0.5033 0.4002
vn 0.7088 0.5320 0.4633
vn 0.6654 0.5456 0.5095
vn 0.6065 0.5621 0.5623
vn 0.5424 0.5832 0.6047
vn 0.4916 0.5897 0.6407
vn 0.4064 0.6011 0.6881
vn 0.3330 0.6027 0.7252
vn 0.3435 -0.7204 0.6025
vn 0.2039 -0.6932 0.6913
vn 0.2226 -0.8980 0.3795
vn 0.3279 -0.9088 0.2579
vn 0.4129 -0.8901 0.1929
vn 0.4695 -0.7093 0.5258
vn 0.5299 -0.8372 0.1355
vn 0.6044 -0.6588 0.4479
vn 0.6428 -0.7656 0.0243
vn 0.7454 -0.5657 0.3526
vn 0.7519 -0.6563 -0.0624
vn 0.8649 -0.4185 0.2772
vn 0.8543 -0.5068 -0.1153
vn 0.9414 -0.2778 0.1914
vn 0.8607 0.0061 0.5091
vn 0.9278 -0.1223 0.3526
vn 0.9789 -0.0665 0.1932
vn 0.9214 0.0524 0.3850
vn 0.9190 -0.3377 -0.2036
vn 0.9845 -0.1670 0.0532
vn 0.9149 -0.1948 -0.3536
vn 0.9937 -0.0621 -0.0928
vn 0.9787 0.0877 -0.1857
vn 0.8727 -0.0598 -0.4845
vn 0.9455 0.2530 -0.2048
vn 0.8333 0.1170 -0.5403
vn 0.8802 0.4200 -0.2211
vn 0.7633 0.2612 -0.5909
vn 0.7757 0.5779 -0.2537
vn 0.6427 0.4138 -0.6448
vn 0.6424 0.7073 -0.2951
vn 0.5461 0.5712 -0.6128
vn 0.4829 0.8158 -0.3181
vn 0.4173 0.7149 -0.5611
vn 0.3197 0.8927 -0.3177
vn 0.2691 0.7875 -0.5545
vn 0.1661 0.9445 -0.2835
vn 0.1451 0.8072 -0.5722
vn 0.0143 0.9716 -0.2362
vn 0.0084 0.8358 -0.5489
vn 0.2857 -0.3328 0.8987
vn 0.1623 -0.3249 0.9317
vn 0.1836 -0.5627 0.8060
vn 0.3252 -0.5785 0.7481
vn 0.6104 -0.5260 0.5922
vn 0.7567 -0.4533 0.4711
vn 0.7038 -0.2262 0.6734
vn 0.5742 -0.2699 0.7729
vn 0.8664 -0.2503 0.4321
vn 0.7964 -0.0746 0.6001
vn 0.4463 -0.3344 0.8300
vn 0.4782 -0.5970 0.6441
vn 0.6608 0.1689 0.7313
vn 0.6982 0.2879 0.6555
vn 0.9565 0.1349 0.2587
vn 0.6965 0.3974 0.5975
vn 0.9406 0.2576 0.2212
vn 0.8899 0.3866 0.2423
vn 0.6624 0.5119 0.5470
vn 0.6019 0.5975 0.5298
vn 0.8228 0.5193 0.2309
vn 0.5127 0.6601 0.5490
vn 0.7071 0.6507 0.2769
vn 0.6320 0.7683 0.1011
vn 0.3985 0.7330 0.5512
vn 0.4600 0.8693 0.1809
vn 0.3096 0.7719 0.5553
vn 0.3281 0.9328 0.1494
vn 0.2134 0.8007 0.5598
vn 0.1597 0.9663 0.2020
vn 0.1254 0.8269 0.5481
vn 0.0285 0.9731 0.2284
vn 0.0120 0.8423 0.5389
vn 0.5600 0.1122 0.8209
vn 0.4337 0.0559 0.8993
vn 0.2921 0.0049 0.9564
vn 0.1356 -0.0029 0.9908
vn 0.0625 0.0022 0.9980
vn 0.1069 0.1120 0.9879
vn 0.1341 0.2064 0.9692
vn 0.1543 0.2969 0.9423
vn 0.3199 0.1713 0.9318
vn 0.3933 0.2656 0.8802
vn 0.4204 0.3666 0.8300
vn 0.4198 0.4550 0.7853
vn -0.0133 0.3210 0.9470
vn 0.3950 0.5454 0.7393
vn 0.3475 0.6293 0.6951
vn 0.1143 0.6080 0.7856
vn 0.2029 0.7366 0.6452
vn 0.2717 0.6982 0.6623
vn 0.1301 0.7822 0.6093
vn 0.0143 0.7362 0.6766
vn 0.0585 0.7866 0.6146
vn -0.0054 0.7775 0.6288
vn 0.2497 0.1071 0.9624
vn 0.9998 -0.0143 0.0127
vn 0.9873 0.1527 -0.0434
vn 0.9466 0.3217 -0.0191
vn 0.8909 0.4508 -0.0564
vn 0.7696 0.6379 0.0274
vn 0.6766 0.6992 -0.2307
vn 0.4970 0.8613 -0.1058
vn 0.3406 0.9079 -0.2444
vn 0.1574 0.9809 -0.1145
vn 0.0267 0.9992 -0.0285
vn -0.0800 0.8724 -0.4823
vn -0.0795 0.9686 -0.2358
vn -0.1111 0.8885 -0.4453
vn -0.1042 0.9628 -0.2493
vn -0.0893 0.9884 -0.1229
vn -0.0974 0.9817 -0.1638
vn 0.1474 0.7700 -0.6207
vn 0.1483 0.7692 -0.6215
vn -0.1014 0.8848 -0.4548
vn -0.0887 0.8881 -0.4510
vn 0.1752 0.8177 -0.5484
vn -0.0744 0.9515 -0.2986
vn 0.1612 0.7812 -0.6031
vn -0.1108 0.8885 -0.4452
vn 0.1683 0.7949 -0.5829
vn -0.1110 0.8883 -0.4456
vn 0.1763 0.8064 -0.5644
vn 0.3102 0.7365 -0.6011
vn 0.2958 0.7214 -0.6262
vn 0.3379 0.7443 -0.5761
vn 0.1889 0.8306 -0.5239
vn 0.1937 0.8415 -0.5043
vn -0.1111 0.8883 -0.4456
vn 0.1852 0.8180 -0.5446
vn 0.1900 0.8556 -0.4815
vn 0.1901 0.8664 -0.4617
vn 0.2119 0.8747 -0.4359
vn 0.2247 0.8866 -0.4042
vn 0.2255 0.8969 -0.3804
vn 0.2379 0.9041 -0.3550
vn 0.2485 0.9126 -0.3248
vn 0.2495 0.9223 -0.2952
vn 0.2399 0.9334 -0.2667
vn 0.2062 0.9449 -0.2542
vn 0.1740 0.9542 -0.2433
vn 0.1612 0.9701 -0.1814
vn 0.1701 0.9629 -0.2096
vn -0.1165 0.8840 -0.4528
vn 0.0916 0.9790 -0.1819
vn 0.0592 0.9822 -0.1785
vn -0.1164 0.8839 -0.4529
vn -0.1129 0.8868 -0.4482
vn 0.0413 0.9867 -0.1572
vn 0.0243 0.9910 -0.1320
vn -0.0050 0.9895 -0.1444
vn -0.0706 0.9786 -0.1932
vn -0.0935 0.9695 -0.2265
vn -0.0388 0.9843 -0.1722
vn 0.2585 0.6732 -0.6928
vn 0.3131 0.6902 -0.6524
vn 0.4662 0.4866 -0.7388
vn 0.2062 0.8943 -0.3972
vn -0.0675 0.9902 -0.1221
vn 0.1781 0.9816 -0.0694
vn 0.2051 0.9403 -0.2716
vn -0.0182 0.9997 0.0186
vn 0.1360 0.9763 0.1687
vn 0.3360 0.9407 0.0464
vn 0.1704 0.9230 0.3449
vn 0.4719 0.8657 0.1670
vn 0.5222 0.7645 0.3779
vn 0.2289 0.8052 0.5471
vn 0.5312 0.6432 0.5514
vn 0.2453 0.6888 0.6822
vn 0.5168 0.5026 0.6930
vn 0.2086 0.5267 0.8240
vn 0.4950 0.3074 0.8127
vn 0.1862 0.3181 0.9296
vn 0.4989 0.0739 0.8635
vn 0.2239 0.0768 0.9716
vn 0.2571 -0.1405 0.9561
vn 0.5037 -0.1636 0.8483
vn 0.2357 -0.3555 0.9045
vn 0.4281 -0.3963 0.8122
vn 0.2116 -0.5571 0.8030
vn 0.3404 -0.5539 0.7598
vn 0.1924 -0.6711 0.7160
vn 0.4541 -0.7427 0.4921
vn 0.4312 -0.8257 0.3638
vn 0.1617 -0.7652 0.6232
vn 0.3968 -0.8816 0.2555
vn 0.1347 -0.8323 0.5377
vn 0.5100 0.5871 -0.6287
vn 0.3233 0.8173 -0.4769
vn 0.5712 0.6385 -0.5158
vn 0.3240 0.8785 -0.3511
vn 0.7645 0.4658 -0.4455
vn 0.4987 0.8233 -0.2710
vn 0.2568 0.9590 -0.1196
vn 0.3829 0.9235 0.0227
vn 0.6185 0.7739 -0.1359
vn 0.8402 0.4360 -0.3224
vn 0.7997 0.5883 0.1199
vn 0.7590 0.6496 -0.0437
vn 0.6517 0.7562 0.0597
vn 0.6944 0.6665 0.2712
vn 0.7796 0.5217 0.3466
vn 0.5960 0.6113 0.5206
vn 0.8505 0.3716 0.3723
vn 0.6844 0.4622 0.5639
vn 0.8230 0.2293 0.5197
vn 0.5841 0.2916 0.7575
vn 0.9792 0.1213 0.1630
vn 0.8205 0.0213 0.5712
vn 0.9784 0.0009 0.2069
vn 0.9666 0.2293 0.1146
vn 0.9426 0.3273 0.0666
vn 0.9224 0.3807 -0.0659
vn 0.8739 0.4451 -0.1957
vn 0.8288 0.2865 -0.4806
vn 0.7371 0.2843 -0.6131
vn 0.7028 0.2258 -0.6746
vn 0.7696 0.2126 -0.6021
vn 0.6537 0.2041 -0.7287
vn 0.6713 0.2450 -0.6996
vn 0.6637 0.1675 -0.7290
vn 0.6430 0.1805 -0.7443
vn 0.5896 0.2189 -0.7775
vn 0.6067 0.1794 -0.7744
vn 0.6346 0.1435 -0.7594
vn 0.6626 0.0789 -0.7448
vn 0.7230 -0.0357 -0.6899
vn 0.6982 0.0205 -0.7156
vn 0.7551 0.0814 -0.6506
vn 0.7113 0.1258 -0.6915
vn 0.8310 0.1879 -0.5235
vn 0.8786 0.3194 -0.3551
vn 0.7618 -0.1768 -0.6232
vn 0.7464 -0.1071 -0.6568
vn 0.8251 -0.0455 -0.5631
vn 0.7956 0.0233 -0.6054
vn 0.9239 0.0821 -0.3738
vn 0.8842 0.1383 -0.4462
vn 0.9653 0.2276 -0.1279
vn 0.9282 0.2902 -0.2329
vn 0.7706 -0.2574 -0.5830
vn 0.7714 -0.3321 -0.5428
vn 0.7605 -0.4069 -0.5060
vn 0.8261 -0.3743 -0.4213
vn 0.8463 -0.2869 -0.4489
vn 0.7950 -0.4563 -0.3998
vn 0.7469 -0.4787 -0.4615
vn 0.8693 -0.4134 -0.2710
vn 0.9169 -0.3070 -0.2552
vn 0.8036 -0.5114 -0.3044
vn 0.7541 -0.5335 -0.3830
vn 0.8500 -0.4847 -0.2061
vn 0.9256 -0.3651 -0.0997
vn 0.7810 -0.5593 -0.2778
vn 0.7439 -0.5863 -0.3207
vn 0.7436 -0.6625 0.0902
vn 0.6903 -0.7227 -0.0344
vn 0.6264 -0.7708 -0.1162
vn 0.7113 -0.5979 -0.3697
vn 0.7260 -0.5454 -0.4188
vn 0.8647 -0.5014 0.0300
vn 0.9303 -0.3465 0.1207
vn 0.9735 -0.2263 -0.0317
vn 0.9624 -0.1687 0.2127
vn 0.9963 -0.0863 -0.0006
vn 0.9990 0.0434 -0.0073
vn 0.9877 0.1482 -0.0508
vn 0.7524 -0.3823 0.5363
vn 0.6494 -0.5923 0.4769
vn 0.8197 -0.1756 0.5452
vn 0.9563 -0.0899 -0.2781
vn 0.9462 -0.1969 -0.2567
vn 0.8528 -0.1993 -0.4827
vn 0.9477 0.0024 -0.3191
vn 0.8450 -0.1170 -0.5218
vn 0.5577 -0.7412 0.3736
vn 0.5411 -0.8135 0.2131
vn 0.4113 -0.5575 0.7211
vn 0.4883 -0.3916 0.7799
vn 0.6123 0.0590 0.7884
vn 0.6618 -0.1580 0.7329
vn 0.4974 -0.8592 0.1196
vn 0.1110 -0.8765 0.4683
vn 0.3773 -0.9063 0.1905
vn 0.1403 -0.6648 0.7337
vn 0.1286 -0.6777 0.7240
vn 0.1137 -0.8668 0.4856
vn 0.1434 -0.8780 0.4567
vn 0.1424 -0.7266 0.6722
vn 0.1175 -0.8527 0.5089
vn 0.1706 -0.7370 0.6540
vn 0.1267 -0.8654 0.4848
vn 0.1935 -0.7223 0.6639
vn 0.1158 -0.8883 0.4445
vn 0.2153 -0.7148 0.6653
vn 0.2403 -0.7111 0.6607
vn 0.1110 -0.8883 0.4456
vn 0.1091 -0.8917 0.4392
vn 0.3118 -0.6758 0.6679
vn 0.3333 -0.6795 0.6536
vn 0.3471 -0.6908 0.6343
vn 0.3492 -0.7128 0.6083
vn 0.1111 -0.8883 0.4456
vn 0.3630 -0.7282 0.5813
vn 0.3878 -0.7315 0.5609
vn 0.4022 -0.7368 0.5434
vn 0.4377 -0.7294 0.5257
vn 0.4908 -0.7255 0.4825
vn 0.4808 -0.7175 0.5040
vn 0.4745 -0.7514 0.4585
vn 0.4495 -0.7817 0.4322
vn 0.4269 -0.8066 0.4088
vn 0.4039 -0.8289 0.3871
vn 0.3845 -0.8449 0.3718
vn 0.3775 -0.8555 0.3543
vn 0.3770 -0.8642 0.3332
vn 0.3767 -0.8718 0.3131
vn 0.3430 -0.9094 0.2350
vn 0.1101 -0.8881 0.4462
vn 0.3545 -0.9010 0.2500
vn 0.1114 -0.8884 0.4454
vn 0.1112 -0.8884 0.4455
vn 0.3652 -0.8827 0.2958
vn 0.3538 -0.8929 0.2784
vn 0.1291 -0.5214 0.8435
vn 0.5031 -0.8642 0.0098
vn 0.4476 -0.8862 0.1198
vn 0.4583 -0.8759 0.1508
vn 0.4586 -0.8677 0.1918
vn 0.4725 -0.8545 0.2160
vn 0.5174 -0.8264 0.2221
vn 0.4838 -0.8301 0.2771
vn 0.5124 -0.8082 0.2902
vn 0.4901 -0.8054 0.3334
vn 0.5477 -0.7653 0.3383
vn 0.5604 -0.7378 0.3763
vn 0.5967 -0.6929 0.4047
vn 0.6318 -0.6396 0.4379
vn 0.6543 -0.5934 0.4688
vn 0.6509 -0.5700 0.5014
vn 0.5806 -0.6116 0.5374
vn 0.5068 -0.6491 0.5673
vn 0.5334 -0.5989 0.5973
vn 0.4608 -0.6329 0.6222
vn 0.4666 -0.5316 0.7069
vn 0.4447 -0.6045 0.6609
vn 0.4151 -0.4979 0.7615
vn 0.4112 -0.5670 0.7137
vn 0.2926 -0.6033 0.7419
vn 0.3443 -0.5727 0.7440
vn 0.2579 -0.6092 0.7499
vn 0.2379 -0.5842 0.7760
vn 0.1800 -0.6871 0.7039
vn 0.1524 -0.6670 0.7293
vn 0.1334 -0.5191 0.8442
vn -0.0848 0.9872 -0.1348
vn -0.0479 0.9975 -0.0514
vn -0.0067 0.9985 -0.0537
vn 0.0510 0.9982 0.0322
vn 0.0981 0.9941 0.0454
vn 0.1163 0.9932 -0.0064
vn 0.1324 0.9899 -0.0507
vn 0.4111 0.8650 -0.2878
vn 0.4179 0.8748 -0.2450
vn 0.3644 0.8675 -0.3385
vn 0.4016 0.8410 -0.3625
vn 0.3657 0.8330 -0.4151
vn 0.3194 0.8317 -0.4542
vn 0.3314 0.8109 -0.4822
vn 0.3530 0.7800 -0.5168
vn 0.3186 0.7783 -0.5410
vn 0.3073 0.6824 -0.6632
vn 0.2549 0.6911 -0.6763
vn 0.4092 0.8887 -0.2068
vn 0.4179 0.8961 -0.1495
vn 0.3572 0.9228 -0.1445
vn 0.2856 0.9469 -0.1479
vn 0.3092 0.9508 -0.0177
vn 0.3061 0.9488 -0.0779
vn 0.2007 0.9793 -0.0252
vn 0.2336 0.9712 -0.0475
vn 0.0890 0.7973 0.5970
vn 0.1405 0.7222 0.6772
vn 0.1545 0.7029 0.6944
vn 0.0455 0.2477 0.9678
vn 0.1298 0.9751 -0.1796
vn -0.1130 0.8868 -0.4481
vn 0.2770 -0.6908 0.6679
vn -0.3718 -0.4635 -0.8044
vn -0.3642 -0.4689 -0.8047
vn -0.4425 -0.4527 -0.7742
vn -0.4445 -0.4513 -0.7738
vn -0.2907 -0.4807 -0.8273
vn -0.2941 -0.4707 -0.8318
vn -0.2226 -0.4763 -0.8506
vn -0.2190 -0.4951 -0.8408
vn -0.5099 -0.4448 -0.7364
vn -0.5040 -0.4499 -0.7373
vn -0.6269 -0.4239 -0.6537
vn -0.6317 -0.4192 -0.6521
vn -0.5735 -0.4399 -0.6911
vn -0.5726 -0.4405 -0.6915
vn -0.6873 -0.4014 -0.6054
vn -0.6853 -0.4034 -0.6064
vn -0.7952 -0.3691 -0.4811
vn -0.7941 -0.3704 -0.4818
vn -0.7422 -0.3901 -0.5449
vn -0.7458 -0.3849 -0.5437
vn -0.9429 -0.2399 -0.2311
vn -0.9420 -0.2418 -0.2326
vn -0.9152 -0.2753 -0.2944
vn -0.9134 -0.2729 -0.3020
vn -0.9610 -0.2151 -0.1741
vn -0.9599 -0.2181 -0.1759
vn -0.9939 -0.1007 0.0447
vn -0.9937 -0.1039 0.0422
vn -0.9903 -0.0652 0.1226
vn -0.9903 -0.0714 0.1189
vn -0.9776 -0.1846 -0.1011
vn -0.9777 -0.1845 -0.1004
vn -0.9868 -0.1564 -0.0426
vn -0.9881 -0.1488 -0.0385
vn -0.9420 0.0321 0.3340
vn -0.9419 0.0323 0.3344
vn -0.9644 -0.0010 0.2645
vn -0.9639 0.0028 0.2661
vn -0.9167 0.0695 0.3935
vn -0.9156 0.0739 0.3952
vn -0.8083 0.1777 0.5613
vn -0.8083 0.1783 0.5611
vn -0.7625 0.2143 0.6105
vn -0.7619 0.1961 0.6173
vn -0.8842 0.1098 0.4540
vn -0.8857 0.1068 0.4519
vn -0.9822 -0.0395 0.1835
vn -0.9822 -0.0408 0.1834
vn -0.8748 -0.3153 -0.3679
vn -0.8758 -0.3199 -0.3615
vn -0.8409 -0.3425 -0.4191
vn -0.8422 -0.3411 -0.4175
vn -0.8558 0.1343 0.4996
vn -0.8551 0.1364 0.5001
vn -0.7489 0.2595 0.6097
vn -0.7245 0.2345 0.6482
vn -0.7216 0.2040 0.6616
vn -0.3560 -0.5363 -0.7652
vn -0.2349 -0.8836 -0.4051
vn -0.2910 -0.8778 -0.3806
vn -0.4285 -0.5250 -0.7354
vn -0.2165 -0.5320 -0.8186
vn -0.1189 -0.8801 -0.4596
vn -0.1805 -0.8749 -0.4494
vn -0.2869 -0.5241 -0.8019
vn -0.3516 -0.8657 -0.3562
vn -0.5003 -0.5118 -0.6984
vn -0.5633 -0.5108 -0.6495
vn -0.4056 -0.8589 -0.3127
vn -0.4432 -0.8536 -0.2736
vn -0.6131 -0.5050 -0.6076
vn -0.4829 -0.8488 -0.2155
vn -0.6674 -0.5040 -0.5483
vn -0.7224 -0.4973 -0.4805
vn -0.5212 -0.8378 -0.1628
vn -0.5692 -0.8120 -0.1291
vn -0.7765 -0.4626 -0.4280
vn -0.9235 -0.3388 -0.1798
vn -0.6897 -0.7201 0.0762
vn -0.7073 -0.6962 0.1226
vn -0.9416 -0.3130 -0.1242
vn -0.9740 -0.2083 0.0889
vn -0.7317 -0.6149 0.2943
vn -0.7287 -0.5812 0.3622
vn -0.9699 -0.1703 0.1738
vn -0.7259 -0.6640 0.1793
vn -0.9595 -0.2771 -0.0501
vn -0.7336 -0.6409 0.2259
vn -0.9690 -0.2469 0.0074
vn -0.9232 -0.0596 0.3797
vn -0.6954 -0.4856 0.5297
vn -0.6777 -0.4567 0.5764
vn -0.8999 -0.0209 0.4355
vn -0.7941 0.0831 0.6021
vn -0.5869 -0.3794 0.7152
vn -0.5534 -0.3569 0.7526
vn -0.7493 0.1187 0.6515
vn -0.6487 -0.4300 0.6279
vn -0.8673 0.0133 0.4976
vn -0.7232 -0.5526 0.4142
vn -0.9621 -0.1411 0.2335
vn -0.6153 -0.7836 -0.0855
vn -0.8246 -0.4265 -0.3717
vn -0.6399 -0.7673 -0.0415
vn -0.8566 -0.4043 -0.3205
vn -0.7094 -0.5197 0.4760
vn -0.9444 -0.0993 0.3133
vn -0.6219 -0.4095 0.6675
vn -0.8371 0.0415 0.5455
vn -0.5002 -0.3528 0.7908
vn -0.7297 0.1398 0.6693
vn -0.6663 -0.7454 0.0184
vn -0.8964 -0.3696 -0.2447
vn -0.1802 -0.9502 -0.2542
vn -0.1812 -0.9500 -0.2542
vn -0.2230 -0.9469 -0.2315
vn -0.2225 -0.9472 -0.2308
vn -0.0734 -0.9574 -0.2793
vn -0.0671 -0.9575 -0.2807
vn -0.1238 -0.9552 -0.2688
vn -0.1288 -0.9540 -0.2708
vn -0.2754 -0.9394 -0.2042
vn -0.2788 -0.9382 -0.2050
vn -0.3288 -0.9275 -0.1780
vn -0.3281 -0.9279 -0.1773
vn -0.3705 -0.9169 -0.1486
vn -0.3642 -0.9193 -0.1494
vn -0.4032 -0.9083 -0.1117
vn -0.4047 -0.9077 -0.1112
vn -0.4528 -0.8884 -0.0756
vn -0.4485 -0.8905 -0.0762
vn -0.4849 -0.8738 -0.0356
vn -0.4816 -0.8757 -0.0365
vn -0.5909 -0.7928 0.1494
vn -0.5883 -0.7950 0.1480
vn -0.5976 -0.7810 0.1813
vn -0.6020 -0.7763 0.1868
vn -0.6213 -0.7085 0.3346
vn -0.6242 -0.7043 0.3381
vn -0.6262 -0.6715 0.3962
vn -0.6297 -0.6663 0.3995
vn -0.6170 -0.7518 0.2326
vn -0.6254 -0.7421 0.2411
vn -0.6337 -0.7182 0.2874
vn -0.6291 -0.7240 0.2830
vn -0.5932 -0.5876 0.5503
vn -0.5929 -0.5856 0.5528
vn -0.5734 -0.5709 0.5877
vn -0.5728 -0.5721 0.5870
vn -0.4901 -0.5079 0.7084
vn -0.4901 -0.5051 0.7104
vn -0.4601 -0.4840 0.7444
vn -0.4597 -0.4829 0.7453
vn -0.5507 -0.5432 0.6337
vn -0.5504 -0.5394 0.6373
vn -0.6238 -0.6395 0.4492
vn -0.6219 -0.6436 0.4461
vn -0.5156 -0.8568 0.0097
vn -0.5169 -0.8560 0.0099
vn -0.5446 -0.8372 0.0498
vn -0.5419 -0.8391 0.0484
vn -0.6059 -0.6197 0.4989
vn -0.6056 -0.6212 0.4973
vn -0.5241 -0.5181 0.6759
vn -0.5247 -0.5257 0.6696
vn -0.4061 -0.4609 0.7891
vn -0.4309 -0.4697 0.7706
vn -0.5613 -0.8219 0.0969
vn -0.5626 -0.8208 0.0986
vn -0.4535 -0.3165 -0.8332
vn -0.4163 0.2045 -0.8859
vn -0.3665 0.2018 -0.9083
vn -0.3848 -0.3238 -0.8643
vn -0.3052 -0.3458 -0.8873
vn -0.3028 0.1847 -0.9350
vn -0.2400 0.1903 -0.9519
vn -0.2348 -0.3282 -0.9150
vn -0.5166 -0.3263 -0.7916
vn -0.4674 0.1967 -0.8619
vn -0.6409 -0.3021 -0.7056
vn -0.5736 0.2131 -0.7910
vn -0.5265 0.1993 -0.8265
vn -0.5868 -0.3228 -0.7426
vn -0.6947 -0.2724 -0.6657
vn -0.6129 0.2420 -0.7522
vn -0.8065 -0.2270 -0.5459
vn -0.6901 0.2888 -0.6636
vn -0.6520 0.2684 -0.7091
vn -0.7539 -0.2483 -0.6083
vn -0.9494 -0.1332 -0.2843
vn -0.8233 0.3406 -0.4541
vn -0.7958 0.3264 -0.5100
vn -0.9241 -0.1577 -0.3480
vn -0.9970 0.0481 0.0600
vn -0.8556 0.4870 -0.1754
vn -0.8583 0.4543 -0.2387
vn -0.9998 0.0113 -0.0155
vn -0.9677 -0.0975 -0.2325
vn -0.8326 0.3715 -0.4108
vn -0.9850 -0.0501 -0.1649
vn -0.8392 0.4106 -0.3564
vn -0.9494 0.1686 0.2650
vn -0.8106 0.5854 -0.0150
vn -0.8303 0.5526 -0.0721
vn -0.9723 0.1301 0.1944
vn -0.7717 0.3237 0.5475
vn -0.6732 0.7110 0.2032
vn -0.7153 0.6764 0.1755
vn -0.8184 0.2840 0.4995
vn -0.9245 0.2027 0.3228
vn -0.7914 0.6104 0.0324
vn -0.8846 -0.1775 -0.4314
vn -0.7564 0.3186 -0.5713
vn -0.7246 0.3082 -0.6163
vn -0.8508 -0.1984 -0.4866
vn -0.9944 -0.0159 -0.1042
vn -0.8470 0.4344 -0.3063
vn -0.9891 0.0907 0.1159
vn -0.8434 0.5210 -0.1314
vn -0.8626 0.2538 0.4377
vn -0.7471 0.6523 0.1278
vn -0.7716 0.6308 0.0828
vn -0.8941 0.2296 0.3846
vn -0.7313 0.3710 0.5723
vn -0.6089 0.7637 0.2142
vn -0.3912 0.3097 -0.8667
vn -0.3938 0.3132 -0.8642
vn -0.3459 0.3046 -0.8875
vn -0.3480 0.3067 -0.8859
vn -0.2903 0.3091 -0.9056
vn -0.2911 0.3081 -0.9057
vn -0.2343 0.3067 -0.9225
vn -0.2307 0.3058 -0.9237
vn -0.4354 0.3239 -0.8400
vn -0.4364 0.3255 -0.8389
vn -0.5292 0.3374 -0.7785
vn -0.5304 0.3376 -0.7776
vn -0.4840 0.3303 -0.8103
vn -0.4856 0.3333 -0.8082
vn -0.5682 0.3491 -0.7452
vn -0.5712 0.3549 -0.7401
vn -0.6384 0.3938 -0.6614
vn -0.6382 0.3926 -0.6622
vn -0.6065 0.3770 -0.7001
vn -0.6044 0.3714 -0.7048
vn -0.7493 0.4555 -0.4807
vn -0.7494 0.4556 -0.4804
vn -0.7295 0.4412 -0.5226
vn -0.7282 0.4383 -0.5268
vn -0.7839 0.5778 -0.2273
vn -0.7848 0.5768 -0.2267
vn -0.7852 0.5524 -0.2797
vn -0.7876 0.5470 -0.2837
vn -0.7628 0.4759 -0.4379
vn -0.7628 0.4777 -0.4359
vn -0.7759 0.5000 -0.3848
vn -0.7772 0.4960 -0.3872
vn -0.7525 0.6542 -0.0760
vn -0.7532 0.6534 -0.0764
vn -0.7673 0.6284 -0.1279
vn -0.7678 0.6277 -0.1288
vn -0.6245 0.7724 0.1157
vn -0.6210 0.7751 0.1167
vn -0.6538 0.7523 0.0810
vn -0.6553 0.7510 0.0803
vn -0.7344 0.6778 -0.0336
vn -0.7339 0.6785 -0.0329
vn -0.6996 0.4129 -0.5831
vn -0.6995 0.4123 -0.5837
vn -0.6705 0.3998 -0.6250
vn -0.6714 0.4071 -0.6192
vn -0.7869 0.5135 -0.3421
vn -0.7865 0.5148 -0.3412
vn -0.7818 0.5958 -0.1836
vn -0.7817 0.5961 -0.1836
vn -0.6877 0.7247 0.0429
vn -0.6841 0.7280 0.0440
vn -0.7126 0.7016 0.0070
vn -0.7139 0.7002 0.0066
vn -0.5771 0.8039 0.1437
vn -0.5677 0.8086 0.1548
vn -0.1409 -0.5673 -0.8114
vn -0.0491 -0.8958 -0.4418
vn -0.0213 -0.9575 -0.2876
vn -0.0164 -0.9567 -0.2905
vn -0.1909 0.2095 -0.9590
vn -0.1806 -0.2952 -0.9382
vn -0.1879 0.3046 -0.9338
vn -0.1882 0.3049 -0.9336
vn -0.1528 0.3029 -0.9407
vn -0.1289 0.3076 -0.9427
vn -0.0661 0.3218 -0.9445
vn -0.1173 0.3087 -0.9439
vn 0.0162 -0.9544 -0.2982
vn 0.0248 -0.9540 -0.2987
vn 0.0856 -0.9476 -0.3076
vn 0.0940 -0.9461 -0.3100
vn 0.0446 -0.9511 -0.3056
vn 0.1696 -0.9338 -0.3149
vn 0.1251 -0.9462 -0.2985
vn 0.2234 -0.9237 -0.3113
vn 0.1816 -0.9385 -0.2936
vn 0.3296 -0.8856 -0.3271
vn 0.2976 -0.9042 -0.3064
vn 0.4657 -0.8128 -0.3500
vn 0.4547 -0.8209 -0.3454
vn 0.5394 -0.7565 -0.3698
vn 0.6215 -0.6550 -0.4298
vn 0.6310 -0.6464 -0.4290
vn 0.6979 -0.4903 -0.5220
vn 0.6899 -0.5063 -0.5174
vn 0.7186 -0.3260 -0.6143
vn 0.7222 -0.3179 -0.6143
vn 0.7064 -0.1975 -0.6797
vn 0.7091 -0.1936 -0.6780
vn 0.6358 -0.0284 -0.7714
vn 0.6660 -0.0628 -0.7433
vn 0.5303 0.1249 -0.8386
vn 0.5995 0.0747 -0.7969
vn 0.4292 0.2225 -0.8754
vn 0.4856 0.1926 -0.8527
vn 0.3168 0.2914 -0.9026
vn 0.3368 0.2832 -0.8980
vn 0.2150 0.3315 -0.9186
vn 0.1863 0.3321 -0.9247
vn 0.1227 0.3468 -0.9299
vn 0.0742 0.3468 -0.9350
vn 0.0728 0.3468 -0.9351
vn 0.0148 0.3400 -0.9403
vn -0.0471 0.3268 -0.9439
vn -0.0932 0.3184 -0.9434
vn 0.0122 0.3384 -0.9409
vn -0.1507 0.2175 -0.9644
vn -0.1067 -0.2807 -0.9538
vn -0.0683 -0.2792 -0.9578
vn -0.1126 0.2169 -0.9697
vn -0.0768 0.2164 -0.9733
vn -0.0360 -0.2901 -0.9563
vn -0.0806 -0.5982 -0.7973
vn -0.0054 -0.9010 -0.4337
vn -0.0342 -0.6075 -0.7936
vn 0.0265 -0.9013 -0.4325
vn -0.0044 -0.5968 -0.8024
vn 0.0671 -0.9000 -0.4306
vn 0.0249 -0.5748 -0.8179
vn 0.1084 -0.9005 -0.4212
vn 0.0539 -0.5695 -0.8203
vn 0.1645 -0.8939 -0.4170
vn 0.0856 -0.5601 -0.8240
vn 0.2635 -0.8624 -0.4323
vn 0.1170 -0.5318 -0.8388
vn 0.4141 -0.7729 -0.4809
vn 0.1436 -0.4984 -0.8550
vn 0.5346 -0.6417 -0.5500
vn 0.1569 -0.4756 -0.8656
vn 0.5968 -0.5070 -0.6219
vn 0.1737 -0.4439 -0.8791
vn 0.6260 -0.3609 -0.6912
vn 0.1840 -0.4149 -0.8911
vn 0.6235 -0.2478 -0.7415
vn 0.1904 -0.3856 -0.9028
vn 0.5912 -0.1169 -0.7980
vn 0.1857 -0.3502 -0.9181
vn 0.5228 0.0239 -0.8521
vn 0.1485 -0.3130 -0.9381
vn 0.4255 0.1259 -0.8962
vn 0.1058 -0.2860 -0.9524
vn 0.3060 0.2004 -0.9307
vn 0.0659 -0.2753 -0.9591
vn 0.1860 0.2411 -0.9525
vn 0.0359 -0.2783 -0.9598
vn 0.0914 0.2474 -0.9646
vn -0.0195 0.2188 -0.9756
vn -0.0050 -0.3013 -0.9535
vn 0.0359 0.2313 -0.9722
vn 0.0239 -0.2919 -0.9561
vn 0.0033 -0.4650 -0.8853
vn -0.0075 -0.4936 -0.8697
vn 0.0113 -0.4619 -0.8868
vn 0.0273 -0.4464 -0.8944
vn 0.0216 -0.4593 -0.8880
vn 0.0384 -0.4601 -0.8870
vn 0.0456 -0.4534 -0.8901
vn 0.0548 -0.4490 -0.8918
vn 0.0503 -0.4544 -0.8893
vn 0.0515 -0.4463 -0.8934
vn 0.0546 -0.4419 -0.8954
vn 0.0561 -0.4474 -0.8926
vn 0.0393 -0.4369 -0.8987
vn 0.0562 -0.4477 -0.8924
vn 0.0272 -0.4282 -0.9033
vn 0.0234 -0.4283 -0.9034
vn 0.0249 -0.4269 -0.9040
vn 0.0283 -0.4273 -0.9036
vn 0.0054 -0.4329 -0.9014
vn -0.0046 -0.4295 -0.9030
vn -0.0383 -0.4237 -0.9050
vn -0.0706 -0.4297 -0.9002
vn -0.0493 -0.4230 -0.9048
vn -0.0180 -0.4258 -0.9046
vn -0.0265 -0.5151 -0.8567
vn -0.0135 -0.4822 -0.8760
vn -0.0618 -0.5340 -0.8432
vn -0.0946 -0.5229 -0.8472
vn -0.0999 -0.5142 -0.8518
vn -0.0874 -0.4310 -0.8981
vn -0.1232 -0.4135 -0.9021
vn -0.1704 -0.4398 -0.8818
vn 0.0089 -0.4505 -0.8927
vn -0.0430 -0.5283 -0.8480
vn -0.1538 -0.4994 -0.8526
vn -0.1516 -0.5020 -0.8515
vn -0.1896 -0.4509 -0.8722
vn -0.1912 -0.4737 -0.8597
vn -0.2219 -0.4548 -0.8625
vn -0.0190 -0.4245 -0.9052
vn -0.1474 -0.4376 -0.8870
vn -0.1679 -0.4391 -0.8826
vn -0.1005 -0.5094 -0.8547
vn -0.1915 -0.4884 -0.8514
vn 0.0153 -0.9021 0.4313
vn 0.0513 -0.8874 0.4582
vn -0.2626 -0.8917 0.3688
vn -0.3108 -0.8929 0.3259
vn -0.6365 -0.7413 0.2130
vn -0.6237 -0.7463 0.2327
vn -0.8776 -0.4762 0.0544
vn -0.8719 -0.4859 0.0603
vn -0.7778 0.4737 -0.4130
vn -0.7782 0.4710 -0.4155
vn -0.4978 0.6996 -0.5125
vn -0.5036 0.7005 -0.5056
vn -0.2381 0.8099 -0.5361
vn -0.2298 0.8139 -0.5337
vn -0.0239 0.8072 -0.5897
vn 0.0008 0.7951 -0.6064
vn -0.9777 -0.1685 -0.1255
vn -0.9755 -0.1954 -0.1012
vn -0.9475 0.1501 -0.2822
vn -0.9458 0.1598 -0.2828
vn 0.6938 -0.7161 -0.0765
vn 0.6214 -0.7751 -0.1148
vn 0.4624 -0.8706 0.1681
vn 0.4189 -0.8787 0.2291
vn 0.5826 -0.5751 -0.5744
vn 0.5399 -0.5738 -0.6159
vn 0.2750 0.6343 -0.7225
vn 0.2651 0.6692 -0.6942
vn 0.4776 0.2882 -0.8300
vn 0.4670 0.2402 -0.8510
vn 0.2080 -0.8953 0.3938
vn 0.1967 -0.9050 0.3772
vn 0.1510 -0.3735 -0.9153
vn 0.1175 -0.4075 -0.9056
vn -0.0050 -0.4715 -0.8819
vn -0.0149 -0.4697 -0.8827
vn 0.0788 -0.4377 -0.8957
vn 0.0831 -0.4361 -0.8960
vn 0.0787 -0.4376 -0.8957
vn 0.0770 -0.4374 -0.8960
vn 0.0878 -0.4293 -0.8989
vn 0.0816 -0.4316 -0.8984
vn 0.0891 -0.4316 -0.8976
vn 0.0781 -0.4341 -0.8975
vn 0.0788 -0.4364 -0.8963
vn 0.0783 -0.4347 -0.8972
vn 0.0774 -0.4349 -0.8972
vn 0.0771 -0.4365 -0.8964
vn 0.0778 -0.4376 -0.8958
vn 0.0788 -0.4376 -0.8957
vn 0.0812 -0.4371 -0.8957
vn 0.0803 -0.4373 -0.8957
vn 0.0798 -0.4369 -0.8959
vn 0.0792 -0.4369 -0.8960
vn 0.0790 -0.4366 -0.8962
vn 0.0786 -0.4356 -0.8967
vn 0.0765 -0.4362 -0.8966
vn 0.0786 -0.4377 -0.8957
vn 0.0783 -0.4378 -0.8957
vn 0.0787 -0.4375 -0.8957
vn 0.0773 -0.4391 -0.8951
vn 0.0785 -0.4374 -0.8958
vn 0.0782 -0.4374 -0.8958
vn 0.0781 -0.4375 -0.8958
vn -0.0387 -0.9864 0.1599
vn -0.1659 -0.9807 -0.1033
vn -0.1276 -0.9844 -0.1212
vn -0.0183 -0.9883 0.1517
vn 0.0079 -0.9905 0.1372
vn -0.0835 -0.9871 -0.1369
vn -0.0385 -0.9876 -0.1525
vn 0.0312 -0.9937 0.1079
vn -0.0572 -0.9827 0.1762
vn -0.2088 -0.9748 -0.0790
vn -0.0935 -0.9726 0.2126
vn -0.2815 -0.9591 -0.0289
vn -0.2506 -0.9666 -0.0545
vn -0.0777 -0.9779 0.1943
vn -0.1142 -0.9667 0.2289
vn -0.3174 -0.9483 0.0025
vn -0.1794 -0.9534 0.2424
vn -0.3898 -0.9191 0.0580
vn -0.3548 -0.9345 0.0282
vn -0.1449 -0.9611 0.2352
vn -0.2368 -0.9032 0.3579
vn -0.4903 -0.8356 0.2478
vn -0.4712 -0.8552 0.2160
vn -0.2081 -0.9172 0.3397
vn -0.2568 -0.8537 0.4530
vn -0.5139 -0.7457 0.4240
vn -0.5209 -0.7667 0.3753
vn -0.2837 -0.8587 0.4268
vn -0.2516 -0.8916 0.3765
vn -0.5071 -0.8124 0.2879
vn -0.2708 -0.8759 0.3993
vn -0.5186 -0.7898 0.3274
vn -0.1836 -0.8186 0.5442
vn -0.4547 -0.6678 0.5893
vn -0.4750 -0.6834 0.5543
vn -0.2075 -0.8230 0.5288
vn -0.1473 -0.7727 0.6175
vn -0.3641 -0.5940 0.7173
vn -0.3866 -0.6110 0.6908
vn -0.1541 -0.7827 0.6030
vn -0.1608 -0.8132 0.5593
vn -0.4319 -0.6502 0.6250
vn -0.2280 -0.8449 0.4838
vn -0.5016 -0.7271 0.4687
vn -0.1974 -0.9455 0.2591
vn -0.4188 -0.9031 0.0951
vn -0.2022 -0.9369 0.2852
vn -0.4367 -0.8902 0.1298
vn -0.2209 -0.8310 0.5105
vn -0.4891 -0.7033 0.5159
vn -0.1503 -0.8008 0.5797
vn -0.4102 -0.6319 0.6576
vn -0.0869 -0.7460 0.6603
vn -0.3138 -0.5718 0.7580
vn -0.1967 -0.9283 0.3156
vn -0.4523 -0.8745 0.1750
vn -0.2250 0.7053 -0.6723
vn -0.3149 0.4508 -0.8352
vn -0.3524 0.4571 -0.8166
vn -0.2442 0.7119 -0.6584
vn -0.1824 0.6861 -0.7042
vn -0.2214 0.4429 -0.8688
vn -0.2671 0.4475 -0.8534
vn -0.2031 0.6970 -0.6877
vn -0.3859 0.4667 -0.7958
vn -0.2590 0.7184 -0.6456
vn -0.2766 0.7239 -0.6321
vn -0.4266 0.4747 -0.7699
vn -0.4647 0.4817 -0.7430
vn -0.2956 0.7300 -0.6162
vn -0.4975 0.4929 -0.7139
vn -0.3137 0.7347 -0.6015
vn -0.3374 0.7320 -0.5919
vn -0.5284 0.5049 -0.6826
vn -0.5585 0.5153 -0.6500
vn -0.3638 0.7283 -0.5807
vn -0.3689 0.7768 -0.5104
vn -0.6263 0.5670 -0.5350
vn -0.6475 0.5776 -0.4971
vn -0.3947 0.7744 -0.4944
vn -0.3972 0.8197 -0.4127
vn -0.6755 0.6567 -0.3352
vn -0.6747 0.6789 -0.2897
vn -0.4002 0.8286 -0.3915
vn -0.6605 0.5920 -0.4618
vn -0.4065 0.7794 -0.4767
vn -0.6704 0.6111 -0.4209
vn -0.4053 0.7918 -0.4569
vn -0.3837 0.8527 -0.3545
vn -0.6588 0.7225 -0.2100
vn -0.6462 0.7449 -0.1660
vn -0.3808 0.8627 -0.3327
vn -0.3504 0.9002 -0.2585
vn -0.5679 0.8224 -0.0331
vn -0.5384 0.8427 -0.0052
vn -0.3284 0.9113 -0.2482
vn -0.6328 0.7633 -0.1298
vn -0.3778 0.8716 -0.3124
vn -0.3701 0.7398 -0.5619
vn -0.5844 0.5278 -0.6164
vn -0.6028 0.5466 -0.5812
vn -0.3599 0.7642 -0.5352
vn -0.6755 0.6307 -0.3821
vn -0.3997 0.8063 -0.4361
vn -0.6703 0.6976 -0.2531
vn -0.3944 0.8398 -0.3729
vn -0.3718 0.8807 -0.2935
vn -0.6154 0.7824 -0.0957
vn -0.5949 0.8012 -0.0638
vn -0.3663 0.8897 -0.2726
vn -0.4955 0.8680 0.0322
vn -0.3029 0.9298 -0.2092
vn 0.0063 -0.9861 -0.1658
vn 0.0533 -0.9944 0.0909
vn -0.1588 0.6813 -0.7146
vn -0.1816 0.4400 -0.8795
vn -0.1225 0.6897 -0.7136
vn -0.1315 0.4443 -0.8862
vn -0.0667 0.7096 -0.7015
vn -0.0725 0.4609 -0.8845
vn 0.0427 -0.9857 -0.1631
vn 0.0760 -0.9901 0.1178
vn 0.1136 -0.9824 -0.1483
vn 0.1447 -0.9713 0.1887
vn 0.2021 -0.9691 -0.1415
vn 0.2530 -0.9426 0.2179
vn 0.2677 -0.9506 -0.1570
vn 0.3441 -0.9266 0.1515
vn 0.3915 -0.8930 -0.2217
vn 0.4931 -0.8700 0.0030
vn 0.5053 -0.8148 -0.2842
vn 0.5977 -0.7891 -0.1417
vn 0.5708 -0.7502 -0.3337
vn 0.6301 -0.7366 -0.2457
vn 0.6442 -0.6471 -0.4077
vn 0.6840 -0.6372 -0.3551
vn 0.7052 -0.4925 -0.5101
vn 0.7222 -0.5036 -0.4742
vn 0.7398 -0.3174 -0.5933
vn 0.7236 -0.1873 -0.6643
vn 0.6586 -0.0278 -0.7520
vn 0.6841 -0.0187 -0.7291
vn 0.5729 0.1368 -0.8081
vn 0.6161 0.1731 -0.7684
vn 0.4758 0.2535 -0.8422
vn 0.5385 0.3244 -0.7776
vn 0.3646 0.3470 -0.8641
vn 0.4439 0.4581 -0.7701
vn 0.2515 0.4147 -0.8745
vn 0.3375 0.5734 -0.7466
vn 0.1509 0.4611 -0.8744
vn 0.2435 0.6568 -0.7137
vn 0.0747 0.4803 -0.8739
vn 0.1348 0.7168 -0.6841
vn 0.0206 0.7292 -0.6840
vn -0.0018 0.4775 -0.8786
vn -0.4983 0.8426 0.2042
vn -0.5308 0.8317 0.1629
vn -0.4482 0.8622 0.2360
vn -0.4707 0.8582 0.2048
vn -0.3914 0.8766 0.2799
vn -0.3791 0.8770 0.2952
vn -0.2251 0.8486 0.4788
vn -0.3142 0.8786 0.3596
vn -0.2579 0.8558 0.4485
vn -0.1427 0.7914 0.5944
vn -0.1344 0.7748 0.6178
vn -0.0538 0.6706 0.7399
vn -0.0681 0.6717 0.7377
vn -0.0071 0.4915 0.8708
vn -0.0163 0.5042 0.8634
vn 0.0038 0.3349 0.9423
vn 0.0133 0.2926 0.9561
vn 0.0019 0.1776 0.9841
vn -0.0065 0.0792 0.9968
vn -0.0220 0.0371 0.9991
vn -0.0694 -0.1079 0.9917
vn -0.0812 -0.1180 0.9897
vn -0.1598 -0.2688 0.9499
vn -0.1910 -0.2961 0.9359
vn -0.2255 -0.3491 0.9096
vn -0.2628 -0.3797 0.8870
vn -0.2765 -0.3908 0.8780
vn -0.3150 -0.4155 0.8533
vn -0.3284 -0.4273 0.8423
vn -0.3768 -0.4484 0.8105
vn -0.7009 0.4161 0.5793
vn -0.5442 0.8095 0.2204
vn -0.6798 0.4408 0.5861
vn -0.4814 0.8420 0.2437
vn -0.6598 0.4611 0.5934
vn -0.3979 0.8636 0.3097
vn -0.6243 0.4483 0.6397
vn -0.2855 0.8414 0.4589
vn -0.6035 0.3912 0.6948
vn -0.2063 0.7500 0.6285
vn -0.6250 0.3229 0.7107
vn -0.1883 0.6208 0.7611
vn -0.6304 0.2831 0.7228
vn -0.1587 0.4644 0.8713
vn -0.6170 0.2663 0.7406
vn -0.1318 0.3278 0.9355
vn -0.6096 0.2556 0.7503
vn -0.1251 0.2006 0.9716
vn -0.6086 0.2252 0.7609
vn -0.1355 0.0829 0.9873
vn -0.6131 0.1930 0.7660
vn -0.1741 -0.0539 0.9832
vn -0.6230 0.1623 0.7652
vn -0.2495 -0.2149 0.9442
vn -0.6359 0.1294 0.7609
vn -0.3035 -0.3050 0.9027
vn -0.6573 0.1218 0.7437
vn -0.3607 -0.3380 0.8693
vn -0.6859 0.1272 0.7165
vn -0.4299 -0.3509 0.8319
vn -0.6920 0.2225 0.6868
vn -0.7131 0.2317 0.6617
vn -0.7183 0.2305 0.6565
vn -0.6967 0.2230 0.6819
vn -0.7058 0.2767 0.6521
vn -0.7165 0.2674 0.6443
vn -0.7008 0.2829 0.6548
vn -0.7064 0.2199 0.6728
vn -0.7071 0.2245 0.6705
vn -0.7108 0.2325 0.6638
vn -0.7109 0.2412 0.6607
vn -0.7103 0.2568 0.6554
vn -0.7116 0.2538 0.6551
vn -0.7089 0.2587 0.6562
vn -0.7006 0.2827 0.6551
vn -0.4267 0.9000 0.0895
vn -0.2324 0.9661 -0.1129
vn -0.3667 0.9189 0.1456
vn -0.1639 0.9863 -0.0172
vn -0.3017 0.9261 0.2265
vn -0.1192 0.9888 0.0896
vn -0.2259 0.9146 0.3353
vn -0.0589 0.9683 0.2426
vn -0.1450 0.8704 0.4704
vn 0.0010 0.9162 0.4006
vn -0.0708 0.7921 0.6062
vn 0.0554 0.8180 0.5726
vn -0.0101 0.6787 0.7343
vn 0.0952 0.6952 0.7125
vn 0.0388 0.5032 0.8633
vn 0.1368 0.5200 0.8431
vn 0.0511 0.3014 0.9521
vn 0.1289 0.3032 0.9442
vn 0.0208 0.0878 0.9959
vn 0.0726 0.0934 0.9930
vn -0.0359 -0.1142 0.9928
vn 0.0457 -0.1258 0.9910
vn -0.0966 -0.2961 0.9503
vn 0.0647 -0.3360 0.9396
vn -0.1397 -0.4060 0.9031
vn 0.0624 -0.4902 0.8693
vn -0.1888 -0.4759 0.8590
vn 0.0291 -0.6011 0.7987
vn -0.2446 -0.5307 0.8115
vn -0.0138 -0.6766 0.7362
vn 0.0035 -0.8706 0.4920
vn 0.0079 -0.8705 0.4921
vn -0.2813 -0.8415 0.4612
vn -0.2853 -0.8406 0.4605
vn 0.2308 -0.8422 0.4873
vn 0.2388 -0.8403 0.4867
vn -0.6255 -0.6923 0.3597
vn -0.6275 -0.6910 0.3588
vn -0.8852 -0.4227 0.1943
vn -0.8807 -0.4300 0.1987
vn -0.8455 0.4457 -0.2942
vn -0.8316 0.4646 -0.3042
vn -0.4780 0.7543 -0.4501
vn -0.4909 0.7478 -0.4470
vn -0.2077 0.8472 -0.4890
vn -0.2134 0.8460 -0.4886
vn -0.9861 -0.1610 0.0415
vn -0.9849 -0.1674 0.0451
vn -0.9919 0.0828 -0.0966
vn -0.9934 0.0712 -0.0901
vn 0.0220 0.8710 -0.4909
vn 0.0162 0.8709 -0.4911
vn 0.9104 -0.3391 0.2372
vn 0.9195 -0.3208 0.2274
vn 0.5994 -0.6837 0.4163
vn 0.5825 -0.6949 0.4218
vn 0.9972 -0.0319 0.0681
vn 0.9976 -0.0255 0.0645
vn 0.4004 0.8063 -0.4354
vn 0.4029 0.8054 -0.4347
vn 0.8023 0.5361 -0.2626
vn 0.8076 0.5300 -0.2588
vn 0.9772 0.2019 -0.0650
vn 0.9795 0.1926 -0.0596
vn 0.0717 -0.9303 0.3598
vn 0.0673 -0.9302 0.3609
vn 0.0670 -0.9309 0.3592
vn 0.0719 -0.9299 0.3608
vn 0.0879 -0.9362 0.3402
vn 0.0808 -0.9285 0.3625
vn 0.0811 -0.9292 0.3605
vn 0.0882 -0.9375 0.3365
vn 0.0675 -0.9226 0.3799
vn 0.0669 -0.9235 0.3777
vn 0.0661 -0.9207 0.3846
vn 0.0722 -0.9119 0.4040
vn 0.0712 -0.9133 0.4010
vn 0.0653 -0.9218 0.3821
vn 0.0700 -0.9092 0.4104
vn 0.0702 -0.9090 0.4109
vn 0.0558 -0.9110 0.4087
vn 0.0342 -0.9189 0.3930
vn 0.0350 -0.9182 0.3946
vn 0.0582 -0.9089 0.4130
vn 0.0741 -0.8936 0.4427
vn 0.0345 -0.9000 0.4346
vn 0.0425 -0.8968 0.4404
vn 0.0762 -0.8930 0.4436
vn -0.0160 -0.8959 0.4440
vn 0.0116 -0.8929 0.4500
vn 0.0032 -0.8941 0.4479
vn -0.0168 -0.8959 0.4440
vn 0.0056 -0.9022 0.4312
vn 0.0099 -0.9008 0.4341
vn -0.0037 -0.8977 0.4407
vn -0.0011 -0.8972 0.4417
vn 0.0388 -0.8830 0.4677
vn 0.0493 -0.8825 0.4677
vn 0.0458 -0.8827 0.4678
vn 0.0351 -0.8833 0.4674
vn 0.0553 -0.8737 0.4833
vn 0.0394 -0.8702 0.4910
vn 0.0436 -0.8723 0.4870
vn 0.0583 -0.8736 0.4831
vn 0.0642 -0.8805 0.4698
vn 0.0627 -0.8806 0.4697
vn 0.0488 -0.8856 0.4619
vn 0.0474 -0.8860 0.4613
vn 0.0429 -0.9114 0.4092
vn 0.0410 -0.9126 0.4068
vn 0.0481 -0.9083 0.4156
vn 0.0461 -0.9093 0.4136
vn 0.0206 -0.8849 0.4653
vn 0.0227 -0.8846 0.4657
vn 0.0602 -0.8774 0.4760
vn 0.0624 -0.8773 0.4759
vn 0.0224 -0.8145 0.5797
vn 0.0088 -0.8222 0.5691
vn 0.0635 -0.9029 0.4251
vn 0.0597 -0.9047 0.4219
vn -0.1196 0.8810 -0.4578
vn -0.1151 0.8851 -0.4509
vn -0.1166 0.8842 -0.4524
vn -0.1212 0.8801 -0.4591
vn -0.1119 0.8894 -0.4432
vn -0.1100 0.8941 -0.4341
vn -0.1109 0.8930 -0.4362
vn -0.1133 0.8884 -0.4448
vn -0.1253 0.8767 -0.4644
vn -0.1247 0.8769 -0.4642
vn -0.1393 0.8724 -0.4686
vn -0.1186 0.8810 -0.4580
vn -0.1205 0.8805 -0.4585
vn -0.1428 0.8710 -0.4702
vn -0.1458 0.8682 -0.4743
vn -0.1475 0.8676 -0.4749
vn -0.1623 0.8645 -0.4757
vn -0.1545 0.8660 -0.4756
vn -0.1562 0.8654 -0.4761
vn -0.1634 0.8641 -0.4761
vn -0.1817 0.8700 -0.4584
vn -0.1597 0.8726 -0.4616
vn -0.1629 0.8726 -0.4605
vn -0.1847 0.8695 -0.4581
vn -0.1831 0.8799 -0.4385
vn -0.2032 0.8766 -0.4361
vn -0.2027 0.8765 -0.4366
vn -0.1803 0.8799 -0.4397
vn -0.1839 0.8700 -0.4576
vn -0.1839 0.8704 -0.4568
vn -0.1836 0.8723 -0.4532
vn -0.1838 0.8726 -0.4525
vn -0.1658 0.8890 -0.4268
vn -0.1710 0.8870 -0.4290
vn -0.1701 0.8867 -0.4300
vn -0.1650 0.8887 -0.4277
vn -0.1310 0.8934 -0.4297
vn -0.1185 0.8881 -0.4441
vn -0.1182 0.8879 -0.4446
vn -0.1334 0.8960 -0.4236
vn -0.1618 0.8904 -0.4254
vn -0.1604 0.8899 -0.4271
vn -0.1601 0.8693 -0.4677
vn -0.1697 0.8637 -0.4745
vn -0.1684 0.8640 -0.4746
vn -0.1582 0.8696 -0.4676
vn -0.1856 0.8746 -0.4478
vn -0.1883 0.8748 -0.4464
vn -0.1768 0.8840 -0.4328
vn -0.1758 0.8841 -0.4329
vn -0.1404 0.8928 -0.4280
vn -0.1510 0.8910 -0.4282
vn -0.1492 0.8902 -0.4304
vn -0.1377 0.8913 -0.4321
vn -0.1346 0.9085 -0.3955
vn -0.1398 0.9139 -0.3812
vn 0.0927 -0.9399 0.3286
vn 0.0918 -0.9407 0.3265
vn -0.1121 0.8960 -0.4297
vn -0.1101 0.8975 -0.4271
vn -0.1185 0.8777 -0.4643
vn -0.1175 0.8815 -0.4573
vn -0.0930 0.8611 -0.4999
vn -0.0753 0.8723 -0.4831
vn 0.1000 -0.9349 0.3405
vn 0.1043 -0.9366 0.3344
vn 0.1416 -0.9185 0.3693
vn 0.1345 -0.9168 0.3761
vn 0.2303 -0.9055 0.3564
vn 0.2418 -0.9081 0.3418
vn 0.3529 -0.8820 0.3124
vn 0.3916 -0.8698 0.3002
vn 0.5249 -0.8092 0.2639
vn 0.5516 -0.8085 0.2049
vn 0.6747 -0.7361 0.0542
vn 0.6974 -0.7164 -0.0216
vn 0.7493 -0.6593 -0.0619
vn 0.7673 -0.6351 -0.0889
vn 0.8307 -0.5340 -0.1572
vn 0.8346 -0.5215 -0.1774
vn 0.8772 -0.4088 -0.2519
vn 0.8754 -0.3839 -0.2937
vn 0.8827 -0.2381 -0.4052
vn 0.8697 -0.2173 -0.4431
vn 0.8516 -0.0643 -0.5202
vn 0.8583 -0.0664 -0.5089
vn 0.8376 0.1021 -0.5366
vn 0.8391 0.1108 -0.5326
vn 0.7506 0.3020 -0.5877
vn 0.7465 0.3091 -0.5892
vn 0.6776 0.4298 -0.5968
vn 0.6774 0.4264 -0.5995
vn 0.5099 0.5561 -0.6563
vn 0.5285 0.5472 -0.6490
vn 0.3672 0.6625 -0.6528
vn 0.4252 0.6527 -0.6270
vn 0.2609 0.7306 -0.6310
vn 0.2704 0.7375 -0.6188
vn 0.1129 0.7957 -0.5950
vn 0.1209 0.8087 -0.5756
vn -0.0416 0.8344 -0.5495
vn 0.0024 0.8528 -0.5223
vn -0.0911 0.9499 -0.2991
vn -0.0909 0.9615 -0.2595
vn -0.0601 0.9840 -0.1677
vn -0.0679 0.9910 -0.1158
vn -0.0243 0.9994 0.0244
vn -0.0273 0.9978 0.0598
vn 0.0742 0.9794 0.1879
vn 0.0920 0.9721 0.2156
vn 0.1649 0.9346 0.3153
vn 0.1632 0.9113 0.3780
vn 0.1980 0.8441 0.4983
vn 0.1892 0.8061 0.5607
vn 0.2344 0.6980 0.6766
vn 0.2344 0.6791 0.6956
vn 0.2855 0.5420 0.7904
vn 0.2736 0.5258 0.8054
vn 0.2532 0.3156 0.9145
vn 0.2336 0.3035 0.9237
vn 0.2212 0.0647 0.9731
vn 0.2329 0.0844 0.9688
vn 0.2345 -0.1370 0.9624
vn 0.2528 -0.1147 0.9607
vn 0.1854 -0.3554 0.9161
vn 0.2103 -0.3280 0.9210
vn 0.1140 -0.5752 0.8100
vn 0.1844 -0.5395 0.8215
vn 0.1488 -0.6873 0.7110
vn 0.1894 -0.6766 0.7115
vn 0.1409 -0.7461 0.6508
vn 0.1245 -0.7540 0.6450
vn 0.0787 -0.4375 -0.8958
vn 0.0788 -0.4375 -0.8958
vn 0.0788 -0.4375 -0.8957
vn 0.0240 0.7124 0.7014
vn 0.0161 0.7175 0.6964
vn 0.0591 0.7180 0.6935
vn 0.0615 0.7189 0.6923
vn 0.0959 0.7218 0.6855
vn 0.0962 0.7202 0.6871
vn 0.1270 0.7236 0.6784
vn 0.1276 0.7128 0.6897
vn -0.0085 0.7094 0.7048
vn 0.0033 0.6942 0.7198
vn -0.0100 0.6703 0.7420
vn -0.0167 0.6871 0.7264
vn -0.0111 0.6506 0.7594
vn -0.0004 0.6403 0.7681
vn 0.0041 0.5955 0.8034
vn 0.0017 0.6024 0.7982
vn 0.0232 0.5338 0.8453
vn 0.0196 0.4826 0.8756
vn 0.0221 0.4444 0.8956
vn 0.0306 0.3446 0.9383
vn 0.0167 0.3841 0.9231
vn 0.0337 0.2637 0.9640
vn 0.0295 0.2383 0.9708
vn 0.0264 0.1841 0.9826
vn 0.0400 0.1702 0.9846
vn 0.0658 0.1527 0.9861
vn 0.0887 0.1493 0.9848
vn 0.1379 0.1513 0.9788
vn 0.1400 0.1440 0.9796
vn 0.1983 0.1517 0.9683
vn 0.2126 0.1571 0.9644
vn 0.2509 0.1751 0.9521
vn 0.2602 0.1650 0.9514
vn 0.2588 0.1911 0.9468
vn 0.2532 0.2255 0.9408
vn 0.2525 0.2407 0.9372
vn 0.2403 0.2986 0.9236
vn 0.2360 0.3013 0.9238
vn 0.2168 0.3732 0.9021
vn 0.2211 0.4051 0.8871
vn 0.2041 0.4576 0.8654
vn 0.1834 0.5372 0.8232
vn 0.1810 0.5391 0.8226
vn 0.1560 0.6138 0.7739
vn 0.1725 0.6122 0.7716
vn 0.1451 0.6695 0.7285
vn 0.1619 0.6670 0.7273
vn 0.1489 0.7004 0.6980
vn -0.9875 -0.1331 0.0847
vn -0.9988 0.0488 -0.0076
vn -0.9994 0.0332 -0.0005
vn -0.9882 -0.1272 0.0851
vn -0.1113 -0.8612 0.4959
vn -0.1227 -0.8592 0.4966
vn 0.1077 -0.8717 0.4781
vn 0.1094 -0.8743 0.4729
vn -0.3180 -0.8140 0.4860
vn -0.3517 -0.7986 0.4884
vn -0.5197 -0.7502 0.4088
vn -0.5550 -0.7284 0.4018
vn -0.7192 -0.6234 0.3070
vn -0.7393 -0.6061 0.2934
vn -0.8564 -0.4650 0.2243
vn -0.8678 -0.4481 0.2147
vn -0.9443 -0.2942 0.1474
vn -0.9455 -0.2916 0.1447
vn -0.9453 0.3120 -0.0948
vn -0.9566 0.2783 -0.0867
vn -0.7668 0.6250 -0.1464
vn -0.8007 0.5822 -0.1414
vn -0.4594 0.8856 -0.0683
vn -0.4761 0.8767 -0.0687
vn -0.1485 0.9623 -0.2279
vn -0.1019 0.9697 -0.2219
vn 0.2032 0.9534 -0.2230
vn 0.2769 0.9369 -0.2135
vn 0.5233 0.8354 -0.1683
vn 0.5880 0.7948 -0.1498
vn 0.7411 0.6646 -0.0951
vn 0.7697 0.6331 -0.0823
vn 0.8599 0.5094 -0.0323
vn 0.8739 0.4855 -0.0226
vn 0.9335 0.3575 0.0292
vn 0.9377 0.3458 0.0336
vn 0.9715 0.2209 0.0858
vn 0.9720 0.2187 0.0858
vn 0.9846 0.0980 0.1447
vn 0.9844 0.0999 0.1448
vn 0.9801 -0.0327 0.1958
vn 0.9785 -0.0485 0.2005
vn 0.9341 -0.2290 0.2740
vn 0.9457 -0.1955 0.2597
vn 0.8390 -0.4068 0.3613
vn 0.8616 -0.3716 0.3458
vn 0.6888 -0.5871 0.4254
vn 0.7238 -0.5542 0.4111
vn 0.6887 -0.5871 0.4254
vn 0.5088 -0.7058 0.4929
vn 0.5310 -0.6911 0.4903
vn 0.3184 -0.8157 0.4830
vn 0.3351 -0.8050 0.4896
vn -0.0835 -0.9136 -0.3979
vn -0.0818 -0.9125 -0.4009
vn -0.1099 -0.8920 -0.4385
vn -0.1028 -0.9095 -0.4027
vn 0.0276 -0.9439 -0.3291
vn 0.0561 -0.9410 -0.3336
vn -0.1033 -0.7931 -0.6003
vn -0.1265 -0.7648 -0.6317
vn 0.5393 0.8034 -0.2525
vn 0.5538 0.7433 -0.3753
vn 0.5483 0.8362 0.0125
vn 0.5048 0.8626 0.0335
vn 0.5053 0.6029 -0.6174
vn 0.4136 0.4849 -0.7706
vn 0.3610 0.3565 -0.8617
vn 0.2033 0.1527 -0.9671
vn 0.1445 -0.0070 -0.9895
vn 0.0356 -0.1810 -0.9828
vn -0.0245 -0.4088 -0.9123
vn -0.0744 -0.4969 -0.8646
vn 0.4088 0.9039 0.1257
vn 0.4119 0.8879 0.2047
vn 0.3804 0.9107 0.1608
vn 0.3915 0.9133 0.1123
vn 0.3427 -0.9254 -0.1617
vn 0.4018 -0.9028 -0.1531
vn 0.7177 -0.6902 0.0924
vn 0.7107 -0.6996 0.0742
vn 0.8910 -0.3655 0.2693
vn 0.8977 -0.3470 0.2714
vn 0.9284 -0.0243 0.3708
vn 0.9285 0.0383 0.3694
vn 0.8519 0.3466 0.3926
vn 0.8131 0.4437 0.3769
vn 0.6503 0.6895 0.3190
vn 0.5351 0.8050 0.2564
vn -0.4257 0.8906 0.1603
vn -0.2861 0.9410 0.1809
vn -0.3333 0.9393 0.0819
vn -0.5073 0.8598 0.0583
vn -0.7445 0.6673 0.0206
vn -0.6561 0.7461 0.1132
vn -0.9361 0.3510 -0.0248
vn -0.9051 0.4228 0.0445
vn -0.9977 0.0482 -0.0473
vn -0.9978 0.0659 -0.0030
vn 0.0805 -0.8428 -0.5322
vn 0.0784 -0.8473 -0.5253
vn -0.1093 -0.8698 -0.4812
vn -0.2511 -0.8746 -0.4147
vn 0.0804 -0.8428 -0.5322
vn -0.3120 -0.8636 -0.3959
vn -0.9450 -0.3241 -0.0431
vn -0.8909 -0.4529 -0.0355
vn -0.8858 -0.4595 -0.0643
vn -0.9387 -0.3409 -0.0506
vn -0.9855 -0.1625 -0.0492
vn -0.9823 -0.1849 -0.0292
vn 0.4137 0.9034 0.1125
vn 0.5550 0.8301 0.0542
vn 0.2306 0.9663 0.1143
vn 0.1892 0.9705 0.1491
vn 0.0389 0.9873 0.1541
vn 0.0358 0.9835 0.1773
vn -0.0262 0.9850 0.1707
vn -0.0255 0.9796 0.1992
vn -0.1888 0.9656 0.1786
vn -0.2141 0.9597 0.1818
vn -0.2084 0.9533 0.2187
vn -0.1807 0.9589 0.2187
vn -0.2937 0.9317 0.2138
vn -0.4147 0.8837 0.2169
vn -0.5676 0.7944 0.2163
vn -0.8499 0.5090 0.1362
vn -0.9983 0.0527 0.0247
vn -0.7916 -0.6036 -0.0953
vn -0.8001 -0.5856 -0.1301
vn -0.8783 -0.4703 -0.0862
vn -0.9320 -0.3570 -0.0624
vn -0.9742 -0.2231 -0.0335
vn 0.9929 -0.0112 -0.1187
vn 0.9953 0.0227 -0.0945
vn 0.9758 -0.1580 -0.1510
vn 0.9723 -0.1583 -0.1717
vn -0.8731 -0.4792 -0.0897
vn -0.8211 -0.5568 -0.1253
vn -0.9212 -0.3842 -0.0618
vn -0.9637 -0.2642 -0.0388
vn -0.9985 -0.0539 0.0114
vn -0.9156 0.3839 0.1198
vn -0.6473 -0.7228 -0.2421
vn -0.6703 -0.7132 -0.2052
vn -0.4761 -0.8273 -0.2980
vn -0.5104 -0.7991 -0.3178
vn -0.6119 0.7570 0.2292
vn 0.8702 0.4923 -0.0191
vn 0.9145 0.4039 -0.0218
vn 0.8070 0.5899 0.0299
vn 0.6753 0.7358 0.0506
vn 0.9673 0.2463 -0.0605
vn 0.9494 0.3115 -0.0393
vn 0.9219 -0.3003 -0.2449
vn 0.9165 -0.3124 -0.2497
vn 0.7384 0.6726 0.0487
vn 0.7042 0.7078 0.0558
vn -0.2279 0.9691 0.0941
vn 0.4463 0.8949 0.0006
vn 0.2291 0.9726 0.0400
vn 0.4644 0.8809 -0.0914
vn 0.2578 0.9643 -0.0607
vn 0.4745 0.8637 -0.1696
vn 0.2917 0.9431 -0.1594
vn 0.5055 0.8323 -0.2274
vn 0.3313 0.9151 -0.2300
vn 0.5331 0.8047 -0.2612
vn 0.3523 0.8923 -0.2823
vn 0.5386 0.7934 -0.2836
vn 0.3539 0.8799 -0.3172
vn 0.5403 0.7823 -0.3101
vn 0.3432 0.8718 -0.3497
vn 0.5300 0.7805 -0.3315
vn 0.3298 0.8649 -0.3785
vn 0.5162 0.7816 -0.3502
vn 0.3052 0.8671 -0.3937
vn 0.5094 0.7797 -0.3641
vn 0.2916 0.8665 -0.4051
vn 0.0514 0.9960 0.0733
vn 0.0700 0.9970 -0.0331
vn 0.1025 0.9843 -0.1434
vn 0.1226 0.9648 -0.2325
vn 0.1379 0.9442 -0.2990
vn 0.1410 0.9287 -0.3429
vn 0.1361 0.9158 -0.3778
vn 0.1303 0.9041 -0.4069
vn 0.1015 0.9010 -0.4219
vn 0.0836 0.8968 -0.4345
vn -0.0228 0.9959 0.0871
vn -0.0107 0.9998 -0.0188
vn 0.0080 0.9905 -0.1376
vn 0.0150 0.9728 -0.2310
vn 0.0235 0.9527 -0.3030
vn 0.0332 0.9364 -0.3492
vn 0.0392 0.9214 -0.3867
vn 0.0166 0.9099 -0.4146
vn 0.0032 0.9021 -0.4316
vn -0.0063 0.8971 -0.4418
vn -0.2515 0.9676 -0.0238
vn -0.1843 0.9783 0.0948
vn -0.1974 0.9800 -0.0254
vn -0.2750 0.9504 -0.1454
vn -0.2107 0.9673 -0.1415
vn -0.2942 0.9250 -0.2406
vn -0.2093 0.9483 -0.2388
vn -0.2858 0.9053 -0.3143
vn -0.1983 0.9293 -0.3115
vn -0.2921 0.8851 -0.3623
vn -0.2062 0.9105 -0.3585
vn -0.3064 0.8673 -0.3925
vn -0.2145 0.8930 -0.3956
vn -0.2834 0.8608 -0.4227
vn -0.2120 0.8805 -0.4241
vn -0.2761 0.8562 -0.4367
vn -0.2077 0.8744 -0.4385
vn -0.2742 0.8559 -0.4384
vn -0.1988 0.8736 -0.4442
vn -0.3885 0.9206 -0.0394
vn -0.4371 0.8863 -0.1530
vn -0.4621 0.8519 -0.2465
vn -0.4708 0.8262 -0.3093
vn -0.4682 0.8083 -0.3570
vn -0.4787 0.7904 -0.3822
vn -0.4642 0.7882 -0.4041
vn -0.4425 0.7897 -0.4250
vn -0.4288 0.7952 -0.4288
vn 0.6140 0.7893 -0.0070
vn 0.5666 0.8238 -0.0168
vn 0.5792 0.8080 -0.1082
vn 0.5804 0.7962 -0.1708
vn 0.5992 0.7692 -0.2223
vn 0.6181 0.7458 -0.2486
vn 0.6137 0.7430 -0.2672
vn 0.6282 0.7232 -0.2870
vn 0.6929 0.6630 -0.2834
vn 0.6650 0.6872 -0.2923
vn 0.6309 0.7168 -0.2968
vn 0.7139 0.6386 -0.2872
vn 0.8834 0.4624 -0.0764
vn 0.8821 0.4673 -0.0596
vn 0.9195 0.3883 -0.0604
vn 0.8481 0.5234 -0.0828
vn 0.9046 0.4186 -0.0807
vn 0.8953 0.4297 -0.1173
vn 0.8250 0.5513 -0.1243
vn 0.8902 0.4326 -0.1426
vn 0.8177 0.5523 -0.1624
vn 0.8749 0.4578 -0.1580
vn 0.8000 0.5711 -0.1840
vn 0.8730 0.4574 -0.1691
vn 0.7950 0.5736 -0.1972
vn 0.8778 0.4448 -0.1779
vn 0.8067 0.5532 -0.2077
vn 0.8750 0.4490 -0.1813
vn 0.8160 0.5371 -0.2137
vn 0.7525 0.5962 -0.2799
vn 0.7937 0.5525 -0.2547
vn 0.8645 0.4571 -0.2089
vn 0.8492 0.4785 -0.2234
vn 0.7022 0.6470 -0.2972
vn 0.8456 0.4847 -0.2235
vn 0.8043 -0.5893 0.0757
vn 0.7017 -0.7059 0.0964
vn 0.7121 -0.6854 0.1524
vn 0.8151 -0.5665 0.1212
vn 0.9107 -0.4055 0.0787
vn 0.8930 -0.4478 0.0447
vn 0.9588 -0.2321 -0.1637
vn 0.9483 -0.2933 -0.1210
vn 0.9885 -0.1071 -0.1068
vn 0.9923 -0.0389 -0.1176
vn 0.9683 -0.2478 0.0329
vn 0.9608 -0.2773 0.0037
vn 0.9126 -0.3962 0.1012
vn 0.9734 -0.2245 0.0464
vn 0.3078 -0.9234 0.2294
vn 0.4659 -0.8558 0.2249
vn 0.4830 -0.8551 0.1884
vn 0.3446 -0.9161 0.2048
vn 0.5962 -0.7756 0.2074
vn 0.5962 -0.7832 0.1763
vn 0.7259 -0.6636 0.1809
vn 0.8289 -0.5401 0.1457
vn 0.5903 -0.7992 0.1131
vn 0.4733 -0.8721 0.1240
vn 0.2815 -0.9499 0.1361
vn 0.3146 -0.9310 -0.1853
vn 0.3273 -0.9449 0.0002
vn 0.4604 -0.8877 -0.0017
vn 0.4418 -0.8772 -0.1882
vn 0.5902 -0.8072 -0.0108
vn 0.5765 -0.7955 -0.1867
vn 0.6863 -0.7062 -0.1741
vn 0.6973 -0.7166 -0.0157
vn 0.8793 -0.4748 -0.0378
vn 0.8763 -0.4641 -0.1290
vn 0.7878 -0.5972 -0.1511
vn 0.7881 -0.6151 -0.0236
vn 0.9519 -0.3019 -0.0530
vn 0.9919 -0.1047 -0.0724
vn 0.9967 -0.0688 -0.0421
vn 0.3003 -0.8746 -0.3807
vn 0.4344 -0.8233 -0.3655
vn 0.5747 -0.7446 -0.3395
vn 0.6985 -0.6496 -0.3003
vn 0.8908 -0.4015 -0.2125
vn 0.8079 -0.5277 -0.2625
vn 0.9845 0.1466 -0.0966
vn 0.9820 0.1695 -0.0829
vn 0.9839 0.1489 -0.0984
vn 0.9797 0.1766 -0.0943
vn 0.9995 -0.0204 -0.0229
vn 0.9985 -0.0478 -0.0280
vn 0.3167 -0.9161 0.2458
vn 0.4702 -0.8513 0.2330
vn 0.5930 -0.7748 0.2190
vn 0.7246 -0.6620 0.1916
vn 0.8450 -0.5148 0.1450
vn 0.9232 -0.3718 0.0973
vn 0.9769 -0.2085 0.0457
vn 0.9997 -0.0030 -0.0256
vn 0.3056 -0.9193 0.2480
vn 0.4574 -0.8574 0.2359
vn 0.5805 -0.7836 0.2215
vn 0.7382 -0.6489 0.1844
vn 0.8539 -0.5009 0.1411
vn 0.9208 -0.3755 0.1055
vn 0.9792 -0.1976 0.0458
vn 0.9994 0.0167 -0.0309
vn 0.3338 -0.9121 0.2382
vn 0.4567 -0.8528 0.2535
vn 0.5851 -0.7806 0.2199
vn 0.7364 -0.6534 0.1752
vn 0.8413 -0.5212 0.1435
vn 0.9257 -0.3659 0.0956
vn 0.9838 -0.1763 0.0318
vn 0.9991 0.0248 -0.0347
vn 0.9710 0.2168 -0.1011
vn 0.9744 0.2027 -0.0970
vn 0.9682 0.2266 -0.1059
vn 0.9635 0.2451 -0.1076
vn 0.9667 0.2336 -0.1048
vn 0.9142 0.3768 -0.1494
vn 0.8470 0.4906 -0.2049
vn -0.5738 0.8164 -0.0651
vn -0.6333 0.7555 -0.1678
vn -0.6562 0.7139 -0.2443
vn -0.6694 0.6831 -0.2919
vn -0.6653 0.6692 -0.3309
vn -0.6535 0.6663 -0.3592
vn -0.6527 0.6594 -0.3730
vn -0.6499 0.6548 -0.3859
vn -0.6316 0.6677 -0.3940
vn -0.8001 0.5943 -0.0816
vn -0.8269 0.5359 -0.1705
vn -0.8322 0.5081 -0.2222
vn -0.8355 0.4851 -0.2582
vn -0.8288 0.4811 -0.2859
vn -0.8169 0.4874 -0.3083
vn -0.8157 0.4797 -0.3233
vn -0.8245 0.4628 -0.3256
vn -0.8212 0.4608 -0.3365
vn -0.9508 0.2937 -0.0985
vn -0.9490 0.2786 -0.1476
vn -0.9415 0.2822 -0.1843
vn -0.9350 0.2830 -0.2137
vn -0.9296 0.2856 -0.2328
vn -0.9220 0.2950 -0.2507
vn -0.9317 0.2643 -0.2492
vn -0.9325 0.2534 -0.2575
vn -0.9327 0.2473 -0.2626
vn -0.9947 0.0470 -0.0916
vn -0.9895 0.0802 -0.1207
vn -0.9865 0.0822 -0.1414
vn -0.9824 0.0906 -0.1634
vn -0.9804 0.0945 -0.1727
vn -0.9759 0.1077 -0.1897
vn -0.9817 0.0632 -0.1797
vn -0.9819 0.0537 -0.1815
vn -0.9750 0.0933 -0.2016
vn 0.1326 -0.9912 -0.0068
vn 0.1318 -0.9807 0.1442
vn 0.1285 -0.9756 -0.1780
vn 0.8389 -0.4746 -0.2665
vn 0.9162 -0.3417 -0.2095
vn 0.4425 -0.7883 -0.4275
vn 0.5875 -0.7084 -0.3911
vn 0.2976 -0.8368 -0.4595
vn 0.1174 -0.9205 -0.3726
vn 0.1359 -0.9675 0.2130
vn -0.4396 -0.8969 0.0488
vn -0.3230 -0.9457 0.0358
vn -0.4255 -0.9049 0.0105
vn -0.4601 -0.8869 -0.0415
vn -0.3693 -0.9160 -0.1565
vn -0.0587 -0.9877 0.1451
vn -0.1025 -0.9760 0.1919
vn -0.0958 -0.9953 0.0159
vn -0.1455 -0.9739 -0.1744
vn -0.1364 -0.9333 -0.3321
vn 0.2685 -0.7953 -0.5436
vn 0.2867 -0.7889 -0.5436
vn -0.3126 -0.8995 -0.3053
vn -0.4801 -0.8462 -0.2312
vn -0.3210 -0.9390 0.1235
vn -0.3457 -0.9241 0.1627
vn -0.3483 -0.9182 0.1888
vn -0.0879 -0.9712 0.2215
vn -0.4498 -0.8859 0.1136
vn -0.4829 -0.8651 0.1357
vn -0.4818 -0.8613 0.1613
vn 0.7265 -0.6028 -0.3300
vn 0.1213 -0.9664 0.2268
vn 0.1402 -0.9585 0.2483
vn 0.1203 -0.9616 0.2467
vn 0.1094 -0.9633 0.2451
vn -0.0908 -0.9689 0.2303
vn -0.0917 -0.9686 0.2311
vn -0.0900 -0.9684 0.2328
vn -0.3624 -0.9129 0.1879
vn -0.3524 -0.9152 0.1956
vn -0.3298 -0.9230 0.1985
vn -0.4948 -0.8546 0.1576
vn -0.4972 -0.8523 0.1624
vn -0.4745 -0.8592 0.1914
vn -0.4791 -0.8567 0.1912
vn -0.4945 -0.8516 0.1741
vn -0.6725 -0.7319 0.1100
vn -0.7026 -0.7080 0.0704
vn -0.7834 -0.6177 0.0693
vn -0.7449 -0.6599 0.0981
vn -0.8216 -0.5680 0.0478
vn -0.7522 -0.6533 0.0861
vn -0.9093 -0.4161 -0.0099
vn -0.8977 -0.4405 0.0119
vn -0.9587 -0.2784 -0.0588
vn -0.9626 -0.2649 -0.0574
vn -0.9884 -0.0875 -0.1244
vn -0.9868 -0.1088 -0.1201
vn -0.7565 -0.6489 0.0812
vn -0.8217 -0.5680 0.0473
vn -0.9114 -0.4112 -0.0134
vn -0.9668 -0.2476 -0.0626
vn -0.9904 -0.0783 -0.1137
vn -0.7585 -0.6474 0.0750
vn -0.8125 -0.5810 0.0485
vn -0.9118 -0.4105 -0.0104
vn -0.9691 -0.2381 -0.0640
vn -0.9899 -0.0879 -0.1115
vn -0.7496 -0.6586 0.0659
vn -0.8042 -0.5929 0.0429
vn -0.9082 -0.4184 -0.0092
vn -0.9664 -0.2507 -0.0574
vn -0.9902 -0.0974 -0.1000
vn -0.7419 -0.6684 0.0523
vn -0.7996 -0.5997 0.0315
vn -0.9042 -0.4270 -0.0107
vn -0.9617 -0.2695 -0.0498
vn -0.9904 -0.1083 -0.0855
vn -0.7302 -0.6830 0.0172
vn -0.7977 -0.6031 0.0067
vn -0.9012 -0.4332 -0.0157
vn -0.9561 -0.2904 -0.0400
vn -0.9879 -0.1386 -0.0692
vn -0.7467 -0.6650 0.0163
vn -0.7244 -0.6894 -0.0033
vn -0.7910 -0.6110 -0.0331
vn 0.1094 -0.8878 -0.4471
vn 0.9656 -0.1996 -0.1666
vn 0.9896 -0.0418 -0.1377
vn 0.9849 0.1367 -0.1059
vn 0.9890 0.0728 -0.1287
vn 0.9499 0.3058 -0.0653
vn 0.9107 0.4120 -0.0310
vn -0.1326 -0.9170 -0.3761
vn -0.2531 -0.8878 -0.3843
vn -0.3486 -0.8927 -0.2856
vn 0.4727 -0.8560 0.2096
vn 0.3092 -0.9172 0.2512
vn 0.3395 -0.9084 0.2439
vn 0.4920 -0.8420 0.2213
vn 0.3295 -0.9117 0.2455
vn 0.4530 -0.8484 0.2739
vn 0.6106 -0.7654 0.2033
vn 0.6152 -0.7689 0.1741
vn 0.6078 -0.7675 0.2038
vn 0.7352 -0.6607 0.1517
vn 0.7133 -0.6743 0.1909
vn 0.7343 -0.6576 0.1686
vn 0.9298 -0.3556 0.0945
vn 0.8395 -0.5266 0.1339
vn 0.8272 -0.5389 0.1593
vn 0.9271 -0.3601 0.1038
vn 0.8344 -0.5327 0.1413
vn 0.9230 -0.3735 0.0929
vn 0.9827 -0.1806 0.0401
vn 0.9842 -0.1736 0.0339
vn 0.9817 -0.1874 0.0327
vn 0.9993 0.0228 -0.0302
vn 0.9987 0.0390 -0.0332
vn 0.9995 0.0108 -0.0301
vn 0.9753 0.1985 -0.0969
vn 0.9616 0.2492 -0.1149
vn 0.9583 0.2569 -0.1253
vn 0.8973 0.3985 -0.1898
vn 0.9070 0.3845 -0.1720
vn 0.1431 -0.9570 0.2525
vn 0.1176 -0.9573 0.2642
vn 0.1170 -0.9643 0.2376
vn -0.1085 -0.9636 0.2445
vn -0.1167 -0.9620 0.2468
vn -0.0834 -0.9696 0.2298
vn -0.3207 -0.9240 0.2084
vn -0.3321 -0.9217 0.2004
vn -0.2990 -0.9348 0.1919
vn -0.5145 -0.8362 0.1899
vn -0.5591 -0.8142 0.1567
vn -0.4688 -0.8610 0.1975
vn -0.4770 -0.8658 0.1508
vn -0.7725 -0.6291 0.0859
vn -0.8890 -0.4577 0.0150
vn -0.9584 -0.2801 -0.0547
vn -0.9869 -0.1140 -0.1145
vn 0.3210 -0.9130 0.2518
vn 0.4839 -0.8404 0.2440
vn 0.5866 -0.7743 0.2372
vn 0.6991 -0.6821 0.2143
vn 0.8229 -0.5422 0.1697
vn 0.9218 -0.3690 0.1189
vn 0.9820 -0.1801 0.0572
vn 0.9997 -0.0033 -0.0237
vn 0.9742 0.1997 -0.1055
vn 0.9247 0.3413 -0.1684
vn 0.9773 0.1834 -0.1064
vn 0.9837 0.1509 -0.0980
vn 0.9284 0.3436 -0.1414
vn 0.9893 0.1234 -0.0781
vn 0.9895 0.1229 -0.0764
vn 0.1323 -0.9607 0.2440
vn -0.0950 -0.9694 0.2262
vn -0.3156 -0.9257 0.2087
vn -0.5322 -0.8310 0.1620
vn -0.7540 -0.6511 0.0870
vn -0.8885 -0.4586 0.0171
vn -0.9603 -0.2735 -0.0557
vn -0.9826 -0.1545 -0.1029
vn -0.9779 -0.1889 -0.0894
vn -0.9881 -0.0060 -0.1537
vn -0.9900 -0.0446 -0.1341
vn 0.3026 -0.9199 0.2495
vn 0.4321 -0.8663 0.2504
vn 0.5627 -0.7921 0.2365
vn 0.6905 -0.6922 0.2101
vn 0.7914 -0.5817 0.1879
vn 0.9052 -0.4042 0.1314
vn 0.9742 -0.2142 0.0706
vn 0.9963 0.0575 -0.0637
vn 0.9961 -0.0850 0.0231
vn 0.9975 -0.0713 0.0014
vn 0.9997 -0.0248 0.0069
vn 0.8906 0.4152 -0.1857
vn 0.8553 0.4683 -0.2216
vn 0.1001 -0.9646 0.2441
vn -0.0856 -0.9705 0.2254
vn -0.2514 -0.9454 0.2074
vn -0.4926 -0.8536 0.1693
vn -0.7451 -0.6602 0.0947
vn -0.8877 -0.4602 0.0129
vn -0.9596 -0.2747 -0.0601
vn 0.2852 -0.9236 0.2563
vn 0.4059 -0.8780 0.2537
vn 0.5277 -0.8138 0.2434
vn 0.6140 -0.7509 0.2434
vn 0.7299 -0.6463 0.2225
vn 0.8766 -0.4560 0.1536
vn 0.9599 -0.2699 0.0763
vn 0.9947 0.0855 -0.0570
vn 0.9929 0.0973 -0.0691
vn 0.9681 0.2253 -0.1097
vn 0.9996 0.0007 -0.0269
vn 0.9641 0.2285 -0.1351
vn 0.8700 0.4392 -0.2241
vn 0.9341 0.3057 -0.1846
vn 0.8561 0.4658 -0.2239
vn 0.9683 0.2216 -0.1150
vn 0.8678 0.4483 -0.2146
vn 0.1038 -0.9627 0.2497
vn -0.0630 -0.9701 0.2342
vn -0.1939 -0.9562 0.2191
vn -0.4411 -0.8796 0.1781
vn -0.7059 -0.7000 0.1083
vn -0.8797 -0.4751 0.0220
vn -0.9578 -0.2814 -0.0592
vn -0.9844 -0.1196 -0.1287
vn -0.9785 -0.1825 -0.0959
vn -0.9856 -0.1066 -0.1315
vn -0.9746 0.0508 -0.2182
vn -0.9862 -0.0222 -0.1638
vn -0.1863 0.8716 -0.4534
vn -0.2781 0.8537 -0.4403
vn -0.4030 0.8024 -0.4401
vn -0.5550 0.7251 -0.4077
vn -0.7185 0.5914 -0.3660
vn -0.8282 0.4483 -0.3362
vn -0.7710 0.5354 -0.3448
vn -0.8378 0.4370 -0.3274
vn -0.7827 0.5046 -0.3644
vn -0.8374 0.4307 -0.3365
vn -0.7711 0.5125 -0.3780
vn -0.8286 0.4487 -0.3348
vn -0.7139 0.5750 -0.3997
vn -0.8017 0.4934 -0.3375
vn -0.6121 0.6615 -0.4333
vn -0.7393 0.5502 -0.3883
vn -0.4833 0.7429 -0.4632
vn -0.4924 0.7455 -0.4492
vn -0.2946 0.8261 -0.4804
vn -0.3040 0.8326 -0.4630
vn -0.1912 0.8561 -0.4800
vn -0.2127 0.8563 -0.4707
vn 0.0030 0.8843 -0.4670
vn -0.0034 0.8848 -0.4660
vn 0.0905 0.8862 -0.4543
vn 0.1168 0.8811 -0.4582
vn 0.2831 0.8575 -0.4296
vn 0.3110 0.8457 -0.4337
vn 0.5258 0.7645 -0.3729
vn 0.5762 0.7285 -0.3706
vn 0.6167 0.7035 -0.3533
vn 0.7171 0.6206 -0.3172
vn 0.6802 0.6591 -0.3208
vn 0.7609 0.5849 -0.2807
vn 0.7031 0.6467 -0.2958
vn 0.7669 0.5828 -0.2688
vn 0.6780 0.6777 -0.2847
vn 0.7420 0.6109 -0.2761
vn 0.6074 0.7315 -0.3098
vn 0.7121 0.6385 -0.2919
vn 0.5024 0.7974 -0.3344
vn 0.3143 0.8661 -0.3886
vn 0.0905 0.8947 -0.4375
vn -0.0088 0.8930 -0.4499
vn -0.9305 0.2562 -0.2619
vn -0.9310 0.2425 -0.2727
vn -0.9712 0.1057 -0.2136
vn -0.9304 0.2534 -0.2650
vn -0.9626 0.1492 -0.2262
vn -0.9615 0.1501 -0.2302
vn 0.4249 -0.7219 -0.5462
vn 0.4307 -0.7272 -0.5345
vn 0.8521 -0.4167 -0.3167
vn 0.8501 -0.4322 -0.3009
vn 0.7393 -0.5588 -0.3758
vn 0.7575 -0.5373 -0.3708
vn 0.6313 -0.6470 -0.4276
vn 0.6075 -0.6481 -0.4593
vn 0.9870 0.1385 -0.0819
vn 0.8861 0.4625 -0.0307
vn -0.6490 -0.7464 -0.1472
vn -0.7494 -0.6400 -0.1695
vn -0.4287 -0.8889 -0.1617
vn -0.4630 -0.8580 -0.2225
vn -0.5703 -0.8119 -0.1251
vn -0.5640 -0.8007 -0.2020
vn -0.6644 -0.7402 -0.1028
vn -0.5116 -0.8217 -0.2511
vn 0.8365 0.5062 -0.2097
vn 0.8175 0.5355 -0.2121
vn 0.8251 0.5235 -0.2125
vn -0.9191 0.2493 -0.3051
vn -0.7108 0.5488 -0.4400
vn -0.8828 0.3122 -0.3511
vn 0.4155 0.6385 -0.6479
vn -0.6872 0.5171 -0.5103
vn -0.7670 0.6166 0.1776
vn 0.6526 0.7549 0.0655
vn -0.7786 0.6215 0.0871
vn 0.6499 0.7590 0.0404
vn -0.7871 0.6165 -0.0211
vn 0.6489 0.7609 -0.0049
vn -0.7877 0.6053 -0.1143
vn 0.6430 0.7621 -0.0764
vn -0.7830 0.5934 -0.1862
vn 0.6446 0.7508 -0.1443
vn -0.7794 0.5797 -0.2378
vn 0.6418 0.7420 -0.1937
vn -0.7769 0.5674 -0.2729
vn 0.6418 0.7332 -0.2246
vn -0.7759 0.5548 -0.3003
vn 0.6393 0.7263 -0.2526
vn -0.7751 0.5463 -0.3175
vn 0.6345 0.7207 -0.2794
vn -0.7714 0.5429 -0.3320
vn 0.6325 0.7191 -0.2878
vn -0.7728 0.5372 -0.3378
vn 0.6242 0.7300 -0.2783
vn -0.3911 0.4241 -0.8168
vn 0.3200 0.5629 -0.7621
vn -0.0828 0.5464 0.8334
vn -0.1495 0.9733 0.1743
vn -0.0596 0.9831 0.1730
vn 0.1828 0.5699 0.8011
vn -0.1442 0.9856 0.0887
vn -0.1332 0.9909 -0.0213
vn -0.1188 0.9829 -0.1407
vn -0.1084 0.9655 -0.2366
vn -0.1008 0.9456 -0.3093
vn -0.0917 0.9298 -0.3565
vn -0.0923 0.9150 -0.3928
vn -0.1065 0.9006 -0.4213
vn -0.1217 0.8911 -0.4372
vn -0.1298 0.8844 -0.4483
vn -0.0738 0.9970 -0.0239
vn -0.0630 0.9938 0.0912
vn -0.0854 0.9865 -0.1397
vn -0.0845 0.9678 -0.2370
vn -0.0785 0.9481 -0.3080
vn -0.0810 0.9307 -0.3568
vn -0.0878 0.9144 -0.3951
vn -0.0882 0.9016 -0.4234
vn -0.0844 0.8952 -0.4375
vn -0.0777 0.8950 -0.4393
vn -0.0889 0.8666 -0.4910
vn -0.1092 0.8564 -0.5046
vn -0.0828 0.5462 0.8335
vn 0.9321 0.3401 -0.1248
vn -0.0213 -0.7286 -0.6846
vn 0.1627 -0.7330 -0.6605
vn -0.7797 -0.5787 0.2391
vn -0.7196 -0.4956 0.4863
vn 0.6960 -0.3103 -0.6475
vn 0.7124 0.6201 0.3285
vn 0.5097 0.7879 0.3456
vn 0.8305 -0.2153 -0.5137
vn 0.9937 -0.0631 0.0928
vn 0.9983 -0.0490 0.0316
vn 0.0581 0.9277 -0.3688
vn 0.1074 0.9068 -0.4076
vn 0.2973 0.5810 -0.7576
vn 0.8560 0.1721 0.4874
vn 0.9042 0.0946 0.4165
vn 0.2679 0.6225 -0.7353
vn -0.1313 -0.6831 0.7185
vn -0.8742 -0.3774 -0.3055
vn 0.0541 -0.8355 0.5467
vn 0.1026 -0.9274 0.3598
vn 0.1023 -0.3716 -0.9227
vn 0.0964 -0.3849 -0.9179
vn -0.2530 -0.9043 0.3438
vn 0.5230 -0.1757 -0.8341
vn 0.8371 -0.1426 0.5281
vn 0.8354 0.1050 0.5396
vn 0.6351 -0.1818 -0.7508
vn 0.7143 -0.2151 -0.6659
vn 0.7254 0.5146 0.4571
vn 0.5033 -0.1557 -0.8500
vn 0.8091 -0.3675 0.4586
vn 0.2607 0.9653 0.0144
vn 0.9650 -0.2148 -0.1507
vn 0.9684 -0.1226 -0.2174
vn 0.2410 0.9637 0.1147
vn 0.2240 0.9690 -0.1043
vn 0.9720 -0.2103 -0.1046
vn 0.0883 0.9797 -0.1800
vn 0.9890 -0.1261 -0.0770
vn 0.0540 0.9706 -0.2345
vn 0.9947 -0.0924 -0.0446
vn 0.0478 0.9565 -0.2878
vn 0.9979 -0.0625 -0.0157
vn 0.0523 0.9395 -0.3387
vn 0.9981 -0.0595 0.0155
vn 0.9478 -0.0018 0.3190
vn 0.2098 0.7039 -0.6786
vn 0.1396 0.8362 -0.5304
vn 0.9799 -0.0338 0.1968
vn 0.4655 -0.1728 -0.8680
vn 0.6966 -0.5565 0.4529
vn 0.2919 -0.4126 -0.8629
vn 0.4136 -0.8006 0.4335
vn 0.5200 -0.7107 0.4739
vn 0.4164 -0.3075 -0.8556
vn 0.1873 -0.4451 -0.8757
vn 0.3073 -0.8515 0.4250
vn -0.9822 -0.1685 0.0828
vn 0.0974 -0.9827 -0.1575
vn 0.1403 -0.9898 -0.0242
vn -0.9835 -0.1774 -0.0351
vn 0.1382 -0.9810 0.1364
vn -0.9832 -0.1760 -0.0492
vn -0.9755 -0.2130 -0.0555
vn 0.1648 -0.9847 0.0557
vn 0.1186 -0.9698 0.2131
vn -0.9876 -0.1445 -0.0606
vn 0.1006 -0.9632 0.2492
vn -0.9889 -0.1254 -0.0799
vn 0.6274 -0.6561 0.4194
vn 0.4680 -0.2471 -0.8485
vn 0.1000 -0.9636 0.2480
vn -0.9895 -0.1223 -0.0766
vn 0.1084 -0.9594 0.2603
vn -0.9875 -0.1444 -0.0631
vn -0.9542 -0.2330 -0.1874
vn 0.1227 -0.9146 0.3853
vn 0.7034 -0.1821 -0.6871
vn 0.7445 0.3692 0.5562
vn 0.0578 -0.6468 -0.7605
vn -0.5593 -0.6779 0.4772
vn 0.2644 -0.7661 -0.5859
vn 0.2835 -0.4250 0.8596
vn 0.3956 -0.4041 0.8248
vn 0.3994 -0.7410 -0.5398
vn 0.4420 -0.6828 -0.5817
vn 0.4140 -0.3469 0.8416
vn 0.4884 -0.2875 0.8239
vn 0.5495 -0.5959 -0.5856
vn 0.6126 -0.1866 0.7680
vn 0.6419 -0.4404 -0.6277
vn 0.6221 -0.5043 -0.5989
vn 0.5300 -0.2199 0.8190
vn 0.3778 0.4302 -0.8199
vn 0.7988 0.1904 0.5707
vn -0.0629 -0.8275 -0.5580
vn -0.0406 -0.5350 0.8439
vn 0.0885 -0.5261 0.8458
vn 0.1015 -0.8212 -0.5616
vn -0.0886 -0.5343 0.8407
vn -0.3401 -0.7485 -0.5693
vn -0.7047 -0.4969 -0.5064
vn -0.1009 -0.5461 0.8316
vn 0.3592 0.8761 0.3216
vn 0.9142 -0.1298 -0.3840
vn 0.2837 0.9314 0.2280
vn 0.9467 -0.1124 -0.3017
vn 0.1986 -0.8385 -0.5075
vn -0.8872 -0.4102 0.2111
vn 0.6791 -0.0628 0.7313
vn 0.6131 -0.3126 -0.7256
vn 0.7458 0.0757 0.6619
vn 0.6349 -0.0963 -0.7666
vn 0.0421 -0.9403 -0.3377
vn -0.9513 -0.2411 0.1920
vn 0.1273 -0.9499 0.2854
vn -0.9800 -0.1828 -0.0790
vn 0.8886 0.4450 -0.1111
vn 0.9552 0.2544 -0.1514
vn 0.6635 0.7473 -0.0352
vn 0.7030 0.7101 -0.0389
vn 0.6700 0.7341 -0.1106
vn 0.6773 0.7164 -0.1674
vn 0.6911 0.6920 -0.2086
vn 0.7053 0.6718 -0.2264
vn 0.7113 0.6605 -0.2406
vn 0.7169 0.6491 -0.2542
vn 0.8227 0.5666 -0.0449
vn 0.7715 0.6332 -0.0619
vn 0.7524 0.6466 -0.1257
vn 0.7358 0.6553 -0.1711
vn 0.7213 0.6626 -0.2018
vn 0.7176 0.6600 -0.2224
vn 0.7261 0.6446 -0.2392
vn 0.7354 0.6298 -0.2500
vn 0.8489 0.5058 -0.1530
vn 0.8224 0.5335 -0.1975
vn 0.7513 0.6166 -0.2353
vn 0.7226 0.6421 -0.2561
vn 0.9787 0.2053 -0.0030
vn 0.9238 0.3821 0.0238
vn 0.9227 0.3786 -0.0720
vn 0.9034 0.4173 -0.0986
vn 0.8270 0.5620 -0.0141
vn 0.8351 0.5492 0.0314
vn 0.8697 0.4917 0.0430
vn 0.8073 0.5898 -0.0195
vn 0.8502 0.5243 -0.0478
vn 0.7900 0.6128 -0.0205
vn 0.7690 0.5667 -0.2959
vn 0.7872 0.5361 -0.3048
vn 0.7394 0.6224 -0.2565
vn 0.7498 0.6020 -0.2745
vn 0.8709 0.4175 -0.2593
vn 0.8996 0.3624 -0.2436
vn 0.0783 -0.7765 -0.6252
vn -0.2236 -0.8291 -0.5124
vn 0.9711 -0.0403 -0.2352
vn 0.9481 -0.1523 -0.2790
vn 0.8936 -0.2723 -0.3569
vn 0.8394 -0.5178 -0.1649
vn 0.9202 -0.3764 -0.1076
vn 0.4455 -0.8353 -0.3221
vn 0.5944 -0.7532 -0.2817
vn 0.3133 -0.8847 -0.3452
vn 0.2564 -0.7287 -0.6350
vn 0.7258 -0.6494 -0.2270
vn 0.1114 -0.9366 -0.3321
vn 0.9757 -0.2111 -0.0594
vn 0.9993 -0.0278 -0.0252
vn 0.9925 0.1212 -0.0148
vn -0.1582 -0.9441 -0.2893
vn -0.3033 -0.9126 -0.2743
vn -0.2898 -0.8727 -0.3930
vn 0.4213 -0.6656 -0.6160
vn 0.8214 -0.3849 -0.4209
vn 0.7101 -0.5133 -0.4819
vn 0.5907 -0.5933 -0.5468
vn 0.9769 0.0922 -0.1928
vn -0.3801 -0.9020 -0.2046
vn -0.4391 -0.8263 -0.3528
vn -0.4813 -0.8264 -0.2924
vn -0.5580 -0.8163 -0.1494
vn -0.5348 -0.8449 0.0105
vn -0.5660 -0.8242 -0.0190
vn -0.5632 -0.8210 0.0938
vn -0.5466 -0.8364 0.0409
vn -0.5794 -0.8062 0.1197
vn -0.5897 -0.7968 0.1319
vn -0.5957 -0.7922 0.1328
vn -0.6001 -0.7883 0.1359
vn -0.5555 -0.8252 0.1022
vn -0.5800 -0.8024 0.1406
vn -0.6146 -0.7791 0.1239
vn -0.5911 -0.7839 0.1902
vn -0.6684 -0.7355 0.1112
vn -0.6597 -0.7402 0.1299
vn -0.6698 -0.7350 0.1053
vn -0.6615 -0.7443 0.0913
vn -0.6489 -0.7578 0.0678
vn -0.6409 -0.7672 0.0279
vn -0.6346 -0.7723 -0.0279
vn -0.6386 -0.7696 0.0019
vn -0.5559 -0.8163 -0.1569
vn -0.4767 -0.8573 -0.1946
vn -0.5319 -0.8392 -0.1134
vn -0.5906 -0.7950 -0.1383
vn -0.6655 -0.7365 0.1214
vn -0.5974 -0.7891 0.1429
vn -0.4417 -0.8502 0.2864
vn -0.4061 -0.8623 0.3025
vn -0.5168 -0.8555 0.0334
vn 0.3230 -0.8766 0.3568
vn 0.4762 -0.8179 0.3229
vn 0.4640 -0.8753 0.1359
vn 0.3231 -0.9374 0.1297
vn 0.6068 -0.7377 0.2959
vn 0.7176 -0.6371 0.2814
vn 0.7309 -0.6807 0.0493
vn 0.5930 -0.7991 0.0992
vn 0.8246 -0.5027 0.2593
vn 0.9199 -0.3289 0.2134
vn 0.9190 -0.3931 -0.0301
vn 0.8348 -0.5503 0.0148
vn 0.9950 0.0519 0.0855
vn 0.9657 0.2597 -0.0034
vn 0.7643 0.1501 0.6271
vn -0.1058 -0.9270 0.3597
vn 0.1224 -0.9188 0.3754
vn 0.1178 -0.9863 0.1154
vn -0.0834 -0.9910 0.1045
vn -0.3146 -0.8944 0.3178
vn -0.3161 -0.9461 0.0700
vn 0.9768 -0.1485 0.1542
vn 0.9880 -0.0063 -0.1542
vn 0.9740 -0.2083 -0.0887
vn 0.5125 0.1877 -0.8379
vn 0.9545 0.2012 -0.2203
vn 0.1340 0.9909 0.0130
vn -0.3957 0.9183 -0.0118
vn -0.8175 0.4817 -0.3158
vn 0.5762 0.7525 -0.3188
vn -0.0993 0.8962 -0.4324
vn -0.0767 0.8766 -0.4751
vn -0.1235 0.8725 -0.4727
vn -0.1080 0.8974 -0.4277
vn 0.1787 0.0887 -0.9799
vn -0.2408 0.8131 -0.5300
vn 0.4034 0.1750 -0.8981
vn -0.3774 0.7734 -0.5093
vn 0.5739 0.2758 -0.7711
vn -0.4719 0.7333 -0.4895
vn 0.6656 0.3403 -0.6642
vn -0.6388 0.6217 -0.4532
vn 0.7455 0.4494 -0.4922
vn -0.6886 0.5942 -0.4155
vn 0.7681 0.5852 -0.2600
vn -0.6964 0.5941 -0.4026
vn 0.7230 0.6890 -0.0502
vn -0.6812 0.6303 -0.3724
vn 0.6221 0.7710 0.1364
vn -0.6310 0.6949 -0.3449
vn 0.4471 0.8406 0.3057
vn -0.5483 0.7572 -0.3551
vn 0.2132 0.8936 0.3951
vn -0.4469 0.8106 -0.3783
vn -0.0053 0.9167 0.3996
vn -0.2903 0.8732 -0.3914
vn -0.2189 0.8839 0.4132
vn 0.0772 0.9233 -0.3763
vn -0.4428 0.7965 0.4117
vn 0.2526 0.8993 -0.3569
vn -0.7152 0.6358 0.2904
vn 0.4719 0.8224 -0.3178
vn -0.8416 0.5144 0.1647
vn 0.5509 0.7711 -0.3191
vn -0.9141 0.4052 -0.0135
vn 0.5865 0.7399 -0.3295
vn -0.9302 0.2862 -0.2298
vn 0.6067 0.7139 -0.3496
vn -0.8782 0.1828 -0.4419
vn 0.5833 0.7180 -0.3798
vn -0.7730 0.0928 -0.6276
vn 0.5296 0.7423 -0.4105
vn -0.6382 0.0454 -0.7685
vn 0.4340 0.7840 -0.4438
vn -0.4078 0.0238 -0.9127
vn 0.2606 0.8332 -0.4878
vn -0.1434 0.0338 -0.9891
vn 0.0702 0.8470 -0.5270
vn 0.9952 -0.0774 0.0603
vn 0.9045 0.3734 -0.2061
vn 0.9876 0.1369 -0.0771
vn 0.9844 0.1744 -0.0213
vn -0.1042 0.9379 0.3309
vn -0.1616 0.9636 -0.2131
vn 0.9993 0.0365 -0.0033
vn 0.9633 0.2584 -0.0724
vn 0.1430 -0.4150 0.8985
vn 0.0763 -0.0456 0.9960
vn 0.9740 0.2262 -0.0105
vn 0.9997 0.0229 -0.0124
vn -0.1710 0.7974 -0.5787
vn -0.1544 0.5029 -0.8504
vn 0.9941 0.0384 -0.1010
vn -0.1049 0.0212 -0.9943
vn 0.9729 0.1203 -0.1976
vn -0.0404 -0.4427 -0.8958
vn 0.9710 0.1123 -0.2111
vn 0.0161 -0.7742 -0.6327
vn 0.9748 0.1177 -0.1897
vn 0.9546 0.2310 -0.1880
vn 0.0530 -0.9425 -0.3299
vn 0.1322 -0.9813 0.1401
vn 0.9373 0.3023 -0.1732
vn 0.1910 -0.7525 0.6303
vn 0.9494 0.2863 -0.1292
vn 0.0391 0.3425 0.9387
vn 0.9832 0.1779 0.0398
vn 0.9834 0.1802 0.0230
vn -0.0210 0.6810 0.7320
vn 0.2919 -0.3463 0.8915
vn 0.2930 -0.3448 0.8918
vn 0.2690 -0.3472 0.8984
vn 0.2679 -0.3501 0.8976
vn 0.3035 -0.3380 0.8908
vn 0.3025 -0.3403 0.8904
vn -0.0114 0.5431 0.8396
vn -0.0113 0.5430 0.8397
vn -0.0049 0.5421 0.8403
vn -0.0036 0.5417 0.8405
vn 0.0167 0.5377 0.8430
vn 0.0184 0.5376 0.8430
vn 0.0283 0.5366 0.8434
vn 0.0284 0.5368 0.8432
vn 0.0829 0.5414 0.8367
vn 0.1177 0.5516 0.8258
vn 0.1769 0.5720 0.8010
vn 0.1757 0.5715 0.8016
vn 0.2150 0.5929 0.7760
vn 0.2135 0.5918 0.7773
vn 0.2890 0.0129 0.9572
vn 0.2878 0.0309 0.9572
vn 0.2443 0.2078 0.9472
vn 0.2561 0.1738 0.9509
vn 0.2563 -0.1499 0.9549
vn 0.2475 -0.1269 0.9605
vn 0.3335 -0.3090 0.8907
vn 0.3375 -0.3148 0.8872
vn 0.1910 0.0613 0.9797
vn 0.1863 0.0848 0.9788
vn 0.1674 0.2481 0.9542
vn 0.1667 0.2706 0.9482
vn 0.1795 0.4420 0.8789
vn 0.1816 0.4556 0.8715
vn 0.2072 0.5679 0.7966
vn 0.2073 0.5681 0.7964
vn 0.3941 -0.3898 0.8323
vn 0.3937 -0.3895 0.8326
vn 0.3269 -0.3705 0.8694
vn 0.3397 -0.3709 0.8643
vn 0.2243 0.5979 0.7696
vn 0.2238 0.5973 0.7701
vn 0.1014 0.4463 0.8891
vn 0.0909 0.4573 0.8846
vn 0.0189 0.5227 0.8523
vn 0.0210 0.5212 0.8532
vn 0.1861 0.3344 0.9239
vn 0.1747 0.3527 0.9193
vn 0.2760 -0.1303 0.9523
vn 0.2781 -0.1202 0.9530
vn 0.2177 -0.3773 0.9001
vn 0.2156 -0.3726 0.9026
vn 0.1492 -0.3684 0.9176
vn 0.1513 -0.3657 0.9183
vn 0.2240 -0.2738 0.9354
vn 0.2253 -0.2712 0.9358
vn 0.1231 -0.4287 0.8950
vn 0.1231 -0.4219 0.8982
vn 0.1516 -0.3837 0.9109
vn 0.1542 -0.3782 0.9128
vn 0.3873 -0.3814 0.8393
vn 0.3869 -0.3811 0.8397
vn 0.9878 0.1377 -0.0731
vn 0.9863 0.1445 -0.0799
vn 0.9852 0.1476 -0.0870
vn 0.9861 0.1440 -0.0826
vn 0.9839 0.1585 -0.0825
vn 0.9852 0.1481 -0.0865
vn 0.9853 0.1467 -0.0873
vn 0.9852 0.1477 -0.0865
vn 0.9853 0.1474 -0.0864
vn 0.9853 0.1472 -0.0862
vn 0.9851 0.1476 -0.0878
vn 0.9854 0.1471 -0.0861
vn 0.9824 0.1668 -0.0846
vn 0.9861 0.1434 -0.0835
vn 0.9851 0.1482 -0.0866
vn 0.0722 -0.4282 -0.9008
vn 0.1180 -0.4096 -0.9046
vn 0.3082 -0.3819 -0.8713
vn 0.3280 -0.3758 -0.8667
vn 0.8754 0.3154 0.3662
vn 0.8606 0.3284 0.3891
vn 0.6531 0.4397 0.6165
vn 0.6750 0.4306 0.5992
vn 0.4015 0.4966 0.7695
vn 0.3935 0.5008 0.7710
vn 0.9756 0.1876 0.1137
vn 0.9698 0.2015 0.1375
vn 0.9881 0.0625 -0.1405
vn 0.9878 0.0569 -0.1450
vn 0.9201 -0.0722 -0.3849
vn 0.9003 -0.0988 -0.4239
vn 0.7485 -0.2211 -0.6251
vn 0.7311 -0.2324 -0.6414
vn 0.5124 -0.3276 -0.7938
vn 0.5392 -0.3178 -0.7799
vn -0.1130 -0.4390 -0.8914
vn -0.1480 -0.4550 -0.8781
vn -0.3637 -0.4475 -0.8170
vn -0.3533 -0.4417 -0.8247
vn -0.6132 -0.4090 -0.6758
vn -0.6384 -0.4007 -0.6572
vn -0.8435 -0.3126 -0.4368
vn -0.8535 -0.2993 -0.4267
vn -0.9832 -0.1502 -0.1037
vn -0.9803 -0.1508 -0.1278
vn -0.9741 0.0356 0.2234
vn -0.9813 0.0293 0.1904
vn -0.8708 0.1791 0.4579
vn -0.8563 0.1904 0.4801
vn -0.6905 0.3035 0.6566
vn -0.6631 0.3213 0.6761
vn -0.1073 0.4821 0.8695
vn -0.3843 0.4185 0.8229
vn -0.4259 0.4120 0.8055
vn -0.1186 0.4869 0.8654
vn 0.1444 0.5097 0.8481
vn 0.1463 0.5053 0.8505
vn 0.0938 -0.3600 -0.9282
vn -0.0387 0.8421 -0.5380
vn 0.0488 0.8474 -0.5288
vn 0.3083 -0.3210 -0.8955
vn 0.8541 0.3837 0.3512
vn 0.2083 0.8910 -0.4033
vn 0.1331 0.9087 -0.3956
vn 0.6510 0.4974 0.5734
vn 0.0561 0.9193 -0.3896
vn 0.3864 0.5603 0.7326
vn 0.9620 0.2540 0.1003
vn 0.2663 0.8705 -0.4139
vn 0.9790 0.1181 -0.1664
vn 0.3233 0.8441 -0.4278
vn 0.8953 -0.0380 -0.4438
vn 0.2663 0.8505 -0.4536
vn 0.7267 -0.1719 -0.6651
vn 0.2044 0.8511 -0.4836
vn 0.5160 -0.2645 -0.8148
vn 0.1250 0.8511 -0.5099
vn -0.1322 -0.3837 -0.9139
vn -0.1405 0.8318 -0.5370
vn -0.3655 -0.3836 -0.8481
vn -0.2338 0.8177 -0.5261
vn -0.6257 -0.3424 -0.7009
vn -0.3108 0.8041 -0.5068
vn -0.8501 -0.2453 -0.4660
vn -0.3748 0.7925 -0.4811
vn -0.9853 -0.0862 -0.1474
vn -0.3776 0.8003 -0.4657
vn -0.9783 0.0985 0.1822
vn -0.3760 0.8143 -0.4423
vn -0.6761 0.3797 0.6315
vn -0.3096 0.8613 -0.4029
vn -0.3716 0.8302 -0.4156
vn -0.8629 0.2528 0.4376
vn -0.1188 0.5495 0.8270
vn -0.1355 0.9120 -0.3872
vn -0.2301 0.8907 -0.3920
vn -0.4071 0.4855 0.7737
vn 0.1392 0.5729 0.8077
vn -0.0334 0.9214 -0.3873
vn -0.1530 0.8771 -0.4552
vn -0.1101 0.8793 -0.4633
vn -0.0275 0.8867 -0.4616
vn -0.0714 0.8878 -0.4547
vn 0.0517 0.8874 -0.4580
vn -0.0198 0.8942 -0.4472
vn 0.0317 0.8982 -0.4384
vn 0.1118 0.8853 -0.4515
vn 0.1738 0.8792 -0.4437
vn 0.1046 0.8954 -0.4327
vn -0.2483 0.8512 -0.4625
vn -0.2779 0.8461 -0.4548
vn -0.3353 0.8267 -0.4517
vn -0.2859 0.8370 -0.4666
vn -0.2270 0.8618 -0.4537
vn -0.1769 0.8675 -0.4649
vn -0.3326 0.8235 -0.4596
vn -0.2139 0.8411 -0.4968
vn 0.2628 0.8638 -0.4300
vn 0.1871 0.8825 -0.4315
vn 0.2103 0.8757 -0.4348
vn -0.1738 0.7949 -0.5814
vn -0.1967 0.8012 -0.5652
vn -0.0801 0.8074 -0.5846
vn -0.0703 0.8036 -0.5910
vn -0.3145 0.7928 -0.5221
vn -0.3282 0.7960 -0.5087
vn -0.3669 0.7645 -0.5300
vn -0.3652 0.7663 -0.5286
vn -0.3879 0.7259 -0.5680
vn -0.3956 0.7204 -0.5696
vn -0.4343 0.7323 -0.5245
vn -0.4632 0.7156 -0.5229
vn -0.5608 0.6990 -0.4436
vn -0.5809 0.6816 -0.4449
vn -0.6011 0.6949 -0.3947
vn -0.6047 0.6907 -0.3966
vn -0.5979 0.6782 -0.4272
vn -0.5886 0.6943 -0.4141
vn -0.4666 0.7807 -0.4156
vn -0.4479 0.8084 -0.3820
vn -0.3438 0.8832 -0.3191
vn -0.3320 0.8893 -0.3144
vn -0.2590 0.8929 -0.3684
vn -0.2390 0.8915 -0.3850
vn -0.0945 0.9082 -0.4078
vn -0.0942 0.9105 -0.4027
vn 0.0507 0.9390 -0.3402
vn 0.0196 0.9436 -0.3305
vn 0.1104 0.9560 -0.2720
vn 0.0956 0.9577 -0.2713
vn 0.1382 0.9590 -0.2476
vn 0.1480 0.9575 -0.2477
vn 0.1990 0.9444 -0.2618
vn 0.2075 0.9427 -0.2614
vn 0.1802 0.9205 -0.3468
vn 0.1697 0.9216 -0.3490
vn 0.0853 0.8770 -0.4729
vn 0.0751 0.8744 -0.4793
vn 0.0933 0.8070 -0.5832
vn 0.0957 0.8123 -0.5753
vn 0.1581 0.7647 -0.6247
vn 0.1632 0.7681 -0.6192
vn 0.1808 0.7650 -0.6181
vn 0.1804 0.7677 -0.6149
vn 0.1402 0.7824 -0.6067
vn 0.1209 0.7890 -0.6024
vn 0.0461 0.8015 -0.5962
vn 0.0254 0.8056 -0.5920
vn -0.0269 0.5137 -0.8576
vn 0.0767 -0.4920 -0.8672
vn 0.3212 -0.4256 -0.8460
vn -0.0149 0.5069 -0.8619
vn 0.1007 -0.9901 0.0977
vn 0.3326 -0.9370 0.1072
vn 0.5522 -0.2997 -0.7780
vn 0.0648 0.5003 -0.8634
vn 0.5371 -0.8361 0.1119
vn 0.7479 -0.1428 -0.6483
vn 0.2064 0.5124 -0.8336
vn 0.7001 -0.7046 0.1158
vn 0.8805 0.0134 -0.4738
vn 0.3291 0.5574 -0.7622
vn 0.8162 -0.5635 0.1276
vn 0.9346 0.1732 -0.3106
vn 0.3811 0.6723 -0.6347
vn 0.8857 -0.4348 0.1631
vn 0.9451 0.3114 -0.0993
vn 0.4173 0.8125 -0.4071
vn 0.9079 -0.3466 0.2358
vn 0.9069 0.4036 0.1206
vn 0.3472 0.9169 -0.1967
vn 0.8844 -0.3180 0.3416
vn 0.8113 0.4831 0.3291
vn 0.1766 0.9814 -0.0752
vn 0.8162 -0.3416 0.4661
vn 0.6465 0.5421 0.5368
vn 0.0203 0.9995 -0.0262
vn 0.6944 -0.3980 0.5995
vn 0.4081 0.5371 0.7382
vn -0.1022 0.9947 -0.0071
vn 0.4813 -0.4929 0.7248
vn 0.1387 0.5358 0.8329
vn -0.1468 0.9890 0.0184
vn 0.2692 -0.5267 0.8063
vn -0.0960 0.5086 0.8557
vn -0.1256 0.9915 0.0332
vn 0.0309 -0.5442 0.8384
vn -0.3351 0.4847 0.8080
vn -0.0964 0.9944 0.0442
vn -0.2343 -0.5469 0.8038
vn -0.5403 0.4976 0.6785
vn -0.0937 0.9951 0.0307
vn -0.4726 -0.5156 0.7147
vn -0.7317 0.4727 0.4911
vn -0.2123 0.9771 0.0108
vn -0.6592 -0.4647 0.5912
vn -0.8721 0.4027 0.2779
vn -0.3377 0.9397 -0.0544
vn -0.7881 -0.4232 0.4470
vn -0.9366 0.3464 0.0537
vn -0.4125 0.8880 -0.2034
vn -0.8661 -0.4027 0.2961
vn -0.9544 0.2420 -0.1747
vn -0.4414 0.7845 -0.4356
vn -0.8876 -0.4318 0.1603
vn -0.9178 0.0897 -0.3869
vn -0.3720 0.6598 -0.6529
vn -0.8439 -0.5304 0.0807
vn -0.8161 -0.0878 -0.5711
vn -0.2437 0.5678 -0.7863
vn -0.7426 -0.6680 0.0479
vn -0.6505 -0.2573 -0.7146
vn -0.1236 0.5327 -0.8372
vn -0.5874 -0.8079 0.0468
vn -0.4335 -0.3882 -0.8132
vn -0.0433 0.5263 -0.8492
vn -0.3848 -0.9210 0.0611
vn -0.1759 -0.4760 -0.8617
vn -0.0182 0.5176 -0.8555
vn -0.1458 -0.9860 0.0813
vn -0.2299 0.8393 -0.4927
vn -0.4344 0.8640 0.2548
vn -0.1342 0.9412 0.3101
vn -0.0882 0.8566 -0.5085
vn -0.3420 0.8121 -0.4728
vn -0.6637 0.7366 0.1303
vn -0.4203 0.7686 -0.4823
vn -0.7952 0.6062 -0.0134
vn -0.4634 0.7094 -0.5310
vn -0.8509 0.5033 -0.1507
vn -0.5194 0.6908 -0.5030
vn -0.8644 0.4348 -0.2525
vn -0.5908 0.6803 -0.4337
vn -0.8606 0.4003 -0.3148
vn -0.6356 0.6630 -0.3956
vn -0.8516 0.3808 -0.3604
vn -0.6085 0.6829 -0.4042
vn -0.8237 0.3613 -0.4369
vn -0.4996 0.7607 -0.4144
vn -0.7540 0.3388 -0.5628
vn -0.3799 0.8314 -0.4055
vn -0.6018 0.3309 -0.7268
vn -0.2537 0.8572 -0.4480
vn -0.3288 0.3437 -0.8796
vn -0.0971 0.8807 -0.4635
vn -0.0247 0.3690 -0.9291
vn 0.0564 0.9090 -0.4129
vn 0.2664 0.4098 -0.8724
vn 0.1604 0.9259 -0.3419
vn 0.5246 0.4552 -0.7195
vn 0.2202 0.9330 -0.2847
vn 0.6998 0.5122 -0.4978
vn 0.2578 0.9245 -0.2810
vn 0.7591 0.5383 -0.3662
vn 0.2318 0.9040 -0.3593
vn 0.7662 0.5533 -0.3270
vn 0.1795 0.8683 -0.4624
vn 0.7698 0.5822 -0.2615
vn 0.1812 0.8194 -0.5439
vn 0.7611 0.6210 -0.1875
vn 0.2265 0.7801 -0.5832
vn 0.7359 0.6685 -0.1077
vn 0.2387 0.7894 -0.5656
vn 0.6726 0.7399 -0.0060
vn 0.1646 0.8286 -0.5351
vn 0.4953 0.8564 0.1457
vn 0.0437 0.8546 -0.5175
vn 0.1909 0.9419 0.2762
vn -0.9776 -0.1895 -0.0917
vn -0.9774 -0.1878 -0.0968
vn -0.9786 -0.1843 -0.0913
vn -0.9786 -0.1851 -0.0895
vn -0.9638 0.1441 -0.2242
vn -0.9648 0.1426 -0.2207
vn -0.9858 -0.0051 -0.1680
vn -0.9618 -0.1544 -0.2261
vn 0.1506 0.0176 -0.9884
vn 0.1273 0.3588 -0.9247
vn -0.9675 -0.1458 -0.2065
vn -0.9646 -0.0790 -0.2518
vn 0.1470 -0.5889 -0.7947
vn 0.1564 -0.3626 -0.9187
vn -0.9648 -0.0897 -0.2473
vn -0.9987 -0.0456 -0.0238
vn -0.1523 0.4965 0.8546
vn -0.1562 0.1605 0.9746
vn -0.9991 -0.0021 -0.0417
vn -0.9933 0.0439 -0.1069
vn -0.1116 -0.5020 0.8577
vn -0.0578 -0.8155 0.5759
vn -0.9858 0.0492 -0.1607
vn -0.9618 -0.0084 -0.2735
vn 0.1201 -0.8174 -0.5634
vn -0.9748 -0.1141 -0.1916
vn 0.0953 0.6224 -0.7768
vn 0.0554 0.8274 -0.5589
vn -0.9819 -0.0855 -0.1690
vn -0.9966 -0.0776 -0.0284
vn -0.1149 0.8440 0.5239
vn 0.0074 0.9613 -0.2754
vn -0.9898 -0.0648 -0.1271
vn -0.0568 0.9906 0.1246
vn -0.9954 -0.0621 -0.0734
vn -0.9824 0.0333 -0.1840
vn -0.0233 -0.9315 0.3630
vn 0.0179 -0.9935 0.1128
vn -0.9766 0.0202 -0.2139
vn 0.0705 -0.9740 -0.2153
vn -0.9675 0.0215 -0.2520
vn -0.1469 -0.0951 0.9846
vn -0.9989 -0.0167 -0.0447
vn -0.9874 -0.0612 -0.1460
vn 0.1098 0.8955 0.4312
vn 0.1109 0.9053 0.4100
vn 0.1106 0.9038 0.4133
vn 0.1109 0.8999 0.4217
vn 0.0968 0.9021 0.4205
vn 0.0915 0.8985 0.4292
vn 0.1016 0.9235 0.3700
vn 0.1025 0.9178 0.3835
vn 0.1087 0.9147 0.3892
vn 0.1079 0.9147 0.3893
vn 0.1019 0.9239 0.3689
vn -0.0253 0.9573 0.2879
vn -0.0495 0.9560 0.2892
vn -0.0486 0.9558 0.2901
vn -0.0231 0.9578 0.2864
vn -0.0739 0.9528 0.2945
vn -0.0717 0.9509 0.3010
vn -0.0973 0.9477 0.3041
vn -0.0877 0.9453 0.3141
vn -0.1183 0.9408 0.3177
vn -0.1028 0.9385 0.3296
vn -0.1363 0.9324 0.3347
vn -0.1141 0.9314 0.3457
vn -0.1504 0.9228 0.3547
vn -0.1214 0.9235 0.3640
vn -0.1590 0.9118 0.3787
vn -0.1270 0.9144 0.3843
vn -0.1563 0.9077 0.3895
vn -0.1130 0.9064 0.4071
vn -0.1598 0.8984 0.4091
vn -0.1609 0.9047 0.3946
vn -0.1584 0.9022 0.4011
vn -0.1550 0.8959 0.4164
vn -0.1432 0.8932 0.4263
vn -0.1281 0.8909 0.4358
vn -0.1477 0.8885 0.4345
vn -0.1319 0.8883 0.4399
vn -0.1404 0.8656 0.4806
vn -0.1470 0.8731 0.4649
vn -0.1465 0.8715 0.4679
vn -0.1460 0.8784 0.4550
vn -0.1292 0.8700 0.4758
vn -0.1329 0.8611 0.4907
vn -0.1093 0.8715 0.4781
vn -0.1157 0.8542 0.5069
vn -0.0938 0.8650 0.4929
vn -0.0941 0.8477 0.5221
vn -0.0767 0.8613 0.5023
vn -0.0701 0.8440 0.5318
vn -0.0592 0.8577 0.5106
vn -0.0447 0.8423 0.5372
vn -0.0400 0.8556 0.5160
vn -0.0190 0.8426 0.5382
vn -0.0200 0.8553 0.5178
vn 0.0059 0.8449 0.5349
vn -0.0006 0.8560 0.5169
vn 0.0496 0.8540 0.5179
vn 0.0386 0.8621 0.5053
vn 0.0198 0.8580 0.5132
vn 0.0287 0.8488 0.5280
vn 0.0680 0.8606 0.5047
vn 0.0538 0.8668 0.4957
vn 0.0846 0.8674 0.4903
vn 0.0692 0.8733 0.4823
vn 0.0970 0.8769 0.4708
vn 0.0804 0.8825 0.4634
vn 0.1047 0.8861 0.4516
vn 0.0874 0.8894 0.4486
vn 0.0427 0.9462 0.3208
vn 0.0466 0.9420 0.3324
vn 0.0370 0.9469 0.3194
vn 0.0466 0.9449 0.3241
vn 0.0411 0.9488 0.3131
vn 0.0448 0.9425 0.3313
vn -0.0126 0.9595 0.2816
vn -0.0007 0.9596 0.2813
vn -0.0127 0.9666 0.2561
vn -0.0287 0.9589 0.2822
vn -0.0410 0.9578 0.2844
vn -0.0462 0.9537 0.2971
vn -0.0634 0.9520 0.2994
vn -0.0833 0.9454 0.3150
vn -0.0874 0.9368 0.3388
vn -0.0799 0.9435 0.3217
vn -0.0932 0.9310 0.3530
vn -0.1046 0.9284 0.3565
vn -0.0986 0.9168 0.3870
vn -0.1114 0.9233 0.3676
vn -0.1048 0.9150 0.3895
vn -0.0963 0.8894 0.4469
vn -0.1043 0.8929 0.4380
vn -0.0895 0.8880 0.4510
vn -0.1073 0.8931 0.4368
vn -0.0924 0.8783 0.4691
vn -0.0629 0.8696 0.4897
vn -0.0829 0.8822 0.4636
vn -0.0903 0.8804 0.4656
vn -0.0829 0.8803 0.4671
vn -0.0855 0.8878 0.4523
vn -0.0519 0.8693 0.4916
vn -0.0496 0.8721 0.4867
vn -0.0308 0.8687 0.4944
vn -0.0102 0.8672 0.4978
vn -0.0094 0.8682 0.4962
vn 0.0042 0.8692 0.4944
vn 0.0305 0.8720 0.4885
vn 0.0413 0.8752 0.4820
vn 0.0516 0.8810 0.4703
vn 0.0627 0.8880 0.4555
vn 0.0676 0.8906 0.4498
vn 0.9890 -0.0410 0.1419
vn 0.9994 0.0316 -0.0163
vn 0.9793 0.1033 -0.1739
vn 0.9295 0.1718 -0.3263
vn 0.8515 0.2351 -0.4687
vn 0.7476 0.2912 -0.5969
vn 0.6210 0.3385 -0.7070
vn 0.4755 0.3755 -0.7955
vn 0.3155 0.4011 -0.8600
vn 0.1460 0.4146 -0.8982
vn -0.0280 0.4154 -0.9092
vn -0.2036 0.4033 -0.8921
vn -0.3776 0.3777 -0.8454
vn -0.5413 0.3390 -0.7695
vn -0.6865 0.2888 -0.6673
vn -0.8084 0.2287 -0.5425
vn -0.9027 0.1608 -0.3991
vn -0.9663 0.0874 -0.2422
vn -0.9970 0.0111 -0.0770
vn -0.9937 -0.0656 0.0908
vn -0.9566 -0.1401 0.2555
vn -0.8869 -0.2098 0.4115
vn -0.7870 -0.2723 0.5535
vn -0.6604 -0.3256 0.6767
vn -0.5112 -0.3678 0.7768
vn -0.3446 -0.3975 0.8504
vn -0.1663 -0.4136 0.8951
vn 0.0177 -0.4157 0.9093
vn 0.1986 -0.4038 0.8930
vn 0.5239 -0.3439 0.7793
vn 0.3681 -0.3795 0.8488
vn 0.6638 -0.2979 0.6860
vn 0.7835 -0.2428 0.5720
vn 0.8795 -0.1803 0.4405
vn 0.9487 -0.1123 0.2957
vn -0.2059 0.8850 0.4177
vn -0.6435 0.6894 0.3325
vn -0.6257 0.7493 0.2170
vn -0.2032 0.9001 0.3853
vn -0.2071 0.8799 0.4277
vn -0.6337 0.6615 0.4011
vn -0.2159 0.8871 0.4080
vn -0.6045 0.6713 0.4289
vn -0.2090 0.8807 0.4250
vn -0.5431 0.6663 0.5110
vn -0.1877 0.8669 0.4618
vn -0.4739 0.6467 0.5976
vn -0.1686 0.8588 0.4837
vn -0.4081 0.6327 0.6581
vn -0.1410 0.8508 0.5062
vn -0.3253 0.6195 0.7144
vn -0.1041 0.8474 0.5207
vn -0.2459 0.6088 0.7542
vn -0.0828 0.8505 0.5194
vn -0.1587 0.6024 0.7822
vn -0.0341 0.8384 0.5440
vn -0.0611 0.5992 0.7982
vn -0.0026 0.8387 0.5445
vn 0.0277 0.6005 0.7991
vn 0.0327 0.8416 0.5391
vn 0.1138 0.6062 0.7871
vn 0.0758 0.8472 0.5259
vn 0.2235 0.6213 0.7510
vn 0.1105 0.8557 0.5056
vn 0.3141 0.6354 0.7055
vn 0.1226 0.8605 0.4945
vn 0.3675 0.6495 0.6657
vn 0.1529 0.8719 0.4652
vn 0.4323 0.6703 0.6032
vn 0.1721 0.8857 0.4312
vn 0.4957 0.6973 0.5177
vn 0.1818 0.9009 0.3941
vn 0.5478 0.7255 0.4166
vn 0.1762 0.9183 0.3546
vn 0.5842 0.7516 0.3062
vn 0.1685 0.9284 0.3312
vn 0.6084 0.7641 0.2146
vn 0.1668 0.9174 0.3614
vn 0.6211 0.7687 0.1528
vn 0.1651 0.9252 0.3418
vn 0.5979 0.7971 0.0852
vn 0.1454 0.9367 0.3187
vn 0.5299 0.8480 -0.0089
vn 0.1274 0.9498 0.2857
vn 0.4493 0.8883 -0.0952
vn 0.1067 0.9583 0.2650
vn 0.3710 0.9154 -0.1564
vn 0.0691 0.9674 0.2437
vn 0.2581 0.9423 -0.2134
vn 0.0362 0.9719 0.2325
vn 0.1503 0.9563 -0.2507
vn 0.0047 0.9737 0.2279
vn 0.0413 0.9631 -0.2659
vn -0.0370 0.9729 0.2284
vn -0.0851 0.9609 -0.2636
vn -0.0722 0.9691 0.2360
vn -0.1992 0.9502 -0.2398
vn -0.0982 0.9643 0.2459
vn -0.2947 0.9339 -0.2023
vn -0.1285 0.9562 0.2630
vn -0.3885 0.9102 -0.1433
vn -0.1573 0.9457 0.2846
vn -0.4771 0.8763 -0.0668
vn -0.1787 0.9337 0.3102
vn -0.5449 0.8383 0.0209
vn -0.1950 0.9190 0.3425
vn -0.5938 0.7967 0.1123
vn -0.6121 0.6996 0.3686
vn -0.5978 0.7560 0.2668
vn -0.5734 0.7842 0.2372
vn -0.5974 0.7256 0.3417
vn -0.6013 0.6842 0.4126
vn -0.6007 0.6911 0.4019
vn -0.5459 0.7169 0.4337
vn -0.5379 0.7199 0.4387
vn -0.4746 0.7202 0.5060
vn -0.5004 0.7222 0.4775
vn -0.4002 0.7154 0.5728
vn -0.4158 0.7157 0.5612
vn -0.3368 0.7112 0.6171
vn -0.3583 0.7100 0.6062
vn -0.2631 0.7067 0.6567
vn -0.2870 0.7047 0.6489
vn -0.1973 0.7023 0.6840
vn -0.2167 0.6993 0.6812
vn -0.1292 0.6999 0.7024
vn -0.1491 0.6958 0.7025
vn -0.0536 0.6971 0.7149
vn -0.0687 0.6958 0.7149
vn 0.0109 0.6975 0.7165
vn 0.0204 0.6981 0.7157
vn 0.2981 0.7281 0.6173
vn 0.2509 0.7196 0.6475
vn 0.2497 0.7189 0.6487
vn 0.2938 0.7264 0.6213
vn 0.3609 0.7419 0.5651
vn 0.3529 0.7395 0.5733
vn 0.4254 0.7593 0.4924
vn 0.4150 0.7558 0.5065
vn 0.4844 0.7763 0.4034
vn 0.4746 0.7722 0.4225
vn 0.5353 0.7916 0.2946
vn 0.5261 0.7873 0.3216
vn 0.5635 0.7951 0.2244
vn 0.5582 0.7961 0.2336
vn 0.5976 0.7845 0.1655
vn 0.6127 0.7704 0.1762
vn 0.5652 0.8185 0.1033
vn 0.5882 0.7997 0.1206
vn 0.4934 0.8696 0.0180
vn 0.5261 0.8497 0.0369
vn 0.4162 0.9076 -0.0559
vn 0.4442 0.8946 -0.0487
vn 0.3430 0.9327 -0.1119
vn 0.3717 0.9220 -0.1080
vn 0.2360 0.9577 -0.1648
vn 0.2623 0.9511 -0.1633
vn 0.1371 0.9704 -0.1986
vn 0.1522 0.9677 -0.2008
vn 0.0378 0.9763 -0.2132
vn 0.0465 0.9755 -0.2151
vn -0.0810 0.9743 -0.2101
vn -0.0834 0.9738 -0.2118
vn -0.1977 0.9621 -0.1877
vn -0.1857 0.9649 -0.1855
vn -0.2901 0.9453 -0.1489
vn -0.2707 0.9511 -0.1489
vn -0.3825 0.9198 -0.0875
vn -0.3551 0.9302 -0.0925
vn -0.4652 0.8851 -0.0108
vn -0.4345 0.9004 -0.0212
vn -0.5285 0.8454 0.0768
vn -0.4958 0.8664 0.0585
vn -0.5680 0.8067 0.1629
vn -0.5410 0.8288 0.1432
vn 0.1779 0.7122 0.6791
vn 0.1749 0.7107 0.6814
vn 0.0770 0.7004 0.7096
vn 0.0841 0.7015 0.7077
vn -0.1127 0.9017 0.4175
vn -0.1054 0.9060 0.4100
vn -0.1053 0.9062 0.4095
vn -0.0817 0.9065 0.4142
vn -0.0840 0.9113 0.4030
vn -0.1060 0.8995 0.4240
vn 0.7930 0.5890 0.1557
vn 0.7905 0.4977 0.3570
vn -0.1053 0.9092 0.4029
vn 0.0506 0.8631 -0.5025
vn -0.0281 0.8677 0.4964
vn -0.0008 0.8680 0.4966
vn -0.1624 0.8535 -0.4951
vn 0.2679 0.8489 -0.4556
vn -0.0517 0.8699 0.4905
vn 0.4637 0.8108 -0.3573
vn -0.0726 0.8747 0.4793
vn 0.6235 0.7516 -0.2151
vn -0.0891 0.8816 0.4635
vn 0.7360 0.6758 -0.0398
vn -0.1005 0.8900 0.4447
vn -0.0494 0.9389 0.3405
vn 0.2533 0.2142 0.9434
vn 0.0362 0.1899 0.9811
vn -0.0264 0.9416 0.3357
vn -0.1851 0.1904 0.9641
vn -0.0025 0.9416 0.3366
vn -0.3944 0.2156 0.8933
vn 0.0205 0.9390 0.3434
vn -0.5760 0.2639 0.7737
vn 0.0410 0.9337 0.3557
vn -0.7096 0.3289 0.6231
vn 0.0600 0.9252 0.3746
vn -0.7873 0.3955 0.4730
vn 0.0698 0.9197 0.3863
vn -0.0699 0.9340 0.3505
vn 0.4501 0.2613 0.8539
vn -0.0867 0.9270 0.3649
vn 0.6126 0.3276 0.7193
vn -0.0988 0.9185 0.3828
vn 0.7288 0.4084 0.5496
vn -0.8278 0.4655 0.3131
vn 0.0714 0.9130 0.4016
vn -0.8254 0.5513 0.1217
vn 0.0708 0.9012 0.4275
vn 0.0159 0.8689 0.4948
vn -0.3345 0.8281 -0.4499
vn 0.0302 0.8734 0.4860
vn -0.4897 0.7877 -0.3738
vn 0.0504 0.8818 0.4690
vn -0.6452 0.7235 -0.2452
vn 0.0639 0.8909 0.4496
vn -0.7634 0.6418 -0.0735
vn 0.9146 0.2907 0.2811
vn 0.9145 0.2905 0.2815
vn 0.9172 0.3953 0.0503
vn 0.9171 0.3957 0.0495
vn 0.0634 0.7075 -0.7039
vn 0.0650 0.7074 -0.7038
vn -0.1810 0.6953 -0.6956
vn -0.1826 0.6951 -0.6953
vn 0.5372 0.6490 -0.5388
vn 0.5386 0.6486 -0.5379
vn 0.3140 0.6918 -0.6503
vn 0.3124 0.6920 -0.6508
vn 0.7212 0.5816 -0.3762
vn 0.7222 0.5812 -0.3750
vn 0.8510 0.4951 -0.1751
vn 0.8515 0.4946 -0.1740
vn 0.2965 -0.0352 0.9544
vn 0.0471 -0.0630 0.9969
vn 0.0487 -0.0629 0.9968
vn 0.2977 -0.0350 0.9540
vn -0.2067 -0.0624 0.9764
vn -0.2050 -0.0625 0.9768
vn -0.4462 -0.0335 0.8943
vn -0.4447 -0.0338 0.8950
vn -0.6536 0.0218 0.7565
vn -0.6524 0.0213 0.7575
vn -0.8070 0.0951 0.5829
vn -0.8065 0.0948 0.5835
vn -0.8955 0.1692 0.4116
vn -0.8953 0.1689 0.4122
vn 0.5230 0.0188 0.8521
vn 0.5238 0.0191 0.8516
vn 0.7100 0.0951 0.6977
vn 0.7103 0.0953 0.6974
vn 0.8438 0.1881 0.5026
vn 0.7101 0.0952 0.6977
vn 0.7104 0.0953 0.6973
vn -0.9405 0.2504 0.2295
vn -0.9404 0.2499 0.2308
vn -0.9368 0.3498 0.0104
vn -0.9368 0.3496 0.0108
vn -0.3760 0.6650 -0.6453
vn -0.3767 0.6648 -0.6451
vn -0.5520 0.6201 -0.5575
vn -0.3761 0.6650 -0.6453
vn -0.5514 0.6202 -0.5579
vn -0.7308 0.5466 -0.4088
vn -0.7311 0.5465 -0.4085
vn -0.8658 0.4531 -0.2124
vn -0.8658 0.4531 -0.2123
vn -0.8658 0.4530 -0.2123
vn -0.5094 0.7540 0.4147
vn -0.3423 0.8361 0.4287
vn -0.3408 0.8732 0.3484
vn -0.5072 0.8107 0.2926
vn -0.1915 0.5845 0.7885
vn -0.0575 0.5724 0.8180
vn -0.0455 0.7171 0.6955
vn -0.1339 0.7250 0.6756
vn -0.3112 0.6113 0.7277
vn -0.2126 0.7425 0.6351
vn -0.4082 0.6506 0.6404
vn -0.2763 0.7683 0.5774
vn -0.4757 0.6994 0.5335
vn -0.3204 0.8003 0.5068
vn -0.0473 0.9945 -0.0931
vn -0.1809 0.9812 -0.0669
vn -0.1266 0.9856 0.1121
vn -0.0395 0.9947 0.0953
vn 0.0887 0.9917 -0.0926
vn 0.0500 0.9937 0.1002
vn 0.2175 0.9749 -0.0467
vn 0.1355 0.9826 0.1269
vn 0.3312 0.9432 0.0283
vn 0.2106 0.9620 0.1739
vn 0.4097 0.9043 0.1198
vn 0.2694 0.9331 0.2381
vn 0.2769 0.9112 0.3050
vn 0.3017 0.9071 0.2935
vn -0.3005 0.9537 -0.0106
vn -0.2051 0.9673 0.1492
vn -0.3990 0.9141 0.0723
vn -0.2697 0.9412 0.2037
vn -0.4695 0.8653 0.1758
vn -0.3159 0.9091 0.2717
vn 0.0765 0.5773 0.8129
vn 0.0447 0.7196 0.6930
vn 0.3163 0.8795 0.3557
vn 0.3172 0.8791 0.3558
vn 0.3164 0.8408 0.4392
vn 0.4672 0.7715 0.4319
vn 0.1797 0.5923 0.7854
vn 0.1132 0.7273 0.6770
vn 0.2709 0.6194 0.7368
vn 0.1748 0.7433 0.6457
vn 0.3608 0.6682 0.6506
vn 0.2419 0.7696 0.5909
vn 0.3960 0.7389 0.5452
vn 0.2910 0.8031 0.5199
vn -0.6894 0.6178 0.3782
vn -0.6867 0.6957 0.2106
vn -0.0683 0.3652 0.9284
vn -0.2518 0.3846 0.8881
vn -0.4161 0.4216 0.8057
vn -0.5495 0.4755 0.6870
vn -0.6427 0.5426 0.5409
vn -0.0592 0.9582 -0.2800
vn -0.2387 0.9274 -0.2880
vn 0.1109 0.9602 -0.2564
vn 0.2785 0.9398 -0.1980
vn 0.4203 0.9015 -0.1028
vn 0.5270 0.8498 0.0090
vn 0.2663 0.9142 0.3056
vn -0.4038 0.8915 -0.2053
vn -0.5381 0.8378 -0.0920
vn -0.6350 0.7709 0.0501
vn 0.1147 0.3592 0.9262
vn 0.3223 0.8780 0.3540
vn 0.5910 0.6920 0.4145
vn 0.2307 0.4469 0.8643
vn 0.3419 0.4875 0.8034
vn 0.4483 0.5622 0.6950
vn 0.4724 0.6733 0.5687
vn -0.7240 0.5837 0.3675
vn -0.7213 0.6657 0.1913
vn -0.2654 0.3399 0.9022
vn -0.0810 0.3076 0.9481
vn -0.4353 0.3769 0.8176
vn -0.5765 0.4341 0.6922
vn -0.6748 0.5046 0.5386
vn -0.0597 0.9519 -0.3004
vn -0.2606 0.9019 -0.3445
vn -0.4324 0.8655 -0.2528
vn -0.5638 0.8158 -0.1290
vn -0.6667 0.7450 0.0219
vn 0.1166 0.2897 0.9500
vn -0.7154 0.6702 0.1978
vn -0.7176 0.5899 0.3703
vn -0.2683 0.3492 0.8978
vn -0.4407 0.3879 0.8095
vn -0.5753 0.4439 0.6870
vn -0.6696 0.5127 0.5373
vn -0.5674 0.8159 -0.1115
vn -0.6636 0.7473 0.0334
vn 0.0717 0.8974 0.4353
vn 0.1104 0.9094 0.4010
vn 0.0804 0.9224 0.3777
vn 0.0639 0.9197 0.3874
vn 0.0740 0.9103 0.4072
vn 0.0587 0.9223 0.3820
vn 0.0692 0.9144 0.3989
vn 0.0705 0.9429 0.3255
vn 0.0762 0.9406 0.3308
vn 0.0705 0.9432 0.3246
vn 0.0650 0.9445 0.3220
vn 0.0611 0.9462 0.3179
vn 0.0561 0.9250 0.3757
vn 0.0543 0.9357 0.3485
vn 0.0540 0.9337 0.3538
vn 0.0543 0.9239 0.3787
vn 0.0545 0.9239 0.3787
vn 0.0544 0.9233 0.3801
vn 0.0575 0.9239 0.3784
vn 0.0217 0.9588 0.2834
vn 0.0187 0.9592 0.2820
vn 0.0305 0.9520 0.3047
vn 0.0311 0.9515 0.3060
vn 0.0393 0.9516 0.3049
vn 0.0768 0.9038 0.4211
vn 0.0751 0.9023 0.4245
vn 0.0730 0.8907 0.4486
vn 0.0701 0.8953 0.4399
vn 0.0727 0.8973 0.4354
vn 0.0916 0.9323 0.3499
vn 0.0945 0.9288 0.3584
vn 0.0748 0.9256 0.3711
vn 0.0865 0.9351 0.3436
vn 0.0857 0.9362 0.3409
vn 0.0542 0.9483 0.3127
vn 0.0423 0.9513 0.3054
vn 0.0428 0.9512 0.3057
vn 0.0529 0.9483 0.3128
vn 0.0545 0.9239 0.3786
vn 0.0328 0.9531 0.3008
vn 0.0331 0.9533 0.3002
vn 0.0208 0.9547 0.2967
vn 0.0300 0.9535 0.2998
vn 0.0161 0.9549 0.2964
vn 0.0324 0.9534 0.3000
vn 0.0043 0.9564 0.2922
vn 0.0097 0.9564 0.2920
vn -0.0019 0.9569 0.2904
vn 0.0098 0.9563 0.2921
vn -0.0124 0.9573 0.2887
vn -0.0121 0.9569 0.2903
vn -0.0111 0.9573 0.2888
vn 0.0212 0.9547 0.2970
vn 0.0205 0.9555 0.2943
vn -0.0552 0.9757 0.2121
vn -0.4746 0.7164 -0.5114
vn -0.1468 0.7684 -0.6229
vn 0.0195 0.9815 0.1906
vn -0.1623 0.8788 0.4488
vn -0.8778 0.3245 0.3524
vn -0.8791 0.4763 0.0182
vn -0.1625 0.9184 0.3609
vn -0.1203 0.8408 0.5278
vn -0.7301 0.1845 0.6580
vn 0.0159 0.7905 0.6123
vn -0.1378 0.0333 0.9899
vn -0.4679 0.0829 0.8799
vn -0.0494 0.8100 0.5844
vn 0.3050 0.8880 0.3441
vn 0.8802 0.4741 0.0208
vn 0.8846 0.3386 0.3206
vn 0.2964 0.8633 0.4086
vn 0.0141 0.8308 0.5564
vn -0.1398 0.0740 0.9874
vn -0.4778 0.1357 0.8679
vn -0.0747 0.8496 0.5221
vn 0.1080 0.8287 0.5491
vn 0.2195 0.0697 0.9731
vn 0.2654 0.9377 0.2240
vn 0.7470 0.6000 -0.2863
vn 0.8805 0.4740 -0.0081
vn 0.3032 0.9094 0.2848
vn 0.0004 0.9903 0.1389
vn -0.1489 0.7703 -0.6200
vn 0.1936 0.7613 -0.6189
vn 0.0996 0.9860 0.1335
vn -0.2176 0.9674 0.1293
vn -0.7676 0.5151 -0.3815
vn -0.5034 0.6172 -0.6047
vn -0.1326 0.9892 0.0617
vn -0.1671 0.8240 0.5414
vn -0.5364 -0.0165 0.8438
vn -0.8011 0.0889 0.5919
vn -0.2435 0.8555 0.4570
vn 0.1881 0.8274 0.5291
vn 0.5502 0.0081 0.8350
vn 0.2031 -0.0604 0.9773
vn 0.0775 0.8096 0.5818
vn 0.1715 0.9839 0.0501
vn 0.5013 0.6302 -0.5929
vn 0.7574 0.5378 -0.3703
vn 0.2366 0.9645 0.1172
vn -0.1715 0.6732 -0.7193
vn -0.0277 0.9992 0.0279
vn -0.1190 0.9533 0.2775
vn -0.7339 0.6156 -0.2873
vn 0.2728 0.9191 0.2844
vn 0.7564 0.6013 -0.2574
vn 0.2069 0.9501 0.2333
vn 0.5230 0.7038 -0.4808
vn 0.1206 0.9737 0.1934
vn 0.2066 0.7638 -0.6115
vn -0.1200 0.9681 0.2200
vn -0.7064 0.6434 -0.2950
vn -0.4612 0.7279 -0.5073
vn -0.0701 0.9833 0.1677
vn -0.1640 0.9418 0.2936
vn -0.8535 0.5212 -0.0004
vn -0.1666 0.9081 0.3841
vn -0.8645 0.3791 0.3301
vn -0.1318 0.8736 0.4684
vn -0.7329 0.2428 0.6356
vn 0.2671 0.8542 0.4461
vn 0.7767 0.2178 0.5911
vn 0.5425 0.1213 0.8312
vn 0.2019 0.8367 0.5091
vn 0.3006 0.8821 0.3627
vn 0.8918 0.3410 0.2972
vn 0.1927 0.9673 0.1647
vn 0.5073 0.7012 -0.5010
vn 0.7649 0.2085 0.6095
vn 0.2617 0.8324 0.4885
vn 0.5297 0.1030 0.8419
vn 0.1967 0.8066 0.5574
vn 0.1097 0.7931 0.5991
vn 0.2121 0.0409 0.9764
vn -0.2723 0.9347 0.2286
vn -0.9222 0.3791 -0.0766
vn -0.2828 0.8952 0.3444
vn -0.9363 0.2289 0.2663
vn -0.0531 0.8089 0.5856
vn -0.1824 -0.0693 0.9808
vn 0.2573 0.8612 0.4384
vn 0.8035 0.1232 0.5824
vn 0.2917 0.8984 0.3284
vn 0.9278 0.2655 0.2622
vn 0.2803 0.9347 0.2186
vn 0.9086 0.4113 -0.0729
vn 0.0727 0.9971 0.0232
vn 0.1781 0.6770 -0.7142
vn -0.5137 0.5928 -0.6202
vn -0.5301 0.5883 -0.6107
vn -0.1841 0.6512 -0.7362
vn -0.1639 0.6530 -0.7394
vn -0.9405 0.1691 0.2946
vn -0.9412 0.1704 0.2917
vn -0.9432 0.3280 -0.0536
vn -0.9419 0.3306 -0.0593
vn -0.7846 0.0227 0.6196
vn -0.7919 0.0270 0.6100
vn -0.1541 -0.1321 0.9792
vn -0.1730 -0.1310 0.9762
vn -0.5213 -0.0787 0.8497
vn -0.5063 -0.0824 0.8584
vn 0.9345 0.3527 -0.0472
vn 0.9341 0.3535 -0.0489
vn 0.9373 0.2020 0.2839
vn 0.9391 0.2061 0.2750
vn -0.1599 -0.1025 0.9818
vn -0.1707 -0.1017 0.9801
vn -0.5212 -0.0424 0.8524
vn -0.5202 -0.0427 0.8530
vn 0.2233 -0.0986 0.9698
vn 0.2049 -0.1003 0.9736
vn 0.7863 0.5018 -0.3605
vn 0.7874 0.5011 -0.3590
vn 0.9312 0.3608 -0.0517
vn 0.9283 0.3663 -0.0638
vn -0.1663 0.6696 -0.7238
vn -0.1804 0.6686 -0.7215
vn 0.1880 0.6674 -0.7206
vn 0.1986 0.6665 -0.7186
vn -0.7978 0.4066 -0.4451
vn -0.8159 0.3956 -0.4216
vn -0.5461 0.5109 -0.6639
vn -0.5241 0.5171 -0.6767
vn -0.5533 -0.1579 0.8179
vn -0.5454 -0.1599 0.8228
vn -0.8178 -0.0533 0.5731
vn -0.8280 -0.0471 0.5588
vn 0.5697 -0.1296 0.8116
vn 0.5504 -0.1356 0.8238
vn 0.1966 -0.2045 0.9589
vn 0.2104 -0.2030 0.9563
vn 0.5229 0.5347 -0.6639
vn 0.5319 0.5324 -0.6585
vn 0.8024 0.4288 -0.4151
vn 0.7894 0.4361 -0.4320
vn -0.1957 0.5769 -0.7930
vn -0.1789 0.5785 -0.7958
vn -0.7890 0.4807 -0.3827
vn -0.7977 0.4753 -0.3711
vn 0.8010 0.4879 -0.3470
vn 0.7937 0.4924 -0.3572
vn 0.5503 0.5940 -0.5868
vn 0.5338 0.5986 -0.5973
vn 0.2123 0.6531 -0.7269
vn 0.1907 0.6549 -0.7313
vn -0.7668 0.5162 -0.3815
vn -0.7812 0.5079 -0.3630
vn -0.5187 0.6123 -0.5967
vn -0.5021 0.6166 -0.6064
vn -0.9239 0.3762 -0.0698
vn -0.9287 0.3674 -0.0501
vn -0.9348 0.2182 0.2802
vn -0.9321 0.2122 0.2935
vn -0.7930 0.0703 0.6052
vn -0.7890 0.0678 0.6106
vn 0.8174 0.0796 0.5706
vn 0.8039 0.0706 0.5906
vn 0.5475 -0.0393 0.8359
vn 0.5676 -0.0334 0.8227
vn 0.9403 0.2190 0.2605
vn 0.9367 0.2102 0.2801
vn 0.5318 0.6072 -0.5903
vn 0.5273 0.6085 -0.5930
vn 0.8011 0.0582 0.5957
vn 0.8103 0.0643 0.5825
vn 0.5427 -0.0562 0.8380
vn 0.5587 -0.0513 0.8278
vn 0.2195 -0.1208 0.9681
vn 0.2004 -0.1229 0.9720
vn -0.9566 0.2608 -0.1297
vn -0.9634 0.2480 -0.1016
vn -0.9694 0.1010 0.2238
vn -0.9645 0.0902 0.2480
vn -0.1875 -0.2132 0.9589
vn -0.1889 -0.2131 0.9586
vn 0.8334 -0.0068 0.5526
vn 0.8178 -0.0174 0.5753
vn 0.9640 0.1449 0.2229
vn 0.9587 0.1317 0.2520
vn 0.9458 0.3005 -0.1233
vn 0.9527 0.2884 -0.0959
vn 0.1857 0.5840 -0.7902
vn 0.1822 0.5842 -0.7909
vn -0.2043 0.8733 0.4423
vn -0.1446 0.8806 0.4512
vn -0.1321 0.8901 0.4362
vn -0.1787 0.8917 0.4159
vn -0.2097 0.8693 0.4476
vn -0.1375 0.8868 0.4411
vn -0.2248 0.8809 0.4165
vn -0.1493 0.8995 0.4106
vn -0.1919 0.8784 0.4378
vn -0.1492 0.8997 0.4102
vn -0.1619 0.8749 0.4564
vn -0.1190 0.8957 0.4285
vn -0.1409 0.8739 0.4653
vn -0.1083 0.8946 0.4336
vn -0.1109 0.8734 0.4743
vn -0.0886 0.8937 0.4398
vn -0.0881 0.8732 0.4793
vn -0.0704 0.8935 0.4435
vn -0.0737 0.8737 0.4809
vn -0.0644 0.8930 0.4455
vn -0.0427 0.8758 0.4807
vn -0.0416 0.8951 0.4439
vn -0.0159 0.8775 0.4793
vn -0.0196 0.8960 0.4436
vn 0.0563 0.8870 0.4584
vn 0.0255 0.9021 0.4307
vn 0.0290 0.9025 0.4297
vn 0.0565 0.8866 0.4591
vn 0.0777 0.8921 0.4451
vn 0.0423 0.9065 0.4200
vn 0.1008 0.8982 0.4279
vn 0.0576 0.9104 0.4097
vn 0.1194 0.9045 0.4094
vn 0.0695 0.9158 0.3957
vn 0.1508 0.9168 0.3698
vn 0.0966 0.9283 0.3591
vn 0.1719 0.9239 0.3419
vn 0.0995 0.9270 0.3616
vn 0.1685 0.9081 0.3833
vn 0.0993 0.9097 0.4031
vn 0.1416 0.9183 0.3697
vn 0.0915 0.9112 0.4017
vn 0.1098 0.9286 0.3545
vn 0.0700 0.9194 0.3871
vn 0.1088 0.9292 0.3532
vn 0.0732 0.9188 0.3878
vn 0.0726 0.9352 0.3466
vn 0.0528 0.9210 0.3860
vn 0.0276 0.9403 0.3392
vn 0.0130 0.9262 0.3769
vn 0.0135 0.9412 0.3376
vn 0.0026 0.9264 0.3765
vn -0.0005 0.9411 0.3383
vn -0.0023 0.9267 0.3759
vn -0.0373 0.9389 0.3422
vn -0.0323 0.9244 0.3801
vn -0.0629 0.9363 0.3455
vn -0.0519 0.9229 0.3815
vn -0.0661 0.9358 0.3464
vn -0.0478 0.9232 0.3812
vn -0.0844 0.9316 0.3536
vn -0.0623 0.9201 0.3867
vn -0.1088 0.9252 0.3636
vn -0.0768 0.9164 0.3928
vn -0.1228 0.9200 0.3721
vn -0.0869 0.9127 0.3993
vn -0.1508 0.9078 0.3914
vn -0.1066 0.9035 0.4152
vn 0.0155 0.9005 0.4345
vn 0.0308 0.8837 0.4671
vn -0.0130 0.8968 0.4423
vn -0.0026 0.8790 0.4769
vn -0.0237 0.9112 0.4114
vn 0.0857 0.9363 0.3406
vn 0.1074 0.9092 0.4023
vn 0.0620 0.9020 0.4273
vn 0.0612 0.9015 0.4285
vn 0.0627 0.9024 0.4263
vn 0.0605 0.9182 0.3915
vn 0.0670 0.9049 0.4203
vn 0.1309 0.9106 0.3921
vn 0.0930 0.9113 0.4010
vn 0.0771 0.9018 0.4252
vn 0.0779 0.9022 0.4241
vn 0.0749 0.9015 0.4263
vn 0.0718 0.9007 0.4284
vn 0.0720 0.9005 0.4289
vn 0.0748 0.9125 0.4021
vn 0.0794 0.9135 0.3991
vn 0.0747 0.9125 0.4021
vn 0.0702 0.9116 0.4051
vn 0.0855 0.9093 0.4073
vn 0.1103 0.9002 0.4214
vn 0.0746 0.9378 0.3390
vn 0.1291 0.9332 0.3353
vn 0.0758 0.9346 0.3474
vn 0.0763 0.9347 0.3471
vn 0.0760 0.9347 0.3473
vn 0.0540 0.9215 0.3846
vn 0.0659 0.9391 0.3373
vn 0.0400 0.9460 0.3217
vn 0.0840 0.9362 0.3413
vn 0.0696 0.9427 0.3264
vn 0.0557 0.9361 0.3472
vn 0.0551 0.9360 0.3476
vn 0.0554 0.9361 0.3474
vn 0.0577 0.9365 0.3459
vn 0.0741 0.9344 0.3485
vn 0.0610 0.9421 0.3297
vn 0.0613 0.9416 0.3310
vn 0.0610 0.9422 0.3293
vn 0.0609 0.9423 0.3291
vn 0.0165 0.9519 0.3059
vn 0.0097 0.9561 0.2928
vn 0.0158 0.9520 0.3056
vn 0.0094 0.9547 0.2976
vn 0.0091 0.9551 0.2962
vn 0.0093 0.9548 0.2971
vn 0.0265 0.9606 0.2766
vn 0.0032 0.9565 0.2917
vn 0.0272 0.9670 0.2534
vn 0.0213 0.9568 0.2899
vn 0.0216 0.9567 0.2904
vn 0.0211 0.9569 0.2896
vn 0.0202 0.9573 0.2884
vn 0.0202 0.9573 0.2883
vn 0.0104 0.9531 0.3024
vn 0.0293 0.9536 0.2996
vn 0.0268 0.9538 0.2992
vn 0.0297 0.9536 0.2997
vn 0.0301 0.9535 0.2998
vn 0.0205 0.8630 0.5048
vn 0.0013 0.9126 0.4088
vn -0.5447 0.4429 -0.7121
vn -0.6244 0.4173 -0.6603
vn -0.4616 0.4648 -0.7556
vn -0.1269 0.9791 0.1592
vn -0.3735 0.5458 -0.7500
vn -0.4578 0.5279 -0.7153
vn -0.1392 0.9708 0.1956
vn -0.0952 0.9790 0.1800
vn -0.2885 0.5601 -0.7766
vn -0.0793 0.9689 0.2342
vn -0.1074 0.9720 0.2092
vn -0.0959 0.9654 0.2427
vn -0.0603 0.9707 0.2326
vn -0.0670 0.9778 0.1984
vn -0.0423 0.9740 0.2226
vn -0.1954 0.5716 -0.7969
vn -0.0768 0.9863 0.1459
vn -0.0461 0.9849 0.1669
vn -0.0846 0.5803 -0.8100
vn -0.1961 0.5090 -0.8381
vn -0.1960 0.5090 -0.8381
vn -0.0839 0.5178 -0.8514
vn -0.3763 0.4829 -0.7907
vn -0.2902 0.4973 -0.8176
vn 0.7472 0.3934 -0.5356
vn 0.6518 0.4314 -0.6237
vn 0.8273 0.3509 -0.4386
vn 0.8274 0.3509 -0.4386
vn 0.2250 0.9265 0.3015
vn 0.8789 0.3704 -0.3004
vn 0.8160 0.4154 -0.4020
vn 0.1946 0.9412 0.2763
vn 0.2334 0.9188 0.3184
vn 0.9256 0.3238 -0.1961
vn 0.1819 0.9232 0.3386
vn 0.1766 0.9278 0.3287
vn 0.1705 0.9181 0.3577
vn 0.1753 0.9113 0.3725
vn 0.1773 0.9045 0.3880
vn 0.1957 0.8959 0.3988
vn 0.1948 0.8910 0.4100
vn 0.9737 0.2274 0.0172
vn 0.2496 0.8868 0.3890
vn 0.2489 0.8785 0.4078
vn 0.9758 0.1760 0.1295
vn 0.9869 0.1607 -0.0144
vn 0.9869 0.1607 -0.0143
vn 0.9891 0.1087 0.0993
vn 0.9891 0.1087 0.0992
vn 0.8911 0.3054 -0.3357
vn 0.2301 0.9052 0.3574
vn 0.9568 0.2764 -0.0908
vn 0.9382 0.2583 -0.2302
vn 0.9698 0.2102 -0.1236
vn 0.4281 -0.2560 0.8667
vn 0.5401 -0.2275 0.8103
vn 0.5407 -0.2272 0.8099
vn 0.3128 -0.2778 0.9083
vn 0.0351 0.7575 0.6519
vn 0.1919 -0.2212 0.9561
vn 0.3075 -0.2060 0.9290
vn 0.0576 0.7768 0.6271
vn 0.0042 0.7680 0.6404
vn 0.0733 -0.2306 0.9703
vn -0.0000 0.8028 0.5963
vn 0.0243 0.7913 0.6110
vn 0.0182 0.8119 0.5835
vn -0.0163 0.8052 0.5928
vn -0.0330 0.8040 0.5938
vn -0.0487 0.8068 0.5889
vn -0.0666 0.7972 0.6001
vn -0.0853 0.8115 0.5781
vn -0.0868 0.7930 0.6030
vn -0.1082 0.8069 0.5808
vn -0.3046 -0.2198 0.9268
vn -0.1030 0.7593 0.6425
vn -0.1320 0.7738 0.6195
vn -0.4288 -0.2017 0.8806
vn -0.3066 -0.2918 0.9060
vn -0.4323 -0.2734 0.8593
vn 0.1959 -0.2932 0.9358
vn -0.0351 0.7690 0.6383
vn -0.0501 -0.2339 0.9710
vn 0.0759 -0.3027 0.9501
vn -0.0751 0.7626 0.6425
vn -0.1772 -0.2304 0.9568
vn -0.0491 -0.3060 0.9508
vn -0.1776 -0.3026 0.9364
vn -0.6776 -0.2659 0.6857
vn -0.5508 -0.2491 0.7966
vn -0.6523 -0.2290 0.7225
vn -0.7288 -0.2290 0.6453
vn -0.7152 -0.1238 0.6878
vn -0.6348 -0.1694 0.7539
vn -0.7012 -0.0234 0.7126
vn -0.1696 0.8052 0.5682
vn -0.6844 0.0341 0.7283
vn -0.6294 -0.0961 0.7711
vn -0.1950 0.7943 0.5753
vn -0.1424 0.8248 0.5473
vn -0.1627 0.8226 0.5449
vn -0.1264 0.8420 0.5244
vn -0.1480 0.8197 0.5534
vn -0.1350 0.8161 0.5619
vn -0.1203 0.8126 0.5702
vn 0.0394 0.8102 0.5848
vn 0.0556 0.8127 0.5800
vn 0.0714 0.8154 0.5745
vn 0.0851 0.8240 0.5601
vn 0.1065 0.8077 0.5799
vn 0.1113 0.8233 0.5566
vn 0.6374 -0.1213 0.7609
vn 0.1478 0.7948 0.5886
vn 0.1353 0.7774 0.6143
vn 0.5327 -0.1560 0.8318
vn 0.7324 -0.0801 0.6761
vn 0.1721 0.8115 0.5584
vn 0.8257 -0.1035 0.5545
vn 0.7428 -0.1503 0.6524
vn 0.7428 -0.1504 0.6524
vn 0.8930 -0.0527 0.4470
vn 0.1207 0.8312 0.5427
vn 0.1301 0.8379 0.5302
vn 0.8144 -0.0337 0.5793
vn 0.2031 0.8222 0.5317
vn 0.9429 0.0006 0.3330
vn 0.1436 0.8424 0.5194
vn 0.1576 0.8462 0.5091
vn 0.8809 0.0165 0.4731
vn 0.2341 0.8260 0.5128
vn 0.9748 0.0550 0.2160
vn 0.1569 0.8597 0.4861
vn 0.1866 0.8470 0.4978
vn 0.9302 0.0692 0.3605
vn 0.2283 0.8464 0.4811
vn 0.1757 0.8642 0.4715
vn 0.1769 0.8725 0.4554
vn 0.1775 0.8802 0.4402
vn 0.1793 0.8875 0.4245
vn 0.1564 0.9333 0.3232
vn 0.1479 0.9394 0.3092
vn 0.7368 0.4574 -0.4980
vn 0.1745 0.9544 0.2424
vn 0.5432 0.4637 -0.7000
vn 0.1407 0.9451 0.2949
vn 0.1325 0.9509 0.2798
vn 0.6425 0.4949 -0.5850
vn 0.1651 0.9644 0.2067
vn 0.4243 0.4892 -0.7620
vn 0.1090 0.9554 0.2745
vn 0.1303 0.9600 0.2479
vn 0.5351 0.5268 -0.6604
vn 0.1243 0.9697 0.2101
vn 0.2984 0.5074 -0.8084
vn 0.0939 0.9616 0.2578
vn 0.0801 0.9657 0.2471
vn 0.0671 0.9695 0.2358
vn 0.0509 0.9710 0.2334
vn 0.0362 0.9742 0.2228
vn 0.0109 0.9730 0.2307
vn 0.0209 0.9796 0.1996
vn -0.0082 0.9753 0.2209
vn 0.0388 0.5837 -0.8110
vn -0.0060 0.9862 0.1653
vn 0.0301 0.9887 0.1470
vn 0.1658 0.5805 -0.7972
vn -0.0252 0.9749 0.2214
vn -0.1137 0.9625 0.2463
vn -0.1278 0.9578 0.2573
vn -0.1482 0.9622 0.2283
vn -0.1455 0.9535 0.2641
vn -0.6187 0.4810 -0.6212
vn -0.1803 0.9590 0.2189
vn -0.1764 0.9673 0.1824
vn -0.5400 0.5063 -0.6724
vn -0.6925 0.4547 -0.5601
vn -0.2200 0.9511 0.2169
vn -0.6986 0.3899 -0.5999
vn -0.6983 0.3884 -0.6012
vn -0.7670 0.3697 -0.5245
vn -0.7665 0.3660 -0.5278
vn -0.7806 0.3000 -0.5484
vn -0.7834 0.2911 -0.5492
vn -0.1564 0.9484 0.2758
vn -0.1827 0.9487 0.2581
vn -0.7578 0.4126 -0.5055
vn -0.2077 0.9453 0.2513
vn -0.1583 0.9420 0.2958
vn -0.1195 0.9389 0.3229
vn -0.0972 0.9478 0.3038
vn -0.7819 0.3691 -0.5024
vn -0.1486 0.9534 0.2624
vn 0.0409 0.5213 -0.8524
vn 0.1695 0.5180 -0.8384
vn 0.1694 0.5180 -0.8384
vn 0.0536 0.9839 0.1703
vn 0.2932 0.5700 -0.7675
vn 0.0911 0.9784 0.1855
vn 0.4176 0.5520 -0.7217
vn 0.2324 0.8653 0.4442
vn 0.9617 0.1229 0.2448
vn 0.6467 -0.1919 0.7382
vn 0.6464 -0.1921 0.7384
vn 0.0953 0.7831 0.6145
vn 0.4215 -0.1843 0.8879
vn -0.5510 -0.2478 0.7969
vn -0.1652 0.7844 0.5979
vn -0.5444 -0.1709 0.8212
vn -0.3291 -0.2685 -0.9053
vn -0.4007 -0.1261 -0.9075
vn -0.4810 -0.4401 -0.7583
vn -0.4594 -0.5029 -0.7322
vn -0.4098 -0.5349 -0.7389
vn -0.2559 -0.3550 -0.8992
vn -0.5362 -0.6742 -0.5080
vn -0.3000 -0.2250 -0.9270
vn 0.0409 0.2431 -0.9691
vn -0.1667 0.4153 -0.8943
vn -0.4042 -0.1232 -0.9063
vn -0.4438 0.4813 -0.7559
vn -0.5451 -0.1550 -0.8239
vn -0.1608 0.9153 -0.3693
vn -0.3460 0.8957 -0.2792
vn -0.7554 0.3369 -0.5620
vn -0.1487 0.9848 0.0900
vn -0.6677 -0.3304 -0.6671
vn -0.5697 -0.4546 -0.6847
vn -0.5250 -0.4686 -0.7105
vn -0.5768 -0.1310 -0.8063
vn -0.7679 0.3112 -0.5598
vn -0.7652 0.3185 -0.5595
vn -0.1235 0.9405 -0.3165
vn 0.1408 0.9894 0.0369
vn -0.0877 0.9912 0.0993
vn -0.3387 0.8790 -0.3355
vn 0.1942 0.8558 -0.4795
vn -0.2430 -0.3271 -0.9132
vn 0.1186 0.1253 -0.9850
vn 0.4849 0.7911 0.3728
vn 0.4490 0.7227 0.5255
vn 0.3956 0.8061 0.4401
vn 0.5418 0.6963 0.4708
vn 0.5325 0.7418 0.4076
vn 0.5570 0.7182 0.4169
vn 0.6097 0.7904 -0.0590
vn 0.5322 0.8425 -0.0834
vn 0.5438 0.6977 -0.4664
vn 0.4553 0.7487 -0.4818
vn 0.3601 0.9275 -0.1009
vn 0.2246 0.8732 -0.4325
vn 0.4291 0.7288 -0.5336
vn 0.5164 0.6487 -0.5590
vn 0.1986 0.8832 0.4249
vn -0.7522 0.3165 -0.5779
vn -0.7014 -0.6723 0.2368
vn -0.7496 -0.5326 0.3930
vn -0.7476 -0.5671 0.3457
vn -0.7659 -0.5778 0.2819
vn -0.7379 -0.6739 0.0369
vn -0.7684 -0.6172 0.1691
vn -0.7086 -0.7050 -0.0308
vn -0.7376 -0.6586 0.1489
vn -0.7473 -0.6506 0.1353
vn -0.7060 -0.7026 -0.0889
vn -0.7502 -0.6492 0.1256
vn -0.7147 -0.6940 -0.0874
vn -0.5930 -0.7692 -0.2380
vn -0.5619 -0.7702 -0.3018
vn -0.5477 -0.7228 -0.4213
vn -0.5848 -0.7268 -0.3602
vn -0.5721 -0.8142 -0.0989
vn -0.6224 -0.7792 -0.0745
vn -0.6235 -0.7799 -0.0551
vn -0.1135 -0.8803 -0.4607
vn -0.5299 -0.8420 -0.1007
vn -0.5441 -0.8240 -0.1580
vn -0.7088 -0.7011 -0.0780
vn -0.7478 -0.6522 0.1241
vn -0.6899 -0.7009 -0.1814
vn -0.6776 -0.7078 -0.1998
vn -0.7030 -0.6977 -0.1378
vn -0.7194 -0.6907 -0.0738
vn -0.6833 -0.7042 -0.1930
vn -0.6641 -0.7033 -0.2538
vn -0.6465 -0.7201 -0.2522
vn -0.6431 -0.7107 -0.2852
vn -0.5969 -0.7134 -0.3670
vn -0.6182 -0.7080 -0.3414
vn -0.5860 -0.7030 -0.4030
vn -0.6086 -0.7026 -0.3688
vn -0.6372 -0.7039 -0.3139
vn -0.5790 -0.6993 -0.4192
vn -0.5587 -0.6951 -0.4524
vn -0.6097 -0.7189 -0.3337
vn -0.6369 -0.7152 -0.2877
vn -0.5431 -0.6974 -0.4676
vn -0.5369 -0.7036 -0.4655
vn -0.5243 -0.6754 -0.5185
vn -0.4852 -0.6822 -0.5471
vn -0.4254 -0.5831 -0.6921
vn -0.4255 -0.6083 -0.6700
vn -0.6753 -0.7363 -0.0426
vn -0.7055 -0.7084 -0.0207
vn -0.6408 -0.7638 -0.0775
vn -0.6285 -0.7735 -0.0820
vn -0.7274 -0.6828 0.0676
vn -0.7135 -0.6999 -0.0319
vn -0.7374 -0.6735 0.0506
vn -0.7029 -0.7103 -0.0371
vn -0.6242 -0.7530 -0.2085
vn -0.6496 -0.7389 -0.1790
vn -0.7216 -0.5493 0.4213
vn -0.7084 -0.7004 -0.0875
vn -0.7259 -0.6873 -0.0254
vn -0.6920 -0.7120 -0.1189
vn -0.6725 -0.7249 -0.1488
vn -0.6616 -0.7101 -0.2411
vn -0.7493 -0.5715 0.3346
vn -0.7422 -0.6681 0.0516
vn 0.0023 0.8508 0.5255
vn 0.3000 0.9193 0.2546
vn 0.5412 0.8403 0.0316
vn 0.6985 0.6902 -0.1891
vn 0.5800 0.8102 0.0842
vn 0.2067 0.8373 0.5062
vn -0.0823 0.7073 0.7021
vn -0.1432 0.7454 0.6510
vn -0.1944 0.6743 0.7125
vn -0.1625 0.6616 0.7320
vn -0.6962 0.0464 0.7163
vn -0.2231 0.6584 0.7188
vn -0.2053 0.6304 0.7487
vn -0.6835 0.0166 0.7298
vn -0.7282 -0.0698 0.6818
vn -0.6923 0.0252 0.7212
vn -0.7071 -0.0399 0.7060
vn -0.7326 -0.1130 0.6713
vn -0.7712 -0.3500 0.5317
vn -0.7728 -0.3222 0.5468
vn -0.1630 0.7374 0.6555
vn -0.7072 0.0288 0.7064
vn -0.7254 -0.0472 0.6867
vn -0.7626 -0.3275 0.5579
vn -0.7439 -0.5251 0.4134
vn -0.7924 -0.3387 0.5073
vn -0.7551 -0.4186 0.5046
vn -0.7448 -0.4374 0.5039
vn -0.7282 -0.4717 0.4972
vn -0.7183 -0.4712 0.5119
vn -0.5832 -0.2042 0.7862
vn -0.5530 -0.1928 0.8105
vn -0.4887 -0.0725 0.8694
vn -0.4539 -0.0689 0.8884
vn -0.6245 -0.1733 0.7616
vn -0.5438 -0.0427 0.8381
vn -0.6647 -0.1424 0.7335
vn -0.5978 -0.0184 0.8015
vn -0.7226 -0.1544 0.6738
vn -0.6826 -0.0553 0.7287
vn 0.7211 0.6909 0.0517
vn 0.6990 0.7064 0.1112
vn 0.6831 0.7142 0.1526
vn 0.7211 0.6922 0.0296
vn 0.3258 0.8109 0.4861
vn 0.6094 0.7823 0.1288
vn 0.6755 0.7329 0.0806
vn 0.4854 0.7800 0.3949
vn 0.7207 0.6882 -0.0836
vn -0.1408 0.5761 0.8052
vn -0.6477 0.0008 0.7619
vn -0.0608 0.5508 0.8324
vn -0.5848 0.0059 0.8111
vn 0.0415 0.5240 0.8507
vn -0.5193 -0.0107 0.8545
vn 0.1193 0.5016 0.8568
vn -0.4652 -0.0398 0.8843
vn 0.1664 0.5014 0.8491
vn -0.4256 -0.0394 0.9041
vn 0.0385 0.6985 0.7146
vn -0.1287 0.5872 0.7992
vn 0.1535 0.6817 0.7153
vn -0.0149 0.5816 0.8133
vn 0.2887 0.6801 0.6739
vn 0.0828 0.5504 0.8308
vn 0.4059 0.6740 0.6172
vn 0.1553 0.5269 0.8356
vn 0.4905 0.6776 0.5479
vn 0.2401 0.5460 0.8027
vn 0.7087 0.7052 0.0195
vn 0.5984 0.7459 0.2923
vn -0.1488 0.8535 0.4995
vn -0.1559 0.8528 0.4984
vn -0.1579 0.8593 0.4864
vn -0.1662 0.8629 0.4773
vn -0.1708 0.8688 0.4647
vn -0.1773 0.8740 0.4524
vn -0.1792 0.8795 0.4408
vn -0.1830 0.8860 0.4260
vn -0.1833 0.8906 0.4161
vn -0.1833 0.8985 0.3989
vn -0.1828 0.9019 0.3915
vn -0.1781 0.9111 0.3717
vn -0.1777 0.9128 0.3676
vn -0.1678 0.9231 0.3460
vn -0.1688 0.9230 0.3459
vn -0.1510 0.9345 0.3223
vn -0.1332 0.9440 0.3018
vn -0.1096 0.9522 0.2852
vn -0.0830 0.9585 0.2729
vn -0.0549 0.9626 0.2653
vn -0.1302 0.8442 0.5199
vn -0.1059 0.8375 0.5361
vn -0.0787 0.8327 0.5481
vn -0.0495 0.8301 0.5554
vn -0.0192 0.8297 0.5579
vn 0.0108 0.8314 0.5555
vn 0.5536 0.7011 0.4494
vn 0.5615 0.7417 0.3670
vn 0.5659 0.7258 0.3911
vn 0.5705 0.7865 0.2365
vn 0.7013 0.7031 0.1177
vn 0.7124 0.6975 0.0778
vn 0.6916 0.7042 0.1607
vn 0.5001 0.6829 0.5325
vn 0.7116 0.6971 0.0876
vn 0.6519 0.7060 0.2767
vn 0.5767 0.7069 0.4094
vn 0.6012 0.7038 0.3784
vn 0.6048 0.7080 0.3645
vn 0.6273 0.7098 0.3203
vn 0.6263 0.7272 0.2808
vn 0.6486 0.7215 0.2424
vn 0.6599 0.7069 0.2548
vn 0.6564 0.7094 0.2569
vn 0.6716 0.7151 0.1936
vn 0.7033 0.7036 0.1018
vn 0.7231 0.6908 -0.0042
vn 0.7417 0.6695 -0.0409
vn 0.7264 0.6869 0.0231
vn 0.7134 0.6995 0.0423
vn 0.7159 0.6966 0.0472
vn 0.7268 0.6862 0.0288
vn 0.7089 0.7001 0.0852
vn 0.6862 0.7180 0.1166
vn 0.6829 0.7282 0.0570
vn 0.6295 0.7751 0.0543
vn 0.5815 0.8130 0.0292
vn 0.5985 0.7902 0.1320
vn 0.6475 0.7536 0.1132
vn 0.6222 0.7567 0.2005
vn 0.5888 0.7725 0.2377
vn 0.6482 0.7430 0.1669
vn 0.6579 0.7475 0.0916
vn 0.6683 0.7305 0.1408
vn 0.6808 0.6937 -0.2350
vn 0.5513 0.8334 0.0396
vn 0.5754 0.7938 0.1968
vn 0.5998 0.7332 0.3203
vn 0.6143 0.5559 -0.5600
vn 0.5508 0.8264 -0.1170
vn 0.5921 0.5464 -0.5923
vn 0.5482 0.7990 -0.2473
vn 0.2329 0.2375 -0.9431
vn 0.2438 -0.1364 -0.9602
vn -0.1872 -0.3838 -0.9042
vn 0.1883 0.1543 -0.9699
vn -0.2235 -0.4008 -0.8885
vn 0.1057 0.0535 -0.9930
vn -0.2630 -0.4114 -0.8727
vn 0.1037 0.0654 -0.9925
vn -0.2624 -0.3893 -0.8830
vn -0.2932 -0.4200 -0.8589
vn -0.3120 -0.4742 -0.8233
vn -0.2908 -0.4867 -0.8237
vn -0.2071 -0.3805 -0.9013
vn -0.2410 -0.4515 -0.8591
vn -0.3686 -0.6208 -0.6919
vn 0.0005 -0.6462 -0.7632
vn 0.2410 -0.1660 -0.9562
vn -0.4721 -0.6927 -0.5452
vn -0.5100 -0.7852 -0.3513
vn 0.5211 0.6225 -0.5839
vn 0.5289 0.6611 -0.5322
vn 0.5656 0.7546 -0.3328
vn 0.5920 0.7765 -0.2161
vn 0.6225 0.7703 -0.1383
vn 0.5331 0.6342 -0.5601
vn 0.5473 0.6834 -0.4832
vn 0.5792 0.7862 -0.2155
vn 0.5877 0.8081 -0.0409
vn 0.7185 0.5963 -0.3580
vn 0.7345 0.5760 -0.3587
vn 0.7048 0.6071 -0.3671
vn 0.6318 0.6187 -0.4669
vn 0.6336 0.5401 -0.5539
vn 0.5348 0.5115 -0.6726
vn 0.4950 0.4155 -0.7631
vn 0.4743 0.3888 -0.7899
vn 0.4740 0.3524 -0.8069
vn 0.4006 0.2424 -0.8836
vn 0.4202 0.2081 -0.8833
vn 0.3352 0.0292 -0.9417
vn 0.3625 0.0227 -0.9317
vn 0.2896 -0.3056 -0.9070
vn 0.2385 -0.6408 -0.7297
vn 0.1983 -0.8225 -0.5331
vn 0.2818 -0.2642 -0.9224
vn 0.2377 -0.5893 -0.7721
vn 0.2097 -0.8015 -0.5600
vn 0.8740 0.3316 -0.3552
vn 0.8373 0.4375 -0.3278
vn 0.8240 0.4384 -0.3588
vn 0.8713 0.3423 -0.3516
vn 0.9173 0.2013 -0.3434
vn 0.9471 0.1926 -0.2566
vn 0.8670 0.3545 -0.3502
vn 0.9002 0.1792 -0.3969
vn 0.2295 0.9217 0.3127
vn 0.2296 0.9218 0.3124
vn 0.2112 0.9316 0.2957
vn 0.2069 0.9329 0.2947
vn 0.1855 0.9464 0.2643
vn 0.1836 0.9474 0.2620
vn 0.2753 0.8804 0.3861
vn 0.2406 0.8990 0.3660
vn -0.2197 -0.9242 -0.3123
vn -0.2187 -0.9249 -0.3111
vn -0.3323 -0.8173 -0.4707
vn -0.3331 -0.8155 -0.4733
vn -0.4926 -0.5235 -0.6952
vn -0.4920 -0.5209 -0.6976
vn -0.5751 -0.1159 -0.8098
vn -0.5733 -0.1144 -0.8114
vn -0.5534 0.2980 -0.7778
vn -0.5505 0.3015 -0.7785
vn -0.4274 0.6778 -0.5983
vn -0.4195 0.6873 -0.5930
vn -0.1842 0.9495 -0.2541
vn -0.1677 0.9571 -0.2364
vn 0.0662 0.9930 0.0979
vn 0.0780 0.9906 0.1121
vn -0.1475 -0.9649 -0.2171
vn -0.1843 -0.9463 -0.2658
vn -0.2015 -0.9356 -0.2900
vn -0.2025 -0.9357 -0.2888
vn -0.2018 -0.9355 -0.2900
vn -0.2009 -0.9365 -0.2874
vn -0.1987 -0.9381 -0.2837
vn 0.1694 -0.8628 -0.4764
vn 0.1732 -0.8631 -0.4743
vn 0.1563 -0.8681 -0.4711
vn 0.0761 -0.9049 -0.4188
vn 0.0747 -0.9098 -0.4083
vn 0.0671 -0.9051 -0.4198
vn 0.0321 -0.9677 -0.2499
vn 0.0030 -0.9541 -0.2994
vn -0.0044 -0.9537 -0.3007
vn 0.9589 0.1851 -0.2152
vn 0.9666 0.1986 -0.1619
vn 0.9796 0.1238 0.1581
vn 0.9774 0.1183 0.1754
vn 0.9816 0.1220 0.1468
vn 0.8472 -0.0847 0.5245
vn 0.7842 -0.1329 0.6061
vn 0.6463 -0.3074 0.6984
vn 0.4895 -0.4791 0.7286
vn 0.4709 -0.5152 0.7161
vn 0.5810 -0.4011 0.7083
vn 0.4297 -0.5835 0.6891
vn 0.8151 -0.1359 0.5631
vn 0.3154 -0.6862 0.6554
vn 0.3006 -0.7841 0.5430
vn 0.1913 -0.8559 0.4805
vn 0.1295 -0.9762 0.1737
vn 0.0618 -0.9776 0.2013
vn 0.0172 -0.9973 -0.0707
vn 0.0704 -0.9615 0.2655
vn 0.0188 -0.9991 -0.0389
vn 0.2202 -0.7430 0.6320
vn 0.1708 -0.9496 0.2629
vn 0.1712 -0.9499 0.2616
vn -0.0632 -0.9955 -0.0706
vn -0.0104 -0.9999 0.0049
vn 0.3732 -0.7727 0.5134
vn 0.3853 -0.7317 0.5623
vn 0.5277 -0.4491 0.7210
vn 0.5258 -0.3750 0.7635
vn 0.5888 0.0429 0.8071
vn 0.5611 0.1342 0.8168
vn 0.4958 0.5407 0.6796
vn 0.4281 0.6538 0.6239
vn 0.3037 0.8283 0.4709
vn -0.5483 -0.2034 0.8112
vn -0.5476 -0.2073 0.8107
vn -0.3836 -0.0153 0.9234
vn -0.3517 0.0259 0.9357
vn -0.3388 0.0298 0.9404
vn -0.3234 0.0544 0.9447
vn 0.3961 0.6324 0.6657
vn 0.7906 -0.0523 0.6102
vn -0.2996 0.0686 0.9516
vn 0.6251 0.7014 0.3423
vn -0.4343 -0.0573 0.8989
vn -0.5605 -0.2070 0.8019
vn 0.7055 0.6994 0.1145
vn 0.4689 0.6682 0.5776
vn 0.1766 0.5097 0.8420
vn 0.1989 0.5254 0.8273
vn -0.3769 0.0116 0.9262
vn -0.7401 -0.5184 0.4284
vn 0.1314 0.9252 0.3561
vn 0.1398 0.9137 0.3816
vn 0.1431 0.9017 0.4081
vn 0.1410 0.8895 0.4346
vn 0.1337 0.8777 0.4601
vn 0.1217 0.8666 0.4839
vn 0.1053 0.8566 0.5052
vn 0.0852 0.8478 0.5233
vn 0.0623 0.8406 0.5380
vn 0.0372 0.8351 0.5489
vn 0.1180 0.9357 0.3324
vn 0.1002 0.9450 0.3113
vn 0.0789 0.9530 0.2926
vn 0.0538 0.9580 0.2818
vn 0.0281 0.9625 0.2697
vn 0.0006 0.9645 0.2640
vn -0.0273 0.9645 0.2625
vn -0.0261 0.9513 0.3071
vn -0.0457 0.9499 0.3092
vn 0.0323 0.7719 0.6350
vn -0.0137 0.7691 0.6390
vn 0.0780 0.7782 0.6231
vn -0.0658 0.9469 0.3146
vn 0.1213 0.7880 0.6036
vn -0.0847 0.9424 0.3236
vn 0.1598 0.8009 0.5770
vn -0.1015 0.9366 0.3354
vn 0.1923 0.8165 0.5443
vn -0.1139 0.9297 0.3502
vn 0.2175 0.8343 0.5066
vn -0.1261 0.9216 0.3672
vn 0.2346 0.8536 0.4652
vn -0.1335 0.9129 0.3856
vn 0.2430 0.8737 0.4215
vn -0.1371 0.9039 0.4051
vn 0.2422 0.8940 0.3770
vn -0.1370 0.8950 0.4244
vn -0.1329 0.8865 0.4432
vn 0.2324 0.9137 0.3334
vn 0.2138 0.9322 0.2921
vn -0.1251 0.8786 0.4609
vn -0.0062 0.9513 0.3081
vn -0.0591 0.7697 0.6357
vn 0.0136 0.9500 0.3120
vn -0.1031 0.7735 0.6254
vn 0.0320 0.9466 0.3209
vn -0.1445 0.7804 0.6083
vn 0.0503 0.9433 0.3280
vn -0.1821 0.7903 0.5851
vn 0.0658 0.9375 0.3416
vn -0.2147 0.8027 0.5564
vn 0.0787 0.9309 0.3567
vn -0.2414 0.8174 0.5231
vn 0.0885 0.9232 0.3739
vn -0.2615 0.8338 0.4862
vn -0.2743 0.8515 0.4468
vn 0.0946 0.9149 0.3923
vn 0.1872 0.9487 0.2547
vn -0.1124 0.8719 0.4765
vn 0.1535 0.9628 0.2224
vn -0.0996 0.8653 0.4913
vn 0.1139 0.9739 0.1963
vn -0.0822 0.8605 0.5028
vn 0.0698 0.9817 0.1773
vn -0.0628 0.8570 0.5114
vn 0.0227 0.9859 0.1660
vn -0.0419 0.8551 0.5168
vn -0.0257 0.9863 0.1629
vn -0.0201 0.8548 0.5186
vn -0.0730 0.9831 0.1677
vn 0.0015 0.8560 0.5170
vn -0.2796 0.8700 0.4060
vn 0.0969 0.9062 0.4115
vn 0.0954 0.8974 0.4307
vn -0.2770 0.8888 0.3651
vn 0.0900 0.8889 0.4491
vn -0.2668 0.9072 0.3252
vn 0.0812 0.8809 0.4662
vn -0.2491 0.9248 0.2875
vn 0.0692 0.8737 0.4815
vn -0.2245 0.9410 0.2532
vn 0.0547 0.8675 0.4944
vn -0.1937 0.9553 0.2232
vn 0.0382 0.8624 0.5048
vn -0.1576 0.9674 0.1985
vn 0.0202 0.8585 0.5125
vn -0.1172 0.9767 0.1798
vn -0.7675 0.2562 -0.5877
vn -0.3640 -0.6651 -0.6521
vn -0.3953 -0.6888 -0.6078
vn -0.6849 -0.3773 -0.6233
vn -0.5461 0.3459 -0.7629
vn -0.2504 -0.6240 -0.7402
vn -0.2901 -0.6366 -0.7146
vn -0.6263 0.3202 -0.7108
vn -0.0820 0.4213 -0.9032
vn -0.0213 -0.5886 -0.8082
vn -0.0768 -0.5924 -0.8020
vn -0.1950 0.4124 -0.8899
vn -0.4624 0.3680 -0.8067
vn -0.2090 -0.6134 -0.7616
vn -0.3765 0.3862 -0.8421
vn -0.1665 -0.6047 -0.7789
vn 0.7550 0.2956 -0.5853
vn 0.3860 -0.6546 -0.6500
vn 0.3398 -0.6353 -0.6935
vn 0.6589 0.3339 -0.6740
vn 0.9985 0.0088 0.0539
vn 0.5010 -0.7957 -0.3402
vn 0.5004 -0.7703 -0.3954
vn 0.9963 0.0611 -0.0605
vn 0.8357 0.2528 -0.4876
vn 0.4246 -0.6759 -0.6024
vn 0.8998 0.2069 -0.3840
vn 0.4552 -0.6987 -0.5520
vn 0.9473 0.1594 -0.2778
vn 0.4776 -0.7221 -0.5005
vn 0.9791 0.1110 -0.1705
vn 0.4925 -0.7459 -0.4485
vn 0.4336 -0.3584 0.8268
vn 0.2284 -0.9730 0.0329
vn 0.2828 -0.9592 0.0050
vn 0.5464 -0.3298 0.7699
vn -0.4329 -0.3758 0.8194
vn -0.1918 -0.9808 0.0338
vn -0.1299 -0.9900 0.0559
vn -0.3063 -0.3944 0.8664
vn 0.3174 -0.3805 0.8686
vn 0.1725 -0.9836 0.0535
vn 0.1996 -0.3960 0.8963
vn 0.1157 -0.9910 0.0675
vn 0.0788 -0.4055 0.9107
vn 0.0573 -0.9955 0.0751
vn -0.0470 -0.4088 0.9114
vn -0.0037 -0.9971 0.0761
vn -0.6747 -0.3629 0.6427
vn -0.3030 -0.9524 -0.0322
vn -0.2514 -0.9679 0.0035
vn -0.5514 -0.3475 0.7584
vn -0.7292 -0.3268 0.6012
vn -0.3464 -0.9354 -0.0709
vn 0.8340 -0.2050 0.5123
vn 0.4210 -0.8991 -0.1196
vn 0.4537 -0.8745 -0.1717
vn 0.9017 -0.1539 0.4041
vn 0.4780 -0.8485 -0.2269
vn 0.9520 -0.1001 0.2893
vn 0.4938 -0.8220 -0.2836
vn 0.9841 -0.0454 0.1715
vn 0.2870 -0.6187 -0.7313
vn 0.5496 0.3665 -0.7508
vn 0.2289 -0.6054 -0.7623
vn 0.4298 0.3922 -0.8133
vn 0.1673 -0.5957 -0.7856
vn 0.3031 0.4106 -0.8600
vn -0.7019 0.2946 -0.6485
vn -0.3268 -0.6513 -0.6849
vn -0.2898 0.4007 -0.8692
vn -0.1237 -0.5978 -0.7920
vn 0.0437 0.4247 -0.9043
vn 0.0404 -0.5875 -0.8082
vn 0.1732 0.4214 -0.8902
vn 0.1038 -0.5898 -0.8009
vn 0.7504 -0.2523 0.6109
vn 0.3808 -0.9219 -0.0720
vn 0.6534 -0.2943 0.6975
vn 0.3342 -0.9420 -0.0301
vn -0.0666 -0.9953 0.0699
vn -0.1764 -0.4053 0.8970
vn -0.6770 -0.7086 0.1990
vn -0.3964 -0.9089 -0.1293
vn -0.3727 -0.9228 -0.0981
vn -0.7229 -0.5856 0.3668
vn -0.7104 -0.7037 0.0120
vn -0.4306 -0.8827 -0.1881
vn -0.6849 -0.7219 -0.0988
vn -0.4581 -0.8501 -0.2596
vn -0.6285 -0.7325 -0.2617
vn -0.4717 -0.8167 -0.3323
vn -0.5836 -0.7220 -0.3717
vn -0.4718 -0.7826 -0.4061
vn -0.4583 -0.7487 -0.4790
vn -0.4327 -0.7189 -0.5440
vn -0.5970 -0.4143 -0.6869
vn 0.8029 0.4849 -0.3468
vn -0.7126 -0.3338 -0.6171
vn -0.0378 0.9986 -0.0363
vn -0.0620 0.9950 -0.0787
vn -0.2303 0.7571 -0.6114
vn 0.1003 0.7723 -0.6273
vn 0.1928 0.9810 -0.0215
vn 0.4144 0.7351 -0.5365
vn 0.3120 0.9500 0.0151
vn 0.6703 0.6522 -0.3541
vn 0.4553 0.8725 0.1773
vn 0.8374 0.5358 -0.1076
vn 0.5193 0.8032 0.2919
vn 0.8997 0.4020 0.1698
vn 0.5028 0.6973 0.5109
vn 0.8550 0.2672 0.4445
vn 0.4804 0.6307 0.6095
vn 0.7129 0.1465 0.6858
vn 0.3402 0.5581 0.7569
vn 0.4919 0.0521 0.8691
vn 0.2295 0.5069 0.8309
vn 0.2168 -0.0064 0.9762
vn 0.0065 0.5985 0.8011
vn -0.0882 0.1261 0.9881
vn -0.0936 0.1262 0.9876
vn -0.3637 0.1559 0.9184
vn -0.3545 0.1542 0.9223
vn -0.5951 0.2247 0.7716
vn -0.6317 0.0742 0.7716
vn -0.2948 0.5758 0.7626
vn -0.4341 0.5680 0.6992
vn -0.8209 0.1922 0.5378
vn -0.1087 0.8323 0.5435
vn -0.8359 0.4412 0.3264
vn -0.7533 0.3195 0.5748
vn -0.8376 0.4483 0.3122
vn -0.8143 0.5782 0.0511
vn -0.8178 0.5721 0.0634
vn -0.3858 0.8427 0.3755
vn -0.4806 0.8560 0.1905
vn -0.8348 0.5490 0.0423
vn -0.7621 0.5838 -0.2802
vn -0.4136 0.9076 0.0728
vn -0.5316 0.6911 -0.4897
vn 0.0021 0.8625 0.5060
vn 0.1122 0.9147 0.3883
vn 0.1148 0.8999 0.4207
vn 0.1080 0.8852 0.4526
vn 0.0924 0.8715 0.4816
vn 0.0691 0.8598 0.5060
vn 0.0395 0.8508 0.5239
vn 0.0057 0.8453 0.5343
vn -0.0299 0.8435 0.5363
vn -0.0650 0.8456 0.5298
vn -0.0971 0.8515 0.5153
vn -0.1241 0.8607 0.4938
vn -0.1441 0.8726 0.4667
vn -0.1558 0.8864 0.4359
vn -0.1584 0.9012 0.4035
vn -0.1516 0.9159 0.3716
vn -0.1360 0.9296 0.3425
vn -0.1126 0.9413 0.3182
vn -0.0831 0.9502 0.3002
vn -0.0493 0.9558 0.2899
vn -0.0137 0.9576 0.2879
vn 0.0214 0.9554 0.2944
vn 0.0535 0.9496 0.3089
vn 0.0805 0.9404 0.3304
vn 0.1005 0.9285 0.3575
vn 0.2870 0.8633 0.4152
vn 0.2812 0.8966 0.3421
vn 0.2717 0.8301 0.4869
vn 0.2366 0.7992 0.5525
vn 0.1838 0.7729 0.6074
vn 0.1172 0.7527 0.6478
vn 0.0411 0.7402 0.6711
vn -0.0392 0.7362 0.6756
vn -0.1183 0.7410 0.6610
vn -0.1907 0.7542 0.6284
vn -0.2516 0.7749 0.5799
vn -0.2967 0.8017 0.5188
vn -0.3231 0.8329 0.4494
vn -0.3288 0.8662 0.3763
vn -0.3136 0.8994 0.3045
vn -0.2784 0.9303 0.2389
vn -0.2257 0.9566 0.1841
vn -0.1590 0.9768 0.1436
vn -0.0830 0.9893 0.1203
vn -0.0027 0.9933 0.1158
vn 0.0764 0.9885 0.1304
vn 0.1488 0.9753 0.1631
vn 0.2097 0.9546 0.2116
vn 0.2549 0.9278 0.2726
vn 0.7057 0.6253 0.3332
vn 0.6922 0.7033 0.1621
vn 0.6700 0.5475 0.5013
vn 0.5877 0.4753 0.6548
vn 0.4643 0.4135 0.7832
vn 0.3082 0.3664 0.8779
vn 0.1300 0.3372 0.9324
vn -0.0580 0.3278 0.9430
vn -0.2431 0.3389 0.9089
vn -0.4127 0.3698 0.8324
vn -0.5552 0.4183 0.7188
vn -0.6609 0.4811 0.5759
vn -0.7226 0.5541 0.4133
vn -0.7361 0.6321 0.2422
vn -0.7005 0.7098 0.0741
vn -0.6181 0.7821 -0.0794
vn -0.4947 0.8438 -0.2079
vn -0.3386 0.8910 -0.3026
vn -0.1605 0.9202 -0.3571
vn 0.0276 0.9296 -0.3676
vn 0.2127 0.9184 -0.3335
vn 0.3823 0.8876 -0.2571
vn 0.5248 0.8390 -0.1435
vn 0.6305 0.7762 -0.0005
vn 0.9752 0.1700 0.1418
vn 0.9569 0.2760 -0.0908
vn 0.9268 0.0644 0.3701
vn 0.8149 -0.0338 0.5786
vn 0.6472 -0.1177 0.7532
vn 0.4351 -0.1817 0.8818
vn 0.1931 -0.2215 0.9559
vn -0.0624 -0.2342 0.9702
vn -0.3139 -0.2191 0.9238
vn -0.5443 -0.1771 0.8200
vn -0.7379 -0.1112 0.6657
vn -0.8815 -0.0258 0.4715
vn -0.9653 0.0732 0.2506
vn -0.9836 0.1792 0.0180
vn -0.9352 0.2849 -0.2103
vn -0.8234 0.3830 -0.4188
vn -0.6557 0.4669 -0.5934
vn -0.4436 0.5309 -0.7220
vn -0.2016 0.5707 -0.7961
vn 0.0539 0.5834 -0.8104
vn 0.3054 0.5683 -0.7640
vn 0.5358 0.5263 -0.6602
vn 0.7294 0.4604 -0.5059
vn 0.8730 0.3750 -0.3117
vn 0.9980 -0.0047 0.0630
vn 0.8347 -0.2123 0.5082
vn 0.4477 -0.3631 0.8172
vn 0.2011 -0.4036 0.8926
vn -0.0593 -0.4166 0.9072
vn -0.3155 -0.4012 0.8600
vn -0.5503 -0.3584 0.7541
vn -0.7476 -0.2912 0.5969
vn -0.8939 -0.2042 0.3990
vn -0.9793 -0.1033 0.1739
vn -0.9980 0.0047 -0.0630
vn -0.9487 0.1123 -0.2957
vn -0.8347 0.2123 -0.5082
vn -0.6638 0.2979 -0.6860
vn -0.4477 0.3631 -0.8172
vn -0.2011 0.4036 -0.8926
vn 0.0592 0.4166 -0.9072
vn 0.3155 0.4012 -0.8600
vn 0.5503 0.3584 -0.7541
vn 0.8939 0.2042 -0.3990
vn 0.0690 0.8598 0.5060
vn -0.1127 0.9413 0.3182
vn 0.1839 0.7729 0.6074
vn 0.1488 0.9753 0.1630
vn -0.6609 0.4812 0.5759
vn -0.7361 0.6321 0.2421
vn -0.1605 0.9202 -0.3570
vn -0.9352 0.2848 -0.2103
vn -0.2015 0.5707 -0.7961
vn 0.8731 0.3750 -0.3117
vn -0.3155 -0.4011 0.8599
vn 0.0593 0.4166 -0.9072
vn 0.3155 0.4011 -0.8599
vn 0.0764 0.9149 0.3965
vn 0.0782 0.9040 0.4202
vn 0.0733 0.8932 0.4436
vn 0.0619 0.8832 0.4649
vn 0.0447 0.8746 0.4827
vn 0.0230 0.8681 0.4959
vn -0.0017 0.8640 0.5035
vn -0.0278 0.8627 0.5049
vn -0.0536 0.8643 0.5002
vn -0.0771 0.8685 0.4896
vn -0.0969 0.8753 0.4738
vn -0.1116 0.8840 0.4539
vn -0.1202 0.8941 0.4314
vn -0.1220 0.9050 0.4076
vn -0.1171 0.9158 0.3842
vn -0.1056 0.9258 0.3629
vn -0.0885 0.9344 0.3451
vn -0.0668 0.9409 0.3319
vn -0.0421 0.9450 0.3243
vn -0.0160 0.9463 0.3229
vn 0.0097 0.9448 0.3276
vn 0.0333 0.9405 0.3382
vn 0.0531 0.9337 0.3540
vn 0.0678 0.9250 0.3739
vn 0.2562 0.8720 0.4171
vn 0.2510 0.9020 0.3513
vn 0.2425 0.8421 0.4818
vn 0.2108 0.8143 0.5408
vn 0.1634 0.7905 0.5903
vn 0.1033 0.7724 0.6267
vn 0.0347 0.7611 0.6477
vn -0.0376 0.7575 0.6517
vn -0.1088 0.7618 0.6386
vn -0.1741 0.7737 0.6092
vn -0.2289 0.7923 0.5655
vn -0.2696 0.8165 0.5105
vn -0.2933 0.8446 0.4479
vn -0.2985 0.8746 0.3821
vn -0.2848 0.9045 0.3174
vn -0.2531 0.9323 0.2584
vn -0.2056 0.9561 0.2089
vn -0.1456 0.9742 0.1725
vn -0.0770 0.9854 0.1516
vn -0.0047 0.9891 0.1475
vn 0.0666 0.9848 0.1606
vn 0.1318 0.9729 0.1900
vn 0.1866 0.9542 0.2337
vn 0.2273 0.9300 0.2887
vn 0.6922 0.7033 0.1620
vn -0.3386 0.8909 -0.3026
vn -0.1604 0.9202 -0.3570
vn 0.3823 0.8876 -0.2570
vn -0.0883 0.1261 0.9881
vn -0.5950 0.2246 0.7717
vn -0.8359 0.4413 0.3264
vn -0.7534 0.3195 0.5748
vn -0.8376 0.4482 0.3122
vn 0.2676 0.8992 0.3463
vn 0.0835 0.9149 0.3949
vn 0.2731 0.8673 0.4161
vn 0.0855 0.9033 0.4204
vn 0.2585 0.8356 0.4847
vn 0.0802 0.8917 0.4454
vn 0.2249 0.8062 0.5473
vn 0.0680 0.8810 0.4683
vn 0.1746 0.7809 0.5997
vn 0.0496 0.8718 0.4874
vn 0.1109 0.7617 0.6383
vn 0.0263 0.8647 0.5015
vn 0.0382 0.7498 0.6606
vn -0.0002 0.8604 0.5097
vn -0.0385 0.7460 0.6649
vn -0.0283 0.8590 0.5112
vn -0.1140 0.7505 0.6510
vn -0.0558 0.8606 0.5061
vn -0.1832 0.7631 0.6198
vn -0.0811 0.8652 0.4948
vn -0.2413 0.7829 0.5734
vn -0.1023 0.8725 0.4778
vn -0.2845 0.8085 0.5151
vn -0.1181 0.8818 0.4565
vn -0.3096 0.8383 0.4488
vn -0.1273 0.8927 0.4323
vn -0.3151 0.8701 0.3790
vn -0.1293 0.9043 0.4068
vn -0.3006 0.9018 0.3104
vn -0.1240 0.9159 0.3818
vn -0.2670 0.9313 0.2478
vn -0.1117 0.9267 0.3589
vn -0.2166 0.9565 0.1954
vn -0.0933 0.9359 0.3397
vn -0.1530 0.9757 0.1567
vn -0.0701 0.9429 0.3256
vn -0.0803 0.9877 0.1345
vn -0.0435 0.9473 0.3175
vn -0.0036 0.9915 0.1302
vn -0.0155 0.9487 0.3159
vn 0.0720 0.9869 0.1441
vn 0.0121 0.9470 0.3210
vn 0.1411 0.9743 0.1753
vn 0.0374 0.9424 0.3324
vn 0.1993 0.9546 0.2216
vn 0.0586 0.9352 0.3493
vn 0.2424 0.9289 0.2799
vn 0.0743 0.9258 0.3706
vn 0.6601 0.7290 0.1809
vn 0.6730 0.6545 0.3445
vn 0.6390 0.5802 0.5051
vn 0.5603 0.5112 0.6518
vn 0.4423 0.4521 0.7746
vn 0.2931 0.4071 0.8651
vn 0.1229 0.3791 0.9171
vn -0.0568 0.3702 0.9272
vn -0.2337 0.3808 0.8946
vn -0.3958 0.4103 0.8216
vn -0.5320 0.4567 0.7130
vn -0.6330 0.5168 0.5764
vn -0.6920 0.5864 0.4210
vn -0.7049 0.6610 0.2575
vn -0.6708 0.7353 0.0969
vn -0.5921 0.8043 -0.0498
vn -0.4742 0.8634 -0.1726
vn -0.3250 0.9084 -0.2631
vn -0.1547 0.9363 -0.3152
vn 0.0250 0.9453 -0.3253
vn 0.2019 0.9347 -0.2927
vn 0.3640 0.9052 -0.2196
vn 0.5002 0.8588 -0.1111
vn 0.6012 0.7987 0.0255
vn 0.9422 0.3291 -0.0634
vn 0.9602 0.2246 0.1659
vn 0.9125 0.1205 0.3910
vn 0.8022 0.0237 0.5966
vn 0.6368 -0.0591 0.7688
vn 0.4277 -0.1222 0.8956
vn 0.1890 -0.1614 0.9686
vn -0.0629 -0.1739 0.9827
vn -0.3109 -0.1590 0.9370
vn -0.5381 -0.1177 0.8346
vn -0.7290 -0.0527 0.6825
vn -0.8706 0.0316 0.4910
vn -0.9532 0.1292 0.2732
vn -0.9713 0.2337 0.0439
vn -0.9236 0.3379 -0.1813
vn -0.8133 0.4347 -0.3869
vn -0.6479 0.5174 -0.5590
vn -0.4388 0.5805 -0.6859
vn -0.2001 0.6197 -0.7589
vn 0.0518 0.6323 -0.7730
vn 0.2998 0.6174 -0.7273
vn 0.5270 0.5760 -0.6249
vn 0.7179 0.5110 -0.4728
vn 0.8595 0.4268 -0.2812
vn 0.9532 -0.1292 -0.2732
vn 0.9713 -0.2337 -0.0439
vn 0.9236 -0.3379 0.1813
vn 0.8133 -0.4346 0.3869
vn 0.6479 -0.5174 0.5590
vn 0.4388 -0.5805 0.6859
vn 0.2001 -0.6197 0.7589
vn -0.0518 -0.6323 0.7730
vn -0.2998 -0.6174 0.7273
vn -0.5270 -0.5760 0.6249
vn -0.7179 -0.5110 0.4728
vn -0.8595 -0.4268 0.2812
vn -0.9422 -0.3291 0.0634
vn -0.9602 -0.2246 -0.1659
vn -0.9125 -0.1205 -0.3910
vn -0.8022 -0.0237 -0.5966
vn -0.6368 0.0591 -0.7688
vn -0.4277 0.1222 -0.8956
vn -0.1890 0.1614 -0.9686
vn 0.0629 0.1739 -0.9827
vn 0.3109 0.1590 -0.9370
vn 0.5381 0.1177 -0.8346
vn 0.7290 0.0527 -0.6825
vn 0.8706 -0.0315 -0.4910
vn 0.7016 -0.5765 -0.4187
vn 0.7147 -0.6521 -0.2528
vn 0.6801 -0.7276 -0.0898
vn 0.6003 -0.7976 0.0590
vn 0.4806 -0.8575 0.1836
vn 0.3293 -0.9032 0.2754
vn 0.1565 -0.9315 0.3282
vn -0.0258 -0.9406 0.3385
vn -0.2053 -0.9298 0.3054
vn -0.3697 -0.8999 0.2313
vn -0.5079 -0.8529 0.1211
vn -0.6104 -0.7919 -0.0175
vn -0.6702 -0.7212 -0.1751
vn -0.6833 -0.6456 -0.3411
vn -0.6487 -0.5702 -0.5040
vn -0.5689 -0.5001 -0.6528
vn -0.4492 -0.4402 -0.7774
vn -0.2979 -0.3946 -0.8693
vn -0.1251 -0.3662 -0.9221
vn 0.0572 -0.3571 -0.9323
vn 0.2367 -0.3679 -0.8992
vn 0.4011 -0.3978 -0.8251
vn 0.5393 -0.4449 -0.7150
vn 0.6418 -0.5058 -0.5764
vn 0.4611 -0.7649 -0.4497
vn 0.4695 -0.8136 -0.3429
vn 0.4473 -0.8621 -0.2381
vn 0.3959 -0.9072 -0.1423
vn 0.3189 -0.9458 -0.0621
vn 0.2214 -0.9752 -0.0030
vn 0.1103 -0.9934 0.0310
vn -0.0071 -0.9993 0.0376
vn -0.1226 -0.9923 0.0163
vn -0.2284 -0.9731 -0.0314
vn -0.3173 -0.9428 -0.1023
vn -0.3833 -0.9036 -0.1915
vn -0.4218 -0.8581 -0.2929
vn -0.4302 -0.8094 -0.3998
vn -0.4080 -0.7609 -0.5046
vn -0.3566 -0.7158 -0.6004
vn -0.2796 -0.6772 -0.6806
vn -0.1822 -0.6478 -0.7397
vn -0.0710 -0.6296 -0.7737
vn 0.0464 -0.6237 -0.7803
vn 0.1619 -0.6307 -0.7590
vn 0.2677 -0.6499 -0.7113
vn 0.3566 -0.6802 -0.6404
vn 0.4226 -0.7194 -0.5512
vn 0.9794 0.0998 -0.1755
vn 0.9981 -0.0082 0.0614
vn 0.9487 -0.1158 0.2941
vn 0.8347 -0.2158 0.5066
vn 0.6639 -0.3013 0.6845
vn 0.6639 -0.3013 0.6844
vn 0.4478 -0.3666 0.8156
vn 0.2011 -0.4070 0.8910
vn 0.2012 -0.4070 0.8910
vn -0.0592 -0.4200 0.9056
vn -0.3155 -0.4046 0.8584
vn -0.3154 -0.4046 0.8584
vn -0.5502 -0.3619 0.7525
vn -0.7475 -0.2947 0.5953
vn -0.8938 -0.2077 0.3974
vn -0.9792 -0.1068 0.1723
vn -0.9979 0.0012 -0.0646
vn -0.9486 0.1089 -0.2973
vn -0.8346 0.2089 -0.5098
vn -0.6637 0.2944 -0.6876
vn -0.4476 0.3596 -0.8187
vn -0.2010 0.4001 -0.8942
vn 0.0593 0.4131 -0.9088
vn 0.3156 0.3977 -0.8615
vn 0.5504 0.3549 -0.7557
vn 0.7477 0.2878 -0.5985
vn 0.8940 0.2008 -0.4006
vn 0.6263 0.6921 0.3587
vn 0.6143 0.7617 0.2060
vn 0.4498 0.8001 0.3968
vn 0.4410 0.8509 0.2854
vn 0.5945 0.6227 0.5086
vn 0.4266 0.7495 0.5062
vn 0.5211 0.5583 0.6456
vn 0.3730 0.7025 0.6061
vn 0.4110 0.5032 0.7602
vn 0.2927 0.6623 0.6897
vn 0.2717 0.4612 0.8447
vn 0.1911 0.6316 0.7514
vn 0.1128 0.4351 0.8933
vn 0.0751 0.6126 0.7868
vn -0.0550 0.4267 0.9027
vn -0.0473 0.6065 0.7937
vn -0.2202 0.4366 0.8723
vn -0.1678 0.6137 0.7715
vn -0.3715 0.4642 0.8041
vn -0.2782 0.6338 0.7217
vn -0.4986 0.5075 0.7028
vn -0.3709 0.6654 0.6478
vn -0.5929 0.5635 0.5752
vn -0.4397 0.7063 0.5548
vn -0.6480 0.6286 0.4302
vn -0.4799 0.7538 0.4489
vn -0.6600 0.6982 0.2775
vn -0.4887 0.8045 0.3375
vn -0.6282 0.7675 0.1275
vn -0.4655 0.8552 0.2281
vn -0.5547 0.8320 -0.0094
vn -0.4119 0.9022 0.1282
vn -0.4446 0.8871 -0.1240
vn -0.3315 0.9424 0.0446
vn -0.3053 0.9291 -0.2085
vn -0.2299 0.9731 -0.0171
vn -0.1464 0.9552 -0.2571
vn -0.1140 0.9921 -0.0525
vn 0.0214 0.9636 -0.2665
vn 0.0084 0.9982 -0.0594
vn 0.1865 0.9537 -0.2361
vn 0.1289 0.9910 -0.0372
vn 0.3378 0.9261 -0.1679
vn 0.2393 0.9709 0.0126
vn 0.4650 0.8828 -0.0666
vn 0.3321 0.9393 0.0865
vn 0.5593 0.8268 0.0610
vn 0.4009 0.8984 0.1795
vn 0.0345 0.9135 0.4053
vn 0.0356 0.9073 0.4189
vn 0.0328 0.9011 0.4324
vn 0.0262 0.8953 0.4446
vn 0.0163 0.8904 0.4549
vn 0.0039 0.8866 0.4625
vn -0.0104 0.8843 0.4668
vn -0.0254 0.8836 0.4676
vn -0.0402 0.8844 0.4649
vn -0.0537 0.8869 0.4588
vn -0.0651 0.8908 0.4497
vn -0.0735 0.8958 0.4383
vn -0.0785 0.9016 0.4253
vn -0.0795 0.9079 0.4117
vn -0.0767 0.9141 0.3983
vn -0.0701 0.9198 0.3860
vn -0.0603 0.9248 0.3757
vn -0.0478 0.9285 0.3682
vn -0.0336 0.9309 0.3638
vn -0.0186 0.9316 0.3630
vn -0.0038 0.9307 0.3657
vn 0.0098 0.9283 0.3718
vn 0.0212 0.9244 0.3809
vn 0.0296 0.9194 0.3923
vn 0.7447 0.6549 0.1284
vn 0.7592 0.5713 0.3119
vn 0.7209 0.4879 0.4921
vn 0.6326 0.4104 0.6567
vn 0.5003 0.3442 0.7945
vn 0.3329 0.2937 0.8961
vn 0.1418 0.2623 0.9545
vn -0.0598 0.2522 0.9658
vn -0.2583 0.2642 0.9292
vn -0.4402 0.2973 0.8473
vn -0.5930 0.3493 0.7255
vn -0.7064 0.4167 0.5722
vn -0.7725 0.4949 0.3978
vn -0.7870 0.5785 0.2143
vn -0.7488 0.6619 0.0340
vn -0.6605 0.7394 -0.1306
vn -0.5281 0.8057 -0.2683
vn -0.3607 0.8562 -0.3699
vn -0.1697 0.8875 -0.4283
vn 0.0320 0.8976 -0.4397
vn 0.2305 0.8857 -0.4031
vn 0.4124 0.8526 -0.3211
vn 0.5652 0.8005 -0.1993
vn 0.6785 0.7331 -0.0460
vn -0.0211 0.9074 0.4197
vn -0.0013 0.8635 0.5044
vn -0.0544 0.8516 0.5214
vn 0.0239 0.7955 0.6054
vn -0.0512 0.7758 0.6288
vn -0.0497 0.9053 0.4219
vn -0.2515 0.8679 0.4284
vn -0.1238 0.9038 0.4096
vn -0.1258 0.9064 0.4034
vn -0.3791 0.8151 0.4381
vn -0.3821 0.8107 0.4436
vn -0.2549 0.8622 0.4378
vn -0.1215 0.8978 0.4233
vn -0.2414 0.8657 0.4386
vn -0.1258 0.9063 0.4035
vn -0.2185 0.8641 0.4534
vn -0.1187 0.9049 0.4088
vn -0.1858 0.8604 0.4746
vn -0.0926 0.9073 0.4102
vn -0.1647 0.8568 0.4886
vn -0.0747 0.9080 0.4122
vn -0.1342 0.8563 0.4988
vn -0.0634 0.9052 0.4203
vn -0.1005 0.8501 0.5169
vn -0.1114 0.7703 0.6279
vn -0.1645 0.7761 0.6087
vn -0.1928 0.7851 0.5886
vn -0.2400 0.7861 0.5696
vn -0.2787 0.7972 0.5356
vn -0.3232 0.7996 0.5062
vn -0.3701 0.7999 0.4724
vn -0.0551 0.7434 0.6665
vn 0.0385 0.7500 0.6603
vn -0.0417 0.7459 0.6648
vn 0.0378 0.7523 0.6577
vn -0.1216 0.7431 0.6580
vn -0.1239 0.7412 0.6598
vn -0.1758 0.7383 0.6512
vn -0.1931 0.7399 0.6445
vn -0.2285 0.7367 0.6365
vn -0.2617 0.7492 0.6084
vn -0.2792 0.7556 0.5926
vn -0.2900 0.7709 0.5672
vn -0.2998 0.7715 0.5611
vn -0.3256 0.7673 0.5525
vn -0.3590 0.7622 0.5387
vn -0.3765 0.7684 0.5176
vn -0.3979 0.7873 0.4711
vn -0.3951 0.7915 0.4662
vn -0.4153 0.7905 0.4502
vn -0.4173 0.7886 0.4517
vn -0.5770 0.6924 0.4333
vn -0.5895 0.6826 0.4319
vn -0.0491 0.9555 0.2908
vn -0.0298 0.9241 0.3810
vn -0.1056 0.9508 0.2912
vn -0.0730 0.9824 0.1719
vn -0.1532 0.9734 0.1706
vn -0.0570 0.9197 0.3886
vn -0.1203 0.8952 0.4291
vn -0.2362 0.8658 0.4412
vn -0.1204 0.8956 0.4283
vn -0.3425 0.8245 0.4504
vn -0.2524 0.8701 0.4233
vn -0.1192 0.8964 0.4269
vn -0.2500 0.8847 0.3936
vn -0.1131 0.8976 0.4260
vn -0.2027 0.9057 0.3723
vn -0.1027 0.9109 0.3995
vn -0.2270 0.8929 0.3889
vn -0.1902 0.9178 0.3487
vn -0.0762 0.9109 0.4055
vn -0.1702 0.9259 0.3373
vn -0.0692 0.9163 0.3944
vn -0.1467 0.9395 0.3097
vn -0.2092 0.9594 0.1891
vn -0.2502 0.9418 0.2243
vn -0.2676 0.9297 0.2532
vn -0.3039 0.9098 0.2827
vn -0.3195 0.8928 0.3174
vn -0.3871 0.8540 0.3477
vn -0.3796 0.8227 0.4232
vn -0.1786 0.9764 0.1210
vn -0.1712 0.9778 0.1209
vn -0.0871 0.9914 0.0980
vn -0.0859 0.9908 0.1044
vn -0.2387 0.9588 0.1539
vn -0.2368 0.9593 0.1537
vn -0.2819 0.9432 0.1757
vn -0.2941 0.9377 0.1849
vn -0.3263 0.9239 0.1996
vn -0.3430 0.9126 0.2224
vn -0.3824 0.8853 0.2646
vn -0.3666 0.8989 0.2400
vn -0.3906 0.8795 0.2719
vn -0.3804 0.8729 0.3055
vn -0.3835 0.8569 0.3446
vn -0.3989 0.8384 0.3715
vn -0.4383 0.7990 0.4117
vn -0.4515 0.7956 0.4040
vn -0.4483 0.7788 0.4387
vn -0.4546 0.7709 0.4461
vn -0.0494 0.7834 0.6196
vn 0.0255 0.7910 0.6112
vn -0.0591 0.8345 0.5478
vn 0.0080 0.8402 0.5423
vn -0.1166 0.7792 0.6158
vn -0.1113 0.8323 0.5430
vn -0.1761 0.7772 0.6041
vn -0.1591 0.8284 0.5371
vn -0.2445 0.7770 0.5801
vn -0.2136 0.8239 0.5249
vn -0.2914 0.7757 0.5598
vn -0.2611 0.8126 0.5211
vn -0.2904 0.7844 0.5481
vn -0.2920 0.8281 0.4784
vn -0.3293 0.7867 0.5222
vn -0.3141 0.8383 0.4456
vn -0.3173 0.8424 0.4355
vn -0.2396 0.8698 0.4313
vn -0.0434 0.9471 0.3179
vn -0.0960 0.9388 0.3309
vn -0.0393 0.9407 0.3369
vn -0.0953 0.9332 0.3465
vn -0.1371 0.9277 0.3471
vn -0.1299 0.9307 0.3420
vn -0.1658 0.9276 0.3348
vn -0.1370 0.9230 0.3596
vn -0.2154 0.9198 0.3281
vn -0.2118 0.9060 0.3665
vn -0.2781 0.9024 0.3290
vn -0.2049 0.8887 0.4102
vn -0.2905 0.8841 0.3661
vn -0.2899 0.8889 0.3546
vn -0.2785 0.8697 0.4074
vn -0.2122 0.8727 0.4397
vn -0.2556 0.8613 0.4391
vn -0.0196 0.9047 0.4255
vn -0.0992 0.8916 0.4419
vn -0.1491 0.8834 0.4442
vn -0.1508 0.8929 0.4242
vn -0.1372 0.8979 0.4182
vn -0.1000 0.9171 0.3860
vn -0.0919 0.9096 0.4051
vn -0.0316 0.9273 0.3729
vn -0.0264 0.9178 0.3961
vn -0.1462 0.8968 0.4175
vn -0.1295 0.9059 0.4031
vn -0.0758 0.9087 0.4104
vn -0.0634 0.9105 0.4085
vn -0.0258 0.9166 0.3991
vn -0.0246 0.9143 0.4043
vn 0.0555 0.8632 0.5019
vn 0.1045 0.7923 0.6011
vn 0.0063 0.9112 0.4119
vn 0.0704 0.9243 0.3752
vn 0.2013 0.9156 0.3480
vn 0.0696 0.9270 0.3687
vn 0.3324 0.8901 0.3118
vn 0.3379 0.8866 0.3157
vn 0.2088 0.9111 0.3554
vn 0.0741 0.9184 0.3886
vn 0.1959 0.9118 0.3609
vn 0.0696 0.9269 0.3688
vn 0.1803 0.9062 0.3826
vn 0.0652 0.9243 0.3762
vn 0.1582 0.8967 0.4135
vn 0.0412 0.9214 0.3864
vn 0.1443 0.8894 0.4337
vn 0.0253 0.9186 0.3945
vn 0.1199 0.8831 0.4537
vn 0.0183 0.9138 0.4058
vn 0.0963 0.8709 0.4819
vn 0.1603 0.7989 0.5797
vn 0.2014 0.8147 0.5438
vn 0.2186 0.8285 0.5156
vn 0.2553 0.8384 0.4816
vn 0.2770 0.8558 0.4369
vn 0.3074 0.8661 0.3942
vn 0.3389 0.8747 0.3465
vn 0.1274 0.7627 0.6341
vn 0.1141 0.7623 0.6371
vn 0.1855 0.7755 0.6034
vn 0.1885 0.7741 0.6043
vn 0.2339 0.7815 0.5784
vn 0.2471 0.7863 0.5663
vn 0.2776 0.7901 0.5466
vn 0.2960 0.8080 0.5094
vn 0.3054 0.8172 0.4887
vn 0.3035 0.8335 0.4618
vn 0.3103 0.8359 0.4528
vn 0.3319 0.8367 0.4357
vn 0.3589 0.8379 0.4112
vn 0.3665 0.8467 0.3856
vn 0.3665 0.8679 0.3353
vn 0.3614 0.8714 0.3318
vn 0.3747 0.8738 0.3099
vn 0.3774 0.8724 0.3106
vn 0.5372 0.8099 0.2354
vn 0.5503 0.8028 0.2295
vn 0.0038 0.9624 0.2718
vn 0.0019 0.9897 0.1431
vn -0.0013 0.9255 0.3787
vn 0.1920 0.9109 0.3652
vn 0.0755 0.9159 0.3942
vn 0.0753 0.9163 0.3935
vn 0.3011 0.8924 0.3361
vn 0.1999 0.9178 0.3430
vn 0.0735 0.9167 0.3927
vn 0.1846 0.9305 0.3164
vn 0.0674 0.9166 0.3940
vn 0.1297 0.9407 0.3133
vn 0.0461 0.9267 0.3731
vn 0.1603 0.9337 0.3202
vn 0.1077 0.9492 0.2957
vn 0.0238 0.9215 0.3877
vn 0.0838 0.9527 0.2922
vn 0.0125 0.9249 0.3799
vn 0.0501 0.9602 0.2747
vn 0.0624 0.9881 0.1409
vn 0.1156 0.9804 0.1593
vn 0.1438 0.9731 0.1801
vn 0.1913 0.9620 0.1948
vn 0.2209 0.9498 0.2214
vn 0.3010 0.9266 0.2255
vn 0.3263 0.8971 0.2979
vn 0.0006 0.9959 0.0904
vn 0.0077 0.9961 0.0879
vn 0.0776 0.9922 0.0977
vn 0.0757 0.9923 0.0982
vn 0.1278 0.9864 0.1029
vn 0.1433 0.9838 0.1073
vn 0.1807 0.9774 0.1096
vn 0.2060 0.9705 0.1249
vn 0.2621 0.9533 0.1501
vn 0.2365 0.9625 0.1329
vn 0.2733 0.9495 0.1540
vn 0.2768 0.9422 0.1888
vn 0.2962 0.9285 0.2239
vn 0.3232 0.9145 0.2433
vn 0.3811 0.8854 0.2662
vn 0.3912 0.8845 0.2543
vn 0.4035 0.8687 0.2875
vn 0.4134 0.8625 0.2920
vn 0.0982 0.7990 0.5933
vn 0.0724 0.8484 0.5244
vn 0.1592 0.8083 0.5669
vn 0.1188 0.8566 0.5022
vn 0.2103 0.8179 0.5355
vn 0.1615 0.8622 0.4802
vn 0.2649 0.8307 0.4897
vn 0.2083 0.8684 0.4500
vn 0.3013 0.8382 0.4545
vn 0.2528 0.8668 0.4298
vn 0.2946 0.8461 0.4442
vn 0.2636 0.8867 0.3798
vn 0.3211 0.8553 0.4067
vn 0.2706 0.9000 0.3418
vn 0.2692 0.9043 0.3313
vn 0.1909 0.9152 0.3548
vn 0.0109 0.9501 0.3119
vn 0.0167 0.9450 0.3266
vn 0.0564 0.9482 0.3127
vn 0.0475 0.9494 0.3105
vn 0.0786 0.9534 0.2914
vn 0.0615 0.9439 0.3243
vn 0.1234 0.9555 0.2679
vn 0.1360 0.9427 0.3047
vn 0.1849 0.9513 0.2468
vn 0.2071 0.9414 0.2663
vn 0.2126 0.9371 0.2767
vn 0.1481 0.9259 0.3476
vn 0.2185 0.9222 0.3192
vn 0.1680 0.9128 0.3722
vn 0.2100 0.9104 0.3564
vn 0.0614 0.9085 0.4134
vn 0.1094 0.9107 0.3983
vn 0.1023 0.9196 0.3793
vn 0.0868 0.9215 0.3785
vn 0.0383 0.9234 0.3820
vn 0.0377 0.9316 0.3615
vn 0.0950 0.9223 0.3747
vn 0.0730 0.9273 0.3671
vn 0.0256 0.9194 0.3924
vn 0.0132 0.9186 0.3949
vn 0.1814 -0.8574 0.4815
vn 0.0707 -0.8598 0.5057
vn 0.1023 -0.7909 0.6033
vn 0.1961 -0.7887 0.5826
vn 0.1089 -0.7270 0.6779
vn 0.2211 -0.7165 0.6616
vn 0.2152 -0.7389 0.6386
vn 0.0369 -0.7747 0.6312
vn -0.0323 -0.9732 0.2278
vn -0.0168 -0.9711 0.2379
vn 0.1296 -0.9814 0.1414
vn 0.1266 -0.9848 0.1191
vn -0.1090 -0.9520 -0.2862
vn -0.1404 -0.8850 -0.4440
vn 0.0028 -0.8870 -0.4617
vn 0.0414 -0.9540 -0.2968
vn -0.1850 -0.6918 -0.6980
vn -0.2140 -0.6365 -0.7410
vn -0.0839 -0.6269 -0.7746
vn -0.0642 -0.6986 -0.7126
vn -0.2121 -0.5973 -0.7735
vn -0.0854 -0.5762 -0.8128
vn -0.1607 -0.7616 -0.6278
vn -0.0463 -0.7577 -0.6509
vn -0.2214 -0.5818 -0.7826
vn -0.0876 -0.5737 -0.8144
vn 0.1775 -0.8789 0.4428
vn 0.0401 -0.8743 0.4837
vn -0.0037 -0.7665 0.6422
vn 0.1995 -0.7606 0.6178
vn 0.1954 -0.7621 0.6172
vn -0.0251 -0.7842 0.6201
vn -0.0395 -0.2623 0.9642
vn 0.2055 -0.2743 0.9394
vn 0.1906 -0.2762 0.9420
vn -0.0594 -0.2660 0.9621
vn -0.1072 -0.8434 0.5265
vn -0.1246 -0.8482 0.5148
vn -0.3204 -0.8256 0.4644
vn -0.3322 -0.8058 0.4903
vn -0.4976 -0.7704 0.3985
vn -0.4847 -0.7355 0.4733
vn -0.6383 -0.6607 0.3950
vn -0.6133 -0.6380 0.4656
vn -0.1796 -0.9480 0.2628
vn -0.1803 -0.9483 0.2613
vn -0.3352 -0.9018 0.2727
vn -0.3425 -0.8980 0.2762
vn -0.4589 -0.8263 0.3266
vn -0.4526 -0.8314 0.3224
vn -0.5844 -0.7623 0.2781
vn -0.5978 -0.7602 0.2545
vn -0.7259 -0.6759 0.1275
vn -0.7336 -0.6705 0.1105
vn -0.7731 -0.6179 0.1429
vn -0.7720 -0.6211 0.1351
vn -0.8521 -0.5134 0.1013
vn -0.8487 -0.5196 0.0992
vn -0.8643 -0.4737 0.1689
vn -0.8577 -0.4889 0.1589
vn -0.9136 -0.4017 0.0632
vn -0.9278 -0.3728 0.0148
vn -0.0651 -0.7826 0.6191
vn -0.3001 -0.7422 0.5992
vn -0.4425 -0.7024 0.5575
vn 0.0060 -0.7540 0.6568
vn -0.2391 -0.7469 0.6205
vn -0.0938 -0.8100 0.5789
vn -0.0831 -0.7690 0.6339
vn -0.1734 -0.7795 0.6019
vn -0.2138 -0.8002 0.5604
vn -0.4246 -0.8066 0.4113
vn -0.3626 -0.7813 0.5080
vn -0.4481 -0.7234 0.5252
vn -0.4981 -0.7463 0.4416
vn -0.5369 -0.7012 0.4691
vn -0.4851 -0.7066 0.5152
vn -0.5417 -0.6764 0.4990
vn -0.5613 -0.6733 0.4812
vn 0.0131 -0.8489 0.5284
vn -0.6067 -0.6525 0.4540
vn -0.6894 -0.6177 0.3784
vn -0.7503 -0.5668 0.3403
vn -0.8383 -0.5045 0.2067
vn -0.3194 -0.7582 -0.5684
vn -0.2874 -0.8659 -0.4095
vn -0.4557 -0.7832 -0.4231
vn -0.4817 -0.7021 -0.5244
vn -0.4907 -0.6509 -0.5793
vn -0.4915 -0.6072 -0.6243
vn -0.3601 -0.6230 -0.6944
vn -0.3477 -0.6708 -0.6551
vn -0.3674 -0.5840 -0.7239
vn -0.5254 -0.5697 -0.6320
vn -0.3706 -0.5726 -0.7313
vn -0.5149 -0.5717 -0.6388
vn -0.2600 -0.9201 -0.2928
vn -0.4267 -0.8341 -0.3495
vn -0.6479 -0.5348 -0.5423
vn -0.6579 -0.5106 -0.5536
vn -0.7648 -0.4647 -0.4462
vn -0.7666 -0.4567 -0.4514
vn -0.8416 -0.4051 -0.3572
vn -0.8355 -0.4188 -0.3558
vn -0.7220 -0.6296 -0.2870
vn -0.7007 -0.6191 -0.3546
vn -0.5835 -0.6966 -0.4175
vn -0.5773 -0.7435 -0.3375
vn -0.6727 -0.5844 -0.4539
vn -0.5844 -0.6357 -0.5043
vn -0.8787 -0.3900 -0.2752
vn -0.8845 -0.3709 -0.2830
vn -0.9135 -0.3216 -0.2493
vn -0.9179 -0.3256 -0.2267
vn -0.6520 -0.5636 -0.5071
vn -0.7625 -0.4942 -0.4176
vn -0.8493 -0.3904 -0.3553
vn -0.8903 -0.3696 -0.2659
vn -0.7600 -0.5380 -0.3646
vn -0.5831 -0.5735 -0.5754
vn -0.5932 -0.5992 -0.5376
vn -0.8409 -0.5286 -0.1161
vn -0.8531 -0.4618 -0.2428
vn -0.7680 -0.5953 -0.2361
vn -0.7780 -0.6091 -0.1537
vn -0.8974 -0.3541 -0.2631
vn -0.8993 -0.3617 -0.2460
vn -0.9127 -0.3081 -0.2683
vn -0.9216 -0.2910 -0.2568
vn -0.9220 -0.2973 -0.2481
vn -0.9148 -0.3018 -0.2684
vn -0.7885 -0.5401 0.2940
vn -0.8861 -0.4419 0.1402
vn -0.4108 -0.5797 0.7037
vn -0.1656 -0.6268 0.7614
vn -0.1702 -0.6453 0.7447
vn -0.3941 -0.5899 0.7047
vn -0.6224 -0.5635 0.5433
vn -0.5762 -0.5950 0.5603
vn -0.7747 -0.4419 0.4522
vn -0.7802 -0.4252 0.4588
vn -0.4135 -0.2010 0.8881
vn -0.2080 -0.2121 0.9549
vn -0.2152 -0.2267 0.9499
vn -0.3905 -0.2031 0.8979
vn -0.6523 -0.2025 0.7304
vn -0.6170 -0.1752 0.7672
vn -0.7329 -0.5525 0.3970
vn -0.7184 -0.5951 0.3601
vn -0.8669 -0.3888 0.3118
vn -0.8674 -0.3762 0.3257
vn -0.9081 -0.4010 0.1205
vn -0.7578 -0.5825 0.2939
vn 0.1989 -0.8059 0.5576
vn 0.3409 -0.7690 0.5407
vn 0.3282 -0.8290 0.4527
vn 0.3849 -0.6871 0.6162
vn 0.3496 -0.7269 0.5912
vn 0.2949 -0.9393 0.1756
vn 0.3081 -0.9381 0.1586
vn 0.1297 -0.8628 -0.4885
vn 0.1809 -0.9228 -0.3401
vn 0.0494 -0.6002 -0.7983
vn 0.0526 -0.6698 -0.7407
vn 0.0314 -0.5717 -0.8198
vn 0.0648 -0.7354 -0.6745
vn 0.0284 -0.5662 -0.8237
vn 0.3296 -0.8486 0.4138
vn 0.3988 -0.7144 0.5749
vn 0.4023 -0.7290 0.5538
vn 0.4376 -0.2441 0.8654
vn 0.4584 -0.2696 0.8469
vn 0.4657 -0.7887 0.4012
vn 0.4575 -0.8094 0.3681
vn 0.6298 -0.7075 0.3206
vn 0.6299 -0.7250 0.2786
vn 0.7489 -0.6324 0.1980
vn 0.7597 -0.6089 0.2284
vn 0.8215 -0.5351 0.1971
vn 0.8239 -0.5524 0.1268
vn 0.4496 -0.8822 0.1401
vn 0.4496 -0.8823 0.1394
vn 0.5920 -0.8012 0.0871
vn 0.5918 -0.8019 0.0824
vn 0.7085 -0.7047 0.0372
vn 0.7038 -0.7096 0.0349
vn 0.7853 -0.6190 0.0102
vn 0.7885 -0.6149 -0.0085
vn 0.8450 -0.5180 -0.1326
vn 0.8464 -0.5128 -0.1437
vn 0.8668 -0.4936 -0.0705
vn 0.8679 -0.4883 -0.0914
vn 0.8828 -0.2996 -0.3619
vn 0.8752 -0.2747 -0.3981
vn 0.8450 -0.1268 -0.5195
vn 0.8460 -0.1427 -0.5137
vn 0.9454 0.0452 -0.3228
vn 0.9169 -0.0406 -0.3970
vn 0.4809 -0.7349 0.4781
vn 0.6267 -0.6678 0.4016
vn 0.7576 -0.5738 0.3111
vn 0.8684 -0.4862 0.0978
vn 0.5029 -0.6587 0.5597
vn 0.6387 -0.6137 0.4642
vn 0.7734 -0.5779 0.2607
vn 0.5863 -0.6889 0.4263
vn 0.5645 -0.6536 0.5042
vn 0.4730 -0.6904 0.5473
vn 0.4615 -0.7539 0.4676
vn 0.7549 -0.6176 0.2207
vn 0.7306 -0.6053 0.3160
vn 0.6274 -0.6448 0.4367
vn 0.6709 -0.6696 0.3187
vn 0.8550 -0.5170 0.0396
vn 0.8361 -0.5304 0.1399
vn 0.8148 -0.5568 0.1618
vn 0.3472 -0.7956 0.4964
vn 0.8959 -0.4435 -0.0258
vn 0.9224 -0.3568 -0.1476
vn 0.8974 -0.4396 0.0370
vn 0.4226 -0.6822 -0.5966
vn 0.2846 -0.8080 -0.5159
vn 0.2289 -0.6833 -0.6933
vn 0.3777 -0.6174 -0.6901
vn 0.1909 -0.5642 -0.8033
vn 0.3432 -0.5192 -0.7827
vn 0.3689 -0.5586 -0.7429
vn 0.2077 -0.6201 -0.7565
vn 0.1866 -0.5297 -0.8274
vn 0.3644 -0.4748 -0.8012
vn 0.1964 -0.5075 -0.8390
vn 0.3502 -0.4854 -0.8011
vn 0.4546 -0.7334 -0.5055
vn 0.3200 -0.8827 -0.3441
vn 0.5026 -0.4101 -0.7611
vn 0.4957 -0.3952 -0.7734
vn 0.6244 -0.3137 -0.7154
vn 0.6236 -0.3157 -0.7152
vn 0.7124 -0.2274 -0.6640
vn 0.7148 -0.2660 -0.6468
vn 0.5296 -0.6015 -0.5981
vn 0.6292 -0.4707 -0.6184
vn 0.6702 -0.4992 -0.5492
vn 0.5679 -0.6544 -0.4993
vn 0.4781 -0.5130 -0.7130
vn 0.7726 -0.1868 -0.6069
vn 0.7764 -0.2161 -0.5920
vn 0.8141 -0.1389 -0.5638
vn 0.8239 -0.1609 -0.5435
vn 0.6342 -0.3418 -0.6936
vn 0.5268 -0.4278 -0.7344
vn 0.7751 -0.1584 -0.6116
vn 0.7301 -0.2383 -0.6404
vn 0.6655 -0.3862 -0.6386
vn 0.5598 -0.4544 -0.6929
vn 0.4381 -0.4765 -0.7623
vn 0.4693 -0.4883 -0.7357
vn 0.7265 -0.4338 -0.5329
vn 0.7736 -0.2905 -0.5631
vn 0.7947 -0.3237 -0.5136
vn 0.7597 -0.4612 -0.4585
vn 0.8049 -0.1685 -0.5690
vn 0.8197 -0.1991 -0.5370
vn 0.7997 -0.1263 -0.5869
vn 0.7732 -0.1278 -0.6211
vn 0.7628 -0.1299 -0.6335
vn 0.7976 -0.1381 -0.5871
vn 0.9377 -0.3100 -0.1571
vn 0.8835 -0.4666 0.0416
vn 0.5597 -0.5603 0.6105
vn 0.5669 -0.5373 0.6245
vn 0.7582 -0.4467 0.4749
vn 0.7384 -0.4642 0.4892
vn 0.8566 -0.4012 0.3245
vn 0.8688 -0.3859 0.3102
vn 0.9242 -0.3322 0.1884
vn 0.9603 -0.2281 0.1604
vn 0.6090 -0.1542 0.7781
vn 0.5895 -0.1349 0.7964
vn 0.7457 -0.0779 0.6618
vn 0.7476 -0.0792 0.6594
vn 0.8733 -0.0055 0.4872
vn 0.8733 -0.0003 0.4872
vn 0.9680 0.0778 0.2385
vn 0.9633 0.0677 0.2599
vn 0.9965 0.0601 -0.0588
vn 0.9750 0.1460 -0.1674
vn 0.9921 0.1198 -0.0362
vn 0.9897 0.1398 0.0302
vt 0.168714 0.669152
vt 0.178474 0.669152
vt 0.178474 0.671803
vt 0.168714 0.671803
vt 0.604259 0.669152
vt 0.615399 0.669152
vt 0.615399 0.671803
vt 0.604258 0.671803
vt 0.542453 0.669152
vt 0.552730 0.669152
vt 0.552729 0.671803
vt 0.542453 0.671803
vt 0.593325 0.669152
vt 0.593324 0.671803
vt 0.582687 0.669152
vt 0.582686 0.671803
vt 0.572419 0.669152
vt 0.572419 0.671803
vt 0.562579 0.669152
vt 0.562579 0.671803
vt 0.454523 0.669152
vt 0.465081 0.669152
vt 0.465081 0.671803
vt 0.454523 0.671803
vt 0.444260 0.669152
vt 0.444260 0.671803
vt 0.434488 0.669152
vt 0.434488 0.671803
vt 0.498474 0.669152
vt 0.509723 0.669152
vt 0.509723 0.671803
vt 0.498474 0.671803
vt 0.520867 0.669152
vt 0.520867 0.671803
vt 0.531807 0.669152
vt 0.531807 0.671803
vt 0.626647 0.669152
vt 0.626646 0.671803
vt 0.637895 0.669152
vt 0.637895 0.671803
vt 0.649038 0.669152
vt 0.649037 0.671803
vt 0.670616 0.669152
vt 0.680889 0.669152
vt 0.680888 0.671803
vt 0.670616 0.671803
vt 0.659974 0.669152
vt 0.659974 0.671803
vt 0.487227 0.669152
vt 0.487227 0.671803
vt 0.476053 0.669152
vt 0.476053 0.671803
vt 0.168733 0.661454
vt 0.178462 0.661352
vt 0.616517 0.615173
vt 0.604214 0.595517
vt 0.611604 0.596082
vt 0.542702 0.593312
vt 0.552274 0.593312
vt 0.593639 0.594759
vt 0.583109 0.593836
vt 0.572806 0.593312
vt 0.562926 0.593312
vt 0.454262 0.593312
vt 0.464876 0.593312
vt 0.443948 0.593312
vt 0.434369 0.593312
vt 0.498467 0.593312
vt 0.509784 0.593312
vt 0.520995 0.593312
vt 0.531998 0.593312
vt 0.623100 0.629352
vt 0.630147 0.640460
vt 0.638003 0.648090
vt 0.649109 0.654620
vt 0.671025 0.660783
vt 0.680907 0.661454
vt 0.660289 0.659280
vt 0.487152 0.593312
vt 0.475911 0.593312
vt 0.616716 0.544158
vt 0.604226 0.559290
vt 0.606338 0.530405
vt 0.618018 0.529053
vt 0.593704 0.559161
vt 0.594830 0.532687
vt 0.584339 0.559491
vt 0.586935 0.534634
vt 0.574919 0.561216
vt 0.579119 0.536431
vt 0.571824 0.538173
vt 0.566178 0.563409
vt 0.564904 0.552716
vt 0.551770 0.577052
vt 0.558816 0.566442
vt 0.678696 0.507941
vt 0.678359 0.503931
vt 0.690888 0.503383
vt 0.690724 0.507647
vt 0.606394 0.513509
vt 0.618975 0.512853
vt 0.598562 0.513988
vt 0.589447 0.514295
vt 0.666170 0.508849
vt 0.665689 0.504243
vt 0.678037 0.504199
vt 0.678374 0.508208
vt 0.654199 0.509950
vt 0.654988 0.503989
vt 0.642674 0.511173
vt 0.644023 0.503883
vt 0.677942 0.500008
vt 0.690866 0.499474
vt 0.608227 0.503962
vt 0.621565 0.503860
vt 0.632913 0.503808
vt 0.642526 0.500078
vt 0.664033 0.500273
vt 0.677621 0.500275
vt 0.652824 0.500254
vt 0.676269 0.497508
vt 0.691011 0.496544
vt 0.631320 0.499387
vt 0.659918 0.497643
vt 0.675142 0.497200
vt 0.646468 0.498296
vt 0.531212 0.591415
vt 0.536349 0.589831
vt 0.542227 0.585918
vt 0.547212 0.582386
vt 0.579810 0.525498
vt 0.678571 0.511360
vt 0.690674 0.510283
vt 0.666077 0.513650
vt 0.678249 0.511627
vt 0.654356 0.516897
vt 0.642462 0.521661
vt 0.611281 0.560072
vt 0.630921 0.528227
vt 0.609701 0.577625
vt 0.630741 0.512126
vt 0.184053 0.669152
vt 0.183947 0.671803
vt 0.253640 0.671803
vt 0.253640 0.669152
vt 0.264781 0.669152
vt 0.264781 0.671803
vt 0.316310 0.671803
vt 0.316310 0.669152
vt 0.326586 0.669152
vt 0.326587 0.671803
vt 0.275715 0.669152
vt 0.275715 0.671803
vt 0.286353 0.669152
vt 0.286353 0.671803
vt 0.296620 0.669152
vt 0.296620 0.671803
vt 0.306460 0.669152
vt 0.306460 0.671803
vt 0.403958 0.671803
vt 0.403958 0.669152
vt 0.414516 0.669152
vt 0.414515 0.671803
vt 0.424779 0.669152
vt 0.424779 0.671803
vt 0.359316 0.671803
vt 0.359316 0.669152
vt 0.370565 0.669152
vt 0.370565 0.671803
vt 0.348172 0.671803
vt 0.348172 0.669152
vt 0.337232 0.671803
vt 0.337232 0.669152
vt 0.381812 0.669152
vt 0.381811 0.671803
vt 0.392986 0.669152
vt 0.392986 0.671803
vt 0.188084 0.661809
vt 0.184854 0.661719
vt 0.188065 0.659772
vt 0.184067 0.665865
vt 0.264050 0.615358
vt 0.254204 0.632365
vt 0.253276 0.662150
vt 0.316008 0.593312
vt 0.326337 0.593312
vt 0.275347 0.596386
vt 0.269791 0.598128
vt 0.285052 0.594310
vt 0.295627 0.593312
vt 0.306113 0.593312
vt 0.404163 0.593312
vt 0.414778 0.593312
vt 0.425092 0.593312
vt 0.359255 0.593312
vt 0.370572 0.593312
vt 0.348044 0.593312
vt 0.337041 0.593312
vt 0.252578 0.661809
vt 0.241972 0.661809
vt 0.240930 0.644257
vt 0.230361 0.649551
vt 0.230855 0.661809
vt 0.219840 0.661809
vt 0.219652 0.653515
vt 0.209093 0.661809
vt 0.198441 0.661809
vt 0.198449 0.658280
vt 0.209115 0.656174
vt 0.381887 0.593312
vt 0.393128 0.593312
vt 0.272596 0.531033
vt 0.263165 0.546038
vt 0.261609 0.530116
vt 0.275314 0.560014
vt 0.269655 0.560370
vt 0.282079 0.532831
vt 0.283695 0.560012
vt 0.290623 0.535428
vt 0.293328 0.561355
vt 0.297755 0.538468
vt 0.302172 0.563417
vt 0.305001 0.553871
vt 0.317269 0.577052
vt 0.310223 0.566442
vt 0.178392 0.503650
vt 0.191031 0.504099
vt 0.190616 0.508379
vt 0.178227 0.507914
vt 0.249958 0.529788
vt 0.248616 0.512913
vt 0.257854 0.513386
vt 0.268370 0.513601
vt 0.279822 0.515560
vt 0.201994 0.503765
vt 0.202128 0.509039
vt 0.214051 0.503989
vt 0.214081 0.510159
vt 0.225788 0.503715
vt 0.226364 0.511380
vt 0.178369 0.499741
vt 0.191867 0.500197
vt 0.261617 0.505342
vt 0.248006 0.504053
vt 0.238652 0.503581
vt 0.226514 0.500078
vt 0.203286 0.500093
vt 0.216215 0.500254
vt 0.178515 0.496811
vt 0.193897 0.497200
vt 0.240716 0.499756
vt 0.205487 0.496930
vt 0.220272 0.497491
vt 0.332690 0.589831
vt 0.337827 0.591415
vt 0.326813 0.585918
vt 0.321827 0.582386
vt 0.289229 0.526878
vt 0.190805 0.510691
vt 0.178177 0.510550
vt 0.202114 0.511604
vt 0.214320 0.513363
vt 0.226949 0.517171
vt 0.272192 0.580409
vt 0.238487 0.521878
vt 0.238298 0.512126
vt 0.453629 0.586709
vt 0.463915 0.586709
vt 0.443643 0.586709
vt 0.434374 0.586709
vt 0.496585 0.586709
vt 0.507652 0.586709
vt 0.518654 0.586709
vt 0.485554 0.586709
vt 0.474623 0.586709
vt 0.548836 0.571947
vt 0.555656 0.562315
vt 0.673935 0.495026
vt 0.690451 0.493786
vt 0.655327 0.495839
vt 0.673475 0.495098
vt 0.636548 0.495177
vt 0.623506 0.497191
vt 0.528696 0.584986
vt 0.533742 0.583548
vt 0.539510 0.579996
vt 0.544395 0.576790
vt 0.560444 0.551599
vt 0.566152 0.539317
vt 0.574477 0.526462
vt 0.583324 0.515841
vt 0.599854 0.502240
vt 0.405125 0.586709
vt 0.415410 0.586709
vt 0.425396 0.586709
vt 0.361387 0.586709
vt 0.372454 0.586709
vt 0.350385 0.586709
vt 0.383485 0.586709
vt 0.394416 0.586709
vt 0.302119 0.538070
vt 0.308490 0.551396
vt 0.313383 0.562315
vt 0.320203 0.571947
vt 0.177955 0.494053
vt 0.195484 0.493560
vt 0.209507 0.494422
vt 0.226174 0.495902
vt 0.247076 0.499018
vt 0.335297 0.583548
vt 0.340343 0.584986
vt 0.329529 0.579996
vt 0.324644 0.576790
vt 0.293633 0.525144
vt 0.265179 0.504328
vt 0.284731 0.514974
vt 0.452650 0.585360
vt 0.462063 0.585210
vt 0.442795 0.585360
vt 0.434093 0.585509
vt 0.494887 0.584911
vt 0.505462 0.584463
vt 0.516758 0.584164
vt 0.483033 0.585061
vt 0.473250 0.585061
vt 0.546042 0.569556
vt 0.552676 0.560057
vt 0.671541 0.492839
vt 0.689686 0.490758
vt 0.648504 0.493099
vt 0.671368 0.492451
vt 0.627420 0.493636
vt 0.606898 0.496300
vt 0.526373 0.582599
vt 0.531202 0.580993
vt 0.536141 0.577766
vt 0.540650 0.574105
vt 0.556141 0.550406
vt 0.559163 0.540546
vt 0.565353 0.527799
vt 0.571943 0.517792
vt 0.586254 0.504652
vt 0.405282 0.585496
vt 0.415414 0.585504
vt 0.425119 0.585551
vt 0.361589 0.585290
vt 0.372647 0.585378
vt 0.350480 0.585202
vt 0.383650 0.585378
vt 0.394275 0.585378
vt 0.303774 0.537448
vt 0.309947 0.550998
vt 0.314731 0.561446
vt 0.321823 0.570728
vt 0.177190 0.491026
vt 0.195431 0.490821
vt 0.214566 0.492583
vt 0.234184 0.494092
vt 0.250719 0.498423
vt 0.336166 0.582065
vt 0.340921 0.583371
vt 0.330356 0.578926
vt 0.326303 0.575216
vt 0.295396 0.524666
vt 0.268149 0.503806
vt 0.286053 0.514010
vt 0.171528 0.641383
vt 0.179447 0.641310
vt 0.629559 0.594483
vt 0.632387 0.608180
vt 0.637158 0.618352
vt 0.642547 0.626321
vt 0.648782 0.631796
vt 0.657780 0.636480
vt 0.675646 0.640902
vt 0.683703 0.641383
vt 0.666877 0.639823
vt 0.690352 0.510550
vt 0.692538 0.533120
vt 0.685040 0.534139
vt 0.677370 0.535766
vt 0.669246 0.537673
vt 0.660610 0.541091
vt 0.638837 0.557231
vt 0.632644 0.568649
vt 0.651475 0.545802
vt 0.629584 0.581241
vt 0.187253 0.640177
vt 0.241724 0.619441
vt 0.248029 0.608313
vt 0.251658 0.595951
vt 0.230144 0.629045
vt 0.221587 0.632843
vt 0.212897 0.635687
vt 0.195684 0.639106
vt 0.204341 0.637595
vt 0.248025 0.568862
vt 0.241193 0.558580
vt 0.188030 0.533221
vt 0.180364 0.533120
vt 0.195128 0.533700
vt 0.202789 0.535138
vt 0.211389 0.537869
vt 0.252131 0.583238
vt 0.229291 0.546922
vt 0.219709 0.541393
vt 0.179290 0.628992
vt 0.184974 0.622829
vt 0.184971 0.628992
vt 0.178230 0.627296
vt 0.225207 0.627383
vt 0.223829 0.628992
vt 0.219016 0.622829
vt 0.241869 0.662659
vt 0.252135 0.662659
vt 0.248673 0.669521
vt 0.230832 0.662659
vt 0.236947 0.669521
vt 0.179510 0.622829
vt 0.185398 0.662659
vt 0.188054 0.662659
vt 0.187111 0.669520
vt 0.196590 0.669520
vt 0.198430 0.662659
vt 0.209009 0.662659
vt 0.205698 0.669521
vt 0.215640 0.669521
vt 0.219777 0.662659
vt 0.226180 0.669520
vt 0.223994 0.622829
vt 0.219013 0.628992
vt 0.212319 0.628992
vt 0.212322 0.622829
vt 0.189240 0.622829
vt 0.189236 0.628992
vt 0.199852 0.622829
vt 0.199849 0.628992
vt 0.194518 0.628992
vt 0.194521 0.622829
vt 0.206002 0.622829
vt 0.205998 0.628992
vt 0.188480 0.540574
vt 0.189801 0.548144
vt 0.180581 0.548978
vt 0.179732 0.540914
vt 0.224619 0.549529
vt 0.225468 0.557593
vt 0.220818 0.554101
vt 0.223027 0.547796
vt 0.216055 0.544375
vt 0.214056 0.551443
vt 0.206939 0.549585
vt 0.206903 0.541782
vt 0.198545 0.548254
vt 0.197977 0.540621
vt 0.022518 0.616897
vt 0.016905 0.616936
vt 0.018371 0.617313
vt 0.021084 0.617296
vt 0.024059 0.616210
vt 0.015425 0.616321
vt 0.025581 0.615296
vt 0.013788 0.615331
vt 0.027027 0.614006
vt 0.012313 0.613870
vt 0.028399 0.612325
vt 0.010992 0.612123
vt 0.029485 0.610401
vt 0.009838 0.610139
vt 0.030487 0.608200
vt 0.008861 0.608078
vt 0.031138 0.605967
vt 0.008210 0.606073
vt 0.031284 0.604765
vt 0.008006 0.604927
vt 0.031375 0.603470
vt 0.007954 0.603271
vt 0.031336 0.602357
vt 0.008086 0.602197
vt 0.031105 0.601309
vt 0.008442 0.601179
vt 0.030328 0.599989
vt 0.009072 0.600067
vt 0.029356 0.598948
vt 0.009897 0.599158
vt 0.028274 0.597922
vt 0.010981 0.598130
vt 0.027017 0.597005
vt 0.012322 0.597057
vt 0.025572 0.596252
vt 0.013723 0.596363
vt 0.023603 0.595609
vt 0.015442 0.595716
vt 0.022450 0.595380
vt 0.017071 0.595359
vt 0.021522 0.595272
vt 0.017856 0.595302
vt 0.020802 0.595195
vt 0.018540 0.595238
vt 0.020246 0.595186
vt 0.019100 0.595200
vt 0.016905 0.617375
vt 0.015425 0.616761
vt 0.013788 0.615770
vt 0.012313 0.614309
vt 0.010992 0.612563
vt 0.009838 0.610579
vt 0.008861 0.608518
vt 0.008210 0.606512
vt 0.008005 0.605366
vt 0.007954 0.603710
vt 0.008086 0.602636
vt 0.008442 0.601618
vt 0.009072 0.600507
vt 0.009897 0.599597
vt 0.010981 0.598569
vt 0.012322 0.597496
vt 0.013723 0.596802
vt 0.015442 0.596155
vt 0.017071 0.595798
vt 0.017856 0.595741
vt 0.018540 0.595677
vt 0.019100 0.595639
vt 0.019476 0.595634
vt 0.020246 0.595625
vt 0.020802 0.595635
vt 0.021522 0.595711
vt 0.022449 0.595819
vt 0.023603 0.596048
vt 0.025572 0.596692
vt 0.027017 0.597444
vt 0.028274 0.598361
vt 0.029356 0.599388
vt 0.030328 0.600429
vt 0.031105 0.601748
vt 0.031336 0.602796
vt 0.031375 0.603910
vt 0.031284 0.605205
vt 0.031138 0.606406
vt 0.030487 0.608639
vt 0.029485 0.610840
vt 0.028399 0.612764
vt 0.027027 0.614446
vt 0.025581 0.615735
vt 0.024059 0.616649
vt 0.022518 0.617336
vt 0.021083 0.617735
vt 0.019725 0.617743
vt 0.018371 0.617752
vt 0.845976 0.930833
vt 0.838093 0.931649
vt 0.845531 0.905648
vt 0.827507 0.876029
vt 0.829987 0.932296
vt 0.815740 0.934061
vt 0.817660 0.874852
vt 0.792494 0.898172
vt 0.799658 0.933977
vt 0.783258 0.934029
vt 0.765521 0.920263
vt 0.766849 0.934132
vt 0.758891 0.924430
vt 0.750730 0.934367
vt 0.750797 0.925606
vt 0.744391 0.923036
vt 0.845230 0.875437
vt 0.828098 0.864446
vt 0.844936 0.847460
vt 0.823461 0.866447
vt 0.823762 0.862143
vt 0.827699 0.853822
vt 0.825454 0.835961
vt 0.821282 0.856235
vt 0.816228 0.851899
vt 0.804575 0.836142
vt 0.809621 0.849962
vt 0.801917 0.851318
vt 0.787999 0.836939
vt 0.796210 0.855440
vt 0.775342 0.837888
vt 0.772657 0.858952
vt 0.753614 0.840754
vt 0.753137 0.863473
vt 0.770293 0.878714
vt 0.753701 0.880329
vt 0.737402 0.843515
vt 0.737115 0.868275
vt 0.738244 0.883874
vt 0.719540 0.847865
vt 0.719789 0.873513
vt 0.720014 0.895842
vt 0.844574 0.818612
vt 0.844381 0.793291
vt 0.825921 0.818829
vt 0.825720 0.793538
vt 0.844239 0.766136
vt 0.825554 0.766192
vt 0.824917 0.674301
vt 0.843589 0.674478
vt 0.843787 0.705289
vt 0.825111 0.705170
vt 0.844013 0.736903
vt 0.825328 0.736811
vt 0.824749 0.642335
vt 0.843404 0.642548
vt 0.824458 0.580940
vt 0.843131 0.580640
vt 0.843255 0.612240
vt 0.824595 0.612272
vt 0.824323 0.527863
vt 0.842973 0.527761
vt 0.843038 0.553455
vt 0.824382 0.553640
vt 0.824304 0.499704
vt 0.842940 0.499516
vt 0.842918 0.441965
vt 0.842932 0.469697
vt 0.824270 0.469768
vt 0.824271 0.442222
vt 0.842930 0.412849
vt 0.824278 0.413090
vt 0.824328 0.383247
vt 0.842985 0.382902
vt 0.843052 0.356591
vt 0.824400 0.356734
vt 0.824490 0.327712
vt 0.843150 0.327608
vt 0.843282 0.296901
vt 0.824617 0.297220
vt 0.824749 0.268651
vt 0.843424 0.268516
vt 0.824914 0.238130
vt 0.843599 0.237886
vt 0.844066 0.181695
vt 0.843831 0.210591
vt 0.825128 0.210875
vt 0.825322 0.181753
vt 0.829930 0.149761
vt 0.844252 0.149645
vt 0.844436 0.123966
vt 0.834257 0.134493
vt 0.835756 0.122219
vt 0.845366 0.093183
vt 0.837327 0.105994
vt 0.838092 0.091930
vt 0.840047 0.069792
vt 0.845654 0.069779
vt 0.831282 0.108261
vt 0.830009 0.098559
vt 0.830868 0.081184
vt 0.826641 0.089498
vt 0.821037 0.081528
vt 0.824881 0.068096
vt 0.832917 0.068960
vt 0.813480 0.075020
vt 0.816484 0.066777
vt 0.807145 0.065828
vt 0.804390 0.070151
vt 0.812770 0.051433
vt 0.822057 0.054415
vt 0.799411 0.065519
vt 0.794320 0.066905
vt 0.784138 0.046699
vt 0.794424 0.047354
vt 0.783009 0.065222
vt 0.774647 0.065324
vt 0.773820 0.046946
vt 0.750493 0.064800
vt 0.742762 0.078536
vt 0.732866 0.069315
vt 0.730417 0.091836
vt 0.726705 0.091635
vt 0.719514 0.067793
vt 0.719306 0.091378
vt 0.728031 0.111062
vt 0.719064 0.118678
vt 0.840657 0.060266
vt 0.845679 0.060299
vt 0.730297 0.128676
vt 0.718810 0.148853
vt 0.732873 0.145011
vt 0.738451 0.144556
vt 0.737072 0.180871
vt 0.718540 0.179597
vt 0.718335 0.209846
vt 0.736461 0.210212
vt 0.736304 0.237527
vt 0.736133 0.267961
vt 0.718010 0.267931
vt 0.718188 0.237214
vt 0.735988 0.296715
vt 0.717866 0.296359
vt 0.735859 0.326571
vt 0.735756 0.356252
vt 0.717638 0.356018
vt 0.717744 0.325783
vt 0.735688 0.382912
vt 0.735635 0.412748
vt 0.717508 0.412402
vt 0.717565 0.382518
vt 0.717489 0.469556
vt 0.717486 0.441823
vt 0.735608 0.442013
vt 0.735614 0.469615
vt 0.717512 0.499637
vt 0.735635 0.499674
vt 0.735682 0.527818
vt 0.717558 0.527808
vt 0.717622 0.553514
vt 0.735747 0.553614
vt 0.735962 0.612391
vt 0.717835 0.612405
vt 0.717705 0.580778
vt 0.735832 0.580896
vt 0.736276 0.674569
vt 0.718172 0.675013
vt 0.717984 0.642870
vt 0.736096 0.642521
vt 0.718602 0.737380
vt 0.718378 0.705862
vt 0.736471 0.705401
vt 0.736699 0.737077
vt 0.718989 0.793817
vt 0.718774 0.766812
vt 0.736875 0.766609
vt 0.737085 0.793730
vt 0.719262 0.819481
vt 0.737345 0.819207
vt 0.720205 0.913968
vt 0.733280 0.908708
vt 0.739279 0.906259
vt 0.744044 0.901117
vt 0.737921 0.911166
vt 0.729151 0.934163
vt 0.720686 0.933690
vt 0.731962 0.916285
vt 0.738239 0.934484
vt 0.739713 0.917865
vt 0.812288 0.149473
vt 0.803890 0.182040
vt 0.802727 0.155688
vt 0.791862 0.159709
vt 0.787372 0.181764
vt 0.781153 0.161406
vt 0.770384 0.181619
vt 0.771218 0.161355
vt 0.761624 0.159589
vt 0.753450 0.181322
vt 0.778231 0.210613
vt 0.752798 0.210420
vt 0.777979 0.237890
vt 0.752631 0.237709
vt 0.777816 0.268341
vt 0.777682 0.297032
vt 0.752328 0.296879
vt 0.752465 0.268139
vt 0.777552 0.327585
vt 0.777460 0.356322
vt 0.752107 0.356239
vt 0.752201 0.327196
vt 0.777392 0.383204
vt 0.777341 0.412931
vt 0.751988 0.412830
vt 0.752037 0.383070
vt 0.751965 0.442098
vt 0.777318 0.442148
vt 0.777313 0.469596
vt 0.751966 0.469593
vt 0.777334 0.499714
vt 0.751985 0.499728
vt 0.777589 0.581171
vt 0.752173 0.581079
vt 0.752090 0.553620
vt 0.777438 0.553741
vt 0.752032 0.527849
vt 0.777379 0.527846
vt 0.777849 0.642174
vt 0.752445 0.642366
vt 0.752303 0.612325
vt 0.777724 0.612231
vt 0.778044 0.674110
vt 0.752627 0.674338
vt 0.778456 0.736677
vt 0.753039 0.736876
vt 0.752821 0.705176
vt 0.778242 0.704977
vt 0.778877 0.793587
vt 0.753442 0.793647
vt 0.753226 0.766414
vt 0.778689 0.766238
vt 0.753698 0.819057
vt 0.777137 0.818984
vt 0.752698 0.156096
vt 0.744874 0.150983
vt 0.804533 0.818987
vt 0.804320 0.793535
vt 0.803888 0.736683
vt 0.804113 0.766230
vt 0.803669 0.705070
vt 0.803469 0.674185
vt 0.803300 0.642284
vt 0.803158 0.612366
vt 0.803039 0.581144
vt 0.802886 0.527877
vt 0.802956 0.553762
vt 0.802849 0.499712
vt 0.802834 0.469728
vt 0.802827 0.442284
vt 0.802850 0.413160
vt 0.802903 0.383359
vt 0.802972 0.356697
vt 0.803063 0.327820
vt 0.803196 0.297253
vt 0.803329 0.268677
vt 0.803495 0.238210
vt 0.803671 0.210966
vt 0.720767 0.047445
vt 0.719482 0.055538
vt 0.716630 0.055427
vt 0.717780 0.047522
vt 0.720567 0.039653
vt 0.722835 0.040383
vt 0.724853 0.030719
vt 0.727199 0.031950
vt 0.731244 0.022897
vt 0.733067 0.024487
vt 0.740145 0.016139
vt 0.741574 0.018070
vt 0.751099 0.010013
vt 0.752282 0.012329
vt 0.753085 0.014040
vt 0.763020 0.008427
vt 0.763595 0.010517
vt 0.762058 0.005790
vt 0.776201 0.003766
vt 0.775900 0.006324
vt 0.787101 0.006137
vt 0.787558 0.003758
vt 0.797978 0.007343
vt 0.798753 0.004602
vt 0.810763 0.010679
vt 0.811283 0.007550
vt 0.821309 0.016113
vt 0.822233 0.013327
vt 0.830691 0.022255
vt 0.832360 0.019625
vt 0.837428 0.030276
vt 0.839210 0.027974
vt 0.842051 0.037269
vt 0.844298 0.035776
vt 0.845558 0.046661
vt 0.848536 0.045141
vt 0.846505 0.053198
vt 0.850427 0.051626
vt 0.722228 0.047540
vt 0.720788 0.054917
vt 0.734195 0.025770
vt 0.728739 0.032688
vt 0.742185 0.019500
vt 0.724524 0.040630
vt 0.756486 0.021267
vt 0.770702 0.017476
vt 0.775665 0.008394
vt 0.784615 0.016753
vt 0.786760 0.008212
vt 0.797711 0.009554
vt 0.797079 0.018171
vt 0.807806 0.021385
vt 0.809733 0.012581
vt 0.819272 0.026840
vt 0.820786 0.018065
vt 0.829759 0.023816
vt 0.828742 0.032996
vt 0.836548 0.031736
vt 0.832698 0.036533
vt 0.840567 0.038243
vt 0.836763 0.043221
vt 0.844002 0.047515
vt 0.840239 0.049782
vt 0.845216 0.053960
vt 0.840618 0.055111
vt 0.744401 0.027970
vt 0.735817 0.035473
vt 0.729216 0.043922
vt 0.728869 0.051676
vt 0.729913 0.058771
vt 0.738830 0.053747
vt 0.749881 0.050729
vt 0.762692 0.047988
vt 0.747532 0.039047
vt 0.759937 0.033815
vt 0.773127 0.031356
vt 0.784380 0.030822
vt 0.766602 0.065106
vt 0.795572 0.031941
vt 0.806348 0.034661
vt 0.803477 0.048773
vt 0.826113 0.043867
vt 0.816875 0.038642
vt 0.832672 0.049148
vt 0.828353 0.056870
vt 0.835569 0.052987
vt 0.834795 0.059071
vt 0.737845 0.044680
vt 0.850778 0.059828
vt 0.846851 0.060341
vt 0.851186 0.069631
vt 0.846645 0.069712
vt 0.847173 0.930496
vt 0.846904 0.904914
vt 0.850554 0.904945
vt 0.850475 0.930444
vt 0.846758 0.942427
vt 0.849619 0.943078
vt 0.846640 0.875084
vt 0.851312 0.874979
vt 0.846337 0.847157
vt 0.851642 0.847114
vt 0.845972 0.818607
vt 0.852317 0.818617
vt 0.845775 0.793248
vt 0.852730 0.766145
vt 0.845649 0.766181
vt 0.845418 0.736927
vt 0.852497 0.737005
vt 0.852351 0.793264
vt 0.852263 0.705426
vt 0.845188 0.705311
vt 0.844989 0.674569
vt 0.852064 0.674625
vt 0.852678 0.642328
vt 0.844800 0.642379
vt 0.852407 0.580519
vt 0.852533 0.612214
vt 0.844654 0.612195
vt 0.844531 0.580556
vt 0.852318 0.527743
vt 0.852319 0.553421
vt 0.844441 0.553415
vt 0.844375 0.527750
vt 0.852283 0.499507
vt 0.844341 0.499481
vt 0.844336 0.469685
vt 0.852275 0.469558
vt 0.844317 0.441912
vt 0.852145 0.441867
vt 0.844329 0.412609
vt 0.852154 0.412316
vt 0.844456 0.356537
vt 0.852281 0.356507
vt 0.852213 0.382759
vt 0.844386 0.382832
vt 0.852224 0.296780
vt 0.844683 0.296878
vt 0.844827 0.268401
vt 0.852370 0.268341
vt 0.852587 0.237709
vt 0.845006 0.237803
vt 0.845243 0.210509
vt 0.852826 0.210410
vt 0.845478 0.181592
vt 0.852526 0.181500
vt 0.845844 0.124540
vt 0.846122 0.093319
vt 0.851507 0.093643
vt 0.852302 0.125095
vt 0.852617 0.151004
vt 0.845647 0.150261
vt 0.845586 0.941937
vt 0.845083 0.951302
vt 0.848678 0.954080
vt 0.840715 0.964342
vt 0.842810 0.957564
vt 0.843873 0.965923
vt 0.837679 0.973543
vt 0.835066 0.971416
vt 0.829801 0.982221
vt 0.827366 0.979328
vt 0.815950 0.985721
vt 0.817882 0.989535
vt 0.802615 0.990117
vt 0.803487 0.993661
vt 0.789192 0.992050
vt 0.789404 0.995550
vt 0.773989 0.992140
vt 0.773526 0.995503
vt 0.758617 0.989234
vt 0.757113 0.992824
vt 0.742920 0.987080
vt 0.745120 0.983446
vt 0.730460 0.979373
vt 0.733709 0.975633
vt 0.721563 0.970275
vt 0.726233 0.966386
vt 0.716321 0.959671
vt 0.722710 0.956998
vt 0.720567 0.949716
vt 0.713774 0.951661
vt 0.719402 0.942215
vt 0.711918 0.943412
vt 0.844380 0.950616
vt 0.842182 0.957416
vt 0.838263 0.964054
vt 0.839796 0.963961
vt 0.834450 0.970807
vt 0.833707 0.969947
vt 0.815237 0.984737
vt 0.826240 0.978146
vt 0.802207 0.989029
vt 0.789165 0.990861
vt 0.774182 0.990917
vt 0.774346 0.989449
vt 0.759235 0.987952
vt 0.759974 0.986647
vt 0.789236 0.989684
vt 0.801961 0.987968
vt 0.814709 0.983752
vt 0.825707 0.977518
vt 0.830600 0.964162
vt 0.838685 0.956020
vt 0.834357 0.950899
vt 0.827355 0.957299
vt 0.837101 0.946158
vt 0.839927 0.948661
vt 0.830526 0.944818
vt 0.833656 0.942546
vt 0.839876 0.939694
vt 0.835546 0.939146
vt 0.831304 0.939775
vt 0.823196 0.941299
vt 0.806854 0.944811
vt 0.814785 0.943123
vt 0.816123 0.950982
vt 0.824545 0.947519
vt 0.818862 0.963064
vt 0.821943 0.971422
vt 0.787225 0.946003
vt 0.797671 0.945440
vt 0.797157 0.955464
vt 0.807189 0.953729
vt 0.798516 0.970803
vt 0.809074 0.967540
vt 0.799691 0.980863
vt 0.811942 0.976931
vt 0.776696 0.945999
vt 0.766278 0.945350
vt 0.756152 0.944136
vt 0.755047 0.952596
vt 0.765520 0.955031
vt 0.745251 0.949285
vt 0.746474 0.942431
vt 0.742651 0.960073
vt 0.752811 0.965707
vt 0.733794 0.953043
vt 0.736217 0.945295
vt 0.731788 0.957699
vt 0.739624 0.967624
vt 0.728971 0.951323
vt 0.727669 0.945241
vt 0.724177 0.956752
vt 0.722033 0.949570
vt 0.720800 0.941983
vt 0.728191 0.941078
vt 0.737303 0.940389
vt 0.728284 0.963624
vt 0.735820 0.973247
vt 0.750215 0.974749
vt 0.746888 0.981252
vt 0.762257 0.979726
vt 0.775259 0.982329
vt 0.788634 0.982555
vt 0.734885 0.974469
vt 0.727493 0.965176
vt 0.746055 0.982334
vt 0.775919 0.971920
vt 0.764009 0.969758
vt 0.776443 0.956331
vt 0.788104 0.972081
vt 0.787544 0.956403
vt 0.711663 0.933819
vt 0.718874 0.933792
vt 0.718372 0.067971
vt 0.717994 0.091556
vt 0.715394 0.091536
vt 0.715856 0.068316
vt 0.717748 0.119046
vt 0.715051 0.119208
vt 0.717497 0.148495
vt 0.714804 0.148473
vt 0.717222 0.179339
vt 0.714769 0.179284
vt 0.717010 0.209746
vt 0.716864 0.237126
vt 0.713466 0.237032
vt 0.714071 0.209668
vt 0.713139 0.296285
vt 0.716548 0.296303
vt 0.716423 0.325462
vt 0.713020 0.325304
vt 0.712922 0.355899
vt 0.716319 0.355891
vt 0.716241 0.382456
vt 0.712811 0.382419
vt 0.712555 0.412076
vt 0.716182 0.412212
vt 0.716164 0.441877
vt 0.712366 0.441571
vt 0.716164 0.469540
vt 0.712157 0.469525
vt 0.716191 0.499611
vt 0.712295 0.499445
vt 0.716304 0.553473
vt 0.712069 0.553465
vt 0.712022 0.527771
vt 0.716240 0.527798
vt 0.716386 0.580785
vt 0.712193 0.580805
vt 0.716514 0.612434
vt 0.711709 0.612424
vt 0.716663 0.642946
vt 0.711570 0.642855
vt 0.716852 0.675153
vt 0.711423 0.675187
vt 0.711248 0.737551
vt 0.711223 0.706028
vt 0.717057 0.705943
vt 0.717282 0.737434
vt 0.710528 0.793772
vt 0.710899 0.766812
vt 0.717456 0.766844
vt 0.717676 0.793806
vt 0.718774 0.903252
vt 0.711245 0.903208
vt 0.718086 0.874265
vt 0.711072 0.875369
vt 0.711033 0.848674
vt 0.710450 0.819446
vt 0.717948 0.819449
vt 0.717996 0.848551
vt 0.716687 0.267985
vt 0.844554 0.327491
vt 0.829880 0.119847
vt 0.826225 0.131048
vt 0.820200 0.141238
vt 0.757265 0.069250
vt 0.852131 0.327351
vt 0.713284 0.267943
vt 0.899964 0.207020
vt 0.951369 0.207031
vt 0.951384 0.236254
vt 0.900025 0.236096
vt 0.951322 0.175656
vt 0.899974 0.175680
vt 0.926185 0.147205
vt 0.951883 0.147376
vt 0.951406 0.266679
vt 0.900062 0.266548
vt 0.951439 0.323687
vt 0.900095 0.323541
vt 0.900081 0.294345
vt 0.951425 0.294129
vt 0.951439 0.354778
vt 0.900110 0.354367
vt 0.951438 0.412601
vt 0.900115 0.412073
vt 0.900116 0.383051
vt 0.951604 0.382300
vt 0.951359 0.531334
vt 0.900033 0.529265
vt 0.900110 0.502013
vt 0.951394 0.502490
vt 0.951323 0.558878
vt 0.899996 0.558381
vt 0.899820 0.647314
vt 0.951157 0.646640
vt 0.951076 0.679590
vt 0.899742 0.677995
vt 0.951040 0.586834
vt 0.899948 0.587179
vt 0.949769 0.616610
vt 0.899890 0.616856
vt 0.950786 0.771461
vt 0.899381 0.771287
vt 0.899554 0.741453
vt 0.950894 0.741642
vt 0.950701 0.799291
vt 0.899291 0.798430
vt 0.898975 0.881123
vt 0.950311 0.881284
vt 0.950165 0.910452
vt 0.898822 0.909348
vt 0.950576 0.826826
vt 0.899224 0.824894
vt 0.950989 0.711330
vt 0.899649 0.711593
vt 0.951413 0.471057
vt 0.900104 0.470180
vt 0.900106 0.441002
vt 0.951428 0.442760
vt 0.950435 0.854612
vt 0.899099 0.853265
vt 0.950663 0.936158
vt 0.924813 0.943003
vt 0.897757 0.940118
vt 0.954554 0.207121
vt 0.954564 0.236280
vt 0.954883 0.147329
vt 0.954498 0.175350
vt 0.954584 0.265927
vt 0.954603 0.294016
vt 0.954611 0.323641
vt 0.954609 0.354755
vt 0.954545 0.382324
vt 0.954606 0.412432
vt 0.954524 0.531090
vt 0.954487 0.559085
vt 0.954322 0.646820
vt 0.954247 0.679697
vt 0.954415 0.586851
vt 0.953874 0.616266
vt 0.953963 0.771779
vt 0.953882 0.799450
vt 0.953487 0.881307
vt 0.953341 0.910394
vt 0.953756 0.826990
vt 0.954164 0.711509
vt 0.954593 0.442666
vt 0.954577 0.471066
vt 0.954072 0.741598
vt 0.953612 0.854519
vt 0.953193 0.936403
vt 0.954558 0.502181
vt 0.990574 0.206771
vt 0.990390 0.235080
vt 0.990503 0.146111
vt 0.990740 0.176252
vt 0.990441 0.266489
vt 0.990395 0.295331
vt 0.990592 0.324689
vt 0.990590 0.355497
vt 0.990380 0.382739
vt 0.989826 0.412759
vt 0.990476 0.530146
vt 0.989808 0.556728
vt 0.988760 0.647410
vt 0.989094 0.680038
vt 0.989230 0.584456
vt 0.989060 0.616382
vt 0.989341 0.772185
vt 0.989548 0.799470
vt 0.989441 0.880939
vt 0.989305 0.908776
vt 0.989715 0.825508
vt 0.989669 0.711052
vt 0.990000 0.442918
vt 0.989983 0.471440
vt 0.989118 0.743005
vt 0.989561 0.854814
vt 0.989783 0.936993
vt 0.990172 0.501525
vt 0.896995 0.236051
vt 0.896941 0.207111
vt 0.896945 0.175843
vt 0.896914 0.147164
vt 0.899944 0.147449
vt 0.897038 0.266550
vt 0.897071 0.323373
vt 0.897057 0.294291
vt 0.897080 0.354620
vt 0.897084 0.411914
vt 0.897085 0.383166
vt 0.897011 0.529153
vt 0.897084 0.501565
vt 0.896717 0.678326
vt 0.896801 0.647003
vt 0.896973 0.558273
vt 0.896925 0.587326
vt 0.896361 0.771451
vt 0.896517 0.741593
vt 0.895804 0.909546
vt 0.895945 0.881242
vt 0.896268 0.798670
vt 0.897079 0.470121
vt 0.897075 0.441120
vt 0.896868 0.616742
vt 0.896610 0.711959
vt 0.896076 0.853377
vt 0.896201 0.825145
vt 0.895048 0.939978
vt 0.860351 0.235296
vt 0.860309 0.207264
vt 0.860330 0.177288
vt 0.860318 0.147658
vt 0.860403 0.266523
vt 0.860424 0.325938
vt 0.860415 0.295276
vt 0.860428 0.355535
vt 0.860416 0.412202
vt 0.860424 0.382653
vt 0.860339 0.530539
vt 0.860128 0.504472
vt 0.860008 0.679926
vt 0.860116 0.647040
vt 0.860291 0.559104
vt 0.860241 0.588206
vt 0.859784 0.771331
vt 0.859856 0.741863
vt 0.859127 0.911169
vt 0.859269 0.881995
vt 0.859662 0.799493
vt 0.860196 0.471115
vt 0.860403 0.442124
vt 0.860184 0.617583
vt 0.859905 0.711894
vt 0.859399 0.853519
vt 0.859523 0.825202
vt 0.859193 0.935747
vt 0.952300 0.120888
vt 0.955323 0.120566
vt 0.990482 0.117161
vt 0.896888 0.121485
vt 0.899908 0.121291
vt 0.860300 0.120514
vt 0.896883 0.100361
vt 0.860270 0.089705
vt 0.860586 0.064613
vt 0.896623 0.081381
vt 0.955323 0.097480
vt 0.990725 0.088406
vt 0.954908 0.065822
vt 0.991413 0.064871
vt 0.955302 0.080124
vt 0.990321 0.052812
vt 0.954530 0.057874
vt 0.987182 0.041750
vt 0.953955 0.049622
vt 0.982815 0.031900
vt 0.952758 0.043790
vt 0.949366 0.037449
vt 0.974614 0.025696
vt 0.966057 0.019889
vt 0.944172 0.032933
vt 0.956310 0.015485
vt 0.938527 0.030248
vt 0.945199 0.012212
vt 0.932090 0.028894
vt 0.933150 0.010741
vt 0.923268 0.028817
vt 0.921953 0.010742
vt 0.909432 0.011523
vt 0.917122 0.029480
vt 0.897597 0.014539
vt 0.911209 0.031271
vt 0.887583 0.018415
vt 0.906006 0.034116
vt 0.879685 0.023221
vt 0.902176 0.037749
vt 0.873094 0.028959
vt 0.899546 0.041789
vt 0.867192 0.037125
vt 0.898165 0.046390
vt 0.863582 0.044780
vt 0.897377 0.051088
vt 0.896786 0.057853
vt 0.896556 0.065496
vt 0.861626 0.053709
vt 0.899873 0.099793
vt 0.899845 0.081519
vt 0.899372 0.065476
vt 0.952386 0.097839
vt 0.952483 0.080523
vt 0.952368 0.065916
vt 0.952094 0.058065
vt 0.951108 0.050332
vt 0.949861 0.044666
vt 0.946612 0.038884
vt 0.942121 0.035154
vt 0.937203 0.032840
vt 0.931486 0.031487
vt 0.923337 0.031104
vt 0.917692 0.031636
vt 0.912624 0.033181
vt 0.908058 0.035762
vt 0.904577 0.038805
vt 0.902021 0.042436
vt 0.900594 0.046790
vt 0.899726 0.057632
vt 0.900187 0.051217
vt 0.938439 0.075733
vt 0.932818 0.072800
vt 0.925470 0.047889
vt 0.919118 0.072803
vt 0.909648 0.080229
vt 0.908784 0.085528
vt 0.913315 0.075749
vt 0.942060 0.080035
vt 0.943483 0.085300
vt 0.943400 0.107602
vt 0.908750 0.108278
vt 0.926507 0.071779
vt 0.938354 0.116852
vt 0.916334 0.119136
vt 0.926243 0.120458
vt 0.909775 0.112959
vt 0.913030 0.116800
vt 0.941895 0.112732
vt 0.932915 0.119679
vt 0.909751 0.085566
vt 0.910502 0.080814
vt 0.914068 0.076918
vt 0.919225 0.074485
vt 0.937575 0.077111
vt 0.940928 0.080878
vt 0.942488 0.086106
vt 0.942315 0.107779
vt 0.925427 0.073523
vt 0.932720 0.074598
vt 0.913528 0.116089
vt 0.910678 0.112374
vt 0.916742 0.118272
vt 0.941011 0.112464
vt 0.937781 0.116222
vt 0.909594 0.108455
vt 0.932651 0.118839
vt 0.926242 0.119690
vt 0.914669 0.084047
vt 0.915280 0.081740
vt 0.914444 0.109778
vt 0.919514 0.078482
vt 0.916982 0.079790
vt 0.936438 0.081800
vt 0.934740 0.079831
vt 0.937037 0.084107
vt 0.937182 0.110099
vt 0.924652 0.077814
vt 0.929232 0.078030
vt 0.915512 0.113067
vt 0.918434 0.115268
vt 0.922432 0.116057
vt 0.936099 0.113097
vt 0.933174 0.115288
vt 0.927666 0.116355
vt 0.996171 0.235062
vt 0.996471 0.206965
vt 0.996291 0.176279
vt 0.996282 0.145520
vt 0.996213 0.266249
vt 0.996267 0.324590
vt 0.995985 0.294928
vt 0.996260 0.355647
vt 0.995994 0.412965
vt 0.996172 0.382695
vt 0.996041 0.556503
vt 0.996212 0.530035
vt 0.995582 0.680158
vt 0.995547 0.647538
vt 0.995799 0.584212
vt 0.995582 0.616243
vt 0.995272 0.799549
vt 0.995268 0.772585
vt 0.995066 0.908790
vt 0.995199 0.881155
vt 0.995192 0.825466
vt 0.995555 0.711050
vt 0.996047 0.442971
vt 0.996043 0.471417
vt 0.995355 0.743203
vt 0.995229 0.854755
vt 0.995090 0.937733
vt 0.996143 0.501625
vt 0.854302 0.207256
vt 0.854340 0.234993
vt 0.854301 0.147580
vt 0.854322 0.177491
vt 0.854340 0.266278
vt 0.854350 0.295247
vt 0.854358 0.326300
vt 0.854359 0.355742
vt 0.854348 0.382625
vt 0.854340 0.412660
vt 0.854332 0.504788
vt 0.854811 0.530754
vt 0.854590 0.647001
vt 0.854474 0.680170
vt 0.854769 0.559098
vt 0.854718 0.588376
vt 0.854341 0.741770
vt 0.854291 0.771398
vt 0.853740 0.881916
vt 0.853903 0.911443
vt 0.854161 0.799432
vt 0.854325 0.442072
vt 0.854337 0.471116
vt 0.854659 0.617629
vt 0.854370 0.711903
vt 0.853991 0.825237
vt 0.853868 0.853736
vt 0.853757 0.935398
vt 0.996254 0.116561
vt 0.854283 0.120330
vt 0.854257 0.088561
vt 0.854820 0.064572
vt 0.996469 0.088383
vt 0.996292 0.064659
vt 0.995357 0.051818
vt 0.992167 0.039083
vt 0.987494 0.028802
vt 0.979958 0.021544
vt 0.970616 0.014429
vt 0.960239 0.009903
vt 0.947475 0.006490
vt 0.934532 0.004863
vt 0.922219 0.004432
vt 0.907900 0.005787
vt 0.895173 0.008213
vt 0.883931 0.012965
vt 0.874917 0.018465
vt 0.867354 0.025557
vt 0.861418 0.034263
vt 0.857975 0.042587
vt 0.855523 0.052741
vt 0.860391 0.949163
vt 0.894805 0.945596
vt 0.863179 0.958091
vt 0.895132 0.952736
vt 0.867732 0.966913
vt 0.897155 0.958247
vt 0.883256 0.980538
vt 0.874398 0.974409
vt 0.899939 0.962513
vt 0.907028 0.967189
vt 0.895416 0.985510
vt 0.913504 0.969764
vt 0.906626 0.988479
vt 0.921262 0.971006
vt 0.919536 0.990050
vt 0.930185 0.970981
vt 0.933925 0.989485
vt 0.936163 0.969532
vt 0.949387 0.986595
vt 0.940681 0.967932
vt 0.962351 0.982081
vt 0.945138 0.964985
vt 0.972890 0.975706
vt 0.948955 0.960791
vt 0.980652 0.967989
vt 0.950863 0.956077
vt 0.985191 0.959542
vt 0.952309 0.951091
vt 0.987613 0.951731
vt 0.952843 0.945342
vt 0.897949 0.945266
vt 0.898079 0.952237
vt 0.899674 0.957374
vt 0.902141 0.961048
vt 0.908154 0.965261
vt 0.914336 0.967674
vt 0.921355 0.968984
vt 0.929676 0.968869
vt 0.935022 0.967614
vt 0.939514 0.965904
vt 0.943428 0.963688
vt 0.946816 0.959810
vt 0.948896 0.955476
vt 0.950037 0.950670
vt 0.950670 0.945204
vt 0.855162 0.950097
vt 0.857687 0.959115
vt 0.862689 0.968753
vt 0.869121 0.977197
vt 0.879601 0.984365
vt 0.891653 0.990769
vt 0.904262 0.994331
vt 0.918533 0.995792
vt 0.935182 0.995827
vt 0.952056 0.992583
vt 0.966433 0.987169
vt 0.977434 0.980140
vt 0.985084 0.970725
vt 0.990128 0.961505
vt 0.992778 0.953598
vt 0.917459 0.084436
vt 0.917761 0.082961
vt 0.917108 0.109122
vt 0.918819 0.081918
vt 0.920637 0.080988
vt 0.932841 0.082259
vt 0.933789 0.083162
vt 0.934192 0.084819
vt 0.924591 0.080698
vt 0.928695 0.080908
vt 0.934327 0.109510
vt 0.919868 0.112569
vt 0.917900 0.110604
vt 0.922710 0.112892
vt 0.933453 0.111130
vt 0.931820 0.112452
vt 0.927331 0.113393
vt 0.709075 0.679217
vt 0.709075 0.693734
vt 0.704912 0.694110
vt 0.704912 0.679392
vt 0.709075 0.645676
vt 0.709075 0.663862
vt 0.704912 0.664089
vt 0.704912 0.645077
vt 0.709075 0.712591
vt 0.704912 0.713013
vt 0.709075 0.725145
vt 0.709075 0.740020
vt 0.704912 0.740515
vt 0.704912 0.725746
vt 0.709075 0.753388
vt 0.704912 0.753985
vt 0.709075 0.764835
vt 0.709075 0.777524
vt 0.704912 0.777459
vt 0.704912 0.764947
vt 0.709075 0.827423
vt 0.709075 0.839126
vt 0.704912 0.839598
vt 0.704912 0.827298
vt 0.709075 0.881734
vt 0.709075 0.895118
vt 0.704912 0.895217
vt 0.704912 0.881834
vt 0.709075 0.854325
vt 0.704912 0.853948
vt 0.709075 0.867940
vt 0.704912 0.867870
vt 0.709075 0.934030
vt 0.709075 0.944960
vt 0.704912 0.945055
vt 0.704912 0.933673
vt 0.709075 0.977871
vt 0.709075 0.988515
vt 0.704912 0.988483
vt 0.704912 0.977780
vt 0.709075 0.955904
vt 0.704912 0.955780
vt 0.709075 0.908609
vt 0.704912 0.908427
vt 0.709075 0.789808
vt 0.704912 0.790197
vt 0.709075 0.802413
vt 0.704912 0.802739
vt 0.709075 0.921597
vt 0.704912 0.921614
vt 0.709075 0.966439
vt 0.704912 0.966564
vt 0.708871 0.096575
vt 0.708871 0.101849
vt 0.705274 0.102055
vt 0.705274 0.096872
vt 0.709075 0.814963
vt 0.704912 0.814753
vt 0.705044 0.243647
vt 0.705044 0.227029
vt 0.708829 0.226947
vt 0.708829 0.243622
vt 0.705044 0.209362
vt 0.705044 0.190329
vt 0.708829 0.191235
vt 0.708829 0.209069
vt 0.705044 0.258732
vt 0.708829 0.258692
vt 0.705044 0.284768
vt 0.705044 0.271352
vt 0.708829 0.271581
vt 0.708829 0.284505
vt 0.705044 0.298079
vt 0.708829 0.297796
vt 0.705044 0.324867
vt 0.705044 0.310661
vt 0.708829 0.310467
vt 0.708829 0.324212
vt 0.705044 0.376582
vt 0.705044 0.363586
vt 0.708829 0.364977
vt 0.708829 0.376797
vt 0.705044 0.449305
vt 0.705044 0.435251
vt 0.708830 0.434922
vt 0.708829 0.449162
vt 0.705044 0.390028
vt 0.708830 0.390094
vt 0.705044 0.404721
vt 0.708830 0.404996
vt 0.705044 0.489156
vt 0.705044 0.476815
vt 0.708829 0.476908
vt 0.708829 0.489774
vt 0.705044 0.546445
vt 0.705044 0.537059
vt 0.708829 0.536835
vt 0.708829 0.546608
vt 0.705044 0.504020
vt 0.708829 0.504128
vt 0.705044 0.350506
vt 0.705044 0.337205
vt 0.708829 0.336998
vt 0.708829 0.350600
vt 0.705044 0.419594
vt 0.708830 0.419822
vt 0.705044 0.464162
vt 0.708829 0.463188
vt 0.705044 0.525466
vt 0.705044 0.514201
vt 0.708829 0.513596
vt 0.708829 0.525736
vt 0.708871 0.168660
vt 0.708871 0.171441
vt 0.705274 0.171450
vt 0.705274 0.168756
vt 0.709075 0.625011
vt 0.704912 0.624716
vt 0.705044 0.172664
vt 0.708829 0.173147
vt 0.708871 0.004081
vt 0.708871 0.010716
vt 0.705274 0.010589
vt 0.705274 0.004196
vt 0.708871 0.016801
vt 0.705274 0.016865
vt 0.704912 0.609073
vt 0.709075 0.608945
vt 0.709075 0.587959
vt 0.704912 0.587826
vt 0.709075 0.568943
vt 0.704912 0.568495
vt 0.709075 0.549639
vt 0.704912 0.548283
vt 0.708871 0.090804
vt 0.708871 0.095354
vt 0.705274 0.095289
vt 0.705274 0.090484
vt 0.708871 0.086443
vt 0.705274 0.086430
vt 0.708871 0.082213
vt 0.705274 0.081937
vt 0.708871 0.077480
vt 0.705274 0.077210
vt 0.708871 0.072121
vt 0.705274 0.072035
vt 0.708871 0.066671
vt 0.705274 0.066649
vt 0.708871 0.061759
vt 0.705274 0.061759
vt 0.708871 0.056301
vt 0.705274 0.056426
vt 0.708871 0.051612
vt 0.705274 0.051628
vt 0.708871 0.046999
vt 0.705274 0.047093
vt 0.708871 0.042309
vt 0.705274 0.042249
vt 0.708871 0.037209
vt 0.705274 0.037016
vt 0.708871 0.031554
vt 0.705274 0.032036
vt 0.708871 0.026804
vt 0.705274 0.027072
vt 0.708871 0.021590
vt 0.705274 0.021970
vt 0.708871 0.166177
vt 0.705274 0.166206
vt 0.708871 0.163782
vt 0.705274 0.163925
vt 0.708871 0.161039
vt 0.705274 0.160751
vt 0.708871 0.157815
vt 0.705274 0.158107
vt 0.708871 0.154448
vt 0.705274 0.154833
vt 0.708871 0.150708
vt 0.705274 0.151222
vt 0.708871 0.146259
vt 0.705274 0.146363
vt 0.708871 0.141923
vt 0.705274 0.142431
vt 0.708871 0.137638
vt 0.705274 0.137775
vt 0.708871 0.132637
vt 0.705274 0.132333
vt 0.708871 0.126932
vt 0.705274 0.127267
vt 0.708871 0.121152
vt 0.705274 0.121667
vt 0.708871 0.116166
vt 0.705274 0.116482
vt 0.708871 0.111411
vt 0.705274 0.111475
vt 0.708871 0.107155
vt 0.705274 0.107328
vt 0.758533 0.128195
vt 0.755213 0.127432
vt 0.776135 0.114117
vt 0.796499 0.128205
vt 0.752384 0.125262
vt 0.750477 0.122015
vt 0.752137 0.102389
vt 0.754918 0.100186
vt 0.758221 0.099383
vt 0.749456 0.115403
vt 0.749684 0.109501
vt 0.796181 0.098930
vt 0.804149 0.123010
vt 0.800933 0.126799
vt 0.805285 0.117854
vt 0.800646 0.100283
vt 0.803943 0.104034
vt 0.805654 0.111113
vt 0.824401 0.100288
vt 0.829852 0.098836
vt 0.831156 0.108535
vt 0.825315 0.108485
vt 0.829572 0.119871
vt 0.824011 0.119017
vt 0.825630 0.130956
vt 0.820057 0.129805
vt 0.826534 0.089961
vt 0.820865 0.092790
vt 0.815526 0.084247
vt 0.821059 0.081886
vt 0.813483 0.075221
vt 0.810702 0.079135
vt 0.802747 0.075629
vt 0.804430 0.070425
vt 0.793962 0.067125
vt 0.787622 0.071597
vt 0.783111 0.065599
vt 0.769038 0.072488
vt 0.774949 0.065928
vt 0.757596 0.069916
vt 0.755642 0.077574
vt 0.742985 0.079080
vt 0.743406 0.086611
vt 0.732288 0.092122
vt 0.737466 0.099271
vt 0.728724 0.110731
vt 0.734217 0.111327
vt 0.735637 0.124583
vt 0.730963 0.128126
vt 0.743456 0.141254
vt 0.739039 0.143812
vt 0.745413 0.150160
vt 0.750225 0.146829
vt 0.753187 0.155191
vt 0.761633 0.152621
vt 0.762065 0.158636
vt 0.771520 0.160364
vt 0.773820 0.154778
vt 0.781098 0.160397
vt 0.791571 0.152825
vt 0.791740 0.158760
vt 0.800433 0.149562
vt 0.802596 0.154816
vt 0.808352 0.143362
vt 0.811907 0.148759
vt 0.819800 0.140742
vt 2.658420 2.678880
vt 2.807899 2.720345
vt 2.803034 2.790131
vt 2.658626 2.750722
vt 1.188385 2.248086
vt 1.187946 2.317205
vt 0.999080 2.314346
vt 0.999068 2.244976
vt 1.308344 2.295903
vt 1.401217 2.281718
vt 1.400052 2.350170
vt 1.633709 2.343927
vt 1.631579 2.411515
vt 1.877819 2.425624
vt 1.874494 2.492514
vt 1.926897 2.477872
vt 2.127398 2.514979
vt 2.122689 2.581626
vt 2.369393 2.667417
vt 2.236173 2.577026
vt 2.375462 2.600387
vt 2.618687 2.702427
vt 3.202282 2.777628
vt 3.198915 2.849776
vt 3.581586 2.786942
vt 3.579431 2.860123
vt 3.946928 2.783763
vt 3.946002 2.856781
vt 4.297174 2.810195
vt 4.297167 2.882508
vt 3.969512 17.636650
vt 3.971351 17.551991
vt 4.312716 17.632601
vt 4.312725 17.719158
vt 3.605095 17.466778
vt 3.587449 17.440945
vt 3.380963 17.471571
vt 3.385769 17.390736
vt 3.583654 17.523119
vt 3.173281 17.434870
vt 3.179044 17.355255
vt 2.962243 17.420195
vt 2.968930 17.341597
vt 2.749847 17.431467
vt 2.757379 17.353649
vt 2.536040 17.468992
vt 2.543981 17.391766
vt 2.312502 17.460217
vt 2.483473 17.466778
vt 2.304467 17.536993
vt 2.059353 17.636368
vt 2.066892 17.559954
vt 1.823508 17.752462
vt 1.830068 17.676399
vt 1.596302 17.875010
vt 1.601536 17.799278
vt 1.377090 17.992992
vt 1.380498 17.917671
vt 1.176855 18.090405
vt 1.178424 18.015314
vt 0.999481 18.160051
vt 0.999472 18.084873
vt 0.787241 0.880143
vt 0.782179 0.874092
vt 0.795340 0.863088
vt 0.799883 0.868483
vt 0.775242 0.891298
vt 0.769947 0.886292
vt 0.802481 0.866131
vt 0.798461 0.860922
vt 0.775565 0.906681
vt 0.772618 0.903767
vt 0.775891 0.899755
vt 0.779108 0.903560
vt 0.772656 0.909391
vt 0.769739 0.906391
vt 0.769137 0.912814
vt 0.765344 0.909165
vt 0.765772 0.915883
vt 0.760860 0.911291
vt 0.804859 0.858198
vt 0.807686 0.862045
vt 0.805295 0.863854
vt 0.801874 0.859213
vt 0.791970 0.880736
vt 0.809770 0.862890
vt 0.816114 0.870380
vt 0.797620 0.886966
vt 0.770847 0.895194
vt 0.766341 0.890106
vt 0.764713 0.891682
vt 0.769084 0.896963
vt 0.762193 0.893871
vt 0.766496 0.899066
vt 0.759579 0.896021
vt 0.763811 0.901343
vt 0.756976 0.898197
vt 0.761572 0.902730
vt 0.754140 0.900759
vt 0.758838 0.905755
vt 0.751638 0.903186
vt 0.756482 0.908166
vt 0.256278 0.444109
vt 0.242357 0.440393
vt 0.237360 0.403162
vt 0.248932 0.405732
vt 0.259615 0.407354
vt 0.267405 0.447417
vt 0.269542 0.407350
vt 0.278100 0.448830
vt 0.279247 0.406285
vt 0.289271 0.448793
vt 0.398944 0.420883
vt 0.400782 0.430732
vt 0.393788 0.433479
vt 0.384876 0.421551
vt 0.387685 0.437550
vt 0.299384 0.400933
vt 0.311813 0.396250
vt 0.322935 0.435863
vt 0.310637 0.442286
vt 0.288091 0.404818
vt 0.299267 0.446761
vt 0.151831 0.447668
vt 0.152169 0.422800
vt 0.171947 0.426494
vt 0.167220 0.446224
vt 0.188968 0.429540
vt 0.183275 0.446844
vt 0.210109 0.433810
vt 0.207726 0.449371
vt 0.211352 0.434042
vt 0.229208 0.437180
vt 0.231518 0.454482
vt 0.209144 0.449599
vt 0.247181 0.459776
vt 0.264065 0.467950
vt 0.274469 0.470040
vt 0.284159 0.472084
vt 0.299252 0.475138
vt 0.335937 0.427800
vt 0.348071 0.454745
vt 0.334857 0.464819
vt 0.323725 0.471186
vt 0.310527 0.474160
vt 0.108457 0.441938
vt 0.107912 0.453654
vt 0.094253 0.451600
vt 0.097531 0.440889
vt 0.344723 0.486792
vt 0.355691 0.476117
vt 0.333232 0.492352
vt 0.320408 0.494432
vt 0.306789 0.492835
vt 0.289311 0.484105
vt 0.371541 0.453999
vt 0.360847 0.440678
vt 0.372104 0.427108
vt 0.378382 0.445454
vt 0.277296 0.476255
vt 0.129484 0.452150
vt 0.129011 0.436622
vt 0.136203 0.431046
vt 0.139891 0.449988
vt 0.119425 0.453309
vt 0.123461 0.439473
vt 0.081309 0.448315
vt 0.084021 0.436963
vt 0.140560 0.426290
vt 0.144711 0.420366
vt 0.226414 0.400806
vt 0.168615 0.389308
vt 0.180822 0.392647
vt 0.176353 0.354921
vt 0.187004 0.357285
vt 0.180880 0.324401
vt 0.190245 0.325389
vt 0.184342 0.286237
vt 0.192696 0.287336
vt 0.185652 0.251741
vt 0.194345 0.252038
vt 0.186330 0.213326
vt 0.195564 0.214153
vt 0.187339 0.180564
vt 0.196445 0.181067
vt 0.187890 0.146060
vt 0.197598 0.147337
vt 0.188610 0.120713
vt 0.198669 0.121217
vt 0.188788 0.101088
vt 0.200096 0.102651
vt 0.195414 0.396213
vt 0.199700 0.359890
vt 0.201590 0.326513
vt 0.203305 0.288278
vt 0.204225 0.252294
vt 0.205221 0.214238
vt 0.206361 0.181425
vt 0.207023 0.148374
vt 0.208491 0.122619
vt 0.209651 0.103584
vt 0.212515 0.398982
vt 0.213279 0.362389
vt 0.213334 0.326867
vt 0.213631 0.289187
vt 0.213982 0.252324
vt 0.214452 0.214159
vt 0.214844 0.181942
vt 0.215487 0.149000
vt 0.216318 0.122431
vt 0.216773 0.104167
vt 0.224746 0.364395
vt 0.213534 0.399131
vt 0.214171 0.362550
vt 0.224212 0.327931
vt 0.214173 0.326922
vt 0.223375 0.289450
vt 0.214457 0.289234
vt 0.223176 0.251904
vt 0.214778 0.252311
vt 0.223219 0.214222
vt 0.215285 0.214172
vt 0.223798 0.182398
vt 0.215747 0.182005
vt 0.224574 0.148981
vt 0.216505 0.149030
vt 0.225440 0.121648
vt 0.217430 0.122339
vt 0.226401 0.104078
vt 0.217951 0.104202
vt 0.233985 0.365689
vt 0.232704 0.328877
vt 0.231947 0.289845
vt 0.231185 0.252229
vt 0.231657 0.214635
vt 0.232422 0.182821
vt 0.233096 0.148826
vt 0.234359 0.121288
vt 0.234429 0.103547
vt 0.152420 0.404158
vt 0.158047 0.386416
vt 0.165527 0.352246
vt 0.169681 0.323045
vt 0.173815 0.285873
vt 0.176216 0.250631
vt 0.177553 0.212763
vt 0.177318 0.179332
vt 0.177785 0.144452
vt 0.175696 0.156174
vt 0.177018 0.168605
vt 0.177353 0.119224
vt 0.150657 0.403008
vt 0.143000 0.419389
vt 0.137427 0.417928
vt 0.156360 0.386307
vt 0.147614 0.385389
vt 0.155340 0.350236
vt 0.164013 0.351988
vt 0.158943 0.320683
vt 0.167992 0.322775
vt 0.162634 0.285694
vt 0.171987 0.285879
vt 0.164783 0.249299
vt 0.174067 0.250377
vt 0.166121 0.211824
vt 0.175301 0.212593
vt 0.167006 0.178690
vt 0.174881 0.179117
vt 0.172957 0.148033
vt 0.169056 0.142481
vt 0.165056 0.138607
vt 0.165805 0.119060
vt 0.177698 0.098409
vt 0.164160 0.097028
vt 0.089832 0.323816
vt 0.074011 0.325049
vt 0.075003 0.291288
vt 0.090755 0.290523
vt 0.107054 0.289506
vt 0.105490 0.322325
vt 0.103470 0.417086
vt 0.111651 0.385156
vt 0.124394 0.384729
vt 0.115952 0.418563
vt 0.122475 0.287996
vt 0.121012 0.320483
vt 0.105326 0.248051
vt 0.121480 0.247970
vt 0.018282 0.252671
vt 0.036388 0.251912
vt 0.040418 0.291833
vt 0.021582 0.291817
vt 0.053812 0.251062
vt 0.056270 0.291761
vt 0.071644 0.250204
vt 0.087742 0.248906
vt 0.057187 0.325936
vt 0.040413 0.326619
vt 0.022129 0.326658
vt 0.026637 0.386257
vt 0.023876 0.358159
vt 0.040922 0.357735
vt 0.040606 0.386322
vt 0.057637 0.357260
vt 0.054798 0.386910
vt 0.067504 0.386643
vt 0.071912 0.357051
vt 0.101506 0.355634
vt 0.095807 0.385888
vt 0.081110 0.386771
vt 0.086323 0.356576
vt 0.117670 0.354015
vt 0.131503 0.351426
vt 0.136265 0.318957
vt 0.027436 0.405728
vt 0.039287 0.406059
vt 0.051834 0.406955
vt 0.063655 0.408291
vt 0.089591 0.413168
vt 0.076694 0.410448
vt 0.136410 0.384429
vt 0.128045 0.418124
vt 0.143403 0.350277
vt 0.148044 0.319075
vt 0.138336 0.247357
vt 0.138127 0.286089
vt 0.017146 0.209748
vt 0.034434 0.210145
vt 0.049118 0.210662
vt 0.067319 0.211124
vt 0.085659 0.211426
vt 0.103857 0.211115
vt 0.119392 0.211340
vt 0.137466 0.210820
vt 0.014968 0.173564
vt 0.031758 0.173534
vt 0.045921 0.174025
vt 0.062958 0.174590
vt 0.080663 0.175457
vt 0.099001 0.176263
vt 0.116802 0.177061
vt 0.136482 0.177209
vt 0.014161 0.139732
vt 0.028964 0.140358
vt 0.043090 0.140668
vt 0.058805 0.141051
vt 0.074757 0.141041
vt 0.094383 0.141033
vt 0.113071 0.141269
vt 0.134911 0.141616
vt 0.152373 0.247879
vt 0.151033 0.286188
vt 0.152556 0.210650
vt 0.152704 0.177637
vt 0.151843 0.142205
vt 0.163776 0.141052
vt 0.167354 0.145327
vt 0.245117 0.367990
vt 0.242703 0.328714
vt 0.241349 0.290146
vt 0.241301 0.254109
vt 0.241197 0.213601
vt 0.242136 0.183085
vt 0.243429 0.148132
vt 0.244633 0.120069
vt 0.245373 0.101625
vt 0.254666 0.370372
vt 0.251699 0.328505
vt 0.250169 0.290866
vt 0.250429 0.255354
vt 0.249551 0.213738
vt 0.250246 0.182981
vt 0.252638 0.147608
vt 0.255470 0.118074
vt 0.257090 0.097916
vt 0.264121 0.369310
vt 0.260818 0.328445
vt 0.259293 0.291590
vt 0.258341 0.255676
vt 0.259199 0.214963
vt 0.260027 0.184051
vt 0.263130 0.146624
vt 0.266626 0.116323
vt 0.269119 0.093606
vt 0.274122 0.368140
vt 0.269186 0.327130
vt 0.267734 0.292500
vt 0.267138 0.255803
vt 0.268251 0.215569
vt 0.269707 0.184096
vt 0.274274 0.145071
vt 0.277654 0.115158
vt 0.280198 0.091262
vt 0.405068 0.358159
vt 0.388166 0.357935
vt 0.384774 0.326538
vt 0.403321 0.326658
vt 0.011431 0.386702
vt 0.006974 0.357935
vt 0.073077 0.429937
vt 0.084627 0.434345
vt 0.037786 0.419403
vt 0.049234 0.421522
vt 0.027777 0.418624
vt 0.015081 0.405952
vt 0.402774 0.291817
vt 0.383863 0.292336
vt 0.335475 0.353454
vt 0.352927 0.355958
vt 0.338402 0.369500
vt 0.343089 0.386645
vt 0.361370 0.394101
vt 0.366856 0.326000
vt 0.365464 0.292351
vt 0.370413 0.356889
vt 0.392622 0.386702
vt 0.375594 0.389984
vt 0.396273 0.405952
vt 0.381720 0.409066
vt 0.026341 0.429298
vt 0.018709 0.430712
vt 0.017752 0.420883
vt 0.027719 0.420769
vt 0.370714 0.415737
vt 0.363443 0.412008
vt 0.349693 0.325195
vt 0.347411 0.291811
vt 0.348127 0.252121
vt 0.365222 0.253025
vt 0.332326 0.323017
vt 0.330750 0.291863
vt 0.332477 0.250544
vt 0.059928 0.424939
vt 0.381890 0.252991
vt 0.399474 0.252671
vt 0.398338 0.209748
vt 0.381961 0.209156
vt 0.396160 0.173564
vt 0.381537 0.173541
vt 0.395353 0.139732
vt 0.381577 0.139375
vt 0.366473 0.208473
vt 0.367363 0.173350
vt 0.368047 0.139522
vt 0.350363 0.208702
vt 0.352871 0.173627
vt 0.355089 0.139954
vt 0.334150 0.210057
vt 0.335443 0.176314
vt 0.342039 0.141480
vt 0.337773 0.150793
vt 0.336408 0.161582
vt 0.338352 0.141619
vt 0.334500 0.150071
vt 0.325591 0.140911
vt 0.332215 0.176912
vt 0.319844 0.179478
vt 0.333246 0.161337
vt 0.306371 0.182092
vt 0.311208 0.141030
vt 0.293559 0.183331
vt 0.298354 0.142045
vt 0.280661 0.183756
vt 0.285122 0.143617
vt 0.330999 0.210445
vt 0.316020 0.212845
vt 0.303581 0.214073
vt 0.291426 0.215065
vt 0.278799 0.216622
vt 0.329446 0.250415
vt 0.314644 0.251327
vt 0.301761 0.253273
vt 0.289081 0.254570
vt 0.277538 0.255385
vt 0.327832 0.291601
vt 0.313647 0.291037
vt 0.301363 0.291320
vt 0.289432 0.291948
vt 0.278044 0.292673
vt 0.329443 0.322830
vt 0.314493 0.322919
vt 0.302357 0.324098
vt 0.290184 0.324856
vt 0.279616 0.326109
vt 0.332637 0.353621
vt 0.316620 0.358292
vt 0.305178 0.361064
vt 0.293270 0.364215
vt 0.283127 0.366079
vt 0.335586 0.370059
vt 0.340414 0.386924
vt 0.322769 0.392129
vt 0.017401 0.418768
vt 0.098264 0.438205
vt 0.108660 0.439525
vt 0.123016 0.436972
vt 0.116492 0.439609
vt 0.128776 0.433907
vt 0.134822 0.429207
vt 0.398593 0.418768
vt 0.384367 0.419154
vt 0.376574 0.417955
vt 0.376001 0.419764
vt 0.028569 0.129480
vt 0.013771 0.130164
vt 0.013116 0.114527
vt 0.027116 0.114955
vt 0.013878 0.133091
vt 0.028757 0.132396
vt 0.040749 0.115253
vt 0.041882 0.129009
vt 0.042129 0.131928
vt 0.057120 0.128867
vt 0.054629 0.115177
vt 0.057619 0.131789
vt 0.092524 0.129306
vt 0.072540 0.128976
vt 0.070429 0.114783
vt 0.089862 0.114443
vt 0.073060 0.131908
vt 0.092964 0.132233
vt 0.108764 0.114029
vt 0.111274 0.129401
vt 0.111728 0.132326
vt 0.132117 0.114474
vt 0.133806 0.129637
vt 0.134084 0.132564
vt 0.151468 0.134965
vt 0.150375 0.115567
vt 0.151542 0.131779
vt 0.159943 0.134985
vt 0.157518 0.117726
vt 0.382073 0.114201
vt 0.394308 0.114527
vt 0.394963 0.130164
vt 0.381789 0.130731
vt 0.381758 0.133661
vt 0.395070 0.133091
vt 0.368287 0.131097
vt 0.368967 0.113494
vt 0.368192 0.134030
vt 0.356956 0.113106
vt 0.355620 0.132252
vt 0.355415 0.135222
vt 0.341783 0.137982
vt 0.342843 0.112995
vt 0.347909 0.134105
vt 0.349636 0.136729
vt 0.329656 0.112623
vt 0.315300 0.112292
vt 0.302004 0.112650
vt 0.289215 0.113667
vt 0.012527 0.090830
vt 0.025357 0.091578
vt 0.037464 0.091763
vt 0.050207 0.091594
vt 0.065045 0.091539
vt 0.083853 0.091328
vt 0.103836 0.091355
vt 0.127146 0.097399
vt 0.147189 0.088932
vt 0.154177 0.100786
vt 0.146252 0.103293
vt 0.141621 0.090869
vt 0.150856 0.086176
vt 0.137108 0.101786
vt 0.133995 0.090780
vt 0.381810 0.089589
vt 0.393719 0.090830
vt 0.369479 0.088508
vt 0.358972 0.087994
vt 0.346025 0.087320
vt 0.332326 0.086793
vt 0.318507 0.086593
vt 0.305149 0.087548
vt 0.292151 0.094512
vt 0.296032 0.092626
vt 0.283188 0.093058
vt 0.287733 0.094176
vt 0.011454 0.061069
vt 0.022918 0.061574
vt 0.033092 0.061791
vt 0.044847 0.061794
vt 0.057873 0.061807
vt 0.075375 0.061355
vt 0.094562 0.060833
vt 0.117205 0.061086
vt 0.114730 0.065623
vt 0.103694 0.051180
vt 0.126876 0.088215
vt 0.153759 0.082198
vt 0.161690 0.074834
vt 0.382002 0.060567
vt 0.392646 0.061069
vt 0.369985 0.060276
vt 0.361086 0.060326
vt 0.349249 0.060537
vt 0.335010 0.060989
vt 0.320914 0.061284
vt 0.308785 0.061204
vt 0.010838 0.023998
vt 0.019500 0.023635
vt 0.028003 0.023343
vt 0.037599 0.023287
vt 0.047373 0.022790
vt 0.059381 0.022235
vt 0.077295 0.021793
vt 0.116872 0.045879
vt 0.123460 0.058155
vt 0.129674 0.017566
vt 0.103240 0.020271
vt 0.139115 0.057325
vt 0.156102 0.042291
vt 0.145248 0.059170
vt 0.148197 0.014442
vt 0.136237 0.042282
vt 0.160085 0.059407
vt 0.382449 0.025361
vt 0.392030 0.023998
vt 0.371493 0.027726
vt 0.363622 0.029383
vt 0.351344 0.031879
vt 0.338537 0.033903
vt 0.324914 0.035626
vt 0.312488 0.036434
vt 0.302078 0.036221
vt 0.301007 0.060277
vt 0.296372 0.059360
vt 0.291025 0.033180
vt 0.290475 0.058246
vt 0.218250 0.098710
vt 0.226373 0.097595
vt 0.233961 0.094882
vt 0.241826 0.088451
vt 0.247369 0.082342
vt 0.258868 0.086200
vt 0.252227 0.075355
vt 0.260069 0.077302
vt 0.254984 0.068143
vt 0.261165 0.068756
vt 0.255555 0.059743
vt 0.262066 0.059373
vt 0.254141 0.051268
vt 0.262135 0.049022
vt 0.250164 0.043556
vt 0.261004 0.036261
vt 0.242396 0.035620
vt 0.251506 0.014228
vt 0.232810 0.031008
vt 0.239036 0.010058
vt 0.223898 0.029882
vt 0.226938 0.007926
vt 0.222919 0.007135
vt 0.220873 0.029759
vt 0.212173 0.030720
vt 0.211023 0.006324
vt 0.200395 0.034722
vt 0.198084 0.006851
vt 0.189285 0.042580
vt 0.183607 0.008508
vt 0.184143 0.050391
vt 0.175113 0.045082
vt 0.180621 0.058479
vt 0.172318 0.058795
vt 0.180381 0.067112
vt 0.172553 0.068343
vt 0.182566 0.074621
vt 0.174907 0.078489
vt 0.187022 0.081416
vt 0.177207 0.086960
vt 0.192759 0.087855
vt 0.200809 0.094336
vt 0.209942 0.097879
vt 0.217044 0.098739
vt 0.273242 0.059813
vt 0.275409 0.043623
vt 0.283645 0.060137
vt 0.270756 0.078951
vt 0.277813 0.079420
vt 0.281680 0.064609
vt 0.037600 0.421601
vt 0.034862 0.429332
vt 0.069708 0.443813
vt 0.072455 0.432689
vt 0.059512 0.427452
vt 0.058150 0.438357
vt 0.047111 0.432827
vt 0.048829 0.423794
vt 0.116670 0.441369
vt 0.139278 0.424623
vt 0.351140 0.417334
vt 0.362808 0.466436
vt 0.350313 0.398586
vt 0.357250 0.406548
vt 0.355877 0.408493
vt 0.362412 0.414522
vt 0.348258 0.400268
vt 0.369066 0.417192
vt 0.170656 0.149498
vt 0.174575 0.168552
vt 0.173292 0.156556
vt 0.275148 0.033886
vt 0.262552 0.020220
vt 0.274104 0.025588
vt 0.208722 0.449192
vt 0.208277 0.449114
vt 0.210462 0.433875
vt 0.210895 0.433978
vt 0.212824 0.399035
vt 0.213173 0.399069
vt 0.213565 0.362511
vt 0.213884 0.362505
vt 0.213617 0.326878
vt 0.213907 0.326895
vt 0.213890 0.289209
vt 0.214186 0.289233
vt 0.214232 0.252314
vt 0.214503 0.252303
vt 0.214703 0.214170
vt 0.214991 0.214176
vt 0.215118 0.181978
vt 0.215464 0.182005
vt 0.215792 0.149022
vt 0.216154 0.149017
vt 0.216718 0.122409
vt 0.217055 0.122367
vt 0.217102 0.104165
vt 0.217546 0.104171
vt 0.217515 0.097033
vt 0.218031 0.097065
vt 0.158339 0.137529
vt 0.369621 0.416701
vt 0.362808 0.413799
vt 0.363223 0.412835
vt 0.370248 0.416251
vt 0.128953 0.435873
vt 0.128886 0.434884
vt 0.134969 0.429917
vt 0.135529 0.430488
vt 0.176095 0.168474
vt 0.176504 0.179250
vt 0.175539 0.179184
vt 0.175255 0.168528
vt 0.164044 0.140318
vt 0.164368 0.139342
vt 0.168517 0.143348
vt 0.167783 0.144223
vt 0.342120 0.139049
vt 0.341424 0.140991
vt 0.339660 0.141428
vt 0.398656 0.419555
vt 0.398784 0.420355
vt 0.384708 0.420775
vt 0.384542 0.419868
vt 0.097754 0.440009
vt 0.098009 0.439086
vt 0.108562 0.440365
vt 0.108508 0.441225
vt 0.123319 0.438717
vt 0.123103 0.437833
vt 0.084212 0.436034
vt 0.084366 0.435234
vt 0.156840 0.386349
vt 0.157417 0.386386
vt 0.151823 0.403633
vt 0.151198 0.403223
vt 0.164496 0.352102
vt 0.165025 0.352180
vt 0.168465 0.322842
vt 0.169088 0.322953
vt 0.172611 0.285863
vt 0.173196 0.285879
vt 0.174692 0.250440
vt 0.175424 0.250529
vt 0.175972 0.212627
vt 0.176711 0.212697
vt 0.172000 0.148438
vt 0.171294 0.149031
vt 0.173925 0.156428
vt 0.174757 0.156272
vt 0.072678 0.431736
vt 0.072879 0.430793
vt 0.037695 0.420894
vt 0.037780 0.420174
vt 0.049119 0.422185
vt 0.048962 0.423076
vt 0.027808 0.420180
vt 0.027821 0.419565
vt 0.342101 0.386628
vt 0.341169 0.386742
vt 0.336426 0.369868
vt 0.337478 0.369683
vt 0.017702 0.420221
vt 0.017574 0.419401
vt 0.330297 0.322888
vt 0.331407 0.322977
vt 0.334647 0.353491
vt 0.333545 0.353524
vt 0.328617 0.291722
vt 0.329835 0.291876
vt 0.330268 0.250464
vt 0.331560 0.250485
vt 0.059755 0.425767
vt 0.059641 0.426606
vt 0.332001 0.210184
vt 0.333200 0.210118
vt 0.333184 0.176777
vt 0.334331 0.176514
vt 0.336896 0.150552
vt 0.335568 0.150326
vt 0.116559 0.440759
vt 0.116468 0.440134
vt 0.376225 0.419196
vt 0.376427 0.418575
vt 0.013699 0.132208
vt 0.013802 0.131164
vt 0.028758 0.130506
vt 0.028751 0.131360
vt 0.041848 0.130891
vt 0.041949 0.130072
vt 0.057335 0.129773
vt 0.057518 0.130742
vt 0.092710 0.130194
vt 0.092788 0.131239
vt 0.072754 0.130958
vt 0.072713 0.129895
vt 0.158794 0.136684
vt 0.159381 0.135726
vt 0.368213 0.133154
vt 0.368118 0.132028
vt 0.381724 0.131755
vt 0.381676 0.132638
vt 0.355535 0.133072
vt 0.355538 0.134244
vt 0.349190 0.136004
vt 0.348473 0.135047
vt 0.139747 0.425070
vt 0.140250 0.425710
vt 0.143594 0.419639
vt 0.144084 0.419982
vt 0.356297 0.407875
vt 0.356758 0.407245
vt 0.394531 0.131352
vt 0.394788 0.132342
vt 0.111231 0.130266
vt 0.111481 0.131376
vt 0.133927 0.130584
vt 0.134041 0.131911
vt 0.348986 0.399818
vt 0.349747 0.399271
vt 0.334113 0.161467
vt 0.335248 0.161514
vt 0.151420 0.132611
vt 0.151470 0.134095
vt 0.222850 0.033121
vt 0.221716 0.033275
vt 0.223675 0.007774
vt 0.226133 0.008088
vt 0.225726 0.095109
vt 0.232470 0.092154
vt 0.240211 0.086650
vt 0.245632 0.080895
vt 0.249795 0.074308
vt 0.251982 0.067922
vt 0.252122 0.060133
vt 0.251358 0.052690
vt 0.248139 0.046157
vt 0.240755 0.038894
vt 0.232614 0.034918
vt 0.214384 0.034394
vt 0.201466 0.038888
vt 0.190516 0.045585
vt 0.186161 0.051716
vt 0.182817 0.058862
vt 0.182468 0.066839
vt 0.184728 0.073576
vt 0.188883 0.080469
vt 0.194400 0.086692
vt 0.201929 0.092506
vt 0.210563 0.095874
vt 0.122766 0.083882
vt 0.149885 0.063081
vt 0.131297 0.056781
vt 0.120471 0.064071
vt 0.118386 0.067519
vt 0.144023 0.062612
vt 0.139633 0.061176
vt 0.125172 0.081434
vt 0.128638 0.084742
vt 0.134662 0.086729
vt 0.140892 0.086861
vt 0.145661 0.085323
vt 0.148481 0.083204
vt 0.150442 0.080195
vt 0.147300 0.065631
vt 0.132635 0.060862
vt 0.125833 0.061936
vt 0.203928 0.567041
vt 0.202897 0.552473
vt 0.206794 0.552665
vt 0.206066 0.567147
vt 0.201730 0.567246
vt 0.198891 0.552846
vt 0.217115 0.601587
vt 0.226928 0.615428
vt 0.220310 0.618607
vt 0.213483 0.603332
vt 0.213368 0.619812
vt 0.209674 0.603993
vt 0.203900 0.619958
vt 0.204187 0.604043
vt 0.203370 0.619903
vt 0.195148 0.618078
vt 0.199676 0.603041
vt 0.189162 0.616142
vt 0.196391 0.601979
vt 0.182412 0.612771
vt 0.192687 0.600129
vt 0.222090 0.585213
vt 0.235995 0.585587
vt 0.236827 0.594058
vt 0.222547 0.589861
vt 0.189022 0.578093
vt 0.175732 0.572613
vt 0.179783 0.565712
vt 0.191245 0.574306
vt 0.187498 0.581966
vt 0.172955 0.579671
vt 0.186539 0.586125
vt 0.171208 0.587251
vt 0.186291 0.590349
vt 0.170755 0.594948
vt 0.187712 0.595252
vt 0.173345 0.603883
vt 0.196002 0.569663
vt 0.188452 0.557250
vt 0.192836 0.554814
vt 0.198407 0.568326
vt 0.189893 0.597922
vt 0.177319 0.608749
vt 0.221344 0.596726
vt 0.234635 0.606570
vt 0.231561 0.611374
vt 0.219657 0.599362
vt 0.222260 0.593658
vt 0.236305 0.600978
vt 0.220997 0.580840
vt 0.234002 0.577618
vt 0.211292 0.554467
vt 0.208534 0.568136
vt 0.215975 0.556509
vt 0.211104 0.569256
vt 0.219450 0.577046
vt 0.231184 0.570705
vt 0.214477 0.571328
vt 0.222122 0.560284
vt 0.227095 0.564675
vt 0.217206 0.573737
vt 0.193210 0.572052
vt 0.183365 0.561604
vt 0.129220 0.066700
vt 0.130843 0.064214
vt 0.135474 0.072904
vt 0.139246 0.063443
vt 0.141066 0.064946
vt 0.129503 0.080699
vt 0.128744 0.077879
vt 0.131820 0.082742
vt 0.134896 0.083424
vt 0.137825 0.082727
vt 0.141672 0.079295
vt 0.139905 0.081400
vt 0.142209 0.067601
vt 0.136308 0.062638
vt 0.133392 0.062962
vt 0.216310 0.047473
vt 0.216231 0.049513
vt 0.213192 0.050160
vt 0.212833 0.048222
vt 0.203891 0.071191
vt 0.205188 0.069941
vt 0.208160 0.073686
vt 0.207203 0.075300
vt 0.211168 0.077773
vt 0.211910 0.075752
vt 0.201951 0.066115
vt 0.203534 0.066028
vt 0.203418 0.061716
vt 0.201710 0.061140
vt 0.203094 0.056236
vt 0.204588 0.057145
vt 0.206353 0.051978
vt 0.207241 0.053486
vt 0.210263 0.051337
vt 0.209674 0.049529
vt 0.219366 0.049509
vt 0.219656 0.047613
vt 0.223518 0.048430
vt 0.223065 0.050263
vt 0.226615 0.052068
vt 0.227494 0.050582
vt 0.229916 0.055576
vt 0.231068 0.054342
vt 0.231865 0.060418
vt 0.233330 0.059935
vt 0.231636 0.066140
vt 0.233249 0.066641
vt 0.231414 0.070968
vt 0.230051 0.069978
vt 0.228321 0.074933
vt 0.227119 0.073362
vt 0.218974 0.076831
vt 0.223167 0.075868
vt 0.224145 0.077691
vt 0.219142 0.079097
vt 0.215709 0.076655
vt 0.215616 0.078935
vt 0.216251 0.051499
vt 0.213625 0.052009
vt 0.206872 0.069077
vt 0.209108 0.071752
vt 0.212503 0.073923
vt 0.205556 0.065882
vt 0.205322 0.062249
vt 0.206275 0.058289
vt 0.208342 0.055337
vt 0.210995 0.053186
vt 0.219119 0.051457
vt 0.222431 0.052186
vt 0.225530 0.053779
vt 0.228206 0.056674
vt 0.229923 0.061004
vt 0.229679 0.065731
vt 0.225861 0.071914
vt 0.228308 0.068997
vt 0.218754 0.074983
vt 0.222369 0.074154
vt 0.215816 0.074869
vt 0.226529 0.088055
vt 0.227797 0.092643
vt 0.219374 0.094489
vt 0.219063 0.089354
vt 0.233491 0.084738
vt 0.234585 0.088923
vt 0.238569 0.079905
vt 0.240992 0.081625
vt 0.241725 0.074457
vt 0.244600 0.075065
vt 0.244015 0.067753
vt 0.246909 0.067870
vt 0.245033 0.061920
vt 0.247653 0.061154
vt 0.244441 0.055975
vt 0.246961 0.054531
vt 0.243023 0.050624
vt 0.245182 0.048635
vt 0.239538 0.046327
vt 0.241732 0.043983
vt 0.233940 0.042697
vt 0.235768 0.039745
vt 0.227868 0.041208
vt 0.228363 0.037605
vt 0.220617 0.041015
vt 0.220362 0.037487
vt 0.213747 0.042051
vt 0.213179 0.038401
vt 0.206211 0.043947
vt 0.205074 0.040820
vt 0.199839 0.047659
vt 0.197065 0.045802
vt 0.196088 0.051980
vt 0.193414 0.050726
vt 0.193154 0.057172
vt 0.190373 0.056329
vt 0.191726 0.063239
vt 0.189309 0.063270
vt 0.192322 0.069655
vt 0.189976 0.069911
vt 0.194525 0.075882
vt 0.192472 0.076628
vt 0.198351 0.081506
vt 0.196489 0.083312
vt 0.204116 0.086267
vt 0.203102 0.090011
vt 0.211784 0.088771
vt 0.211746 0.093791
vt 0.218307 0.081556
vt 0.224178 0.080570
vt 0.218105 0.080088
vt 0.223498 0.079062
vt 0.229451 0.078137
vt 0.228204 0.076620
vt 0.233712 0.074516
vt 0.231559 0.072617
vt 0.236804 0.070085
vt 0.233965 0.068224
vt 0.238712 0.065267
vt 0.234944 0.063718
vt 0.239477 0.060471
vt 0.235453 0.059794
vt 0.239117 0.056049
vt 0.234885 0.056165
vt 0.237588 0.052272
vt 0.233722 0.053140
vt 0.234824 0.049313
vt 0.231846 0.050809
vt 0.230115 0.046948
vt 0.228191 0.048695
vt 0.224955 0.045993
vt 0.223974 0.047463
vt 0.219494 0.045876
vt 0.219350 0.047138
vt 0.213804 0.046470
vt 0.213593 0.047623
vt 0.208144 0.047985
vt 0.208902 0.049294
vt 0.203341 0.050358
vt 0.205390 0.052131
vt 0.199734 0.053560
vt 0.203022 0.055178
vt 0.197433 0.057480
vt 0.201303 0.058006
vt 0.196569 0.061975
vt 0.200607 0.061431
vt 0.197099 0.066740
vt 0.200786 0.065567
vt 0.199008 0.071419
vt 0.201921 0.069671
vt 0.202282 0.075613
vt 0.204260 0.073717
vt 0.206799 0.078913
vt 0.207672 0.076924
vt 0.212321 0.080973
vt 0.212474 0.079409
vt 0.227990 0.093304
vt 0.219268 0.095875
vt 0.235115 0.089656
vt 0.242173 0.082178
vt 0.245938 0.075341
vt 0.248570 0.067738
vt 0.249260 0.060500
vt 0.248866 0.053502
vt 0.246746 0.047177
vt 0.242907 0.041932
vt 0.236413 0.037407
vt 0.228588 0.035145
vt 0.220134 0.035021
vt 0.212544 0.035987
vt 0.203979 0.038542
vt 0.194641 0.044296
vt 0.191033 0.049011
vt 0.188070 0.054992
vt 0.186882 0.062266
vt 0.187524 0.069650
vt 0.190162 0.076503
vt 0.194582 0.083920
vt 0.202220 0.091318
vt 0.211191 0.095153
vt 0.299345 0.088851
vt 0.300628 0.084774
vt 0.304098 0.068478
vt 0.303286 0.063901
vt 0.277542 0.084052
vt 0.278049 0.088110
vt 0.286824 0.058442
vt 0.291001 0.091407
vt 0.293962 0.089981
vt 0.284453 0.090183
vt 0.287963 0.091071
vt 0.296027 0.062350
vt 0.290245 0.061466
vt 0.285485 0.063472
vt 0.284095 0.065644
vt 0.282382 0.088847
vt 0.296125 0.087356
vt 0.297409 0.083969
vt 0.298592 0.063842
vt 0.300303 0.068593
vt 0.300066 0.066201
vt 0.280687 0.079765
vt 0.280302 0.083132
vt 0.281039 0.086616
vt 0.287284 0.062007
vt 0.286390 0.067795
vt 0.287472 0.066695
vt 0.290987 0.075683
vt 0.289675 0.066104
vt 0.291776 0.066117
vt 0.292567 0.086780
vt 0.290574 0.087232
vt 0.296982 0.081462
vt 0.296354 0.084090
vt 0.293788 0.066692
vt 0.284834 0.071613
vt 0.285217 0.069529
vt 0.288072 0.086546
vt 0.284780 0.081811
vt 0.286032 0.084532
vt 0.296408 0.069803
vt 0.296873 0.071757
vt 0.295395 0.068003
vt 0.294591 0.085735
vt 0.150944 0.876362
vt 0.145593 0.855758
vt 0.168816 0.854598
vt 0.173544 0.861842
vt 0.180687 0.866867
vt 0.180982 0.868512
vt 0.166539 0.818499
vt 0.173878 0.831085
vt 0.168997 0.837948
vt 0.143937 0.834567
vt 0.146027 0.813432
vt 0.247041 0.716069
vt 0.268468 0.714538
vt 0.268514 0.745489
vt 0.252350 0.746800
vt 0.291099 0.716952
vt 0.284676 0.746975
vt 0.312917 0.723435
vt 0.300347 0.751211
vt 0.333179 0.733764
vt 0.315048 0.758070
vt 0.351195 0.747590
vt 0.328334 0.767342
vt 0.366351 0.764440
vt 0.339801 0.778747
vt 0.378131 0.783741
vt 0.349101 0.791937
vt 0.359754 0.800011
vt 0.348688 0.798186
vt 0.379162 0.812739
vt 0.370497 0.804824
vt 0.386134 0.804836
vt 0.385196 0.822983
vt 0.390087 0.827006
vt 0.386963 0.846891
vt 0.387907 0.834765
vt 0.389857 0.849497
vt 0.364972 0.874416
vt 0.374847 0.867577
vt 0.385449 0.871542
vt 0.382445 0.858190
vt 0.353990 0.878076
vt 0.377016 0.892391
vt 0.349053 0.883959
vt 0.364844 0.911333
vt 0.339739 0.897049
vt 0.349347 0.927724
vt 0.328261 0.908329
vt 0.331053 0.941006
vt 0.314965 0.917458
vt 0.310585 0.950726
vt 0.300256 0.924157
vt 0.288641 0.956553
vt 0.284582 0.928224
vt 0.265967 0.958289
vt 0.268418 0.929535
vt 0.223878 0.950307
vt 0.236585 0.923813
vt 0.252255 0.928049
vt 0.244578 0.956116
vt 0.204494 0.941037
vt 0.221884 0.916954
vt 0.187016 0.928589
vt 0.208524 0.908425
vt 0.171975 0.913339
vt 0.197131 0.896277
vt 0.159828 0.895752
vt 0.187832 0.883087
vt 0.222538 0.776161
vt 0.220238 0.782835
vt 0.216933 0.772334
vt 0.205489 0.773458
vt 0.208671 0.766695
vt 0.210146 0.780707
vt 0.248655 0.753114
vt 0.236118 0.752454
vt 0.242187 0.755280
vt 0.255443 0.751846
vt 0.262336 0.751780
vt 0.269029 0.752877
vt 0.275529 0.755630
vt 0.281588 0.759234
vt 0.292170 0.769710
vt 0.287053 0.763766
vt 0.295539 0.776209
vt 0.297815 0.783670
vt 0.337525 0.799040
vt 0.298840 0.791523
vt 0.327431 0.803198
vt 0.296874 0.856289
vt 0.308056 0.851390
vt 0.312081 0.860635
vt 0.298044 0.849077
vt 0.294863 0.863537
vt 0.291231 0.869658
vt 0.342766 0.878839
vt 0.334388 0.877451
vt 0.327162 0.874526
vt 0.318562 0.868503
vt 0.286328 0.875003
vt 0.281041 0.879648
vt 0.275073 0.882863
vt 0.268592 0.885242
vt 0.261803 0.886215
vt 0.254916 0.886290
vt 0.248133 0.884968
vt 0.241657 0.882654
vt 0.235696 0.879130
vt 0.230421 0.874536
vt 0.225607 0.868272
vt 0.143116 0.877405
vt 0.137415 0.855455
vt 0.135651 0.832879
vt 0.137878 0.810363
vt 0.144027 0.788591
vt 0.151799 0.792994
vt 0.153913 0.768224
vt 0.161078 0.773876
vt 0.167234 0.749881
vt 0.173583 0.756659
vt 0.183586 0.734120
vt 0.188932 0.741864
vt 0.202473 0.721420
vt 0.206660 0.729943
vt 0.223319 0.712166
vt 0.226228 0.721256
vt 0.245492 0.706639
vt 0.268318 0.705008
vt 0.292429 0.707580
vt 0.315672 0.714486
vt 0.337258 0.725491
vt 0.356451 0.740220
vt 0.372597 0.758171
vt 0.385146 0.778733
vt 0.393672 0.801206
vt 0.397884 0.824825
vt 0.397638 0.848785
vt 0.392943 0.872270
vt 0.383959 0.894481
vt 0.370991 0.914661
vt 0.354482 0.932123
vt 0.334992 0.946272
vt 0.313188 0.956627
vt 0.289810 0.962835
vt 0.265654 0.964684
vt 0.242868 0.962370
vt 0.220815 0.956181
vt 0.200165 0.946306
vt 0.181545 0.933044
vt 0.165522 0.916798
vt 0.152581 0.898062
vt 0.219874 0.854913
vt 0.220839 0.854508
vt 0.222894 0.861515
vt 0.221990 0.862128
vt 0.219067 0.846566
vt 0.220046 0.846307
vt 0.219528 0.790901
vt 0.220507 0.790734
vt 0.221202 0.782830
vt 0.223436 0.776348
vt 0.226525 0.768799
vt 0.227339 0.769139
vt 0.230949 0.763335
vt 0.231644 0.763820
vt 0.236222 0.758916
vt 0.236787 0.759510
vt 0.242591 0.755970
vt 0.248888 0.753861
vt 0.255523 0.752621
vt 0.262240 0.752557
vt 0.268730 0.753621
vt 0.275054 0.756301
vt 0.280984 0.759828
vt 0.286322 0.764256
vt 0.291306 0.770045
vt 0.294577 0.776358
vt 0.296801 0.783650
vt 0.297807 0.791349
vt 0.297013 0.848760
vt 0.295863 0.855847
vt 0.293901 0.862916
vt 0.290385 0.868838
vt 0.285586 0.874067
vt 0.280428 0.878599
vt 0.274621 0.881726
vt 0.268305 0.884044
vt 0.261692 0.884992
vt 0.254977 0.885065
vt 0.248369 0.883778
vt 0.242057 0.881523
vt 0.236260 0.878097
vt 0.231132 0.873631
vt 0.226417 0.867498
vt 0.224913 0.852961
vt 0.226744 0.859648
vt 0.224210 0.845132
vt 0.224653 0.792077
vt 0.225277 0.784530
vt 0.227276 0.778340
vt 0.230766 0.771453
vt 0.234614 0.766372
vt 0.239211 0.762252
vt 0.244397 0.758868
vt 0.250022 0.756849
vt 0.255951 0.755659
vt 0.278691 0.762515
vt 0.273396 0.759154
vt 0.283457 0.766738
vt 0.287906 0.772260
vt 0.290824 0.778283
vt 0.292808 0.785243
vt 0.293703 0.792592
vt 0.292960 0.847402
vt 0.291928 0.854170
vt 0.290172 0.860920
vt 0.287027 0.866577
vt 0.282736 0.871573
vt 0.278125 0.875905
vt 0.272937 0.878896
vt 0.267294 0.881114
vt 0.261385 0.882025
vt 0.255387 0.882102
vt 0.249485 0.880879
vt 0.243848 0.878732
vt 0.238672 0.875467
vt 0.234094 0.871207
vt 0.229886 0.865356
vt 0.267747 0.756601
vt 0.261950 0.755591
vt 0.306091 0.841663
vt 0.306190 0.834304
vt 0.307831 0.826762
vt 0.312110 0.817367
vt 0.318936 0.809734
vt 0.376844 0.837817
vt 0.374236 0.837702
vt 0.372526 0.829394
vt 0.374997 0.828838
vt 0.351209 0.869568
vt 0.351958 0.872256
vt 0.342780 0.873421
vt 0.342717 0.870646
vt 0.359080 0.866263
vt 0.360465 0.868684
vt 0.365747 0.860977
vt 0.367670 0.862972
vt 0.370716 0.854102
vt 0.373040 0.855541
vt 0.373617 0.846146
vt 0.376176 0.846943
vt 0.347680 0.806551
vt 0.347251 0.808772
vt 0.338683 0.808696
vt 0.338421 0.806469
vt 0.330425 0.810907
vt 0.329496 0.808859
vt 0.323087 0.815243
vt 0.321566 0.813545
vt 0.317214 0.821381
vt 0.315219 0.820178
vt 0.313243 0.828866
vt 0.310926 0.828267
vt 0.311708 0.835222
vt 0.309277 0.835105
vt 0.356586 0.809100
vt 0.355491 0.811130
vt 0.364477 0.813926
vt 0.362793 0.815596
vt 0.370770 0.820672
vt 0.368615 0.821838
vt 0.311449 0.841388
vt 0.308988 0.841800
vt 0.313158 0.849696
vt 0.310835 0.850779
vt 0.335678 0.872583
vt 0.336159 0.869785
vt 0.329246 0.870517
vt 0.330194 0.867959
vt 0.321355 0.865691
vt 0.322892 0.863493
vt 0.315062 0.858945
vt 0.317069 0.857251
vt 0.360605 0.833154
vt 0.361645 0.838207
vt 0.347639 0.857589
vt 0.342473 0.858245
vt 0.356482 0.852364
vt 0.352426 0.855579
vt 0.359504 0.848182
vt 0.361268 0.843343
vt 0.345231 0.820611
vt 0.340020 0.820564
vt 0.334997 0.821910
vt 0.330534 0.824547
vt 0.326962 0.828280
vt 0.324546 0.832833
vt 0.323613 0.836699
vt 0.350243 0.822045
vt 0.354685 0.824762
vt 0.358226 0.828558
vt 0.323455 0.840449
vt 0.324495 0.845502
vt 0.338485 0.857721
vt 0.334857 0.856611
vt 0.330415 0.853894
vt 0.326874 0.850098
vt 0.379541 0.837383
vt 0.377548 0.827699
vt 0.361875 0.870674
vt 0.352700 0.874526
vt 0.369646 0.864513
vt 0.375437 0.856499
vt 0.378819 0.847226
vt 0.338100 0.803573
vt 0.348086 0.803662
vt 0.328474 0.806151
vt 0.319921 0.811205
vt 0.313076 0.818359
vt 0.308446 0.827084
vt 0.306667 0.834458
vt 0.357691 0.806411
vt 0.366202 0.811617
vt 0.372989 0.818892
vt 0.342801 0.875782
vt 0.306355 0.841679
vt 0.308348 0.851363
vt 0.335142 0.874879
vt 0.328205 0.872651
vt 0.319693 0.867446
vt 0.312907 0.860170
vt 0.382961 0.836420
vt 0.380781 0.825825
vt 0.353597 0.877055
vt 0.363634 0.872841
vt 0.372136 0.866101
vt 0.378472 0.857333
vt 0.382172 0.847189
vt 0.337624 0.799431
vt 0.348549 0.799528
vt 0.359057 0.802536
vt 0.368369 0.808231
vt 0.375794 0.816191
vt 0.342768 0.878430
vt 0.385232 0.835636
vt 0.382927 0.824431
vt 0.364793 0.874155
vt 0.373784 0.867026
vt 0.380485 0.857753
vt 0.384398 0.847024
vt 0.369800 0.805823
vt 0.377652 0.814241
vt 0.189147 0.868827
vt 0.167217 0.846194
vt 0.176807 0.821036
vt 0.181117 0.826636
vt 0.211552 0.847983
vt 0.209950 0.839558
vt 0.169318 0.779161
vt 0.174141 0.772198
vt 0.181369 0.767677
vt 0.210101 0.797779
vt 0.211862 0.789410
vt 0.198003 0.809240
vt 0.198072 0.827249
vt 0.189511 0.810612
vt 0.189611 0.825277
vt 0.232782 0.757393
vt 0.216122 0.760228
vt 0.221960 0.761597
vt 0.209773 0.856229
vt 0.204888 0.863072
vt 0.197644 0.867492
vt 0.173896 0.803548
vt 0.181051 0.808647
vt 0.169146 0.796157
vt 0.167526 0.787610
vt 0.189863 0.766320
vt 0.200686 0.756650
vt 0.198333 0.768349
vt 0.205214 0.832263
vt 0.205234 0.804733
vt 0.211186 0.756703
vt 0.207904 0.751570
vt 0.207973 0.739724
vt 0.211313 0.734806
vt 0.206776 0.745607
vt 0.227966 0.731927
vt 0.222131 0.730574
vt 0.216283 0.731586
vt 0.236180 0.740554
vt 0.237311 0.746534
vt 0.232899 0.735428
vt 0.227812 0.760612
vt 0.181119 0.865484
vt 0.189115 0.867336
vt 0.168388 0.845945
vt 0.169900 0.853888
vt 0.170070 0.838151
vt 0.181526 0.827460
vt 0.174684 0.831665
vt 0.210290 0.847635
vt 0.208776 0.839673
vt 0.181912 0.768539
vt 0.175081 0.772811
vt 0.189941 0.767256
vt 0.209068 0.796989
vt 0.210732 0.789079
vt 0.189608 0.809118
vt 0.197634 0.807821
vt 0.211736 0.755823
vt 0.216402 0.759154
vt 0.211857 0.735127
vt 0.208700 0.739775
vt 0.227596 0.732406
vt 0.222081 0.731128
vt 0.232148 0.756475
vt 0.235301 0.751807
vt 0.221919 0.760449
vt 0.174368 0.860734
vt 0.208609 0.855429
vt 0.203992 0.861897
vt 0.197146 0.866074
vt 0.174850 0.802442
vt 0.181612 0.807261
vt 0.170360 0.795456
vt 0.168828 0.787378
vt 0.170488 0.779441
vt 0.204709 0.774002
vt 0.197946 0.769174
vt 0.209111 0.780854
vt 0.204467 0.803562
vt 0.204300 0.832778
vt 0.197550 0.828039
vt 0.189553 0.826175
vt 0.208634 0.750971
vt 0.207568 0.745336
vt 0.216554 0.732083
vt 0.232258 0.735715
vt 0.235359 0.740560
vt 0.236428 0.746212
vt 0.227450 0.759518
vt 0.183122 0.859746
vt 0.188603 0.861016
vt 0.174394 0.846352
vt 0.175430 0.851797
vt 0.175547 0.841009
vt 0.183400 0.833679
vt 0.178710 0.836562
vt 0.203119 0.847510
vt 0.202081 0.842052
vt 0.183825 0.774380
vt 0.179131 0.777316
vt 0.189343 0.773499
vt 0.202487 0.793931
vt 0.203630 0.788495
vt 0.189114 0.802266
vt 0.194629 0.801374
vt 0.215121 0.752460
vt 0.218170 0.754637
vt 0.215200 0.738938
vt 0.213138 0.741975
vt 0.225484 0.737160
vt 0.221881 0.736325
vt 0.228458 0.752886
vt 0.230518 0.749836
vt 0.221775 0.755482
vt 0.178493 0.856490
vt 0.201966 0.852853
vt 0.198801 0.857287
vt 0.194108 0.860151
vt 0.178972 0.797678
vt 0.183619 0.800990
vt 0.175887 0.792877
vt 0.174834 0.787326
vt 0.175975 0.781872
vt 0.199491 0.778135
vt 0.194843 0.774816
vt 0.202516 0.782843
vt 0.199325 0.798448
vt 0.199013 0.837325
vt 0.194385 0.834076
vt 0.188904 0.832799
vt 0.213095 0.749290
vt 0.212398 0.745608
vt 0.218269 0.736949
vt 0.228530 0.739322
vt 0.230556 0.742488
vt 0.231254 0.746181
vt 0.225388 0.754874
vt 0.244371 0.832752
vt 0.245178 0.835519
vt 0.244034 0.829492
vt 0.243932 0.807288
vt 0.244151 0.804115
vt 0.244959 0.801495
vt 0.246393 0.798563
vt 0.247988 0.796382
vt 0.249904 0.794596
vt 0.252073 0.793109
vt 0.254435 0.792188
vt 0.256931 0.791613
vt 0.266570 0.794193
vt 0.264316 0.792854
vt 0.268605 0.795900
vt 0.270515 0.798158
vt 0.271781 0.800643
vt 0.272658 0.803534
vt 0.273080 0.806607
vt 0.273065 0.829546
vt 0.272663 0.832384
vt 0.271958 0.835229
vt 0.270660 0.837632
vt 0.268872 0.839769
vt 0.266948 0.841639
vt 0.264774 0.842957
vt 0.262403 0.843956
vt 0.259914 0.844412
vt 0.257384 0.844525
vt 0.254886 0.844091
vt 0.252496 0.843267
vt 0.250294 0.841971
vt 0.248339 0.840250
vt 0.246533 0.837861
vt 0.261916 0.791854
vt 0.259463 0.791507
vt 0.258457 0.818107
vt 0.323277 0.694211
vt 0.323733 0.693195
vt 0.337846 0.699557
vt 0.337221 0.700442
vt 0.309075 0.689461
vt 0.309395 0.688503
vt 0.294436 0.688316
vt 0.294839 0.686162
vt 0.308468 0.691568
vt 0.280568 0.686429
vt 0.280769 0.684247
vt 0.294313 0.691449
vt 0.266800 0.688913
vt 0.267035 0.685812
vt 0.248710 0.686880
vt 0.267039 0.683621
vt 0.248446 0.684704
vt 0.267040 0.682617
vt 0.248285 0.683786
vt 0.295041 0.685128
vt 0.280844 0.683166
vt 0.132241 0.761542
vt 0.131106 0.760887
vt 0.142914 0.743445
vt 0.143786 0.744105
vt 0.123348 0.780013
vt 0.122319 0.779778
vt 0.119316 0.799492
vt 0.117168 0.798957
vt 0.125407 0.780820
vt 0.115816 0.818110
vt 0.113617 0.817846
vt 0.118477 0.822661
vt 0.114705 0.836226
vt 0.118477 0.849851
vt 0.115811 0.854361
vt 0.119311 0.872996
vt 0.113612 0.854625
vt 0.117162 0.873531
vt 0.112320 0.854821
vt 0.115822 0.873855
vt 0.116114 0.798732
vt 0.112490 0.836225
vt 0.112761 0.817769
vt 0.111487 0.836157
vt 0.229311 0.984318
vt 0.229137 0.985068
vt 0.209925 0.979008
vt 0.210245 0.978271
vt 0.248404 0.987803
vt 0.248272 0.988595
vt 0.266975 0.986700
vt 0.266977 0.988891
vt 0.248668 0.985627
vt 0.285317 0.985581
vt 0.285586 0.987756
vt 0.266800 0.983598
vt 0.292726 0.981350
vt 0.304160 0.982091
vt 0.317861 0.974671
vt 0.323048 0.976034
vt 0.341437 0.963768
vt 0.341455 0.967330
vt 0.358821 0.956040
vt 0.342542 0.969239
vt 0.360161 0.957785
vt 0.343079 0.970059
vt 0.360772 0.958557
vt 0.266923 0.989846
vt 0.304704 0.984215
vt 0.285665 0.988654
vt 0.323867 0.978069
vt 0.304918 0.985203
vt 0.324271 0.978979
vt 0.393037 0.927351
vt 0.376929 0.944660
vt 0.391382 0.927314
vt 0.401308 0.915145
vt 0.399620 0.914072
vt 0.389810 0.927092
vt 0.398338 0.912662
vt 0.397260 0.911138
vt 0.387322 0.927395
vt 0.396058 0.909486
vt 0.381104 0.930735
vt 0.374605 0.942380
vt 0.362735 0.948972
vt 0.239429 0.981090
vt 0.229849 0.982193
vt 0.212990 0.973649
vt 0.211076 0.976245
vt 0.192575 0.967569
vt 0.191514 0.969492
vt 0.173831 0.958079
vt 0.175166 0.956331
vt 0.157121 0.944923
vt 0.157776 0.944274
vt 0.173157 0.958864
vt 0.142892 0.929062
vt 0.143791 0.928413
vt 0.188383 0.961529
vt 0.159341 0.942724
vt 0.131074 0.911599
vt 0.132241 0.910970
vt 0.166447 0.945143
vt 0.145557 0.927090
vt 0.122030 0.892999
vt 0.123344 0.892489
vt 0.147928 0.925050
vt 0.134172 0.909898
vt 0.133457 0.901932
vt 0.125403 0.891682
vt 0.123527 0.876578
vt 0.123528 0.795934
vt 0.134172 0.762615
vt 0.157102 0.727590
vt 0.157769 0.728245
vt 0.133457 0.770580
vt 0.145552 0.745427
vt 0.173241 0.713708
vt 0.173826 0.714437
vt 0.147928 0.747462
vt 0.159334 0.729795
vt 0.190945 0.702141
vt 0.191475 0.703041
vt 0.168556 0.725858
vt 0.175160 0.716186
vt 0.188383 0.710983
vt 0.192556 0.704953
vt 0.212990 0.698863
vt 0.210980 0.696310
vt 0.229873 0.690313
vt 0.229335 0.688188
vt 0.210167 0.694272
vt 0.239429 0.691422
vt 0.320880 0.698967
vt 0.322466 0.696250
vt 0.336210 0.702392
vt 0.350678 0.708140
vt 0.349474 0.709979
vt 0.351249 0.707340
vt 0.364753 0.715637
vt 0.363415 0.717241
vt 0.377587 0.726810
vt 0.371967 0.725151
vt 0.345586 0.711210
vt 0.362028 0.718950
vt 0.367922 0.728508
vt 0.368445 0.725526
vt 0.229052 0.687041
vt 0.209744 0.693232
vt 0.191044 0.970277
vt 0.376175 0.943926
vt 0.622701 0.728443
vt 0.631233 0.724884
vt 0.631510 0.727195
vt 0.622608 0.730886
vt 0.609816 0.731598
vt 0.611317 0.728725
vt 0.611419 0.739641
vt 0.486120 0.861091
vt 0.485327 0.862386
vt 0.479609 0.858938
vt 0.481156 0.857879
vt 0.474778 0.852104
vt 0.476177 0.851645
vt 0.473472 0.852589
vt 0.470297 0.846762
vt 0.471579 0.846203
vt 0.467404 0.839667
vt 0.468862 0.847682
vt 0.465105 0.840205
vt 0.641074 0.717045
vt 0.642885 0.723134
vt 0.639108 0.720769
vt 0.638365 0.718513
vt 0.469447 0.838887
vt 0.472928 0.845695
vt 0.472099 0.853274
vt 0.478402 0.859702
vt 0.495930 0.863482
vt 0.494977 0.865264
vt 0.475406 0.862213
vt 0.464778 0.857515
vt 0.470291 0.854121
vt 0.458353 0.883353
vt 0.481386 0.867570
vt 0.491633 0.872272
vt 0.492908 0.868338
vt 0.483416 0.865326
vt 0.493828 0.866993
vt 0.484453 0.863736
vt 0.476950 0.860650
vt 0.467353 0.848755
vt 0.463141 0.840632
vt 0.380362 0.989769
vt 0.368892 0.990717
vt 0.380925 0.988372
vt 0.391966 0.985187
vt 0.694316 0.875889
vt 0.687471 0.869933
vt 0.688702 0.863304
vt 0.682320 0.865976
vt 0.667047 0.848147
vt 0.670048 0.859410
vt 0.659645 0.853932
vt 0.652031 0.836575
vt 0.650991 0.849929
vt 0.630890 0.830080
vt 0.511597 0.745095
vt 0.516675 0.732268
vt 0.555950 0.734560
vt 0.556405 0.743679
vt 0.474310 0.739169
vt 0.480462 0.746398
vt 0.476731 0.752387
vt 0.452276 0.729084
vt 0.468194 0.732094
vt 0.479600 0.730419
vt 0.671013 0.839987
vt 0.641825 0.846200
vt 0.619744 0.811812
vt 0.640342 0.817018
vt 0.578595 0.801412
vt 0.588819 0.817004
vt 0.572104 0.790039
vt 0.613089 0.798271
vt 0.657268 0.814135
vt 0.633601 0.802391
vt 0.647843 0.786455
vt 0.628161 0.787297
vt 0.624069 0.771870
vt 0.603091 0.770175
vt 0.607524 0.784354
vt 0.599820 0.755849
vt 0.621356 0.756245
vt 0.558300 0.755185
vt 0.561161 0.766788
vt 0.597730 0.741492
vt 0.643000 0.757696
vt 0.623506 0.737608
vt 0.642876 0.728649
vt 0.596382 0.731575
vt 0.556051 0.729768
vt 0.499080 0.768890
vt 0.501518 0.780015
vt 0.492857 0.761269
vt 0.486647 0.753769
vt 0.512816 0.794495
vt 0.511511 0.784456
vt 0.519761 0.794542
vt 0.505304 0.776621
vt 0.516698 0.754321
vt 0.522130 0.763634
vt 0.515157 0.797232
vt 0.540261 0.791723
vt 0.549769 0.804691
vt 0.533933 0.782372
vt 0.527881 0.772997
vt 0.566282 0.778473
vt 0.556298 0.812638
vt 0.600794 0.829263
vt 0.403084 0.899502
vt 0.402281 0.899047
vt 0.401655 0.898726
vt 0.372305 0.980843
vt 0.374850 0.979574
vt 0.376552 0.980255
vt 0.370171 0.982254
vt 0.377900 0.981328
vt 0.366903 0.984671
vt 0.378601 0.982373
vt 0.367248 0.985948
vt 0.367732 0.986946
vt 0.379315 0.983682
vt 0.368031 0.987630
vt 0.379857 0.984996
vt 0.368357 0.988726
vt 0.380506 0.986110
vt 0.368551 0.989765
vt 0.381040 0.987183
vt 0.404580 0.900575
vt 0.405224 0.901109
vt 0.403819 0.899946
vt 0.405724 0.901684
vt 0.406189 0.902201
vt 0.406680 0.902770
vt 0.395911 0.982750
vt 0.397755 0.983683
vt 0.409644 0.979550
vt 0.410981 0.980770
vt 0.421020 0.977193
vt 0.422154 0.979036
vt 0.429529 0.975899
vt 0.430739 0.977760
vt 0.439671 0.974410
vt 0.440438 0.976729
vt 0.428806 0.974099
vt 0.438331 0.972825
vt 0.427836 0.972697
vt 0.436261 0.971480
vt 0.420076 0.975652
vt 0.419080 0.974142
vt 0.408298 0.978204
vt 0.407211 0.976829
vt 0.394586 0.981795
vt 0.393473 0.980861
vt 0.440674 0.958826
vt 0.436069 0.965506
vt 0.425878 0.967044
vt 0.424323 0.961187
vt 0.391041 0.977421
vt 0.390631 0.976056
vt 0.405929 0.971103
vt 0.405461 0.972549
vt 0.391658 0.973027
vt 0.392534 0.979597
vt 0.406192 0.975381
vt 0.417555 0.972489
vt 0.426821 0.970678
vt 0.435000 0.969467
vt 0.391661 0.978428
vt 0.405728 0.974065
vt 0.416589 0.971090
vt 0.426199 0.969110
vt 0.434776 0.967893
vt 0.414058 0.969065
vt 0.415272 0.969903
vt 0.390697 0.897280
vt 0.405437 0.887260
vt 0.399923 0.873722
vt 0.413167 0.863619
vt 0.404617 0.848888
vt 0.415727 0.839263
vt 0.404617 0.823624
vt 0.414174 0.814822
vt 0.399923 0.798790
vt 0.408549 0.790972
vt 0.390697 0.775232
vt 0.399008 0.768373
vt 0.377251 0.753752
vt 0.385814 0.747649
vt 0.360044 0.735081
vt 0.339662 0.719856
vt 0.316798 0.708595
vt 0.292232 0.701681
vt 0.266800 0.699350
vt 0.377251 0.918760
vt 0.360044 0.937431
vt 0.339662 0.952656
vt 0.316798 0.963917
vt 0.292232 0.970831
vt 0.266800 0.973162
vt 0.499913 0.887720
vt 0.538787 0.896753
vt 0.504368 0.875082
vt 0.542147 0.884246
vt 0.501159 0.944560
vt 0.489314 0.954938
vt 0.461948 0.944309
vt 0.480695 0.961929
vt 0.483714 0.959866
vt 0.522007 0.955954
vt 0.495234 0.897949
vt 0.448030 0.907831
vt 0.489855 0.907938
vt 0.483802 0.917625
vt 0.528108 0.915379
vt 0.521951 0.922987
vt 0.434093 0.930273
vt 0.477109 0.926953
vt 0.515389 0.930409
vt 0.416928 0.950056
vt 0.407677 0.967287
vt 0.397011 0.966636
vt 0.526622 0.952592
vt 0.562922 0.950330
vt 0.563381 0.937371
vt 0.553302 0.944895
vt 0.535997 0.944884
vt 0.549327 0.933473
vt 0.572682 0.930116
vt 0.596968 0.927896
vt 0.613614 0.918740
vt 0.594540 0.911848
vt 0.585171 0.920483
vt 0.568060 0.916196
vt 0.573440 0.905285
vt 0.562021 0.921975
vt 0.578978 0.925273
vt 0.555772 0.927740
vt 0.633925 0.907568
vt 0.604461 0.899910
vt 0.575660 0.892500
vt 0.533837 0.907621
vt 0.637885 0.903563
vt 0.606926 0.895839
vt 0.607462 0.894199
vt 0.639774 0.899783
vt 0.607886 0.892395
vt 0.577086 0.886779
vt 0.577397 0.885310
vt 0.543854 0.877672
vt 0.544211 0.876088
vt 0.507384 0.868234
vt 0.508298 0.866665
vt 0.597123 0.728047
vt 0.556751 0.726120
vt 0.517524 0.725378
vt 0.518160 0.722178
vt 0.487359 0.721848
vt 0.485016 0.724791
vt 0.451076 0.725926
vt 0.451345 0.721639
vt 0.517018 0.727790
vt 0.482786 0.726800
vt 0.506476 0.869790
vt 0.543422 0.879432
vt 0.576638 0.888322
vt 0.542933 0.881195
vt 0.505618 0.871368
vt 0.576086 0.890580
vt 0.643543 0.907265
vt 0.639434 0.908942
vt 0.645097 0.910473
vt 0.650805 0.908794
vt 0.646374 0.905671
vt 0.654842 0.906976
vt 0.647917 0.904083
vt 0.658015 0.904632
vt 0.648799 0.902566
vt 0.660261 0.902376
vt 0.649084 0.900911
vt 0.661855 0.899807
vt 0.649012 0.899414
vt 0.648751 0.897739
vt 0.442571 0.726215
vt 0.440801 0.721798
vt 0.446060 0.730472
vt 0.662843 0.896791
vt 0.436391 0.729708
vt 0.431326 0.725850
vt 0.441359 0.733711
vt 0.617622 0.920530
vt 0.597511 0.930585
vt 0.567898 0.948785
vt 0.598370 0.933684
vt 0.572927 0.948919
vt 0.605445 0.956023
vt 0.620585 0.922103
vt 0.628836 0.945579
vt 0.653926 0.934111
vt 0.582960 0.966572
vt 0.426472 0.756266
vt 0.421536 0.752325
vt 0.416617 0.748397
vt 0.675488 0.909573
vt 0.673854 0.915540
vt 0.671915 0.920218
vt 0.669247 0.924346
vt 0.665328 0.928065
vt 0.659478 0.931711
vt 0.503029 0.798592
vt 0.491755 0.808392
vt 0.475430 0.795355
vt 0.487016 0.778237
vt 0.459104 0.782320
vt 0.468499 0.758093
vt 0.442784 0.769290
vt 0.472969 0.755303
vt 0.494294 0.778164
vt 0.507347 0.796070
vt 0.567322 0.952838
vt 0.564367 0.951667
vt 0.560159 0.952888
vt 0.562353 0.953706
vt 0.564828 0.955303
vt 0.560998 0.956589
vt 0.563242 0.957513
vt 0.559628 0.959181
vt 0.562902 0.960375
vt 0.560649 0.961220
vt 0.556833 0.959474
vt 0.556252 0.960997
vt 0.557755 0.956925
vt 0.560430 0.962574
vt 0.555604 0.962467
vt 0.559268 0.964572
vt 0.554536 0.964072
vt 0.557431 0.966486
vt 0.509348 0.798462
vt 0.511800 0.800593
vt 0.508682 0.803914
vt 0.505665 0.801401
vt 0.562331 0.964607
vt 0.560424 0.968130
vt 0.501394 0.815997
vt 0.496675 0.812379
vt 0.565690 0.979713
vt 0.568330 0.977465
vt 0.570172 0.975728
vt 0.572303 0.973829
vt 0.576586 0.970200
vt 0.521446 0.966503
vt 0.520288 0.963737
vt 0.519485 0.961318
vt 0.520472 0.958009
vt 0.477045 0.966583
vt 0.476722 0.968249
vt 0.478016 0.963691
vt 0.476993 0.970518
vt 0.477531 0.972899
vt 0.130495 0.812482
vt 0.128392 0.836256
vt 0.130495 0.860029
vt 0.136739 0.883080
vt 0.146935 0.904709
vt 0.160774 0.924257
vt 0.177833 0.941132
vt 0.197596 0.954820
vt 0.219462 0.964905
vt 0.242766 0.971082
vt 0.136739 0.789431
vt 0.146935 0.767803
vt 0.160774 0.748255
vt 0.177833 0.731380
vt 0.197596 0.717692
vt 0.219462 0.707607
vt 0.242766 0.701430
vt 0.266746 0.705318
vt 0.243760 0.707307
vt 0.291070 0.707547
vt 0.314565 0.714160
vt 0.336432 0.724930
vt 0.355926 0.739492
vt 0.372383 0.757348
vt 0.385243 0.777892
vt 0.394067 0.800423
vt 0.398556 0.824174
vt 0.398556 0.848338
vt 0.394067 0.872089
vt 0.221471 0.713214
vt 0.200559 0.722860
vt 0.181657 0.735951
vt 0.165341 0.752091
vt 0.152107 0.770787
vt 0.142355 0.791472
vt 0.136383 0.813519
vt 0.134372 0.836256
vt 0.385243 0.894620
vt 0.372383 0.915164
vt 0.355926 0.933020
vt 0.336432 0.947582
vt 0.314565 0.958352
vt 0.291070 0.964965
vt 0.266746 0.967194
vt 0.136383 0.858993
vt 0.142355 0.881039
vt 0.152107 0.901725
vt 0.165341 0.920421
vt 0.181657 0.936560
vt 0.200559 0.949652
vt 0.221471 0.959298
vt 0.243760 0.965205
vt 0.366895 0.713313
vt 0.380775 0.724979
vt 0.325563 0.689094
vt 0.339947 0.695962
vt 0.247665 0.679522
vt 0.266916 0.678465
vt 0.310627 0.684250
vt 0.295791 0.681026
vt 0.127977 0.759422
vt 0.140107 0.741369
vt 0.112827 0.874487
vt 0.109436 0.855171
vt 0.118795 0.778621
vt 0.112619 0.798007
vt 0.109365 0.817409
vt 0.108336 0.836245
vt 0.228192 0.988562
vt 0.208593 0.982270
vt 0.363608 0.962238
vt 0.345252 0.973843
vt 0.247683 0.992285
vt 0.266971 0.993663
vt 0.286128 0.992502
vt 0.305728 0.988781
vt 0.396204 0.929643
vt 0.379809 0.947572
vt 0.405446 0.916689
vt 0.154246 0.947701
vt 0.140161 0.931243
vt 0.128005 0.913106
vt 0.118934 0.894124
vt 0.154147 0.724749
vt 0.170629 0.710501
vt 0.188953 0.698537
vt 0.353690 0.703952
vt 0.281174 0.678995
vt 0.228001 0.682782
vt 0.208120 0.689191
vt 0.170870 0.961862
vt 0.189302 0.973259
vt 0.325811 0.982676
vt 0.411277 0.891815
vt 0.415964 0.893787
vt 0.411345 0.905396
vt 0.418678 0.867552
vt 0.423900 0.868591
vt 0.421811 0.842379
vt 0.426947 0.842746
vt 0.420714 0.817040
vt 0.425461 0.816530
vt 0.415418 0.792226
vt 0.420311 0.791081
vt 0.406061 0.768613
vt 0.410337 0.767196
vt 0.392896 0.746852
vt 0.396452 0.744533
vt 0.385492 0.737608
vt 0.642894 0.717192
vt 0.023005 0.968890
vt 0.023512 0.971809
vt 0.020995 0.968890
vt 0.021623 0.972507
vt 0.024971 0.974375
vt 0.023431 0.975688
vt 0.027207 0.976280
vt 0.026202 0.978049
vt 0.029950 0.977294
vt 0.029600 0.979305
vt 0.032868 0.977294
vt 0.033217 0.979305
vt 0.035611 0.976280
vt 0.036616 0.978049
vt 0.037846 0.974375
vt 0.039386 0.975688
vt 0.039305 0.971809
vt 0.041195 0.972507
vt 0.039812 0.968890
vt 0.041823 0.968890
vt 0.039305 0.965972
vt 0.041195 0.965274
vt 0.037846 0.963405
vt 0.039386 0.962093
vt 0.035611 0.961501
vt 0.036616 0.959732
vt 0.032868 0.960487
vt 0.033217 0.958476
vt 0.029950 0.960487
vt 0.029600 0.958476
vt 0.027207 0.961501
vt 0.026202 0.959732
vt 0.024971 0.963405
vt 0.023431 0.962093
vt 0.023512 0.965972
vt 0.021623 0.965274
vt 0.051408 0.814108
vt 0.060806 0.814108
vt 0.051728 0.816541
vt 0.052667 0.818807
vt 0.054160 0.820754
vt 0.056107 0.822247
vt 0.058373 0.823186
vt 0.060806 0.823506
vt 0.063238 0.823186
vt 0.065505 0.822247
vt 0.067451 0.820754
vt 0.068945 0.818807
vt 0.069884 0.816541
vt 0.070204 0.814108
vt 0.069884 0.811676
vt 0.068945 0.809409
vt 0.067451 0.807463
vt 0.065505 0.805969
vt 0.063238 0.805030
vt 0.060806 0.804710
vt 0.058373 0.805030
vt 0.056107 0.805969
vt 0.054160 0.807463
vt 0.052667 0.809409
vt 0.051728 0.811676
vt 0.042650 0.818973
vt 0.042010 0.814108
vt 0.044528 0.823506
vt 0.047515 0.827399
vt 0.051408 0.830386
vt 0.055941 0.832264
vt 0.060806 0.832904
vt 0.065671 0.832264
vt 0.070204 0.830386
vt 0.074097 0.827399
vt 0.077084 0.823506
vt 0.078961 0.818973
vt 0.079602 0.814108
vt 0.078961 0.809243
vt 0.077084 0.804710
vt 0.074097 0.800817
vt 0.070204 0.797830
vt 0.065671 0.795953
vt 0.060806 0.795312
vt 0.055941 0.795953
vt 0.051408 0.797830
vt 0.047515 0.800817
vt 0.044528 0.804710
vt 0.042650 0.809243
vt 0.040231 0.819621
vt 0.039505 0.814108
vt 0.042359 0.824758
vt 0.045744 0.829170
vt 0.050156 0.832555
vt 0.055293 0.834683
vt 0.060806 0.835409
vt 0.066319 0.834683
vt 0.071456 0.832555
vt 0.075867 0.829170
vt 0.079252 0.824758
vt 0.081380 0.819621
vt 0.082106 0.814108
vt 0.081380 0.808595
vt 0.079252 0.803458
vt 0.075867 0.799047
vt 0.071456 0.795662
vt 0.066319 0.793534
vt 0.060806 0.792808
vt 0.055293 0.793534
vt 0.050156 0.795662
vt 0.045744 0.799047
vt 0.042359 0.803458
vt 0.040231 0.808595
vt 0.039229 0.819890
vt 0.038468 0.814108
vt 0.041461 0.825277
vt 0.045011 0.829903
vt 0.049637 0.833453
vt 0.055024 0.835685
vt 0.060806 0.836446
vt 0.066587 0.835685
vt 0.071975 0.833453
vt 0.076601 0.829903
vt 0.080151 0.825277
vt 0.082382 0.819890
vt 0.083143 0.814108
vt 0.082382 0.808327
vt 0.080151 0.802939
vt 0.076601 0.798313
vt 0.071975 0.794763
vt 0.066587 0.792532
vt 0.060806 0.791771
vt 0.055024 0.792532
vt 0.049637 0.794763
vt 0.045011 0.798313
vt 0.041461 0.802939
vt 0.039229 0.808327
vt 0.027900 0.822976
vt 0.026736 0.814108
vt 0.031314 0.831240
vt 0.036743 0.838337
vt 0.043820 0.843782
vt 0.052060 0.847205
vt 0.060903 0.848372
vt 0.069746 0.847205
vt 0.077986 0.843782
vt 0.085062 0.838337
vt 0.090492 0.831240
vt 0.093906 0.822976
vt 0.095070 0.814108
vt 0.093906 0.805240
vt 0.090492 0.796976
vt 0.085062 0.789880
vt 0.077986 0.784435
vt 0.069746 0.781012
vt 0.060903 0.779844
vt 0.052060 0.781012
vt 0.043820 0.784435
vt 0.036743 0.789880
vt 0.031314 0.796976
vt 0.027900 0.805240
vt 0.051236 0.903095
vt 0.060584 0.903095
vt 0.051554 0.905514
vt 0.052488 0.907769
vt 0.053974 0.909705
vt 0.055910 0.911191
vt 0.058165 0.912125
vt 0.060584 0.912443
vt 0.063004 0.912125
vt 0.065258 0.911191
vt 0.067194 0.909705
vt 0.068680 0.907769
vt 0.069614 0.905514
vt 0.069932 0.903095
vt 0.069614 0.900675
vt 0.068680 0.898421
vt 0.067194 0.896485
vt 0.065258 0.894999
vt 0.063004 0.894065
vt 0.060584 0.893747
vt 0.058165 0.894065
vt 0.055910 0.894999
vt 0.053974 0.896485
vt 0.052488 0.898421
vt 0.051554 0.900675
vt 0.042525 0.907934
vt 0.041888 0.903095
vt 0.044392 0.912443
vt 0.047364 0.916315
vt 0.051236 0.919287
vt 0.055745 0.921154
vt 0.060584 0.921791
vt 0.065423 0.921154
vt 0.069932 0.919287
vt 0.073804 0.916315
vt 0.076776 0.912443
vt 0.078644 0.907934
vt 0.079281 0.903095
vt 0.078644 0.898256
vt 0.076776 0.893747
vt 0.073805 0.889875
vt 0.069932 0.886903
vt 0.065423 0.885035
vt 0.060584 0.884398
vt 0.055745 0.885035
vt 0.051236 0.886903
vt 0.047364 0.889874
vt 0.044392 0.893747
vt 0.042525 0.898256
vt 0.040119 0.908579
vt 0.039397 0.903095
vt 0.042235 0.913689
vt 0.045602 0.918077
vt 0.049990 0.921444
vt 0.055100 0.923561
vt 0.060584 0.924282
vt 0.066068 0.923561
vt 0.071178 0.921444
vt 0.075566 0.918077
vt 0.078933 0.913689
vt 0.081050 0.908579
vt 0.081772 0.903095
vt 0.081050 0.897611
vt 0.078933 0.892501
vt 0.075566 0.888113
vt 0.071178 0.884746
vt 0.066068 0.882629
vt 0.060584 0.881907
vt 0.055100 0.882629
vt 0.049990 0.884746
vt 0.045602 0.888113
vt 0.042235 0.892501
vt 0.040119 0.897611
vt 0.039122 0.908846
vt 0.038365 0.903095
vt 0.041342 0.914205
vt 0.044873 0.918806
vt 0.049474 0.922337
vt 0.054833 0.924557
vt 0.060584 0.925314
vt 0.066335 0.924557
vt 0.071694 0.922337
vt 0.076296 0.918806
vt 0.079827 0.914205
vt 0.082046 0.908846
vt 0.082803 0.903095
vt 0.082046 0.897344
vt 0.079827 0.891985
vt 0.076296 0.887384
vt 0.071694 0.883852
vt 0.066335 0.881633
vt 0.060584 0.880876
vt 0.054833 0.881633
vt 0.049474 0.883852
vt 0.044873 0.887383
vt 0.041342 0.891985
vt 0.039122 0.897344
vt 0.028372 0.911807
vt 0.027229 0.902998
vt 0.031724 0.920015
vt 0.037055 0.927064
vt 0.044004 0.932473
vt 0.052095 0.935873
vt 0.060778 0.937033
vt 0.069462 0.935873
vt 0.077553 0.932473
vt 0.084501 0.927064
vt 0.089833 0.920015
vt 0.093185 0.911807
vt 0.094328 0.902998
vt 0.093185 0.894189
vt 0.089833 0.885980
vt 0.084501 0.878931
vt 0.077553 0.873522
vt 0.069462 0.870122
vt 0.060778 0.868962
vt 0.052095 0.870122
vt 0.044004 0.873522
vt 0.037055 0.878931
vt 0.031724 0.885980
vt 0.028372 0.894189
vt 0.113152 0.960126
vt 0.118783 0.960126
vt 0.113344 0.961583
vt 0.113907 0.962941
vt 0.114802 0.964107
vt 0.115968 0.965002
vt 0.117326 0.965565
vt 0.118783 0.965756
vt 0.120240 0.965565
vt 0.121598 0.965002
vt 0.122764 0.964107
vt 0.123659 0.962941
vt 0.124221 0.961583
vt 0.124413 0.960126
vt 0.124221 0.958669
vt 0.123659 0.957311
vt 0.122764 0.956145
vt 0.121598 0.955250
vt 0.120240 0.954688
vt 0.118783 0.954496
vt 0.117326 0.954688
vt 0.115968 0.955250
vt 0.114802 0.956145
vt 0.113907 0.957311
vt 0.113344 0.958669
vt 0.107942 0.963031
vt 0.107559 0.960126
vt 0.109063 0.965738
vt 0.110847 0.968062
vt 0.113171 0.969846
vt 0.115878 0.970967
vt 0.118783 0.971350
vt 0.121688 0.970967
vt 0.124395 0.969846
vt 0.126719 0.968062
vt 0.128503 0.965738
vt 0.129624 0.963031
vt 0.130006 0.960126
vt 0.129624 0.957221
vt 0.128503 0.954514
vt 0.126719 0.952190
vt 0.124395 0.950406
vt 0.121688 0.949285
vt 0.118783 0.948903
vt 0.115878 0.949285
vt 0.113171 0.950406
vt 0.110847 0.952190
vt 0.109063 0.954514
vt 0.107942 0.957221
vt 0.105607 0.963656
vt 0.105143 0.960126
vt 0.106970 0.966946
vt 0.109138 0.969771
vt 0.111963 0.971939
vt 0.115253 0.973302
vt 0.118783 0.973766
vt 0.122313 0.973302
vt 0.125603 0.971939
vt 0.128428 0.969771
vt 0.130596 0.966946
vt 0.131958 0.963656
vt 0.132423 0.960126
vt 0.131958 0.956596
vt 0.130596 0.953306
vt 0.128428 0.950481
vt 0.125603 0.948313
vt 0.122313 0.946951
vt 0.118783 0.946486
vt 0.115253 0.946951
vt 0.111963 0.948313
vt 0.109138 0.950481
vt 0.106970 0.953306
vt 0.105607 0.956596
vt 0.104640 0.963916
vt 0.104142 0.960126
vt 0.106103 0.967447
vt 0.108430 0.970479
vt 0.111462 0.972806
vt 0.114993 0.974269
vt 0.118783 0.974768
vt 0.122572 0.974269
vt 0.126104 0.972806
vt 0.129136 0.970479
vt 0.131463 0.967447
vt 0.132925 0.963916
vt 0.133424 0.960126
vt 0.132925 0.956337
vt 0.131463 0.952805
vt 0.129136 0.949773
vt 0.126104 0.947446
vt 0.122572 0.945984
vt 0.118783 0.945485
vt 0.114993 0.945984
vt 0.111462 0.947446
vt 0.108430 0.949773
vt 0.106103 0.952805
vt 0.104640 0.956337
vt 0.095896 0.966462
vt 0.095090 0.960414
vt 0.098259 0.972099
vt 0.102016 0.976939
vt 0.106914 0.980653
vt 0.112617 0.982988
vt 0.118737 0.983785
vt 0.124857 0.982988
vt 0.130560 0.980653
vt 0.135457 0.976939
vt 0.139215 0.972099
vt 0.141577 0.966462
vt 0.142383 0.960414
vt 0.141577 0.954365
vt 0.139215 0.948728
vt 0.135457 0.943888
vt 0.130560 0.940174
vt 0.124857 0.937839
vt 0.118737 0.937043
vt 0.112617 0.937839
vt 0.106914 0.940174
vt 0.102016 0.943888
vt 0.098259 0.948728
vt 0.095896 0.954365
vt 0.088817 0.663582
vt 0.088099 0.668846
vt 0.082486 0.663746
vt 0.083155 0.669017
vt 0.076413 0.665544
vt 0.078424 0.670462
vt 0.071012 0.668853
vt 0.074227 0.673083
vt 0.066652 0.673446
vt 0.070852 0.676700
vt 0.063629 0.679011
vt 0.068528 0.681067
vt 0.062150 0.685170
vt 0.067414 0.685887
vt 0.062314 0.691501
vt 0.067585 0.690832
vt 0.064112 0.697574
vt 0.069030 0.695563
vt 0.067420 0.702974
vt 0.071650 0.699759
vt 0.072014 0.707335
vt 0.075268 0.703134
vt 0.077579 0.710358
vt 0.079635 0.705458
vt 0.083737 0.711837
vt 0.084455 0.706573
vt 0.090069 0.711673
vt 0.089399 0.706402
vt 0.096142 0.709875
vt 0.094131 0.704957
vt 0.101542 0.706566
vt 0.098327 0.702336
vt 0.105903 0.701973
vt 0.101702 0.698719
vt 0.108926 0.696408
vt 0.104026 0.694352
vt 0.110405 0.690250
vt 0.105141 0.689532
vt 0.110240 0.683918
vt 0.104969 0.684587
vt 0.108443 0.677845
vt 0.103524 0.679856
vt 0.105134 0.672445
vt 0.100904 0.675660
vt 0.100541 0.668084
vt 0.097287 0.672285
vt 0.094975 0.665061
vt 0.092920 0.669961
vt 0.089355 0.660620
vt 0.082239 0.660746
vt 0.075398 0.662710
vt 0.069298 0.666378
vt 0.064356 0.671499
vt 0.060907 0.677725
vt 0.059188 0.684632
vt 0.059314 0.691748
vt 0.061278 0.698589
vt 0.064946 0.704688
vt 0.070067 0.709631
vt 0.076293 0.713080
vt 0.083199 0.714799
vt 0.090316 0.714673
vt 0.097157 0.712709
vt 0.103256 0.709041
vt 0.108199 0.703920
vt 0.111647 0.697694
vt 0.113367 0.690787
vt 0.113241 0.683671
vt 0.111277 0.676830
vt 0.107609 0.670731
vt 0.102488 0.665788
vt 0.096262 0.662339
vt 0.089705 0.658810
vt 0.082108 0.658907
vt 0.074796 0.660968
vt 0.068266 0.664851
vt 0.062963 0.670291
vt 0.059249 0.676919
vt 0.057378 0.684282
vt 0.057475 0.691879
vt 0.059535 0.699191
vt 0.063418 0.705721
vt 0.068859 0.711024
vt 0.075486 0.714737
vt 0.082849 0.716609
vt 0.090446 0.716512
vt 0.097759 0.714451
vt 0.104289 0.710568
vt 0.109591 0.705128
vt 0.113305 0.698500
vt 0.115177 0.691137
vt 0.115079 0.683540
vt 0.113019 0.676228
vt 0.109136 0.669698
vt 0.103696 0.664395
vt 0.097068 0.660682
vt 0.089957 0.656759
vt 0.081821 0.656861
vt 0.073988 0.659066
vt 0.066993 0.663222
vt 0.061313 0.669048
vt 0.057333 0.676145
vt 0.055326 0.684030
vt 0.055429 0.692166
vt 0.057633 0.699999
vt 0.061790 0.706993
vt 0.067615 0.712674
vt 0.074713 0.716654
vt 0.082598 0.718660
vt 0.090734 0.718558
vt 0.098566 0.716353
vt 0.105561 0.712197
vt 0.111242 0.706371
vt 0.115221 0.699274
vt 0.117228 0.691389
vt 0.117126 0.683253
vt 0.114921 0.675420
vt 0.110765 0.668426
vt 0.104939 0.662745
vt 0.097842 0.658766
vt 0.090340 0.655001
vt 0.081736 0.655064
vt 0.073442 0.657352
vt 0.066022 0.661709
vt 0.059983 0.667837
vt 0.055735 0.675320
vt 0.053569 0.683647
vt 0.053632 0.692251
vt 0.055920 0.700545
vt 0.060277 0.707965
vt 0.066405 0.714004
vt 0.073888 0.718252
vt 0.082215 0.720417
vt 0.090819 0.720354
vt 0.099113 0.718067
vt 0.106533 0.713710
vt 0.112572 0.707582
vt 0.116819 0.700099
vt 0.118985 0.691772
vt 0.118922 0.683168
vt 0.116634 0.674874
vt 0.112278 0.667454
vt 0.106150 0.661415
vt 0.098667 0.657167
vt 0.090941 0.649065
vt 0.080780 0.649175
vt 0.070994 0.651911
vt 0.062250 0.657086
vt 0.055142 0.664348
vt 0.050157 0.673203
vt 0.047633 0.683046
vt 0.047743 0.693206
vt 0.050479 0.702992
vt 0.055654 0.711737
vt 0.062916 0.718844
vt 0.071771 0.723830
vt 0.081613 0.726354
vt 0.091774 0.726244
vt 0.101560 0.723508
vt 0.110305 0.718333
vt 0.117412 0.711071
vt 0.122398 0.702216
vt 0.124922 0.692373
vt 0.124812 0.682213
vt 0.122076 0.672426
vt 0.116901 0.663682
vt 0.109639 0.656575
vt 0.100784 0.651589
vt 0.092813 0.633557
vt 0.078575 0.633711
vt 0.064861 0.637544
vt 0.052607 0.644796
vt 0.042648 0.654973
vt 0.035662 0.667381
vt 0.032125 0.681174
vt 0.032279 0.695412
vt 0.036112 0.709125
vt 0.043365 0.721379
vt 0.053541 0.731339
vt 0.065949 0.738325
vt 0.079742 0.741862
vt 0.093980 0.741708
vt 0.107693 0.737874
vt 0.119947 0.730622
vt 0.129907 0.720446
vt 0.136893 0.708038
vt 0.140430 0.694245
vt 0.140276 0.680007
vt 0.136443 0.666293
vt 0.129190 0.654040
vt 0.119014 0.644080
vt 0.106606 0.637094
vt 0.077320 0.624909
vt 0.093880 0.624730
vt 0.061336 0.629388
vt 0.047156 0.637780
vt 0.035537 0.649636
vt 0.027412 0.664066
vt 0.023298 0.680107
vt 0.023476 0.696666
vt 0.027935 0.712615
vt 0.036369 0.726867
vt 0.048204 0.738450
vt 0.062634 0.746575
vt 0.078675 0.750689
vt 0.095234 0.750510
vt 0.111183 0.746052
vt 0.125435 0.737618
vt 0.137018 0.725783
vt 0.145143 0.711353
vt 0.149257 0.695312
vt 0.149078 0.678752
vt 0.144620 0.662804
vt 0.136186 0.648552
vt 0.124351 0.636969
vt 0.109921 0.628844
vt 0.087108 0.678038
vt 0.084577 0.678153
vt 0.082161 0.678918
vt 0.080026 0.680283
vt 0.078317 0.682154
vt 0.077151 0.684403
vt 0.076606 0.686878
vt 0.076720 0.689410
vt 0.077486 0.691825
vt 0.078851 0.693960
vt 0.080722 0.695669
vt 0.082971 0.696836
vt 0.085446 0.697381
vt 0.087978 0.697266
vt 0.090393 0.696501
vt 0.092528 0.695136
vt 0.094237 0.693265
vt 0.095404 0.691016
vt 0.095949 0.688541
vt 0.095834 0.686009
vt 0.095069 0.683594
vt 0.093704 0.681459
vt 0.091833 0.679749
vt 0.089583 0.678583
vt 0.086277 0.687708
vt 0.094856 0.616645
vt 0.076171 0.616846
vt 0.058174 0.621876
vt 0.042093 0.631393
vt 0.029023 0.644747
vt 0.019854 0.661030
vt 0.015212 0.679131
vt 0.015414 0.697816
vt 0.020444 0.715812
vt 0.029961 0.731894
vt 0.043316 0.744964
vt 0.059598 0.754132
vt 0.077699 0.758774
vt 0.096384 0.758573
vt 0.114380 0.753543
vt 0.130462 0.744026
vt 0.143532 0.730671
vt 0.152700 0.714389
vt 0.157342 0.696288
vt 0.157141 0.677603
vt 0.152111 0.659606
vt 0.142594 0.643525
vt 0.129239 0.630455
vt 0.112957 0.621286
vt 0.051313 0.583400
vt 0.051313 0.580512
vt 0.058742 0.579288
vt 0.051312 0.577390
vt 0.057889 0.576536
vt 0.059212 0.582115
vt 0.081349 0.548252
vt 0.084297 0.548557
vt 0.084297 0.548611
vt 0.078292 0.547641
vt 0.078114 0.521837
vt 0.081415 0.521773
vt 0.084338 0.521755
vt 0.080998 0.553622
vt 0.083891 0.554020
vt 0.079912 0.558272
vt 0.082502 0.559954
vt 0.077427 0.564297
vt 0.078734 0.567523
vt 0.075685 0.567062
vt 0.073429 0.574005
vt 0.071842 0.571729
vt 0.066804 0.578986
vt 0.065983 0.576199
vt 0.063260 0.574500
vt 0.066168 0.572717
vt 0.069745 0.569762
vt 0.072807 0.566209
vt 0.075249 0.562146
vt 0.076996 0.557699
vt 0.078179 0.552991
vt 0.055645 0.570712
vt 0.051313 0.570992
vt 0.061407 0.569290
vt 0.065427 0.567553
vt 0.068973 0.564791
vt 0.071678 0.561907
vt 0.073837 0.558359
vt 0.074940 0.554887
vt 0.075314 0.552338
vt 0.075334 0.547316
vt 0.075510 0.522092
vt 0.051341 0.462885
vt 0.051341 0.459994
vt 0.058827 0.464103
vt 0.051341 0.466033
vt 0.057975 0.466883
vt 0.059297 0.461274
vt 0.084382 0.494776
vt 0.081434 0.494988
vt 0.084382 0.494722
vt 0.078355 0.495833
vt 0.081084 0.489726
vt 0.083976 0.489318
vt 0.079910 0.484312
vt 0.082588 0.483391
vt 0.077528 0.479061
vt 0.078819 0.475836
vt 0.078760 0.481795
vt 0.075771 0.476304
vt 0.073515 0.469366
vt 0.071928 0.471645
vt 0.066889 0.464395
vt 0.066069 0.467185
vt 0.063345 0.468913
vt 0.066253 0.470692
vt 0.069830 0.473642
vt 0.072892 0.477190
vt 0.075334 0.481249
vt 0.077147 0.485472
vt 0.078357 0.490654
vt 0.056367 0.472778
vt 0.051341 0.472503
vt 0.061492 0.474189
vt 0.065512 0.475913
vt 0.069099 0.478442
vt 0.072227 0.481660
vt 0.074359 0.485073
vt 0.075042 0.487840
vt 0.075651 0.491256
vt 0.075473 0.496846
vt 0.055262 0.566768
vt 0.051315 0.567022
vt 0.060515 0.565473
vt 0.064181 0.563893
vt 0.067414 0.561376
vt 0.069880 0.558751
vt 0.072854 0.552350
vt 0.073196 0.546895
vt 0.073375 0.522187
vt 0.051340 0.477216
vt 0.056345 0.477466
vt 0.061398 0.478752
vt 0.064948 0.484654
vt 0.069792 0.486625
vt 0.070896 0.491334
vt 0.071089 0.497190
vt 0.051321 0.558019
vt 0.059303 0.557712
vt 0.066455 0.551831
vt 0.066791 0.545359
vt 0.067378 0.522273
vt 0.060889 0.489064
vt 0.060649 0.496924
vt 0.051344 0.487565
vt 0.051337 0.496851
vt 0.066535 0.497081
vt 0.065919 0.490450
vt 0.058870 0.522371
vt 0.057459 0.541369
vt 0.051326 0.539070
vt 0.051331 0.522381
vt 0.043950 0.579288
vt 0.044803 0.576536
vt 0.043481 0.582115
vt 0.018395 0.548557
vt 0.021343 0.548252
vt 0.018395 0.548611
vt 0.024400 0.547641
vt 0.024578 0.521837
vt 0.021277 0.521773
vt 0.018354 0.521755
vt 0.021694 0.553622
vt 0.018801 0.554020
vt 0.022780 0.558272
vt 0.020190 0.559954
vt 0.025265 0.564297
vt 0.023958 0.567523
vt 0.027007 0.567062
vt 0.029263 0.574005
vt 0.030850 0.571729
vt 0.035888 0.578986
vt 0.036709 0.576199
vt 0.039432 0.574500
vt 0.036524 0.572717
vt 0.032947 0.569762
vt 0.029885 0.566209
vt 0.027443 0.562146
vt 0.025696 0.557699
vt 0.024513 0.552991
vt 0.047047 0.570712
vt 0.041285 0.569290
vt 0.037265 0.567553
vt 0.033720 0.564791
vt 0.031014 0.561907
vt 0.028855 0.558359
vt 0.027753 0.554887
vt 0.027378 0.552338
vt 0.027358 0.547316
vt 0.027182 0.522092
vt 0.043865 0.464103
vt 0.044718 0.466883
vt 0.043395 0.461274
vt 0.021258 0.494988
vt 0.018310 0.494776
vt 0.018310 0.494722
vt 0.024337 0.495833
vt 0.021608 0.489726
vt 0.018716 0.489318
vt 0.022782 0.484312
vt 0.020105 0.483391
vt 0.025164 0.479061
vt 0.023873 0.475836
vt 0.023933 0.481795
vt 0.026921 0.476304
vt 0.029178 0.469366
vt 0.030764 0.471645
vt 0.035803 0.464395
vt 0.036623 0.467185
vt 0.039347 0.468913
vt 0.036439 0.470692
vt 0.032862 0.473642
vt 0.029800 0.477190
vt 0.027358 0.481249
vt 0.025545 0.485472
vt 0.024335 0.490654
vt 0.046325 0.472778
vt 0.041200 0.474189
vt 0.037180 0.475913
vt 0.033593 0.478442
vt 0.030465 0.481660
vt 0.028333 0.485073
vt 0.027650 0.487840
vt 0.027041 0.491256
vt 0.027219 0.496846
vt 0.047430 0.566768
vt 0.042177 0.565473
vt 0.038511 0.563893
vt 0.035278 0.561376
vt 0.032812 0.558751
vt 0.029838 0.552350
vt 0.029497 0.546895
vt 0.029317 0.522187
vt 0.046348 0.477466
vt 0.041294 0.478752
vt 0.037744 0.484654
vt 0.032900 0.486625
vt 0.031796 0.491334
vt 0.031603 0.497190
vt 0.043389 0.557712
vt 0.036237 0.551831
vt 0.035901 0.545359
vt 0.035314 0.522273
vt 0.042043 0.496924
vt 0.041803 0.489064
vt 0.036157 0.497081
vt 0.036773 0.490450
vt 0.043822 0.522371
vt 0.045233 0.541369
vt 0.443945 0.554245
vt 0.461541 0.553742
vt 0.459215 0.533224
vt 0.443925 0.533688
vt 0.455623 0.511347
vt 0.444304 0.511125
vt 0.444596 0.496801
vt 0.454414 0.497599
vt 0.453991 0.494645
vt 0.453732 0.492365
vt 0.444804 0.491973
vt 0.444727 0.494011
vt 0.453797 0.489026
vt 0.444910 0.488844
vt 0.455539 0.478212
vt 0.456777 0.472338
vt 0.445298 0.471611
vt 0.445172 0.477540
vt 0.458052 0.466259
vt 0.445439 0.465328
vt 0.454717 0.483383
vt 0.445041 0.482930
vt 0.459391 0.460814
vt 0.445576 0.459819
vt 0.443489 0.569880
vt 0.463317 0.569244
vt 0.443795 0.574839
vt 0.464933 0.574395
vt 0.443771 0.580568
vt 0.466710 0.580047
vt 0.479424 0.551387
vt 0.483130 0.566843
vt 0.503162 0.561909
vt 0.496868 0.546926
vt 0.520352 0.554745
vt 0.513441 0.540805
vt 0.536113 0.545426
vt 0.527709 0.533124
vt 0.461656 0.495181
vt 0.461834 0.492794
vt 0.470934 0.495834
vt 0.471779 0.493331
vt 0.480352 0.497374
vt 0.480629 0.494785
vt 0.490220 0.499956
vt 0.490579 0.497211
vt 0.498800 0.502959
vt 0.499749 0.500453
vt 0.510944 0.509423
vt 0.512194 0.506518
vt 0.520792 0.515275
vt 0.522632 0.511923
vt 0.535018 0.524602
vt 0.535591 0.520264
vt 0.547347 0.532466
vt 0.549358 0.528627
vt 0.473406 0.531070
vt 0.489015 0.528240
vt 0.504865 0.523367
vt 0.465992 0.509720
vt 0.477439 0.507460
vt 0.462144 0.498561
vt 0.470037 0.499120
vt 0.479681 0.500188
vt 0.487822 0.502603
vt 0.496350 0.505649
vt 0.508604 0.511974
vt 0.517867 0.518163
vt 0.532028 0.528683
vt 0.464290 0.484954
vt 0.462543 0.489629
vt 0.473060 0.490788
vt 0.474783 0.487040
vt 0.477183 0.482325
vt 0.479618 0.478170
vt 0.468912 0.474620
vt 0.466391 0.480174
vt 0.471402 0.468816
vt 0.485608 0.473094
vt 0.474212 0.463424
vt 0.489321 0.468133
vt 0.498506 0.479378
vt 0.503128 0.474602
vt 0.508979 0.485971
vt 0.514232 0.482150
vt 0.518809 0.493360
vt 0.524145 0.490269
vt 0.490839 0.494492
vt 0.481435 0.491965
vt 0.491981 0.490786
vt 0.482501 0.488553
vt 0.527891 0.502387
vt 0.533105 0.499867
vt 0.535866 0.511014
vt 0.540262 0.509496
vt 0.494627 0.485183
vt 0.503512 0.491354
vt 0.513901 0.499821
vt 0.525738 0.505645
vt 0.501499 0.494361
vt 0.484833 0.479293
vt 0.483577 0.484085
vt 0.513024 0.503338
vt 0.500228 0.497480
vt 0.524283 0.508749
vt 0.536080 0.515780
vt 0.548111 0.521747
vt 0.543596 0.537649
vt 0.484627 0.572024
vt 0.505631 0.567169
vt 0.522891 0.559851
vt 0.538976 0.548201
vt 0.486870 0.577953
vt 0.508334 0.572941
vt 0.526299 0.564848
vt 0.542346 0.550676
vt 0.548999 0.539856
vt 0.552516 0.535238
vt 0.428527 0.532249
vt 0.424952 0.552532
vt 0.431721 0.510498
vt 0.435281 0.496747
vt 0.436233 0.491896
vt 0.435741 0.494201
vt 0.436162 0.488594
vt 0.433408 0.471674
vt 0.434526 0.477665
vt 0.431958 0.465512
vt 0.435396 0.483089
vt 0.430723 0.460206
vt 0.422352 0.568148
vt 0.420851 0.573012
vt 0.418560 0.579243
vt 0.406867 0.549125
vt 0.403288 0.564752
vt 0.388371 0.543211
vt 0.382010 0.558008
vt 0.366274 0.550437
vt 0.373022 0.536639
vt 0.362386 0.528926
vt 0.354422 0.542993
vt 0.427791 0.493975
vt 0.427755 0.491639
vt 0.418028 0.494064
vt 0.417818 0.491457
vt 0.409186 0.495108
vt 0.408927 0.492568
vt 0.399899 0.497257
vt 0.399090 0.494437
vt 0.391030 0.499578
vt 0.389748 0.496816
vt 0.378865 0.504497
vt 0.377733 0.501678
vt 0.367895 0.509389
vt 0.366011 0.506918
vt 0.353569 0.518045
vt 0.351619 0.514533
vt 0.342604 0.526854
vt 0.338943 0.521033
vt 0.411660 0.528755
vt 0.394903 0.524289
vt 0.383348 0.515209
vt 0.370214 0.512817
vt 0.416678 0.508654
vt 0.401176 0.504786
vt 0.393054 0.502756
vt 0.418082 0.497169
vt 0.427164 0.496489
vt 0.400739 0.500260
vt 0.410073 0.498408
vt 0.380365 0.507706
vt 0.356798 0.523282
vt 0.416987 0.488706
vt 0.427220 0.488448
vt 0.425722 0.483656
vt 0.415488 0.484789
vt 0.421546 0.473095
vt 0.410478 0.475293
vt 0.413642 0.480880
vt 0.423852 0.478764
vt 0.418569 0.467101
vt 0.404491 0.470335
vt 0.415789 0.462041
vt 0.401465 0.465644
vt 0.390589 0.476610
vt 0.387377 0.471601
vt 0.380682 0.482235
vt 0.375930 0.478156
vt 0.370144 0.489354
vt 0.365763 0.485691
vt 0.408148 0.490002
vt 0.397784 0.491777
vt 0.407350 0.487270
vt 0.360405 0.498134
vt 0.356705 0.494920
vt 0.352567 0.506026
vt 0.349333 0.504168
vt 0.385489 0.487671
vt 0.393509 0.482298
vt 0.363237 0.501574
vt 0.375472 0.496021
vt 0.387342 0.491042
vt 0.395893 0.487329
vt 0.404916 0.477237
vt 0.406102 0.483141
vt 0.388615 0.494293
vt 0.376556 0.499110
vt 0.364130 0.504552
vt 0.351057 0.510731
vt 0.340870 0.514620
vt 0.346543 0.534422
vt 0.401960 0.569612
vt 0.380090 0.562863
vt 0.363169 0.555652
vt 0.349944 0.547929
vt 0.397750 0.577891
vt 0.374500 0.570625
vt 0.356379 0.562951
vt 0.342567 0.554246
vt 0.334234 0.533179
vt 0.337040 0.542333
s 1
usemtl knuckles_right
f 1/1/1 2/2/2 3/3/3
f 3/3/3 4/4/4 1/1/1
f 5/5/5 6/6/6 7/7/7
f 7/7/7 8/8/8 5/5/5
f 9/9/9 10/10/10 11/11/11
f 11/11/11 12/12/12 9/9/9
f 13/13/13 5/5/5 8/8/8
f 8/8/8 14/14/14 13/13/13
f 15/15/15 13/13/13 14/14/14
f 14/14/14 16/16/16 15/15/15
f 17/17/17 15/15/15 16/16/16
f 16/16/16 18/18/18 17/17/17
f 19/19/19 17/17/17 18/18/18
f 18/18/18 20/20/20 19/19/19
f 10/10/10 19/19/19 20/20/20
f 20/20/20 11/11/11 10/10/10
f 21/21/21 22/22/22 23/23/23
f 23/23/23 24/24/24 21/21/21
f 25/25/25 21/21/21 24/24/24
f 24/24/24 26/26/26 25/25/25
f 27/27/27 25/25/25 26/26/26
f 26/26/26 28/28/28 27/27/27
f 29/29/29 30/30/30 31/31/31
f 31/31/31 32/32/32 29/29/29
f 30/30/30 33/33/33 34/34/34
f 34/34/34 31/31/31 30/30/30
f 33/33/33 35/35/35 36/36/36
f 36/36/36 34/34/34 33/33/33
f 35/35/35 9/9/9 12/12/12
f 12/12/12 36/36/36 35/35/35
f 6/6/6 37/37/37 38/38/38
f 38/38/38 7/7/7 6/6/6
f 37/37/37 39/39/39 40/40/40
f 40/40/40 38/38/38 37/37/37
f 39/39/39 41/41/41 42/42/42
f 42/42/42 40/40/40 39/39/39
f 43/43/43 1/44/1 4/45/4
f 4/45/4 44/46/44 43/43/43
f 45/47/45 43/43/43 44/46/44
f 44/46/44 46/48/46 45/47/45
f 41/41/41 45/47/45 46/48/46
f 46/48/46 42/42/42 41/41/41
f 47/49/47 29/29/29 32/32/32
f 32/32/32 48/50/48 47/49/47
f 49/51/49 47/49/47 48/50/48
f 48/50/48 50/52/50 49/51/49
f 22/22/22 49/51/49 50/52/50
f 50/52/50 23/23/23 22/22/22
f 1/1/51 51/53/52 52/54/53
f 52/54/53 2/2/54 1/1/51
f 53/55/55 5/5/56 54/56/57
f 54/56/57 55/57/58 53/55/55
f 5/5/56 53/55/55 6/6/59
f 9/9/60 56/58/61 57/59/62
f 57/59/62 10/10/63 9/9/60
f 13/13/64 58/60/65 54/56/57
f 54/56/57 5/5/56 13/13/64
f 15/15/66 59/61/67 58/60/65
f 58/60/65 13/13/64 15/15/66
f 17/17/68 60/62/69 59/61/67
f 59/61/67 15/15/66 17/17/68
f 19/19/70 61/63/71 60/62/69
f 60/62/69 17/17/68 19/19/70
f 10/10/63 57/59/62 61/63/71
f 61/63/71 19/19/70 10/10/63
f 21/21/72 62/64/73 63/65/74
f 63/65/74 22/22/75 21/21/72
f 25/25/76 64/66/77 62/64/73
f 62/64/73 21/21/72 25/25/76
f 27/27/78 65/67/79 64/66/77
f 64/66/77 25/25/76 27/27/78
f 29/29/80 66/68/80 67/69/81
f 67/69/81 30/30/82 29/29/80
f 30/30/82 67/69/81 68/70/83
f 68/70/83 33/33/84 30/30/82
f 33/33/84 68/70/83 69/71/85
f 69/71/85 35/35/86 33/33/84
f 35/35/86 69/71/85 56/58/61
f 56/58/61 9/9/60 35/35/86
f 37/37/87 70/72/88 71/73/89
f 53/55/55 70/72/88 6/6/59
f 37/37/87 6/6/59 70/72/88
f 37/37/87 71/73/89 72/74/90
f 72/74/90 39/39/91 37/37/87
f 73/75/92 41/41/93 39/39/91
f 39/39/91 72/74/90 73/75/92
f 43/43/94 74/76/95 51/77/52
f 51/77/52 1/44/51 43/43/94
f 45/47/96 75/78/97 74/76/95
f 74/76/95 43/43/94 45/47/96
f 75/78/97 45/47/96 41/41/93
f 41/41/93 73/75/92 75/78/97
f 47/49/98 76/79/99 66/68/80
f 66/68/80 29/29/80 47/49/98
f 49/51/100 77/80/101 76/79/99
f 76/79/99 47/49/98 49/51/100
f 22/22/75 63/65/74 77/80/101
f 77/80/101 49/51/100 22/22/75
f 78/81/102 79/82/103 80/83/104
f 80/83/104 81/84/105 78/81/102
f 82/85/106 83/86/107 80/83/104
f 80/83/104 79/82/103 82/85/106
f 84/87/108 85/88/109 83/86/107
f 83/86/107 82/85/106 84/87/108
f 86/89/110 87/90/111 85/88/109
f 85/88/109 84/87/108 86/89/110
f 86/89/110 88/91/112 87/90/111
f 86/89/110 89/92/113 90/93/114
f 61/63/71 57/59/62 91/94/115
f 91/94/115 92/95/116 61/63/71
f 93/96/117 94/97/118 95/98/119
f 95/98/119 96/99/120 93/96/117
f 81/84/105 80/83/104 97/100/121
f 97/100/121 98/101/122 81/84/105
f 80/83/104 83/86/107 99/102/123
f 99/102/123 97/100/121 80/83/104
f 83/86/107 85/88/109 100/103/124
f 100/103/124 99/102/123 83/86/107
f 101/104/125 102/105/126 94/106/118
f 94/106/118 93/107/117 101/104/125
f 101/104/125 103/108/127 104/109/128
f 104/109/128 102/105/126 101/104/125
f 103/108/127 105/110/129 106/111/130
f 106/111/130 104/109/128 103/108/127
f 94/97/118 107/112/131 108/113/132
f 108/113/132 95/98/119 94/97/118
f 98/101/122 97/100/121 109/114/133
f 109/114/133 110/115/134 98/101/122
f 97/100/121 99/102/123 109/114/133
f 106/111/130 111/116/135 112/117/136
f 102/105/126 113/118/137 107/119/131
f 107/119/131 94/106/118 102/105/126
f 102/105/126 104/109/128 114/120/138
f 114/120/138 113/118/137 102/105/126
f 104/109/128 106/111/130 112/117/136
f 112/117/136 114/120/138 104/109/128
f 107/112/131 115/121/139 116/122/140
f 116/122/140 108/113/132 107/112/131
f 112/117/136 111/116/135 117/123/141
f 110/115/134 117/123/141 111/116/135
f 113/118/137 118/124/142 115/125/139
f 115/125/139 107/119/131 113/118/137
f 113/118/137 114/120/138 119/126/143
f 119/126/143 118/124/142 113/118/137
f 114/120/138 112/117/136 119/126/143
f 117/123/141 119/126/143 112/117/136
f 120/127/144 121/128/145 69/71/85
f 56/58/61 121/128/145 122/129/146
f 56/58/61 122/129/146 57/59/62
f 57/59/62 122/129/146 123/130/147
f 57/59/62 123/130/147 91/94/115
f 121/128/145 56/58/61 69/71/85
f 61/63/71 89/92/113 60/62/69
f 89/92/113 61/63/71 92/95/116
f 92/95/116 90/93/114 89/92/113
f 69/71/85 68/70/83 120/127/144
f 88/91/112 124/131/148 87/90/111
f 100/103/124 109/114/133 99/102/123
f 125/132/149 93/96/117 96/99/120
f 96/99/120 126/133/150 125/132/149
f 127/134/151 101/104/125 93/107/117
f 93/107/117 125/135/149 127/134/151
f 127/134/151 128/136/152 103/108/127
f 103/108/127 101/104/125 127/134/151
f 128/136/152 129/137/153 105/110/129
f 105/110/129 103/108/127 128/136/152
f 110/115/134 109/114/133 117/123/141
f 58/60/65 82/85/106 79/82/103
f 79/82/103 54/56/57 58/60/65
f 79/82/103 78/81/102 130/138/154
f 59/61/67 84/87/108 82/85/106
f 82/85/106 58/60/65 59/61/67
f 60/62/69 86/89/110 84/87/108
f 84/87/108 59/61/67 60/62/69
f 90/93/114 88/91/112 86/89/110
f 86/89/110 60/62/69 89/92/113
f 131/139/155 78/81/102 81/84/105
f 79/82/103 132/140/156 54/56/57
f 132/140/156 79/82/103 130/138/154
f 55/57/58 54/56/57 132/140/156
f 131/139/155 81/84/105 98/101/122
f 98/101/122 133/141/157 131/139/155
f 105/110/129 133/141/157 111/116/135
f 111/116/135 106/111/130 105/110/129
f 129/137/153 131/139/155 133/141/157
f 133/141/157 105/110/129 129/137/153
f 110/115/134 111/116/135 133/141/157
f 133/141/157 98/101/122 110/115/134
f 3/3/3 2/2/2 134/142/158
f 134/142/158 135/143/3 3/3/3
f 136/144/159 137/145/160 138/146/161
f 138/146/162 139/147/159 136/144/159
f 140/148/163 141/149/164 142/150/165
f 142/150/165 143/151/166 140/148/163
f 139/147/159 138/146/162 144/152/167
f 144/152/167 145/153/168 139/147/159
f 145/153/168 144/152/167 146/154/169
f 146/154/169 147/155/170 145/153/168
f 147/155/170 146/154/169 148/156/171
f 148/156/171 149/157/172 147/155/170
f 149/157/172 148/156/171 150/158/173
f 150/158/173 151/159/174 149/157/172
f 151/159/174 150/158/173 141/149/164
f 141/149/164 140/148/163 151/159/174
f 152/160/175 153/161/176 154/162/177
f 154/162/177 155/163/178 152/160/175
f 155/163/178 154/162/177 156/164/179
f 156/164/179 157/165/180 155/163/178
f 157/165/180 156/164/179 27/27/27
f 27/27/27 28/28/28 157/165/180
f 158/166/181 159/167/182 160/168/183
f 160/168/183 161/169/184 158/166/181
f 162/170/185 163/171/186 159/167/182
f 159/167/182 158/166/181 162/170/185
f 164/172/187 165/173/188 163/171/186
f 163/171/186 162/170/185 164/172/187
f 143/151/166 142/150/165 165/173/188
f 165/173/188 164/172/187 143/151/166
f 161/169/184 160/168/183 166/174/189
f 166/174/189 167/175/190 161/169/184
f 167/175/190 166/174/189 168/176/191
f 168/176/191 169/177/192 167/175/190
f 169/177/192 168/176/191 153/161/176
f 153/161/176 152/160/175 169/177/192
f 170/178/193 171/179/194 172/180/195
f 52/54/53 171/179/194 173/181/196
f 173/181/196 134/142/197 2/2/54
f 2/2/54 52/54/53 173/181/196
f 174/182/198 138/146/199 175/183/200
f 176/184/201 175/183/200 138/146/199
f 177/185/202 178/186/203 142/150/204
f 142/150/204 141/149/205 177/185/202
f 179/187/206 144/152/207 180/188/208
f 180/188/208 144/152/207 174/182/198
f 174/182/198 144/152/207 138/146/199
f 179/187/206 181/189/209 146/154/210
f 146/154/210 144/152/207 179/187/206
f 181/189/209 182/190/211 148/156/212
f 148/156/212 146/154/210 181/189/209
f 182/190/211 183/191/213 150/158/214
f 150/158/214 148/156/212 182/190/211
f 183/191/213 177/185/202 141/149/205
f 141/149/205 150/158/214 183/191/213
f 184/192/215 185/193/216 154/162/217
f 154/162/217 153/161/218 184/192/215
f 185/193/216 186/194/219 156/164/220
f 156/164/220 154/162/217 185/193/216
f 186/194/219 65/67/79 27/27/78
f 27/27/78 156/164/220 186/194/219
f 187/195/221 188/196/222 160/168/222
f 160/168/222 159/167/223 187/195/221
f 189/197/224 187/195/221 159/167/223
f 159/167/223 163/171/225 189/197/224
f 190/198/226 189/197/224 163/171/225
f 163/171/225 165/173/227 190/198/226
f 178/186/203 190/198/226 165/173/227
f 165/173/227 142/150/204 178/186/203
f 191/199/228 192/200/229 193/201/230
f 194/202/231 193/201/230 192/200/229
f 192/200/229 195/203/232 194/202/231
f 195/203/232 196/204/233 197/205/234
f 197/205/234 194/202/231 195/203/232
f 198/206/235 199/207/236 200/208/237
f 200/208/237 201/209/238 198/206/235
f 196/204/233 198/206/235 201/209/238
f 201/209/238 197/205/234 196/204/233
f 188/196/222 202/210/239 166/174/240
f 166/174/240 160/168/222 188/196/222
f 202/210/239 203/211/241 168/176/242
f 168/176/242 166/174/240 202/210/239
f 203/211/241 184/192/215 153/161/218
f 153/161/218 168/176/242 203/211/241
f 204/212/243 205/213/244 206/214/245
f 204/212/243 207/215/246 205/213/244
f 205/213/244 207/215/246 208/216/247
f 207/215/246 204/212/243 209/217/248
f 209/217/248 210/218/249 207/215/246
f 209/217/248 211/219/250 212/220/251
f 212/220/251 210/218/249 209/217/248
f 213/221/252 212/220/251 211/219/250
f 214/222/253 213/221/252 215/223/254
f 216/224/255 183/191/213 217/225/256
f 183/191/213 216/224/255 177/185/202
f 95/226/119 218/227/257 219/228/258
f 219/228/258 96/229/120 95/226/119
f 220/230/259 221/231/260 222/232/261
f 222/232/261 206/214/245 220/230/259
f 206/214/245 222/232/261 223/233/262
f 223/233/262 204/212/243 206/214/245
f 204/212/243 223/233/262 224/234/263
f 224/234/263 209/217/248 204/212/243
f 218/227/257 225/235/264 226/236/265
f 226/236/265 219/228/258 218/227/257
f 225/235/264 227/237/266 228/238/267
f 228/238/267 226/236/265 225/235/264
f 228/238/267 227/237/266 229/239/268
f 229/239/268 230/240/269 228/238/267
f 108/241/132 231/242/270 218/227/257
f 218/227/257 95/226/119 108/241/132
f 221/231/260 232/243/271 222/232/261
f 232/243/271 221/231/260 233/244/272
f 223/233/262 222/232/261 232/243/271
f 234/245/273 229/239/268 235/246/274
f 231/242/270 236/247/275 225/235/264
f 225/235/264 218/227/257 231/242/270
f 236/247/275 237/248/276 227/237/266
f 227/237/266 225/235/264 236/247/275
f 227/237/266 237/248/276 235/246/274
f 235/246/274 229/239/268 227/237/266
f 116/249/140 238/250/277 231/242/270
f 231/242/270 108/241/132 116/249/140
f 234/245/273 235/246/274 239/251/278
f 239/251/278 233/244/272 234/245/273
f 238/250/277 240/252/279 236/247/275
f 236/247/275 231/242/270 238/250/277
f 240/252/279 241/253/280 237/248/276
f 237/248/276 236/247/275 240/252/279
f 235/246/274 237/248/276 241/253/280
f 241/253/280 239/251/278 235/246/274
f 242/254/281 243/255/282 190/198/226
f 242/254/281 178/186/203 244/256/283
f 244/256/283 178/186/203 177/185/202
f 244/256/283 177/185/202 245/257/284
f 245/257/284 177/185/202 216/224/255
f 178/186/203 242/254/281 190/198/226
f 182/190/211 214/222/253 217/225/256
f 217/225/256 183/191/213 182/190/211
f 215/223/254 217/225/256 214/222/253
f 189/197/224 190/198/226 243/255/282
f 246/258/285 213/221/252 211/219/250
f 232/243/271 224/234/263 223/233/262
f 96/229/120 219/228/258 247/259/286
f 247/259/286 126/260/150 96/229/120
f 219/228/258 226/236/265 248/261/287
f 248/261/287 247/259/286 219/228/258
f 226/236/265 228/238/267 249/262/288
f 249/262/288 248/261/287 226/236/265
f 249/262/288 228/238/267 230/240/269
f 230/240/269 250/263/289 249/262/288
f 232/243/271 233/244/272 239/251/278
f 180/188/208 251/264/290 179/187/206
f 179/187/206 251/264/290 207/215/246
f 207/215/246 251/264/290 208/216/247
f 207/215/246 210/218/249 181/189/209
f 181/189/209 179/187/206 207/215/246
f 210/218/249 212/220/251 182/190/211
f 182/190/211 181/189/209 210/218/249
f 213/221/252 214/222/253 212/220/251
f 182/190/211 212/220/251 214/222/253
f 252/265/291 253/266/292 221/231/260
f 221/231/260 220/230/259 252/265/291
f 230/240/269 229/239/268 234/245/273
f 234/245/273 253/266/292 230/240/269
f 250/263/289 230/240/269 253/266/292
f 253/266/292 252/265/291 250/263/289
f 233/244/272 221/231/260 253/266/292
f 253/266/292 234/245/273 233/244/272
f 220/230/259 206/214/245 205/213/244
f 87/90/111 124/131/148 85/88/109
f 85/88/109 124/131/148 100/103/124
f 211/219/250 209/217/248 246/258/285
f 246/258/285 209/217/248 224/234/263
f 62/64/293 254/267/294 255/268/295
f 255/268/295 63/65/296 62/64/293
f 64/66/297 256/269/298 254/267/294
f 254/267/294 62/64/293 64/66/297
f 65/67/299 257/270/300 256/269/298
f 256/269/298 64/66/297 65/67/299
f 66/68/301 258/271/302 259/272/303
f 259/272/303 67/69/304 66/68/301
f 67/69/304 259/272/303 260/273/305
f 260/273/305 68/70/306 67/69/304
f 76/79/307 261/274/308 258/271/302
f 258/271/302 66/68/301 76/79/307
f 77/80/309 262/275/310 261/274/308
f 261/274/308 76/79/307 77/80/309
f 63/65/296 255/268/295 262/275/310
f 262/275/310 77/80/309 63/65/296
f 91/94/311 263/276/312 264/277/313
f 264/277/313 92/95/314 91/94/311
f 115/121/315 265/278/316 266/279/317
f 266/279/317 116/122/318 115/121/315
f 118/124/319 267/280/320 265/281/316
f 265/281/316 115/125/315 118/124/319
f 119/126/321 268/282/322 267/280/320
f 267/280/320 118/124/319 119/126/321
f 117/123/323 269/283/324 268/282/322
f 268/282/322 119/126/321 117/123/323
f 120/127/325 270/284/326 271/285/327
f 271/285/327 121/128/328 120/127/325
f 121/128/328 271/285/327 272/286/329
f 272/286/329 122/129/330 121/128/328
f 122/129/330 272/286/329 273/287/331
f 273/287/331 123/130/332 122/129/330
f 123/130/332 273/287/331 263/276/312
f 263/276/312 91/94/311 123/130/332
f 92/95/314 264/277/313 274/288/333
f 274/288/333 90/93/334 92/95/314
f 68/70/306 260/273/305 270/284/326
f 270/284/326 120/127/325 68/70/306
f 88/91/335 275/289/336 276/290/337
f 276/290/337 124/131/338 88/91/335
f 100/103/339 277/291/340 278/292/341
f 278/292/341 109/114/342 100/103/339
f 109/114/342 278/292/341 269/283/324
f 269/283/324 117/123/323 109/114/342
f 90/93/334 274/288/333 275/289/336
f 275/289/336 88/91/335 90/93/334
f 184/192/343 279/293/344 280/294/345
f 280/294/345 185/193/346 184/192/343
f 185/193/346 280/294/345 281/295/347
f 281/295/347 186/194/348 185/193/346
f 186/194/348 281/295/347 257/270/300
f 257/270/300 65/67/299 186/194/348
f 187/195/349 282/296/350 283/297/351
f 283/297/351 188/196/352 187/195/349
f 189/197/353 284/298/354 282/296/350
f 282/296/350 187/195/349 189/197/353
f 188/196/352 283/297/351 285/299/355
f 285/299/355 202/210/356 188/196/352
f 202/210/356 285/299/355 286/300/357
f 286/300/357 203/211/358 202/210/356
f 203/211/358 286/300/357 279/293/344
f 279/293/344 184/192/343 203/211/358
f 213/221/359 287/301/360 288/302/361
f 288/302/361 215/223/362 213/221/359
f 217/225/363 289/303/364 290/304/365
f 290/304/365 216/224/366 217/225/363
f 116/249/318 266/305/317 291/306/367
f 291/306/367 238/250/368 116/249/318
f 238/250/368 291/306/367 292/307/369
f 292/307/369 240/252/370 238/250/368
f 240/252/370 292/307/369 293/308/371
f 293/308/371 241/253/372 240/252/370
f 241/253/372 293/308/371 294/309/373
f 294/309/373 239/251/374 241/253/372
f 242/254/375 295/310/376 296/311/377
f 296/311/377 243/255/378 242/254/375
f 244/256/379 297/312/380 295/310/376
f 295/310/376 242/254/375 244/256/379
f 245/257/381 298/313/382 297/312/380
f 297/312/380 244/256/379 245/257/381
f 216/224/366 290/304/365 298/313/382
f 298/313/382 245/257/381 216/224/366
f 215/223/362 288/302/361 289/303/364
f 289/303/364 217/225/363 215/223/362
f 243/255/378 296/311/377 284/298/354
f 284/298/354 189/197/353 243/255/378
f 246/258/383 299/314/384 287/301/360
f 287/301/360 213/221/359 246/258/383
f 232/243/385 300/315/386 301/316/387
f 301/316/387 224/234/388 232/243/385
f 239/251/374 294/309/373 300/315/386
f 300/315/386 232/243/385 239/251/374
f 124/131/338 276/290/337 277/291/340
f 277/291/340 100/103/339 124/131/338
f 224/234/388 301/316/387 299/314/384
f 299/314/384 246/258/383 224/234/388
f 254/267/389 302/317/389 303/318/390
f 303/318/390 255/268/390 254/267/389
f 256/269/389 304/319/389 302/317/389
f 302/317/389 254/267/389 256/269/389
f 257/270/389 305/320/389 304/319/389
f 304/319/389 256/269/389 257/270/389
f 258/271/391 306/321/392 307/322/393
f 307/322/393 259/272/394 258/271/391
f 259/272/394 307/322/393 308/323/395
f 308/323/395 260/273/396 259/272/394
f 261/274/397 309/324/398 306/321/392
f 306/321/392 258/271/391 261/274/397
f 262/275/399 310/325/390 309/324/398
f 309/324/398 261/274/397 262/275/399
f 255/268/390 303/318/390 310/325/390
f 310/325/390 262/275/399 255/268/390
f 263/276/400 311/326/401 312/327/402
f 312/327/402 264/277/403 263/276/400
f 265/278/404 313/328/405 314/329/406
f 314/329/406 266/279/407 265/278/404
f 267/280/408 315/330/409 313/331/405
f 313/331/405 265/281/404 267/280/408
f 268/282/410 316/332/411 315/330/409
f 315/330/409 267/280/408 268/282/410
f 269/283/412 317/333/413 316/332/411
f 316/332/411 268/282/410 269/283/412
f 270/284/414 318/334/415 319/335/416
f 319/335/416 271/285/417 270/284/414
f 271/285/417 319/335/416 320/336/418
f 320/336/418 272/286/419 271/285/417
f 272/286/419 320/336/418 321/337/420
f 321/337/420 273/287/421 272/286/419
f 273/287/421 321/337/420 311/326/401
f 311/326/401 263/276/400 273/287/421
f 264/277/403 312/327/402 322/338/422
f 322/338/422 274/288/423 264/277/403
f 260/273/396 308/323/395 318/334/415
f 318/334/415 270/284/414 260/273/396
f 275/289/424 323/339/425 324/340/426
f 324/340/426 276/290/427 275/289/424
f 277/291/428 325/341/429 326/342/430
f 326/342/430 278/292/431 277/291/428
f 278/292/431 326/342/430 317/333/413
f 317/333/413 269/283/412 278/292/431
f 274/288/423 322/338/422 323/339/425
f 323/339/425 275/289/424 274/288/423
f 279/293/432 327/343/432 328/344/432
f 328/344/432 280/294/432 279/293/432
f 280/294/432 328/344/432 329/345/432
f 329/345/432 281/295/432 280/294/432
f 281/295/432 329/345/432 305/320/389
f 305/320/389 257/270/389 281/295/432
f 282/296/433 330/346/434 331/347/435
f 331/347/435 283/297/436 282/296/433
f 284/298/437 332/348/438 330/346/434
f 330/346/434 282/296/433 284/298/437
f 283/297/436 331/347/435 333/349/439
f 333/349/439 285/299/440 283/297/436
f 285/299/440 333/349/439 334/350/441
f 334/350/441 286/300/442 285/299/440
f 286/300/442 334/350/441 327/343/432
f 327/343/432 279/293/432 286/300/442
f 287/301/443 335/351/444 336/352/445
f 336/352/445 288/302/446 287/301/443
f 289/303/447 337/353/448 338/354/449
f 338/354/449 290/304/450 289/303/447
f 266/305/407 314/355/406 339/356/451
f 339/356/451 291/306/452 266/305/407
f 291/306/452 339/356/451 340/357/453
f 340/357/453 292/307/454 291/306/452
f 292/307/454 340/357/453 341/358/455
f 341/358/455 293/308/456 292/307/454
f 293/308/456 341/358/455 342/359/457
f 342/359/457 294/309/458 293/308/456
f 295/310/459 343/360/460 344/361/461
f 344/361/461 296/311/462 295/310/459
f 297/312/463 345/362/464 343/360/460
f 343/360/460 295/310/459 297/312/463
f 298/313/465 346/363/466 345/362/464
f 345/362/464 297/312/463 298/313/465
f 290/304/450 338/354/449 346/363/466
f 346/363/466 298/313/465 290/304/450
f 288/302/446 336/352/445 337/353/448
f 337/353/448 289/303/447 288/302/446
f 296/311/462 344/361/461 332/348/438
f 332/348/438 284/298/437 296/311/462
f 299/314/467 347/364/468 335/351/444
f 335/351/444 287/301/443 299/314/467
f 300/315/469 348/365/470 349/366/471
f 349/366/471 301/316/472 300/315/469
f 294/309/458 342/359/457 348/365/470
f 348/365/470 300/315/469 294/309/458
f 276/290/427 324/340/426 325/341/429
f 325/341/429 277/291/428 276/290/427
f 301/316/472 349/366/471 347/364/468
f 347/364/468 299/314/467 301/316/472
f 51/53/473 350/367/474 351/368/475
f 351/368/475 52/54/476 51/53/473
f 55/57/477 352/369/478 353/370/479
f 353/370/479 53/55/480 55/57/477
f 70/72/481 354/371/482 355/372/483
f 355/372/483 71/73/484 70/72/481
f 53/55/480 353/370/479 354/371/482
f 354/371/482 70/72/481 53/55/480
f 71/73/484 355/372/483 356/373/485
f 356/373/485 72/74/486 71/73/484
f 72/74/486 356/373/485 357/374/487
f 357/374/487 73/75/488 72/74/486
f 74/76/489 358/375/490 350/376/474
f 350/376/474 51/77/473 74/76/489
f 75/78/491 359/377/492 358/375/490
f 358/375/490 74/76/489 75/78/491
f 73/75/488 357/374/487 359/377/492
f 359/377/492 75/78/491 73/75/488
f 126/378/493 360/379/494 361/380/495
f 361/380/495 125/135/496 126/378/493
f 125/135/496 361/380/495 362/381/497
f 362/381/497 127/134/498 125/135/496
f 127/134/498 362/381/497 363/382/499
f 363/382/499 128/136/500 127/134/498
f 128/136/500 363/382/499 364/383/501
f 364/383/501 129/137/502 128/136/500
f 78/81/503 365/384/504 366/385/505
f 366/385/505 130/138/506 78/81/503
f 131/139/507 367/386/508 365/384/504
f 365/384/504 78/81/503 131/139/507
f 130/138/506 366/385/505 368/387/509
f 368/387/509 132/140/510 130/138/506
f 132/140/510 368/387/509 352/369/478
f 352/369/478 55/57/477 132/140/510
f 129/137/502 364/383/501 367/386/508
f 367/386/508 131/139/507 129/137/502
f 52/54/476 351/368/475 369/388/511
f 369/388/511 172/180/512 52/54/476
f 175/183/513 370/389/514 371/390/515
f 371/390/515 174/182/516 175/183/513
f 174/182/516 371/390/515 372/391/517
f 372/391/517 180/188/518 174/182/516
f 193/201/519 373/392/520 370/389/514
f 370/389/514 175/183/513 193/201/519
f 194/202/521 374/393/522 373/392/520
f 373/392/520 193/201/519 194/202/521
f 197/205/523 375/394/524 374/393/522
f 374/393/522 194/202/521 197/205/523
f 172/180/512 369/388/511 376/395/525
f 376/395/525 200/208/526 172/180/512
f 200/208/526 376/395/525 377/396/527
f 377/396/527 201/209/528 200/208/526
f 201/209/528 377/396/527 375/394/524
f 375/394/524 197/205/523 201/209/528
f 208/216/529 378/397/530 379/398/531
f 379/398/531 205/213/531 208/216/529
f 247/259/532 380/399/533 360/400/494
f 360/400/494 126/260/493 247/259/532
f 248/261/534 381/401/535 380/399/533
f 380/399/533 247/259/532 248/261/534
f 249/262/536 382/402/537 381/401/535
f 381/401/535 248/261/534 249/262/536
f 250/263/538 383/403/539 382/402/537
f 382/402/537 249/262/536 250/263/538
f 180/188/518 372/391/517 384/404/540
f 384/404/540 251/264/541 180/188/518
f 251/264/541 384/404/540 378/397/530
f 378/397/530 208/216/529 251/264/541
f 220/230/542 385/405/543 386/406/544
f 386/406/544 252/265/545 220/230/542
f 252/265/545 386/406/544 383/403/539
f 383/403/539 250/263/538 252/265/545
f 205/213/531 379/398/531 385/405/543
f 385/405/543 220/230/542 205/213/531
f 199/207/236 170/178/193 172/180/195
f 172/180/195 200/208/237 199/207/236
f 175/183/200 191/199/228 193/201/230
f 137/145/546 176/184/201 138/146/199
f 135/407/547 387/408/548 388/409/549
f 387/408/548 135/407/547 134/410/550
f 137/411/551 136/412/552 389/413/553
f 390/414/554 391/415/554 389/416/554
f 392/417/554 390/414/554 393/418/554
f 389/416/554 393/418/554 390/414/554
f 134/410/550 394/419/555 387/408/548
f 394/420/554 395/421/554 387/422/554
f 396/423/554 387/422/554 395/421/554
f 397/424/554 398/425/554 399/426/554
f 400/427/554 399/426/554 398/425/554
f 398/425/554 401/428/554 400/427/554
f 402/429/554 400/427/554 401/428/554
f 401/428/554 392/417/554 402/429/554
f 393/418/554 402/429/554 392/417/554
f 391/430/556 137/411/551 389/413/553
f 403/431/557 389/413/553 136/412/552
f 395/421/554 397/424/554 396/423/554
f 399/426/554 396/423/554 397/424/554
f 389/413/558 403/431/558 404/432/559
f 404/432/559 393/433/560 389/413/558
f 396/434/561 405/435/562 388/409/563
f 388/409/563 387/408/563 396/434/561
f 400/436/564 406/437/565 407/438/566
f 407/438/566 399/439/567 400/436/564
f 402/440/568 408/441/569 406/437/565
f 406/437/565 400/436/564 402/440/568
f 393/433/560 404/432/559 408/441/569
f 408/441/569 402/440/568 393/433/560
f 399/439/567 407/438/566 405/435/562
f 405/435/562 396/434/561 399/439/567
f 173/181/570 171/179/571 394/420/572
f 391/415/573 191/199/574 176/184/575
f 191/199/228 175/183/200 176/184/201
f 170/178/576 395/421/577 394/420/572
f 394/420/572 171/179/571 170/178/576
f 173/181/570 394/420/572 134/142/578
f 390/414/579 192/200/580 191/199/574
f 191/199/574 391/415/573 390/414/579
f 392/417/581 195/203/582 192/200/580
f 192/200/580 390/414/579 392/417/581
f 401/428/583 196/204/584 195/203/582
f 195/203/582 392/417/581 401/428/583
f 397/424/585 199/207/586 198/206/587
f 198/206/587 398/425/588 397/424/585
f 398/425/588 198/206/587 196/204/584
f 196/204/584 401/428/583 398/425/588
f 395/421/577 170/178/576 199/207/586
f 199/207/586 397/424/585 395/421/577
f 391/415/573 176/184/575 137/145/589
f 409/442/590 404/443/591 403/444/592
f 403/444/592 136/445/593 409/442/590
f 135/446/594 388/447/595 405/448/596
f 405/448/596 410/449/597 135/446/598
f 411/450/599 407/451/600 406/452/601
f 406/452/601 412/453/602 411/450/599
f 412/453/602 406/452/601 408/454/603
f 408/454/603 413/455/604 412/453/602
f 413/455/604 408/454/603 404/443/591
f 404/443/591 409/442/590 413/455/604
f 410/449/597 405/448/596 407/451/600
f 407/451/600 411/450/599 410/449/597
f 172/180/195 171/179/194 52/54/53
f 414/456/605 415/457/605 416/458/605
f 416/458/605 417/459/605 414/456/605
f 414/456/605 418/460/605 419/461/605
f 419/461/605 415/457/605 414/456/605
f 420/462/606 421/463/605 419/461/605
f 419/461/605 418/460/605 420/462/606
f 420/462/606 422/464/607 423/465/608
f 423/465/608 421/463/605 420/462/606
f 422/464/607 424/466/609 425/467/610
f 425/467/610 423/465/608 422/464/607
f 424/466/609 426/468/611 427/469/612
f 427/469/612 425/467/610 424/466/609
f 426/468/611 428/470/613 429/471/614
f 429/471/614 427/469/612 426/468/611
f 428/470/613 430/472/615 431/473/616
f 431/473/616 429/471/614 428/470/613
f 430/472/615 432/474/617 433/475/618
f 433/475/618 431/473/616 430/472/615
f 432/474/617 434/476/619 435/477/620
f 435/477/620 433/475/618 432/474/617
f 434/476/619 436/478/621 437/479/622
f 437/479/622 435/477/620 434/476/619
f 436/478/621 438/480/623 439/481/624
f 439/481/624 437/479/622 436/478/621
f 440/482/625 441/483/626 439/481/624
f 439/481/624 438/480/623 440/482/625
f 442/484/627 443/485/628 441/483/626
f 441/483/626 440/482/625 442/484/627
f 442/484/627 444/486/629 445/487/630
f 445/487/630 443/485/628 442/484/627
f 444/486/629 446/488/631 447/489/632
f 447/489/632 445/487/630 444/486/629
f 446/488/631 448/490/633 449/491/634
f 449/491/634 447/489/632 446/488/631
f 450/492/635 451/493/636 449/491/634
f 449/491/634 448/490/633 450/492/635
f 450/492/635 452/494/637 453/495/638
f 453/495/638 451/493/636 450/492/635
f 454/496/639 455/497/640 453/495/638
f 453/495/638 452/494/637 454/496/639
f 456/498/641 457/499/642 455/497/640
f 455/497/640 454/496/639 456/498/641
f 456/498/641 458/500/643 459/501/644
f 459/501/644 457/499/642 456/498/641
f 302/502/645 415/457/646 419/461/647
f 419/461/647 303/503/648 302/502/645
f 303/503/648 419/461/647 421/463/649
f 421/463/649 310/504/650 303/503/648
f 310/504/650 421/463/649 423/465/651
f 423/465/651 309/505/652 310/504/650
f 309/505/652 423/465/651 425/467/653
f 425/467/653 306/506/654 309/505/652
f 306/506/654 425/467/653 427/469/655
f 427/469/655 307/507/656 306/506/654
f 307/507/656 427/469/655 429/471/657
f 429/471/657 308/508/658 307/507/656
f 308/508/658 429/471/657 431/473/659
f 431/473/659 318/509/660 308/508/658
f 318/509/660 431/473/659 433/475/661
f 433/475/661 319/510/662 318/509/660
f 319/510/662 433/475/661 435/477/663
f 435/477/663 320/511/664 319/510/662
f 320/511/664 435/477/663 437/479/665
f 437/479/665 321/512/666 320/511/664
f 321/512/666 437/479/665 439/481/667
f 439/481/667 311/513/668 321/512/666
f 311/513/668 439/481/667 441/483/669
f 441/483/669 312/514/670 311/513/668
f 312/514/670 441/483/669 443/485/671
f 443/485/671 322/515/672 312/514/670
f 322/515/672 443/485/671 445/487/673
f 445/487/673 323/516/674 322/515/672
f 323/516/674 445/487/673 447/489/675
f 447/489/675 324/517/676 323/516/674
f 324/517/676 447/489/675 449/491/677
f 449/491/677 325/518/678 324/517/676
f 325/518/678 449/491/677 451/493/679
f 451/493/679 326/519/680 325/518/678
f 326/519/680 451/493/679 453/495/681
f 453/495/681 317/520/682 326/519/680
f 317/520/682 453/495/681 455/497/683
f 455/497/683 316/521/684 317/520/682
f 316/521/684 455/497/683 457/499/685
f 457/499/685 315/522/686 316/521/684
f 315/522/686 457/499/685 459/501/687
f 459/501/687 313/523/688 315/522/686
f 314/524/689 313/523/688 459/501/687
f 314/524/689 459/501/687 458/500/690
f 339/525/691 314/524/689 458/500/690
f 339/525/691 458/500/690 456/498/692
f 456/498/692 340/526/693 339/525/691
f 340/526/693 456/498/692 454/496/694
f 454/496/694 341/527/695 340/526/693
f 341/527/695 454/496/694 452/494/696
f 452/494/696 342/528/697 341/527/695
f 342/528/697 452/494/696 450/492/698
f 450/492/698 348/529/699 342/528/697
f 348/529/699 450/492/698 448/490/700
f 448/490/700 349/530/701 348/529/699
f 349/530/701 448/490/700 446/488/702
f 446/488/702 347/531/703 349/530/701
f 347/531/703 446/488/702 444/486/704
f 444/486/704 335/532/705 347/531/703
f 335/532/705 444/486/704 442/484/706
f 442/484/706 336/533/707 335/532/705
f 336/533/707 442/484/706 440/482/708
f 440/482/708 337/534/709 336/533/707
f 337/534/709 440/482/708 438/480/710
f 438/480/710 338/535/711 337/534/709
f 338/535/711 438/480/710 436/478/712
f 436/478/712 346/536/713 338/535/711
f 346/536/713 436/478/712 434/476/714
f 434/476/714 345/537/715 346/536/713
f 345/537/715 434/476/714 432/474/716
f 432/474/716 343/538/717 345/537/715
f 343/538/717 432/474/716 430/472/718
f 430/472/718 344/539/719 343/538/717
f 344/539/719 430/472/718 428/470/720
f 428/470/720 332/540/721 344/539/719
f 332/540/721 428/470/720 426/468/722
f 426/468/722 330/541/723 332/540/721
f 330/541/723 426/468/722 424/466/724
f 424/466/724 331/542/725 330/541/723
f 331/542/725 424/466/724 422/464/726
f 422/464/726 333/543/727 331/542/725
f 333/543/727 422/464/726 420/462/728
f 420/462/728 334/544/729 333/543/727
f 334/544/729 420/462/728 418/460/730
f 418/460/730 327/545/731 334/544/729
f 327/545/731 418/460/730 414/456/732
f 414/456/732 328/546/733 327/545/731
f 328/546/733 414/456/732 417/459/734
f 417/459/734 329/547/735 328/546/733
f 305/548/736 329/547/735 417/459/734
f 305/548/736 417/459/734 416/458/737
f 304/549/738 305/548/736 416/458/737
f 304/549/738 416/458/737 415/457/646
f 415/457/646 302/502/645 304/549/738
f 460/550/739 461/551/740 462/552/741
f 463/553/742 462/552/741 461/551/740
f 461/551/740 464/554/743 463/553/742
f 463/553/742 464/554/743 465/555/744
f 463/553/742 465/555/744 466/556/745
f 467/557/746 465/555/744 468/558/747
f 467/557/746 468/558/747 469/559/748
f 467/557/746 469/559/748 470/560/749
f 470/560/749 469/559/748 471/561/750
f 470/560/749 471/561/750 472/562/751
f 472/562/751 471/561/750 473/563/752
f 472/562/751 473/563/752 474/564/753
f 474/564/753 473/563/752 475/565/754
f 476/566/755 462/552/741 463/553/742
f 476/566/755 477/567/756 478/568/757
f 477/567/756 479/569/758 480/570/759
f 478/568/757 481/571/760 482/572/761
f 477/567/756 480/570/759 481/571/760
f 482/572/761 483/573/762 484/574/763
f 482/572/761 484/574/763 485/575/764
f 485/575/764 484/574/763 486/576/765
f 485/575/764 486/576/765 487/577/766
f 485/575/764 487/577/766 488/578/767
f 488/578/767 487/577/766 489/579/768
f 488/578/767 489/579/768 490/580/769
f 490/580/769 489/579/768 491/581/770
f 492/582/771 490/580/769 491/581/770
f 491/581/770 493/583/772 492/582/771
f 493/583/772 491/581/770 494/584/773
f 494/584/773 495/585/774 493/583/772
f 496/586/775 492/582/771 493/583/772
f 493/583/772 497/587/776 496/586/775
f 497/587/776 493/583/772 495/585/774
f 495/585/774 498/588/777 497/587/776
f 499/589/778 496/586/775 497/587/776
f 497/587/776 500/590/779 499/589/778
f 500/590/779 497/587/776 498/588/777
f 498/588/777 501/591/780 500/590/779
f 502/592/781 478/568/757 482/572/761
f 503/593/782 502/592/781 504/594/783
f 504/594/783 505/595/784 503/593/782
f 506/596/785 503/593/782 505/595/784
f 505/595/784 507/597/786 506/596/785
f 508/598/787 509/599/788 510/600/789
f 510/600/789 511/601/790 508/598/787
f 512/602/791 513/603/792 511/601/790
f 511/601/790 510/600/789 512/602/791
f 509/599/788 508/598/787 514/604/793
f 514/604/793 515/605/794 509/599/788
f 516/606/795 517/607/796 518/608/797
f 518/608/797 519/609/798 516/606/795
f 515/605/794 514/604/793 519/609/798
f 519/609/798 518/608/797 515/605/794
f 520/610/799 521/611/800 522/612/801
f 522/612/801 523/613/802 520/610/799
f 523/613/802 522/612/801 517/607/796
f 517/607/796 516/606/795 523/613/802
f 520/610/799 524/614/803 525/615/804
f 525/615/804 521/611/800 520/610/799
f 526/616/805 527/617/806 528/618/807
f 528/618/807 529/619/808 526/616/805
f 530/620/809 531/621/810 532/622/811
f 532/622/811 533/623/812 530/620/809
f 534/624/813 535/625/814 536/626/815
f 536/626/815 537/627/816 534/624/813
f 538/628/817 539/629/818 540/630/819
f 540/630/819 541/631/820 538/628/817
f 540/630/819 542/632/821 543/633/822
f 543/633/822 541/631/820 540/630/819
f 544/634/823 545/635/824 546/636/825
f 546/636/825 547/637/826 544/634/823
f 548/638/827 549/639/828 544/634/823
f 544/634/823 547/637/826 548/638/827
f 550/640/829 551/641/830 552/642/831
f 551/641/830 550/640/829 549/639/828
f 553/643/832 550/640/829 554/644/833
f 550/640/829 552/642/831 554/644/833
f 553/643/832 554/644/833 555/645/834
f 556/646/835 557/647/836 553/643/832
f 553/643/832 555/645/834 556/646/835
f 558/648/837 559/649/838 554/644/833
f 560/650/839 561/651/840 562/652/841
f 560/650/839 562/652/841 563/653/842
f 563/653/842 564/654/843 560/650/839
f 562/652/841 565/655/844 566/656/845
f 566/656/845 563/653/842 562/652/841
f 567/657/846 566/656/845 565/655/844
f 565/655/844 568/658/847 567/657/846
f 566/656/845 567/657/846 569/659/848
f 569/659/848 570/660/849 566/656/845
f 571/661/850 568/658/847 572/662/851
f 573/663/852 574/664/853 572/662/851
f 572/662/851 575/665/854 573/663/852
f 575/665/854 576/666/855 577/667/856
f 577/667/856 573/663/852 575/665/854
f 578/668/857 579/669/858 580/670/859
f 580/670/859 579/669/858 581/671/860
f 580/670/859 582/672/861 583/673/862
f 584/674/863 585/675/864 586/676/865
f 557/647/836 556/646/835 587/677/866
f 587/677/866 588/678/867 557/647/836
f 589/679/868 590/680/869 586/676/865
f 589/679/868 586/676/865 585/675/864
f 585/675/864 584/674/863 582/672/861
f 591/681/870 592/682/871 593/683/872
f 590/680/869 593/683/872 594/684/873
f 595/685/874 594/684/873 593/683/872
f 593/683/872 596/686/875 595/685/874
f 597/687/876 598/688/877 599/689/878
f 599/689/878 600/690/879 597/687/876
f 598/688/877 601/691/880 602/692/881
f 602/692/881 599/689/878 598/688/877
f 603/693/882 604/694/883 605/695/884
f 605/695/884 606/696/885 603/693/882
f 607/697/886 608/698/887 609/699/888
f 609/699/888 610/700/889 607/697/886
f 611/701/890 612/702/891 613/703/892
f 613/703/892 614/704/893 611/701/890
f 615/705/894 616/706/895 617/707/896
f 617/707/896 618/708/897 615/705/894
f 619/709/898 618/708/897 617/707/896
f 617/707/896 620/710/899 619/709/898
f 621/711/900 622/712/901 623/713/902
f 623/713/902 624/714/903 621/711/900
f 625/715/904 626/716/905 627/717/906
f 627/717/906 628/718/907 625/715/904
f 629/719/908 630/720/909 631/721/910
f 631/721/910 632/722/911 629/719/908
f 625/715/904 631/721/910 630/720/909
f 630/720/909 626/716/905 625/715/904
f 633/723/912 634/724/913 635/725/914
f 635/725/914 636/726/915 633/723/912
f 637/727/916 638/728/917 496/586/775
f 496/586/775 499/589/778 637/727/916
f 633/723/912 636/726/915 638/728/917
f 638/728/917 637/727/916 633/723/912
f 639/729/918 501/591/780 498/588/777
f 640/730/919 498/588/777 641/731/920
f 641/731/920 498/588/777 642/732/921
f 640/730/919 641/731/920 643/733/922
f 639/729/918 644/734/923 645/735/924
f 639/729/918 646/736/925 644/734/923
f 473/563/752 647/737/926 475/565/754
f 466/556/745 479/569/758 463/553/742
f 466/556/745 465/555/744 467/557/746
f 648/738/927 475/565/754 647/737/926
f 646/736/925 640/730/919 643/733/922
f 642/732/921 498/588/777 495/585/774
f 642/732/921 495/585/774 494/584/773
f 479/569/758 477/567/756 463/553/742
f 649/739/928 547/637/826 650/740/929
f 649/739/928 650/740/929 651/741/930
f 651/741/930 650/740/929 652/742/931
f 652/742/931 650/740/929 653/743/932
f 652/742/931 653/743/932 654/744/933
f 654/744/933 653/743/932 655/745/934
f 654/744/933 655/745/934 656/746/935
f 657/747/936 656/746/935 655/745/934
f 657/747/936 655/745/934 658/748/937
f 658/748/937 655/745/934 659/749/938
f 659/749/938 660/750/939 658/748/937
f 659/749/938 661/751/940 662/752/941
f 662/752/941 660/750/939 659/749/938
f 663/753/942 664/754/943 665/755/944
f 665/755/944 666/756/945 663/753/942
f 667/757/946 668/758/947 669/759/948
f 669/759/948 670/760/949 667/757/946
f 671/761/950 672/762/951 673/763/952
f 673/763/952 674/764/953 671/761/950
f 675/765/954 676/766/955 677/767/956
f 677/767/956 678/768/957 675/765/954
f 677/767/956 679/769/958 680/770/959
f 680/770/959 678/768/957 677/767/956
f 681/771/960 682/772/961 683/773/962
f 683/773/962 684/774/963 681/771/960
f 684/774/963 683/773/962 685/775/964
f 685/775/964 686/776/965 684/774/963
f 687/777/966 688/778/967 689/779/968
f 689/779/968 690/780/969 687/777/966
f 682/772/961 681/771/960 690/780/969
f 690/780/969 689/779/968 682/772/961
f 688/778/967 687/777/966 691/781/970
f 691/781/970 692/782/971 688/778/967
f 693/783/972 694/784/973 695/785/974
f 695/785/974 696/786/975 693/783/972
f 696/786/975 695/785/974 692/782/971
f 692/782/971 691/781/970 696/786/975
f 697/787/976 698/788/977 699/789/978
f 699/789/978 700/790/979 697/787/976
f 700/790/979 699/789/978 694/784/973
f 694/784/973 693/783/972 700/790/979
f 490/580/769 492/582/771 701/791/980
f 701/791/980 702/792/981 490/580/769
f 702/792/981 701/791/980 698/788/977
f 698/788/977 697/787/976 702/792/981
f 657/747/936 658/748/937 703/793/982
f 703/793/982 658/748/937 704/794/983
f 593/683/872 592/682/871 704/794/983
f 593/683/872 704/794/983 658/748/937
f 593/683/872 658/748/937 660/750/939
f 660/750/939 596/686/875 593/683/872
f 589/679/868 592/682/871 591/681/870
f 504/594/783 705/795/984 706/796/985
f 706/796/985 505/595/784 504/594/783
f 482/572/761 485/575/764 705/795/984
f 705/795/984 504/594/783 482/572/761
f 707/797/986 513/603/792 507/597/786
f 507/597/786 708/798/987 707/797/986
f 505/595/784 706/796/985 708/798/987
f 708/798/987 507/597/786 505/595/784
f 511/601/790 709/799/988 710/800/989
f 710/800/989 508/598/787 511/601/790
f 709/799/988 511/601/790 513/603/792
f 513/603/792 707/797/986 709/799/988
f 508/598/787 710/800/989 711/801/990
f 711/801/990 514/604/793 508/598/787
f 519/609/798 712/802/991 713/803/992
f 713/803/992 516/606/795 519/609/798
f 514/604/793 711/801/990 712/802/991
f 712/802/991 519/609/798 514/604/793
f 714/804/993 520/610/799 523/613/802
f 523/613/802 715/805/994 714/804/993
f 516/606/795 713/803/992 715/805/994
f 715/805/994 523/613/802 516/606/795
f 714/804/993 716/806/995 524/614/803
f 524/614/803 520/610/799 714/804/993
f 528/618/807 717/807/996 718/808/997
f 718/808/997 529/619/808 528/618/807
f 718/808/997 719/809/998 531/621/810
f 531/621/810 529/619/808 718/808/997
f 720/810/999 721/811/1000 535/625/814
f 535/625/814 532/622/811 720/810/999
f 722/812/1001 723/813/1002 539/629/818
f 539/629/818 536/626/815 722/812/1001
f 724/814/1003 725/815/1004 542/632/821
f 542/632/821 540/630/819 724/814/1003
f 546/636/825 726/816/1005 650/740/929
f 650/740/929 547/637/826 546/636/825
f 490/580/769 702/792/981 488/578/767
f 485/575/764 488/578/767 705/795/984
f 488/578/767 702/792/981 705/795/984
f 705/795/984 702/792/981 697/787/976
f 697/787/976 706/796/985 705/795/984
f 708/798/987 700/790/979 693/783/972
f 693/783/972 707/797/986 708/798/987
f 706/796/985 697/787/976 700/790/979
f 700/790/979 708/798/987 706/796/985
f 691/781/970 710/800/989 709/799/988
f 709/799/988 696/786/975 691/781/970
f 707/797/986 693/783/972 696/786/975
f 696/786/975 709/799/988 707/797/986
f 710/800/989 691/781/970 687/777/966
f 687/777/966 711/801/990 710/800/989
f 712/802/991 690/780/969 681/771/960
f 681/771/960 713/803/992 712/802/991
f 690/780/969 712/802/991 711/801/990
f 711/801/990 687/777/966 690/780/969
f 715/805/994 684/774/963 686/776/965
f 686/776/965 714/804/993 715/805/994
f 713/803/992 681/771/960 684/774/963
f 684/774/963 715/805/994 713/803/992
f 686/776/965 679/769/958 716/806/995
f 716/806/995 714/804/993 686/776/965
f 717/807/996 677/767/956 676/766/955
f 676/766/955 718/808/997 717/807/996
f 676/766/955 672/762/951 719/809/998
f 719/809/998 718/808/997 676/766/955
f 671/761/950 668/758/947 721/811/1000
f 721/811/1000 720/810/999 671/761/950
f 667/757/946 664/754/943 723/813/1002
f 723/813/1002 722/812/1001 667/757/946
f 663/753/942 661/751/940 725/815/1004
f 725/815/1004 724/814/1003 663/753/942
f 726/816/1005 659/749/938 653/743/932
f 653/743/932 650/740/929 726/816/1005
f 701/791/980 638/728/917 636/726/915
f 636/726/915 698/788/977 701/791/980
f 638/728/917 701/791/980 492/582/771
f 492/582/771 496/586/775 638/728/917
f 699/789/978 635/725/914 632/722/911
f 632/722/911 694/784/973 699/789/978
f 635/725/914 699/789/978 698/788/977
f 698/788/977 636/726/915 635/725/914
f 695/785/974 631/721/910 625/715/904
f 625/715/904 692/782/971 695/785/974
f 631/721/910 695/785/974 694/784/973
f 694/784/973 632/722/911 631/721/910
f 692/782/971 625/715/904 628/718/907
f 628/718/907 688/778/967 692/782/971
f 689/779/968 621/711/900 624/714/903
f 624/714/903 682/772/961 689/779/968
f 688/778/967 628/718/907 621/711/900
f 621/711/900 689/779/968 688/778/967
f 683/773/962 620/710/899 617/707/896
f 617/707/896 685/775/964 683/773/962
f 682/772/961 624/714/903 620/710/899
f 620/710/899 683/773/962 682/772/961
f 616/706/895 680/770/959 685/775/964
f 685/775/964 617/707/896 616/706/895
f 678/768/957 614/704/893 613/703/892
f 613/703/892 675/765/954 678/768/957
f 613/703/892 608/698/887 673/763/952
f 673/763/952 675/765/954 613/703/892
f 604/694/883 669/759/948 674/764/953
f 674/764/953 607/697/886 604/694/883
f 601/691/880 665/755/944 670/760/949
f 670/760/949 603/693/882 601/691/880
f 597/687/876 662/752/941 666/756/945
f 666/756/945 598/688/877 597/687/876
f 659/749/938 655/745/934 653/743/932
f 727/817/1006 728/818/1007 729/819/1008
f 729/819/1008 730/820/1009 727/817/1006
f 731/821/1010 732/822/1011 727/817/1006
f 727/817/1006 730/820/1009 731/821/1010
f 733/823/1012 734/824/1013 732/822/1011
f 732/822/1011 731/821/1010 733/823/1012
f 734/824/1013 733/823/1012 735/825/1014
f 735/825/1014 736/826/1015 734/824/1013
f 737/827/1016 738/828/1017 736/826/1015
f 736/826/1015 735/825/1014 737/827/1016
f 739/829/1018 740/830/1019 738/828/1017
f 738/828/1017 737/827/1016 739/829/1018
f 741/831/1020 740/830/1021 742/832/1022
f 742/832/1022 743/833/1023 741/831/1020
f 740/830/1019 739/829/1018 744/834/1024
f 744/834/1024 742/832/1025 740/830/1019
f 744/834/1024 745/835/1026 746/836/1027
f 746/836/1027 742/832/1025 744/834/1024
f 747/837/1028 746/836/1027 745/835/1026
f 745/835/1026 748/838/1029 747/837/1028
f 749/839/1030 747/837/1028 748/838/1029
f 748/838/1029 750/840/1031 749/839/1030
f 751/841/1032 749/839/1030 750/840/1031
f 750/840/1031 752/842/1033 751/841/1032
f 753/843/1034 751/841/1032 752/842/1033
f 752/842/1033 754/844/1035 753/843/1034
f 755/845/1036 753/843/1034 754/844/1035
f 754/844/1035 756/846/1037 755/845/1036
f 757/847/1038 755/845/1036 756/846/1037
f 756/846/1037 758/848/1039 757/847/1038
f 759/849/1040 757/847/1038 758/848/1039
f 758/848/1039 760/850/1041 759/849/1040
f 761/851/1042 759/849/1040 760/850/1041
f 760/850/1041 762/852/1043 761/851/1042
f 763/853/1044 761/851/1042 762/852/1043
f 762/852/1043 764/854/1045 763/853/1044
f 765/855/1046 766/856/1047 728/818/1048
f 728/818/1048 727/817/1049 765/855/1046
f 734/824/1050 736/826/1051 767/857/1052
f 767/857/1052 768/858/1053 734/824/1050
f 767/857/1052 736/826/1051 738/828/1054
f 738/828/1054 769/859/1055 767/857/1052
f 770/860/1056 765/855/1046 727/817/1049
f 727/817/1049 732/822/1057 770/860/1056
f 768/858/1053 770/860/1056 732/822/1057
f 732/822/1057 734/824/1050 768/858/1053
f 769/859/1055 738/828/1054 740/830/1021
f 740/830/1021 741/831/1020 769/859/1055
f 771/861/1058 741/831/1020 743/833/1023
f 743/833/1023 772/862/1059 771/861/1058
f 743/833/1023 773/863/1060 772/862/1059
f 774/864/1061 772/862/1059 773/863/1060
f 774/864/1061 773/863/1060 775/865/1062
f 775/865/1062 776/866/1063 777/867/1064
f 777/867/1064 774/864/1061 775/865/1062
f 778/868/1065 777/867/1064 776/866/1063
f 776/866/1063 779/869/1066 778/868/1065
f 780/870/1067 778/868/1065 779/869/1066
f 779/869/1066 781/871/1068 780/870/1067
f 780/870/1067 781/871/1068 782/872/1069
f 782/872/1069 783/873/1070 780/870/1067
f 783/873/1070 782/872/1069 784/874/1071
f 784/874/1071 785/875/1072 783/873/1070
f 785/875/1072 784/874/1071 786/876/1073
f 786/876/1073 787/877/1074 785/875/1072
f 787/877/1074 786/876/1073 788/878/1075
f 788/878/1075 789/879/1076 787/877/1074
f 789/879/1076 788/878/1075 790/880/1077
f 790/880/1077 791/881/1078 789/879/1076
f 792/882/1079 769/859/1055 741/831/1020
f 741/831/1020 771/861/1058 792/882/1079
f 792/882/1079 793/883/1080 767/857/1052
f 767/857/1052 769/859/1055 792/882/1079
f 767/857/1052 793/883/1080 768/858/1053
f 768/858/1053 793/883/1080 770/860/1056
f 770/860/1056 793/883/1080 794/884/1081
f 770/860/1056 794/884/1081 765/855/1046
f 766/856/1047 765/855/1046 795/885/1082
f 765/855/1046 794/884/1081 795/885/1082
f 766/856/1047 796/886/1083 583/673/862
f 766/856/1047 795/885/1082 796/886/1083
f 583/673/862 796/886/1083 580/670/859
f 580/670/859 796/886/1083 797/887/1084
f 580/670/859 797/887/1084 578/668/857
f 578/668/857 797/887/1084 798/888/1085
f 578/668/857 798/888/1085 799/889/1086
f 800/890/1087 801/891/1088 799/889/1086
f 799/889/1086 798/888/1085 800/890/1087
f 577/667/856 799/889/1086 801/891/1088
f 801/891/1088 802/892/1089 577/667/856
f 771/861/1058 772/862/1059 802/892/1089
f 802/892/1089 801/891/1088 771/861/1058
f 802/892/1089 772/862/1059 774/864/1061
f 774/864/1061 803/893/1090 802/892/1089
f 804/894/1091 799/889/1086 577/667/856
f 577/667/856 576/666/855 804/894/1091
f 577/667/856 802/892/1089 803/893/1090
f 803/893/1090 573/663/852 577/667/856
f 803/893/1090 774/864/1061 777/867/1064
f 777/867/1064 805/895/1092 803/893/1090
f 573/663/852 803/893/1090 805/895/1092
f 805/895/1092 574/664/853 573/663/852
f 805/895/1092 777/867/1064 778/868/1065
f 778/868/1065 806/896/1093 805/895/1092
f 574/664/853 571/661/850 572/662/851
f 571/661/850 574/664/853 807/897/1094
f 807/897/1094 569/659/848 567/657/846
f 567/657/846 571/661/850 807/897/1094
f 808/898/1095 570/660/849 569/659/848
f 569/659/848 809/899/1096 808/898/1095
f 570/660/849 808/898/1095 810/900/1097
f 810/900/1097 811/901/1098 570/660/849
f 787/877/1074 810/900/1097 808/898/1095
f 808/898/1095 785/875/1072 787/877/1074
f 560/650/839 564/654/843 556/646/835
f 566/656/845 570/660/849 811/901/1098
f 811/901/1098 563/653/842 566/656/845
f 811/901/1098 810/900/1097 812/902/1099
f 812/902/1099 813/903/1100 811/901/1098
f 812/902/1099 810/900/1097 787/877/1074
f 787/877/1074 789/879/1076 812/902/1099
f 813/903/1100 587/677/866 556/646/835
f 556/646/835 564/654/843 813/903/1100
f 588/678/867 587/677/866 791/881/1078
f 791/881/1078 790/880/1077 588/678/867
f 791/881/1078 587/677/866 813/903/1100
f 813/903/1100 812/902/1099 791/881/1078
f 792/882/1079 771/861/1058 801/891/1088
f 801/891/1088 800/890/1087 792/882/1079
f 800/890/1087 798/888/1085 797/887/1084
f 797/887/1084 814/904/1101 800/890/1087
f 793/883/1080 792/882/1079 800/890/1087
f 800/890/1087 814/904/1101 793/883/1080
f 796/886/1083 795/885/1082 797/887/1084
f 814/904/1101 797/887/1084 795/885/1082
f 795/885/1082 794/884/1081 814/904/1101
f 793/883/1080 814/904/1101 794/884/1081
f 806/896/1093 807/897/1094 574/664/853
f 574/664/853 805/895/1092 806/896/1093
f 806/896/1093 778/868/1065 780/870/1067
f 780/870/1067 809/899/1096 806/896/1093
f 807/897/1094 806/896/1093 809/899/1096
f 809/899/1096 569/659/848 807/897/1094
f 783/873/1070 808/898/1095 809/899/1096
f 809/899/1096 780/870/1067 783/873/1070
f 808/898/1095 783/873/1070 785/875/1072
f 812/902/1099 789/879/1076 791/881/1078
f 773/863/1060 746/836/1102 747/837/1103
f 747/837/1103 775/865/1062 773/863/1060
f 775/865/1062 747/837/1103 749/839/1104
f 749/839/1104 776/866/1063 775/865/1062
f 776/866/1063 749/839/1104 751/841/1105
f 751/841/1105 779/869/1066 776/866/1063
f 779/869/1066 751/841/1105 753/843/1106
f 753/843/1106 781/871/1068 779/869/1066
f 781/871/1068 753/843/1106 755/845/1107
f 755/845/1107 782/872/1069 781/871/1068
f 782/872/1069 755/845/1107 757/847/1108
f 757/847/1108 784/874/1071 782/872/1069
f 784/874/1071 757/847/1108 759/849/1109
f 759/849/1109 786/876/1073 784/874/1071
f 786/876/1073 759/849/1109 761/851/1110
f 761/851/1110 788/878/1075 786/876/1073
f 790/880/1077 788/878/1075 761/851/1110
f 761/851/1110 763/853/1111 790/880/1077
f 764/854/1045 815/905/1112 816/906/1113
f 816/906/1113 763/853/1044 764/854/1045
f 817/907/1114 818/908/1115 816/906/1113
f 816/906/1113 815/905/1112 817/907/1114
f 588/678/867 816/906/1116 818/908/1117
f 818/908/1117 557/647/836 588/678/867
f 819/909/1118 820/910/1119 821/911/1120
f 821/911/1120 822/912/1121 819/909/1118
f 823/913/1122 819/909/1118 822/912/1121
f 822/912/1121 824/914/1123 823/913/1122
f 825/915/1124 826/916/1125 821/911/1120
f 821/911/1120 820/910/1119 825/915/1124
f 825/915/1124 827/917/1126 828/918/1127
f 828/918/1127 826/916/1125 825/915/1124
f 828/918/1127 827/917/1126 829/919/1128
f 829/919/1128 830/920/1127 828/918/1127
f 502/592/781 829/919/1129 827/917/1130
f 827/917/1130 478/568/757 502/592/781
f 831/921/1131 829/919/1129 502/592/781
f 502/592/781 503/593/782 831/921/1131
f 832/922/1127 833/923/1132 834/924/1133
f 834/924/1133 835/925/1127 832/922/1127
f 836/926/1134 831/921/1135 833/923/1132
f 833/923/1132 832/922/1127 836/926/1134
f 837/927/1127 835/925/1127 834/924/1133
f 834/924/1133 838/928/1136 837/927/1127
f 838/928/1136 839/929/1137 840/930/1127
f 840/930/1127 837/927/1127 838/928/1136
f 841/931/1127 840/930/1127 839/929/1137
f 839/929/1137 842/932/1138 841/931/1127
f 843/933/1127 844/934/1134 845/935/1139
f 845/935/1139 846/936/1140 843/933/1127
f 847/937/1127 848/938/1127 849/939/1141
f 849/939/1141 850/940/1142 847/937/1127
f 851/941/1127 852/942/1143 853/943/1144
f 853/943/1144 854/944/1127 851/941/1127
f 854/944/1127 853/943/1144 855/945/1145
f 855/945/1145 856/946/1127 854/944/1127
f 855/945/1145 857/947/1146 858/948/1127
f 858/948/1127 856/946/1127 855/945/1145
f 859/949/1147 860/950/1127 861/951/1127
f 861/951/1127 862/952/1148 859/949/1147
f 863/953/1149 864/954/1150 865/955/1151
f 865/955/1151 866/956/1152 863/953/1149
f 867/957/1153 868/958/1154 869/959/1155
f 869/959/1155 870/960/1127 867/957/1153
f 870/960/1127 869/959/1155 871/961/1156
f 871/961/1156 872/962/1127 870/960/1127
f 873/963/1157 874/964/1158 875/965/1134
f 875/965/1134 876/966/1127 873/963/1157
f 875/965/1134 874/964/1158 818/908/1115
f 818/908/1115 817/907/1114 875/965/1134
f 873/963/1157 876/966/1127 877/967/1127
f 877/967/1127 878/968/1159 873/963/1157
f 878/968/1159 877/967/1127 872/962/1127
f 872/962/1127 871/961/1156 878/968/1159
f 830/920/1127 829/919/1128 831/921/1135
f 831/921/1135 836/926/1134 830/920/1127
f 460/550/739 819/909/1160 823/913/1161
f 823/913/1161 879/969/1162 460/550/739
f 880/970/1163 823/913/1122 824/914/1123
f 824/914/1123 881/971/1164 880/970/1163
f 882/972/1165 883/973/1166 881/971/1164
f 881/971/1164 884/974/1167 882/972/1165
f 884/974/1167 885/975/1168 886/976/1169
f 886/976/1169 882/972/1165 884/974/1167
f 885/975/1168 887/977/1170 888/978/1171
f 888/978/1171 886/976/1169 885/975/1168
f 889/979/1172 888/978/1171 887/977/1170
f 887/977/1170 890/980/1173 889/979/1172
f 891/981/1174 889/979/1172 890/980/1173
f 890/980/1173 892/982/1175 891/981/1174
f 893/983/1176 891/981/1174 892/982/1175
f 892/982/1175 894/984/1177 893/983/1176
f 895/985/1178 893/983/1176 894/984/1177
f 894/984/1177 896/986/1179 895/985/1178
f 897/987/1180 895/985/1178 896/986/1179
f 896/986/1179 898/988/1181 897/987/1180
f 897/987/1180 898/988/1181 899/989/1182
f 899/989/1182 900/990/1183 897/987/1180
f 900/990/1183 899/989/1182 901/991/1184
f 901/991/1184 902/992/1185 900/990/1183
f 902/992/1185 901/991/1184 903/993/1186
f 903/993/1186 904/994/1187 902/992/1185
f 904/994/1187 903/993/1186 905/995/1188
f 905/995/1188 906/996/1189 904/994/1187
f 907/997/1190 906/996/1189 905/995/1188
f 905/995/1188 908/998/1191 907/997/1190
f 909/999/1192 907/997/1190 908/998/1191
f 908/998/1191 910/1000/1193 909/999/1192
f 911/1001/1194 879/969/1162 823/913/1161
f 823/913/1161 880/970/1195 911/1001/1194
f 912/1002/1196 911/1001/1194 880/970/1195
f 880/970/1195 883/973/1197 912/1002/1196
f 913/1003/1198 912/1002/1196 914/1004/1199
f 883/973/1197 914/1004/1199 912/1002/1196
f 914/1004/1199 883/973/1197 882/972/1200
f 914/1004/1199 882/972/1200 886/976/1201
f 886/976/1201 915/1005/1202 914/1004/1199
f 913/1003/1198 914/1004/1199 915/1005/1202
f 915/1005/1202 916/1006/1203 913/1003/1198
f 917/1007/1204 918/1008/1205 888/978/1206
f 888/978/1206 889/979/1207 917/1007/1204
f 919/1009/1208 917/1007/1204 889/979/1207
f 889/979/1207 891/981/1209 919/1009/1208
f 920/1010/1210 919/1009/1208 891/981/1209
f 891/981/1209 893/983/1211 920/1010/1210
f 921/1011/1212 920/1010/1210 893/983/1211
f 893/983/1211 895/985/1213 921/1011/1212
f 922/1012/1214 921/1011/1212 923/1013/1215
f 923/1013/1215 924/1014/1216 922/1012/1214
f 920/1010/1210 921/1011/1212 922/1012/1214
f 922/1012/1214 925/1015/1217 920/1010/1210
f 919/1009/1208 920/1010/1210 925/1015/1217
f 925/1015/1217 926/1016/1218 919/1009/1208
f 917/1007/1204 919/1009/1208 926/1016/1218
f 926/1016/1218 927/1017/1219 917/1007/1204
f 918/1008/1205 917/1007/1204 927/1017/1219
f 927/1017/1219 928/1018/1220 918/1008/1205
f 918/1008/1205 928/1018/1220 916/1006/1203
f 916/1006/1203 915/1005/1202 918/1008/1205
f 888/978/1206 918/1008/1205 915/1005/1202
f 915/1005/1202 886/976/1201 888/978/1206
f 913/1003/1198 916/1006/1203 929/1019/1221
f 913/1003/1198 929/1019/1221 930/1020/1222
f 931/1021/1223 930/1020/1222 929/1019/1221
f 929/1019/1221 932/1022/1224 931/1021/1223
f 930/1020/1222 931/1021/1223 933/1023/1225
f 933/1023/1225 934/1024/1226 930/1020/1222
f 935/1025/1227 936/1026/1228 931/1021/1223
f 933/1023/1225 931/1021/1223 936/1026/1228
f 937/1027/1229 933/1023/1225 938/1028/1230
f 936/1026/1228 938/1028/1230 933/1023/1225
f 939/1029/1231 938/1028/1230 936/1026/1228
f 938/1028/1230 461/551/740 937/1027/1229
f 461/551/740 938/1028/1230 464/554/743
f 913/1003/1198 930/1020/1222 912/1002/1196
f 911/1001/1194 912/1002/1196 930/1020/1222
f 930/1020/1222 934/1024/1226 911/1001/1194
f 934/1024/1226 933/1023/1225 937/1027/1229
f 937/1027/1229 461/551/740 460/550/739
f 879/969/1162 911/1001/1194 934/1024/1226
f 934/1024/1226 937/1027/1229 879/969/1162
f 879/969/1162 937/1027/1229 460/550/739
f 940/1030/1232 465/555/744 464/554/743
f 940/1030/1232 464/554/743 939/1029/1231
f 936/1026/1228 935/1025/1227 939/1029/1231
f 941/1031/1233 468/558/747 465/555/744
f 941/1031/1233 465/555/744 942/1032/1234
f 942/1032/1234 465/555/744 940/1030/1232
f 943/1033/1235 942/1032/1234 940/1030/1232
f 940/1030/1232 944/1034/1236 943/1033/1235
f 945/1035/1237 943/1033/1235 944/1034/1236
f 944/1034/1236 932/1022/1224 945/1035/1237
f 946/1036/1238 945/1035/1237 932/1022/1224
f 932/1022/1224 929/1019/1221 946/1036/1238
f 928/1018/1220 946/1036/1238 929/1019/1221
f 929/1019/1221 916/1006/1203 928/1018/1220
f 947/1037/1239 469/559/748 468/558/747
f 947/1037/1239 468/558/747 948/1038/1240
f 948/1038/1240 468/558/747 941/1031/1233
f 949/1039/1241 948/1038/1240 941/1031/1233
f 941/1031/1233 950/1040/1242 949/1039/1241
f 951/1041/1243 949/1039/1241 950/1040/1242
f 950/1040/1242 952/1042/1244 951/1041/1243
f 953/1043/1245 951/1041/1243 952/1042/1244
f 952/1042/1244 954/1044/1246 953/1043/1245
f 926/1016/1218 953/1043/1245 954/1044/1246
f 954/1044/1246 927/1017/1219 926/1016/1218
f 469/559/748 947/1037/1239 955/1045/1247
f 469/559/748 955/1045/1247 471/561/750
f 471/561/750 955/1045/1247 956/1046/1248
f 471/561/750 956/1046/1248 957/1047/1249
f 958/1048/1250 957/1047/1249 956/1046/1248
f 956/1046/1248 959/1049/1251 958/1048/1250
f 957/1047/1249 958/1048/1250 960/1050/1252
f 960/1050/1252 961/1051/1253 957/1047/1249
f 962/1052/1254 960/1050/1252 958/1048/1250
f 958/1048/1250 963/1053/1255 962/1052/1254
f 960/1050/1252 962/1052/1254 964/1054/1256
f 964/1054/1256 965/1055/1257 960/1050/1252
f 966/1056/1258 964/1054/1256 962/1052/1254
f 962/1052/1254 967/1057/1259 966/1056/1258
f 964/1054/1256 966/1056/1258 968/1058/1260
f 968/1058/1260 969/1059/1261 964/1054/1256
f 968/1058/1260 966/1056/1258 970/1060/1262
f 968/1058/1260 970/1060/1262 971/1061/1263
f 968/1058/1260 971/1061/1263 972/1062/1264
f 968/1058/1260 972/1062/1264 969/1059/1261
f 969/1059/1261 972/1062/1264 973/1063/1265
f 969/1059/1261 973/1063/1265 965/1055/1257
f 965/1055/1257 964/1054/1256 969/1059/1261
f 965/1055/1257 973/1063/1265 974/1064/1266
f 965/1055/1257 974/1064/1266 961/1051/1253
f 961/1051/1253 960/1050/1252 965/1055/1257
f 961/1051/1253 974/1064/1266 647/737/926
f 961/1051/1253 647/737/926 473/563/752
f 961/1051/1253 473/563/752 957/1047/1249
f 957/1047/1249 473/563/752 471/561/750
f 647/737/926 974/1064/1266 644/734/923
f 647/737/926 644/734/923 648/738/927
f 645/735/924 644/734/923 972/1062/1264
f 975/1065/1267 970/1060/1262 966/1056/1258
f 975/1065/1267 966/1056/1258 967/1057/1259
f 967/1057/1259 976/1066/1268 975/1065/1267
f 976/1066/1268 967/1057/1259 977/1067/1269
f 977/1067/1269 978/1068/1270 976/1066/1268
f 978/1068/1270 977/1067/1269 979/1069/1271
f 979/1069/1271 924/1014/1216 978/1068/1270
f 924/1014/1216 979/1069/1271 980/1070/1272
f 980/1070/1272 922/1012/1214 924/1014/1216
f 922/1012/1214 980/1070/1272 981/1071/1273
f 981/1071/1273 925/1015/1217 922/1012/1214
f 925/1015/1217 981/1071/1273 953/1043/1245
f 953/1043/1245 926/1016/1218 925/1015/1217
f 975/1065/1267 976/1066/1268 982/1072/1274
f 982/1072/1274 983/1073/1275 975/1065/1267
f 984/1074/1276 982/1072/1274 976/1066/1268
f 976/1066/1268 978/1068/1270 984/1074/1276
f 984/1074/1276 978/1068/1270 924/1014/1216
f 924/1014/1216 923/1013/1215 984/1074/1276
f 938/1028/1230 939/1029/1231 464/554/743
f 985/1075/1277 980/1070/1272 979/1069/1271
f 979/1069/1271 986/1076/1278 985/1075/1277
f 986/1076/1278 979/1069/1271 977/1067/1269
f 977/1067/1269 963/1053/1255 986/1076/1278
f 963/1053/1255 977/1067/1269 967/1057/1259
f 967/1057/1259 962/1052/1254 963/1053/1255
f 987/1077/1279 985/1075/1277 986/1076/1278
f 986/1076/1278 959/1049/1251 987/1077/1279
f 959/1049/1251 986/1076/1278 963/1053/1255
f 963/1053/1255 958/1048/1250 959/1049/1251
f 980/1070/1272 985/1075/1277 988/1078/1280
f 988/1078/1280 981/1071/1273 980/1070/1272
f 981/1071/1273 988/1078/1280 951/1041/1243
f 951/1041/1243 953/1043/1245 981/1071/1273
f 955/1045/1247 987/1077/1279 959/1049/1251
f 959/1049/1251 956/1046/1248 955/1045/1247
f 985/1075/1277 987/1077/1279 989/1079/1281
f 989/1079/1281 988/1078/1280 985/1075/1277
f 988/1078/1280 989/1079/1281 949/1039/1241
f 949/1039/1241 951/1041/1243 988/1078/1280
f 987/1077/1279 955/1045/1247 947/1037/1239
f 947/1037/1239 989/1079/1281 987/1077/1279
f 989/1079/1281 947/1037/1239 948/1038/1240
f 948/1038/1240 949/1039/1241 989/1079/1281
f 946/1036/1238 928/1018/1220 927/1017/1219
f 927/1017/1219 954/1044/1246 946/1036/1238
f 945/1035/1237 946/1036/1238 954/1044/1246
f 954/1044/1246 952/1042/1244 945/1035/1237
f 950/1040/1242 941/1031/1233 942/1032/1234
f 942/1032/1234 943/1033/1235 950/1040/1242
f 943/1033/1235 945/1035/1237 952/1042/1244
f 952/1042/1244 950/1040/1242 943/1033/1235
f 935/1025/1227 931/1021/1223 932/1022/1224
f 932/1022/1224 944/1034/1236 935/1025/1227
f 940/1030/1232 935/1025/1227 944/1034/1236
f 935/1025/1227 940/1030/1232 939/1029/1231
f 973/1063/1265 972/1062/1264 644/734/923
f 973/1063/1265 644/734/923 974/1064/1266
f 970/1060/1262 906/996/1282 907/997/1283
f 907/997/1283 971/1061/1263 970/1060/1262
f 970/1060/1262 983/1073/1275 906/996/1282
f 906/996/1282 983/1073/1275 904/994/1284
f 902/992/1285 904/994/1284 983/1073/1275
f 983/1073/1275 982/1072/1274 902/992/1285
f 897/987/1286 900/990/1287 984/1074/1276
f 984/1074/1276 923/1013/1215 897/987/1286
f 897/987/1286 923/1013/1215 921/1011/1212
f 921/1011/1212 895/985/1213 897/987/1286
f 984/1074/1276 900/990/1287 902/992/1285
f 902/992/1285 982/1072/1274 984/1074/1276
f 975/1065/1267 983/1073/1275 970/1060/1262
f 971/1061/1263 907/997/1283 909/999/1288
f 909/999/1288 972/1062/1264 971/1061/1263
f 909/999/1192 910/1000/1193 990/1080/1289
f 990/1080/1289 991/1081/1290 909/999/1192
f 992/1082/1291 993/1083/1292 994/1084/1293
f 994/1084/1293 995/1085/1294 992/1082/1291
f 728/818/1007 992/1082/1291 995/1085/1294
f 995/1085/1294 729/819/1008 728/818/1007
f 996/1086/1295 997/1087/1296 994/1084/1293
f 994/1084/1293 993/1083/1292 996/1086/1295
f 996/1086/1295 998/1088/1297 999/1089/1298
f 999/1089/1298 997/1087/1296 996/1086/1295
f 999/1089/1298 998/1088/1297 1000/1090/1299
f 1000/1090/1299 1001/1091/1300 999/1089/1298
f 1002/1092/1301 1003/1093/1302 1004/1094/1303
f 1004/1094/1303 1005/1095/1304 1002/1092/1301
f 1006/1096/1303 1007/1097/1305 1008/1098/1306
f 1008/1098/1306 1009/1099/1303 1006/1096/1303
f 1010/1100/1303 1011/1101/1307 1012/1102/1308
f 1012/1102/1308 1013/1103/1303 1010/1100/1303
f 1014/1104/1309 1015/1105/1310 1016/1106/1311
f 1016/1106/1311 1017/1107/1303 1014/1104/1309
f 1017/1107/1303 1016/1106/1311 1018/1108/1312
f 1018/1108/1312 1019/1109/1303 1017/1107/1303
f 1018/1108/1312 1020/1110/1313 1021/1111/1309
f 1021/1111/1309 1019/1109/1303 1018/1108/1312
f 1022/1112/1314 1023/1113/1303 1024/1114/1303
f 1024/1114/1303 1025/1115/1315 1022/1112/1314
f 1026/1116/1316 1027/1117/1303 1023/1113/1303
f 1023/1113/1303 1022/1112/1314 1026/1116/1316
f 1028/1118/1317 1029/1119/1303 1027/1117/1303
f 1027/1117/1303 1026/1116/1316 1028/1118/1317
f 1030/1120/1318 1031/1121/1303 1029/1119/1303
f 1029/1119/1303 1028/1118/1317 1030/1120/1318
f 1031/1121/1303 1030/1120/1318 1032/1122/1319
f 1032/1122/1319 1033/1123/1303 1031/1121/1303
f 1034/1124/1303 1035/1125/1309 1036/1126/1320
f 1036/1126/1320 1037/1127/1321 1034/1124/1303
f 1038/1128/1303 1039/1129/1303 1040/1130/1322
f 1040/1130/1322 1041/1131/1323 1038/1128/1303
f 1042/1132/1324 991/1081/1290 990/1080/1289
f 990/1080/1289 1043/1133/1325 1042/1132/1324
f 1044/1134/1326 1042/1132/1324 1043/1133/1325
f 1043/1133/1325 1045/1135/1327 1044/1134/1326
f 1001/1091/1300 1000/1090/1299 1002/1092/1301
f 1002/1092/1301 1005/1095/1304 1001/1091/1300
f 1046/1136/1328 1047/1137/1303 1048/1138/1329
f 1048/1138/1329 1049/1139/1330 1046/1136/1328
f 766/856/1047 583/673/862 992/1082/1331
f 992/1082/1331 728/818/1048 766/856/1047
f 645/735/924 991/1081/1332 1042/1132/1333
f 1042/1132/1333 639/729/918 645/735/924
f 501/591/780 639/729/918 1042/1132/1333
f 501/591/780 1042/1132/1333 1044/1134/1334
f 1044/1134/1334 500/590/779 501/591/780
f 1049/1139/1335 499/589/778 500/590/779
f 500/590/779 1044/1134/1334 1049/1139/1335
f 637/727/916 499/589/778 1049/1139/1335
f 1049/1139/1335 1048/1138/1336 637/727/916
f 633/723/912 637/727/916 1048/1138/1336
f 1048/1138/1336 1041/1131/1337 633/723/912
f 633/723/912 1041/1131/1337 1040/1130/1338
f 1040/1130/1338 634/724/913 633/723/912
f 634/724/913 1040/1130/1338 1037/1127/1339
f 1037/1127/1339 629/719/908 634/724/913
f 629/719/908 1037/1127/1339 1036/1126/1340
f 1036/1126/1340 630/720/909 629/719/908
f 630/720/909 1036/1126/1340 1032/1122/1341
f 1032/1122/1341 626/716/905 630/720/909
f 626/716/905 1032/1122/1341 1030/1120/1342
f 1030/1120/1342 627/717/906 626/716/905
f 627/717/906 1030/1120/1342 1028/1118/1343
f 1028/1118/1343 622/712/901 627/717/906
f 622/712/901 1028/1118/1343 1026/1116/1344
f 1026/1116/1344 623/713/902 622/712/901
f 623/713/902 1026/1116/1344 1022/1112/1345
f 1022/1112/1345 619/709/898 623/713/902
f 619/709/898 1022/1112/1345 1025/1115/1346
f 1025/1115/1346 618/708/897 619/709/898
f 615/705/894 1020/1110/1347 1018/1108/1348
f 1018/1108/1348 611/701/890 615/705/894
f 611/701/890 1018/1108/1348 1016/1106/1349
f 1016/1106/1349 612/702/891 611/701/890
f 1015/1105/1350 609/699/888 612/702/891
f 612/702/891 1016/1106/1349 1015/1105/1350
f 1011/1101/1351 605/695/884 610/700/889
f 610/700/889 1012/1102/1352 1011/1101/1351
f 1007/1097/1353 602/692/881 606/696/885
f 606/696/885 1008/1098/1354 1007/1097/1353
f 1003/1093/1355 600/690/879 599/689/878
f 599/689/878 1050/1140/1356 1003/1093/1355
f 595/685/874 1002/1092/1357 1000/1090/1358
f 1000/1090/1358 594/684/873 595/685/874
f 594/684/873 1000/1090/1358 998/1088/1359
f 998/1088/1359 590/680/869 594/684/873
f 590/680/869 998/1088/1359 996/1086/1360
f 996/1086/1360 586/676/865 590/680/869
f 586/676/865 996/1086/1360 993/1083/1361
f 993/1083/1361 584/674/863 586/676/865
f 972/1062/1264 909/999/1288 991/1081/1332
f 991/1081/1332 645/735/924 972/1062/1264
f 557/647/836 818/908/1117 874/964/1362
f 874/964/1362 553/643/832 557/647/836
f 553/643/832 874/964/1362 873/963/1363
f 873/963/1363 550/640/829 553/643/832
f 550/640/829 873/963/1363 878/968/1364
f 878/968/1364 549/639/828 550/640/829
f 549/639/828 878/968/1364 871/961/1365
f 871/961/1365 544/634/823 549/639/828
f 545/635/824 544/634/823 871/961/1365
f 871/961/1365 869/959/1366 545/635/824
f 541/631/820 543/633/822 868/958/1367
f 868/958/1367 865/955/1368 541/631/820
f 849/939/1369 522/612/801 521/611/800
f 521/611/800 850/940/1370 849/939/1369
f 522/612/801 849/939/1369 846/936/1371
f 846/936/1371 517/607/796 522/612/801
f 518/608/797 517/607/796 846/936/1371
f 846/936/1371 845/935/1372 518/608/797
f 845/935/1372 842/932/1373 515/605/794
f 515/605/794 518/608/797 845/935/1372
f 509/599/788 515/605/794 842/932/1373
f 842/932/1373 839/929/1374 509/599/788
f 512/602/791 510/600/789 838/928/1375
f 838/928/1375 834/924/1376 512/602/791
f 506/596/785 512/602/791 834/924/1376
f 834/924/1376 833/923/1377 506/596/785
f 833/923/1377 831/921/1131 503/593/782
f 503/593/782 506/596/785 833/923/1377
f 476/566/755 478/568/757 827/917/1130
f 827/917/1130 825/915/1378 476/566/755
f 476/566/755 825/915/1378 820/910/1379
f 820/910/1379 462/552/741 476/566/755
f 460/550/739 462/552/741 820/910/1379
f 820/910/1379 819/909/1160 460/550/739
f 521/611/800 525/615/804 852/942/1380
f 852/942/1380 850/940/1370 521/611/800
f 853/943/1381 527/617/806 526/616/805
f 526/616/805 855/945/1382 853/943/1381
f 526/616/805 530/620/809 857/947/1383
f 857/947/1383 855/945/1382 526/616/805
f 533/623/812 534/624/813 859/949/1384
f 859/949/1384 862/952/1385 533/623/812
f 537/627/816 538/628/817 864/954/1386
f 864/954/1386 1051/1141/1387 537/627/816
f 588/678/867 790/880/1077 763/853/1111
f 763/853/1111 816/906/1116 588/678/867
f 746/836/1102 773/863/1060 743/833/1023
f 743/833/1023 742/832/1022 746/836/1102
f 880/970/1163 881/971/1164 883/973/1166
f 551/641/830 549/639/828 548/638/827
f 555/645/834 561/651/840 560/650/839
f 555/645/834 559/649/838 561/651/840
f 552/642/831 1052/1142/1388 558/648/837
f 558/648/837 554/644/833 552/642/831
f 551/641/830 1053/1143/1389 1052/1142/1388
f 1052/1142/1388 552/642/831 551/641/830
f 554/644/833 559/649/838 555/645/834
f 556/646/835 555/645/834 560/650/839
f 548/638/827 1054/1144/1390 1053/1143/1389
f 1053/1143/1389 551/641/830 548/638/827
f 649/739/928 548/638/827 547/637/826
f 649/739/928 1054/1144/1390 548/638/827
f 583/673/862 584/674/863 993/1083/1361
f 993/1083/1361 992/1082/1331 583/673/862
f 584/674/863 583/673/862 582/672/861
f 1055/1145/1391 804/894/1091 576/666/855
f 1055/1145/1391 579/669/858 578/668/857
f 1055/1145/1391 578/668/857 804/894/1091
f 804/894/1091 578/668/857 799/889/1086
f 589/679/868 591/681/870 590/680/869
f 590/680/869 591/681/870 593/683/872
f 811/901/1098 813/903/1100 564/654/843
f 564/654/843 563/653/842 811/901/1098
f 571/661/850 567/657/846 568/658/847
f 585/675/864 582/672/861 581/671/860
f 580/670/859 581/671/860 582/672/861
f 507/597/786 513/603/792 512/602/791
f 512/602/791 506/596/785 507/597/786
f 510/600/789 509/599/788 839/929/1374
f 839/929/1374 838/928/1375 510/600/789
f 842/932/1138 845/935/1139 844/934/1134
f 844/934/1134 841/931/1127 842/932/1138
f 846/936/1140 849/939/1141 848/938/1127
f 848/938/1127 843/933/1127 846/936/1140
f 504/594/783 502/592/781 482/572/761
f 635/725/914 634/724/913 629/719/908
f 629/719/908 632/722/911 635/725/914
f 628/718/907 627/717/906 622/712/901
f 622/712/901 621/711/900 628/718/907
f 624/714/903 623/713/902 619/709/898
f 619/709/898 620/710/899 624/714/903
f 528/618/807 527/617/806 525/615/804
f 525/615/804 524/614/803 528/618/807
f 615/705/894 611/701/890 614/704/893
f 614/704/893 616/706/895 615/705/894
f 679/769/958 686/776/965 685/775/964
f 685/775/964 680/770/959 679/769/958
f 717/807/996 528/618/807 524/614/803
f 524/614/803 716/806/995 717/807/996
f 679/769/958 677/767/956 717/807/996
f 717/807/996 716/806/995 679/769/958
f 616/706/895 614/704/893 678/768/957
f 678/768/957 680/770/959 616/706/895
f 851/941/1127 847/937/1127 850/940/1142
f 850/940/1142 852/942/1143 851/941/1127
f 1020/1110/1313 1025/1115/1315 1024/1114/1303
f 1024/1114/1303 1021/1111/1309 1020/1110/1313
f 615/705/894 618/708/897 1025/1115/1346
f 1025/1115/1346 1020/1110/1347 615/705/894
f 525/615/804 527/617/806 853/943/1381
f 853/943/1381 852/942/1380 525/615/804
f 526/616/805 529/619/808 531/621/810
f 531/621/810 530/620/809 526/616/805
f 608/698/887 613/703/892 612/702/891
f 612/702/891 609/699/888 608/698/887
f 672/762/951 676/766/955 675/765/954
f 675/765/954 673/763/952 672/762/951
f 720/810/999 532/622/811 531/621/810
f 531/621/810 719/809/998 720/810/999
f 672/762/951 671/761/950 720/810/999
f 720/810/999 719/809/998 672/762/951
f 608/698/887 607/697/886 674/764/953
f 674/764/953 673/763/952 608/698/887
f 862/952/1148 861/951/1127 858/948/1127
f 858/948/1127 857/947/1146 862/952/1148
f 1014/1104/1309 1013/1103/1303 1012/1102/1308
f 1012/1102/1308 1015/1105/1310 1014/1104/1309
f 1015/1105/1350 1012/1102/1352 610/700/889
f 610/700/889 609/699/888 1015/1105/1350
f 530/620/809 533/623/812 862/952/1385
f 862/952/1385 857/947/1383 530/620/809
f 534/624/813 533/623/812 532/622/811
f 532/622/811 535/625/814 534/624/813
f 607/697/886 610/700/889 605/695/884
f 605/695/884 604/694/883 607/697/886
f 668/758/947 671/761/950 674/764/953
f 674/764/953 669/759/948 668/758/947
f 722/812/1001 536/626/815 535/625/814
f 535/625/814 721/811/1000 722/812/1001
f 668/758/947 667/757/946 722/812/1001
f 722/812/1001 721/811/1000 668/758/947
f 604/694/883 603/693/882 670/760/949
f 670/760/949 669/759/948 604/694/883
f 859/949/1147 1051/1141/1392 1056/1146/1393
f 1056/1146/1393 860/950/1127 859/949/1147
f 1010/1100/1303 1009/1099/1303 1008/1098/1306
f 1008/1098/1306 1011/1101/1307 1010/1100/1303
f 1011/1101/1351 1008/1098/1354 606/696/885
f 606/696/885 605/695/884 1011/1101/1351
f 534/624/813 537/627/816 1051/1141/1387
f 1051/1141/1387 859/949/1384 534/624/813
f 538/628/817 537/627/816 536/626/815
f 536/626/815 539/629/818 538/628/817
f 603/693/882 606/696/885 602/692/881
f 602/692/881 601/691/880 603/693/882
f 664/754/943 667/757/946 670/760/949
f 670/760/949 665/755/944 664/754/943
f 724/814/1003 540/630/819 539/629/818
f 539/629/818 723/813/1002 724/814/1003
f 664/754/943 663/753/942 724/814/1003
f 724/814/1003 723/813/1002 664/754/943
f 601/691/880 598/688/877 666/756/945
f 666/756/945 665/755/944 601/691/880
f 863/953/1149 1056/1146/1393 1051/1141/1392
f 1051/1141/1392 864/954/1150 863/953/1149
f 1006/1096/1303 1057/1147/1303 1050/1140/1394
f 1050/1140/1394 1007/1097/1305 1006/1096/1303
f 1007/1097/1353 1050/1140/1356 599/689/878
f 599/689/878 602/692/881 1007/1097/1353
f 538/628/817 541/631/820 865/955/1368
f 865/955/1368 864/954/1386 538/628/817
f 542/632/821 546/636/825 545/635/824
f 545/635/824 543/633/822 542/632/821
f 600/690/879 595/685/874 596/686/875
f 596/686/875 597/687/876 600/690/879
f 661/751/940 663/753/942 666/756/945
f 666/756/945 662/752/941 661/751/940
f 726/816/1005 546/636/825 542/632/821
f 542/632/821 725/815/1004 726/816/1005
f 661/751/940 659/749/938 726/816/1005
f 726/816/1005 725/815/1004 661/751/940
f 597/687/876 596/686/875 660/750/939
f 660/750/939 662/752/941 597/687/876
f 867/957/1153 866/956/1152 865/955/1151
f 865/955/1151 868/958/1154 867/957/1153
f 1003/1093/1302 1050/1140/1394 1057/1147/1303
f 1057/1147/1303 1004/1094/1303 1003/1093/1302
f 1003/1093/1355 1002/1092/1357 595/685/874
f 595/685/874 600/690/879 1003/1093/1355
f 543/633/822 545/635/824 869/959/1366
f 869/959/1366 868/958/1367 543/633/822
f 1032/1122/1319 1036/1126/1320 1035/1125/1309
f 1035/1125/1309 1033/1123/1303 1032/1122/1319
f 1041/1131/1323 1048/1138/1329 1047/1137/1303
f 1047/1137/1303 1038/1128/1303 1041/1131/1323
f 1037/1127/1321 1040/1130/1322 1039/1129/1303
f 1039/1129/1303 1034/1124/1303 1037/1127/1321
f 491/581/770 489/579/768 494/584/773
f 1049/1139/1330 1044/1134/1326 1045/1135/1327
f 1045/1135/1327 1046/1136/1328 1049/1139/1330
f 481/571/760 483/573/762 482/572/761
f 481/571/760 480/570/759 483/573/762
f 477/567/756 476/566/755 463/553/742
f 478/568/757 477/567/756 481/571/760
f 646/736/925 648/738/927 644/734/923
f 648/738/927 646/736/925 643/733/922
f 639/729/918 498/588/777 640/730/919
f 639/729/918 640/730/919 646/736/925
f 1058/1148/1395 1059/1149/1396 1060/1150/1397
f 1060/1150/1397 1061/1151/1398 1058/1148/1395
f 1062/1152/1399 1063/1153/1400 1064/1154/1401
f 1064/1154/1401 1065/1155/1402 1062/1152/1399
f 1066/1156/1403 1067/1157/1404 1061/1151/1398
f 1061/1151/1398 1060/1150/1397 1066/1156/1403
f 1068/1158/1405 1069/1159/1406 1070/1160/1407
f 1070/1160/1407 1071/1161/1408 1068/1158/1405
f 1071/1161/1408 1070/1160/1407 1067/1157/1404
f 1067/1157/1404 1066/1156/1403 1071/1161/1408
f 1072/1162/1409 1073/1163/1410 1069/1159/1406
f 1069/1159/1406 1068/1158/1405 1072/1162/1409
f 1074/1164/1411 1075/1165/1412 1076/1166/1413
f 1076/1166/1413 1077/1167/1414 1074/1164/1411
f 1078/1168/1415 1079/1169/1416 1080/1170/1417
f 1080/1170/1417 1081/1171/1418 1078/1168/1415
f 1079/1169/1416 1078/1168/1415 1082/1172/1419
f 1082/1172/1419 1083/1173/1420 1079/1169/1416
f 1084/1174/1421 1085/1175/1422 1086/1176/1423
f 1086/1176/1423 1087/1177/1424 1084/1174/1421
f 1083/1173/1420 1082/1172/1419 1088/1178/1425
f 1088/1178/1425 1089/1179/1426 1083/1173/1420
f 1089/1179/1426 1088/1178/1425 1090/1180/1427
f 1090/1180/1427 1091/1181/1428 1089/1179/1426
f 1092/1182/1429 1093/1183/1430 1094/1184/1431
f 1094/1184/1431 1095/1185/1432 1092/1182/1429
f 1093/1183/1430 1092/1182/1429 1096/1186/1433
f 1096/1186/1433 1097/1187/1434 1093/1183/1430
f 1098/1188/1435 1099/1189/1436 1100/1190/1437
f 1100/1190/1437 1101/1191/1438 1098/1188/1435
f 1097/1187/1434 1096/1186/1433 1102/1192/1439
f 1102/1192/1439 1103/1193/1440 1097/1187/1434
f 1087/1177/1424 1086/1176/1423 1104/1194/1441
f 1104/1194/1441 1105/1195/1442 1087/1177/1424
f 1106/1196/1443 1107/1197/1444 1108/1198/1445
f 1108/1198/1445 1109/1199/1446 1106/1196/1443
f 1063/1153/1400 1062/1152/1399 1059/1149/1396
f 1059/1149/1396 1058/1148/1395 1063/1153/1400
f 1073/1163/1410 1072/1162/1409 1077/1167/1414
f 1077/1167/1414 1076/1166/1413 1073/1163/1410
f 1075/1165/1412 1074/1164/1411 1109/1199/1446
f 1109/1199/1446 1108/1198/1445 1075/1165/1412
f 1091/1181/1428 1090/1180/1427 1085/1175/1422
f 1085/1175/1422 1084/1174/1421 1091/1181/1428
f 1105/1195/1442 1104/1194/1441 1095/1185/1432
f 1095/1185/1432 1094/1184/1431 1105/1195/1442
f 1110/1200/1447 1111/1201/1448 1103/1193/1440
f 1103/1193/1440 1102/1192/1439 1110/1200/1447
f 1099/1189/1436 1098/1188/1435 1111/1201/1448
f 1111/1201/1448 1110/1200/1447 1099/1189/1436
f 1112/1202/1449 1113/1203/1450 1100/1190/1437
f 1100/1190/1437 1113/1203/1450 1101/1191/1438
f 1101/1191/1438 1113/1203/1450 1114/1204/1451
f 1106/1196/1443 1081/1171/1418 1080/1170/1417
f 1080/1170/1417 1107/1197/1444 1106/1196/1443
f 1059/1149/1452 1115/1205/1453 1116/1206/1454
f 1116/1206/1454 1060/1150/1455 1059/1149/1452
f 1065/1155/1456 1117/1207/1457 1118/1208/1458
f 1118/1208/1458 1062/1152/1459 1065/1155/1456
f 1060/1150/1455 1116/1206/1454 1119/1209/1460
f 1119/1209/1460 1066/1156/1461 1060/1150/1455
f 1071/1161/1462 1120/1210/1463 1121/1211/1464
f 1121/1211/1464 1068/1158/1465 1071/1161/1462
f 1066/1156/1461 1119/1209/1460 1120/1210/1463
f 1120/1210/1463 1071/1161/1462 1066/1156/1461
f 1068/1158/1465 1121/1211/1464 1122/1212/1466
f 1122/1212/1466 1072/1162/1467 1068/1158/1465
f 1077/1167/1468 1123/1213/1469 1124/1214/1470
f 1124/1214/1470 1074/1164/1471 1077/1167/1468
f 1078/1168/1472 1125/1215/1473 1126/1216/1474
f 1126/1216/1474 1082/1172/1475 1078/1168/1472
f 1085/1175/1476 1127/1217/1477 1128/1218/1478
f 1128/1218/1478 1086/1176/1479 1085/1175/1476
f 1082/1172/1475 1126/1216/1474 1129/1219/1480
f 1129/1219/1480 1088/1178/1481 1082/1172/1475
f 1088/1178/1481 1129/1219/1480 1130/1220/1482
f 1130/1220/1482 1090/1180/1483 1088/1178/1481
f 1092/1182/1484 1131/1221/1485 1132/1222/1486
f 1132/1222/1486 1096/1186/1487 1092/1182/1484
f 1099/1189/1488 1133/1223/1489 1134/1224/1490
f 1134/1224/1490 1100/1190/1491 1099/1189/1488
f 1096/1186/1487 1132/1222/1486 1135/1225/1492
f 1135/1225/1492 1102/1192/1493 1096/1186/1487
f 1086/1176/1479 1128/1218/1478 1136/1226/1494
f 1136/1226/1494 1104/1194/1495 1086/1176/1479
f 1062/1152/1459 1118/1208/1458 1115/1205/1453
f 1115/1205/1453 1059/1149/1452 1062/1152/1459
f 1072/1162/1467 1122/1212/1466 1123/1213/1469
f 1123/1213/1469 1077/1167/1468 1072/1162/1467
f 1074/1164/1471 1124/1214/1470 1137/1227/1496
f 1137/1227/1496 1109/1199/1497 1074/1164/1471
f 1109/1199/1497 1137/1227/1496 1138/1228/1498
f 1138/1228/1498 1106/1196/1499 1109/1199/1497
f 1090/1180/1483 1130/1220/1482 1127/1217/1477
f 1127/1217/1477 1085/1175/1476 1090/1180/1483
f 1104/1194/1495 1136/1226/1494 1139/1229/1500
f 1139/1229/1500 1095/1185/1501 1104/1194/1495
f 1095/1185/1501 1139/1229/1500 1131/1221/1485
f 1131/1221/1485 1092/1182/1484 1095/1185/1501
f 1102/1192/1493 1135/1225/1492 1140/1230/1502
f 1140/1230/1502 1110/1200/1503 1102/1192/1493
f 1110/1200/1503 1140/1230/1502 1133/1223/1489
f 1133/1223/1489 1099/1189/1488 1110/1200/1503
f 1100/1190/1491 1134/1224/1490 1141/1231/1504
f 1141/1231/1504 1112/1202/1505 1100/1190/1491
f 1106/1196/1499 1138/1228/1498 1142/1232/1506
f 1142/1232/1506 1081/1171/1507 1106/1196/1499
f 1081/1171/1507 1142/1232/1506 1125/1215/1473
f 1125/1215/1473 1078/1168/1472 1081/1171/1507
f 1115/1205/1508 1143/1233/1509 1144/1234/1510
f 1144/1234/1510 1116/1206/1511 1115/1205/1508
f 1117/1207/1512 1145/1235/1513 1146/1236/1514
f 1146/1236/1514 1118/1208/1515 1117/1207/1512
f 1116/1206/1511 1144/1234/1510 1147/1237/1516
f 1147/1237/1516 1119/1209/1517 1116/1206/1511
f 1120/1210/1518 1148/1238/1519 1149/1239/1520
f 1149/1239/1520 1121/1211/1521 1120/1210/1518
f 1119/1209/1517 1147/1237/1516 1148/1238/1519
f 1148/1238/1519 1120/1210/1518 1119/1209/1517
f 1121/1211/1521 1149/1239/1520 1150/1240/1522
f 1150/1240/1522 1122/1212/1523 1121/1211/1521
f 1123/1213/1524 1151/1241/1525 1152/1242/1526
f 1152/1242/1526 1124/1214/1527 1123/1213/1524
f 1125/1215/1528 1153/1243/1529 1154/1244/1530
f 1154/1244/1530 1126/1216/1531 1125/1215/1528
f 1127/1217/1532 1155/1245/1533 1156/1246/1534
f 1156/1246/1534 1128/1218/1535 1127/1217/1532
f 1126/1216/1531 1154/1244/1530 1157/1247/1536
f 1157/1247/1536 1129/1219/1537 1126/1216/1531
f 1129/1219/1537 1157/1247/1536 1158/1248/1538
f 1158/1248/1538 1130/1220/1539 1129/1219/1537
f 1131/1221/1540 1159/1249/1541 1160/1250/1542
f 1160/1250/1542 1132/1222/1543 1131/1221/1540
f 1133/1223/1544 1161/1251/1545 1162/1252/1546
f 1162/1252/1546 1134/1224/1547 1133/1223/1544
f 1132/1222/1543 1160/1250/1542 1163/1253/1548
f 1163/1253/1548 1135/1225/1549 1132/1222/1543
f 1128/1218/1535 1156/1246/1534 1164/1254/1550
f 1164/1254/1550 1136/1226/1551 1128/1218/1535
f 1118/1208/1515 1146/1236/1514 1143/1233/1509
f 1143/1233/1509 1115/1205/1508 1118/1208/1515
f 1122/1212/1523 1150/1240/1522 1151/1241/1525
f 1151/1241/1525 1123/1213/1524 1122/1212/1523
f 1124/1214/1527 1152/1242/1526 1165/1255/1552
f 1165/1255/1552 1137/1227/1553 1124/1214/1527
f 1137/1227/1553 1165/1255/1552 1166/1256/1554
f 1166/1256/1554 1138/1228/1555 1137/1227/1553
f 1130/1220/1539 1158/1248/1538 1155/1245/1533
f 1155/1245/1533 1127/1217/1532 1130/1220/1539
f 1136/1226/1551 1164/1254/1550 1167/1257/1556
f 1167/1257/1556 1139/1229/1557 1136/1226/1551
f 1139/1229/1557 1167/1257/1556 1159/1249/1541
f 1159/1249/1541 1131/1221/1540 1139/1229/1557
f 1135/1225/1549 1163/1253/1548 1168/1258/1558
f 1168/1258/1558 1140/1230/1559 1135/1225/1549
f 1140/1230/1559 1168/1258/1558 1161/1251/1545
f 1161/1251/1545 1133/1223/1544 1140/1230/1559
f 1134/1224/1547 1162/1252/1546 1169/1259/1560
f 1169/1259/1560 1141/1231/1561 1134/1224/1547
f 1138/1228/1555 1166/1256/1554 1170/1260/1562
f 1170/1260/1562 1142/1232/1563 1138/1228/1555
f 1142/1232/1563 1170/1260/1562 1153/1243/1529
f 1153/1243/1529 1125/1215/1528 1142/1232/1563
f 1061/1151/1564 1171/1261/1565 1172/1262/1566
f 1172/1262/1566 1058/1148/1567 1061/1151/1564
f 1063/1153/1568 1173/1263/1569 1174/1264/1570
f 1174/1264/1570 1175/1265/1571 1063/1153/1568
f 1067/1157/1572 1176/1266/1573 1171/1261/1565
f 1171/1261/1565 1061/1151/1564 1067/1157/1572
f 1069/1159/1574 1177/1267/1575 1178/1268/1576
f 1178/1268/1576 1070/1160/1577 1069/1159/1574
f 1070/1160/1577 1178/1268/1576 1176/1266/1573
f 1176/1266/1573 1067/1157/1572 1070/1160/1577
f 1073/1163/1578 1179/1269/1579 1177/1267/1575
f 1177/1267/1575 1069/1159/1574 1073/1163/1578
f 1075/1165/1580 1180/1270/1581 1181/1271/1582
f 1181/1271/1582 1076/1166/1583 1075/1165/1580
f 1079/1169/1584 1182/1272/1585 1183/1273/1586
f 1183/1273/1586 1080/1170/1587 1079/1169/1584
f 1087/1177/1588 1184/1274/1589 1185/1275/1590
f 1185/1275/1590 1084/1174/1591 1087/1177/1588
f 1083/1173/1592 1186/1276/1593 1182/1272/1585
f 1182/1272/1585 1079/1169/1584 1083/1173/1592
f 1089/1179/1594 1187/1277/1595 1186/1276/1593
f 1186/1276/1593 1083/1173/1592 1089/1179/1594
f 1093/1183/1596 1188/1278/1597 1189/1279/1598
f 1189/1279/1598 1094/1184/1599 1093/1183/1596
f 1101/1191/1600 1190/1280/1601 1191/1281/1602
f 1191/1281/1602 1098/1188/1603 1101/1191/1600
f 1097/1187/1604 1192/1282/1605 1188/1278/1597
f 1188/1278/1597 1093/1183/1596 1097/1187/1604
f 1107/1197/1606 1193/1283/1607 1194/1284/1608
f 1194/1284/1608 1108/1198/1609 1107/1197/1606
f 1058/1148/1567 1172/1262/1566 1173/1263/1569
f 1173/1263/1569 1063/1153/1568 1058/1148/1567
f 1076/1166/1583 1181/1271/1582 1179/1269/1579
f 1179/1269/1579 1073/1163/1578 1076/1166/1583
f 1108/1198/1609 1194/1284/1608 1180/1270/1581
f 1180/1270/1581 1075/1165/1580 1108/1198/1609
f 1091/1181/1610 1195/1285/1611 1187/1277/1595
f 1187/1277/1595 1089/1179/1594 1091/1181/1610
f 1084/1174/1591 1185/1275/1590 1195/1285/1611
f 1195/1285/1611 1091/1181/1610 1084/1174/1591
f 1105/1195/1612 1196/1286/1613 1184/1274/1589
f 1184/1274/1589 1087/1177/1588 1105/1195/1612
f 1094/1184/1599 1189/1279/1598 1196/1286/1613
f 1196/1286/1613 1105/1195/1612 1094/1184/1599
f 1111/1201/1614 1197/1287/1615 1198/1288/1616
f 1198/1288/1616 1103/1193/1617 1111/1201/1614
f 1103/1193/1617 1198/1288/1616 1192/1282/1605
f 1192/1282/1605 1097/1187/1604 1103/1193/1617
f 1098/1188/1603 1191/1281/1602 1197/1287/1615
f 1197/1287/1615 1111/1201/1614 1098/1188/1603
f 1114/1204/1618 1199/1289/1619 1190/1280/1601
f 1190/1280/1601 1101/1191/1600 1114/1204/1618
f 1080/1170/1587 1183/1273/1586 1193/1283/1607
f 1193/1283/1607 1107/1197/1606 1080/1170/1587
f 1171/1261/1620 1200/1290/1621 1201/1291/1622
f 1201/1291/1622 1172/1262/1623 1171/1261/1620
f 1173/1263/1624 1202/1292/1625 1203/1293/1626
f 1203/1293/1626 1174/1264/1627 1173/1263/1624
f 1176/1266/1628 1204/1294/1629 1200/1290/1621
f 1200/1290/1621 1171/1261/1620 1176/1266/1628
f 1177/1267/1630 1205/1295/1631 1206/1296/1632
f 1206/1296/1632 1178/1268/1633 1177/1267/1630
f 1178/1268/1633 1206/1296/1632 1204/1294/1629
f 1204/1294/1629 1176/1266/1628 1178/1268/1633
f 1179/1269/1634 1207/1297/1635 1205/1295/1631
f 1205/1295/1631 1177/1267/1630 1179/1269/1634
f 1180/1270/1636 1208/1298/1637 1209/1299/1638
f 1209/1299/1638 1181/1271/1639 1180/1270/1636
f 1182/1272/1640 1210/1300/1641 1211/1301/1642
f 1211/1301/1642 1183/1273/1643 1182/1272/1640
f 1184/1274/1644 1212/1302/1645 1213/1303/1646
f 1213/1303/1646 1185/1275/1647 1184/1274/1644
f 1186/1276/1648 1214/1304/1649 1210/1300/1641
f 1210/1300/1641 1182/1272/1640 1186/1276/1648
f 1187/1277/1650 1215/1305/1651 1214/1304/1649
f 1214/1304/1649 1186/1276/1648 1187/1277/1650
f 1188/1278/1652 1216/1306/1653 1217/1307/1654
f 1217/1307/1654 1189/1279/1655 1188/1278/1652
f 1190/1280/1656 1218/1308/1657 1219/1309/1658
f 1219/1309/1658 1191/1281/1659 1190/1280/1656
f 1192/1282/1660 1220/1310/1661 1216/1306/1653
f 1216/1306/1653 1188/1278/1652 1192/1282/1660
f 1193/1283/1662 1221/1311/1663 1222/1312/1664
f 1222/1312/1664 1194/1284/1665 1193/1283/1662
f 1172/1262/1623 1201/1291/1622 1202/1292/1625
f 1202/1292/1625 1173/1263/1624 1172/1262/1623
f 1181/1271/1639 1209/1299/1638 1207/1297/1635
f 1207/1297/1635 1179/1269/1634 1181/1271/1639
f 1194/1284/1665 1222/1312/1664 1208/1298/1637
f 1208/1298/1637 1180/1270/1636 1194/1284/1665
f 1195/1285/1666 1223/1313/1667 1215/1305/1651
f 1215/1305/1651 1187/1277/1650 1195/1285/1666
f 1185/1275/1647 1213/1303/1646 1223/1313/1667
f 1223/1313/1667 1195/1285/1666 1185/1275/1647
f 1196/1286/1668 1224/1314/1669 1212/1302/1645
f 1212/1302/1645 1184/1274/1644 1196/1286/1668
f 1189/1279/1655 1217/1307/1654 1224/1314/1669
f 1224/1314/1669 1196/1286/1668 1189/1279/1655
f 1197/1287/1670 1225/1315/1671 1226/1316/1672
f 1226/1316/1672 1198/1288/1673 1197/1287/1670
f 1198/1288/1673 1226/1316/1672 1220/1310/1661
f 1220/1310/1661 1192/1282/1660 1198/1288/1673
f 1191/1281/1659 1219/1309/1658 1225/1315/1671
f 1225/1315/1671 1197/1287/1670 1191/1281/1659
f 1199/1289/1674 1227/1317/1675 1218/1308/1657
f 1218/1308/1657 1190/1280/1656 1199/1289/1674
f 1183/1273/1643 1211/1301/1642 1221/1311/1663
f 1221/1311/1663 1193/1283/1662 1183/1273/1643
f 1065/1155/1456 1228/1318/1676 1229/1319/1677
f 1229/1319/1677 1117/1207/1457 1065/1155/1456
f 1117/1207/1512 1229/1319/1678 1230/1320/1679
f 1230/1320/1679 1145/1235/1513 1117/1207/1512
f 1174/1264/1570 1231/1321/1680 1232/1322/1681
f 1232/1322/1681 1175/1265/1571 1174/1264/1570
f 1203/1293/1626 1233/1323/1682 1231/1321/1683
f 1231/1321/1683 1174/1264/1627 1203/1293/1626
f 1231/1321/1683 1233/1323/1682 1234/1324/1684
f 1235/1325/1685 1234/1324/1684 1233/1323/1682
f 1236/1326/1686 1237/1327/1687 1235/1325/1685
f 1234/1324/1684 1235/1325/1685 1237/1327/1687
f 1230/1320/1679 1238/1328/1688 1239/1329/1689
f 1238/1328/1688 1230/1320/1679 1229/1319/1678
f 1240/1330/1690 1241/1331/1691 1242/1332/1692
f 1242/1332/1692 1239/1329/1689 1238/1328/1688
f 1239/1329/1689 1242/1332/1692 1241/1331/1691
f 1243/1333/1693 1240/1330/1690 1244/1334/1694
f 1240/1330/1690 1243/1333/1693 1241/1331/1691
f 1245/1335/1695 1244/1334/1694 1246/1336/1696
f 1244/1334/1694 1245/1335/1695 1243/1333/1693
f 1247/1337/1697 1246/1336/1696 1248/1338/1698
f 1246/1336/1696 1247/1337/1697 1245/1335/1695
f 1249/1339/1699 1250/1340/1700 1248/1338/1698
f 1247/1337/1697 1248/1338/1698 1250/1340/1700
f 1251/1341/1701 1250/1340/1700 1249/1339/1699
f 1251/1341/1701 1249/1339/1699 1252/1342/1702
f 1252/1342/1702 1253/1343/1703 1251/1341/1701
f 1254/1344/1704 1255/1345/1705 1253/1343/1703
f 1253/1343/1703 1252/1342/1702 1254/1344/1704
f 1256/1346/1706 1257/1347/1707 1255/1345/1705
f 1255/1345/1705 1254/1344/1704 1256/1346/1706
f 1257/1347/1707 1256/1346/1706 1258/1348/1708
f 1258/1348/1708 1259/1349/1709 1257/1347/1707
f 1260/1350/1710 1259/1349/1709 1258/1348/1708
f 1258/1348/1708 1261/1351/1711 1260/1350/1710
f 1262/1352/1712 1260/1350/1710 1261/1351/1711
f 1261/1351/1711 1263/1353/1713 1262/1352/1712
f 1264/1354/1714 1262/1352/1712 1263/1353/1713
f 1263/1353/1713 1265/1355/1715 1264/1354/1714
f 1266/1356/1716 1264/1354/1714 1265/1355/1715
f 1265/1355/1715 1267/1357/1717 1266/1356/1716
f 1268/1358/1718 1266/1356/1716 1267/1357/1717
f 1267/1357/1717 1269/1359/1719 1268/1358/1718
f 1270/1360/1720 1268/1358/1718 1269/1359/1719
f 1269/1359/1719 1271/1361/1721 1270/1360/1720
f 1272/1362/1722 1270/1360/1720 1271/1361/1721
f 1271/1361/1721 1273/1363/1723 1272/1362/1722
f 1274/1364/1724 1275/1365/1725 1236/1326/1686
f 1236/1326/1686 1276/1366/1726 1274/1364/1724
f 1273/1363/1723 1274/1364/1724 1276/1366/1726
f 1276/1366/1726 1272/1362/1722 1273/1363/1723
f 1234/1324/1727 1277/1367/1728 1232/1322/1681
f 1232/1322/1681 1231/1321/1680 1234/1324/1727
f 1278/1368/1729 1237/1327/1730 1275/1365/1731
f 1275/1365/1731 1279/1369/1732 1278/1368/1729
f 1277/1367/1728 1234/1324/1727 1237/1327/1730
f 1237/1327/1730 1278/1368/1729 1277/1367/1728
f 1229/1319/1677 1228/1318/1676 1280/1370/1733
f 1280/1370/1733 1238/1328/1734 1229/1319/1677
f 1281/1371/1735 1242/1332/1736 1238/1328/1734
f 1238/1328/1734 1280/1370/1733 1281/1371/1735
f 1282/1372/1737 1240/1330/1738 1242/1332/1736
f 1242/1332/1736 1281/1371/1735 1282/1372/1737
f 1240/1330/1738 1282/1372/1737 1283/1373/1739
f 1283/1373/1739 1244/1334/1740 1240/1330/1738
f 1244/1334/1740 1283/1373/1739 1284/1374/1741
f 1284/1374/1741 1246/1336/1742 1244/1334/1740
f 1246/1336/1742 1284/1374/1741 1285/1375/1743
f 1285/1375/1743 1248/1338/1744 1246/1336/1742
f 1248/1338/1744 1285/1375/1743 1286/1376/1745
f 1286/1376/1745 1249/1339/1746 1248/1338/1744
f 1249/1339/1746 1286/1376/1745 1287/1377/1747
f 1287/1377/1747 1252/1342/1748 1249/1339/1746
f 1252/1342/1748 1287/1377/1747 1288/1378/1749
f 1288/1378/1749 1254/1344/1750 1252/1342/1748
f 1254/1344/1750 1288/1378/1749 1289/1379/1751
f 1289/1379/1751 1256/1346/1752 1254/1344/1750
f 1256/1346/1752 1289/1379/1751 1290/1380/1753
f 1290/1380/1753 1258/1348/1754 1256/1346/1752
f 1258/1348/1754 1290/1380/1753 1291/1381/1755
f 1291/1381/1755 1261/1351/1756 1258/1348/1754
f 1261/1351/1756 1291/1381/1755 1292/1382/1757
f 1292/1382/1757 1263/1353/1758 1261/1351/1756
f 1263/1353/1758 1292/1382/1757 1293/1383/1759
f 1293/1383/1759 1265/1355/1760 1263/1353/1758
f 1265/1355/1760 1293/1383/1759 1294/1384/1761
f 1294/1384/1761 1267/1357/1762 1265/1355/1760
f 1267/1357/1762 1294/1384/1761 1295/1385/1763
f 1295/1385/1763 1269/1359/1764 1267/1357/1762
f 1269/1359/1764 1295/1385/1763 1296/1386/1765
f 1296/1386/1765 1271/1361/1766 1269/1359/1764
f 1274/1364/1767 1297/1387/1768 1279/1369/1732
f 1279/1369/1732 1275/1365/1731 1274/1364/1767
f 1273/1363/1769 1298/1388/1770 1297/1387/1768
f 1297/1387/1768 1274/1364/1767 1273/1363/1769
f 1271/1361/1766 1296/1386/1765 1298/1388/1770
f 1298/1388/1770 1273/1363/1769 1271/1361/1766
f 1283/1373/1771 1299/1389/1772 1300/1390/1773
f 1283/1373/1771 1301/1391/1774 1284/1374/1775
f 1285/1375/1776 1301/1391/1774 1286/1376/1777
f 1301/1391/1774 1287/1377/1778 1286/1376/1777
f 1287/1377/1778 1301/1391/1774 1288/1378/1779
f 1288/1378/1779 1301/1391/1774 1289/1379/1780
f 1289/1379/1780 1301/1391/1774 1290/1380/1781
f 1290/1380/1781 1301/1391/1774 1291/1381/1782
f 1301/1391/1774 1293/1383/1783 1292/1382/1784
f 1301/1391/1774 1294/1384/1785 1293/1383/1783
f 1301/1391/1774 1295/1385/1786 1294/1384/1785
f 1301/1391/1774 1296/1386/1787 1295/1385/1786
f 1301/1391/1774 1298/1388/1788 1296/1386/1787
f 1301/1391/1774 1297/1387/1789 1298/1388/1788
f 1300/1390/1773 1301/1391/1774 1283/1373/1771
f 1297/1387/1789 1301/1391/1774 1302/1392/1790
f 1301/1391/1774 1292/1382/1784 1291/1381/1782
f 1284/1374/1775 1301/1391/1774 1285/1375/1776
f 1303/1393/1791 1304/1394/1792 1278/1368/1793
f 1297/1387/1789 1302/1392/1790 1305/1395/1794
f 1306/1396/1795 1299/1389/1772 1283/1373/1771
f 1283/1373/1771 1282/1372/1796 1306/1396/1795
f 1282/1372/1796 1307/1397/1797 1306/1396/1795
f 1280/1370/1798 1308/1398/1799 1307/1397/1797
f 1277/1367/1800 1309/1399/1801 1232/1322/1802
f 1310/1400/1803 1302/1392/1790 1301/1391/1774
f 1300/1390/1773 1310/1400/1803 1301/1391/1774
f 1282/1372/1796 1281/1371/1804 1307/1397/1797
f 1277/1367/1800 1278/1368/1793 1304/1394/1792
f 1305/1395/1794 1303/1393/1791 1297/1387/1789
f 1228/1318/1805 1065/1155/1402 1311/1401/1806
f 1312/1402/1807 1313/1403/1808 1175/1265/1809
f 1228/1318/1805 1308/1398/1799 1280/1370/1798
f 1281/1371/1804 1280/1370/1798 1307/1397/1797
f 1278/1368/1793 1279/1369/1810 1303/1393/1791
f 1237/1327/1687 1236/1326/1686 1275/1365/1725
f 1314/1404/1811 1315/1405/1812 1232/1322/1802
f 1315/1405/1812 1175/1265/1809 1232/1322/1802
f 1311/1401/1806 1316/1406/1813 1228/1318/1805
f 1308/1398/1799 1228/1318/1805 1316/1406/1813
f 1304/1394/1792 1309/1399/1801 1277/1367/1800
f 1317/1407/1814 1311/1401/1806 1065/1155/1402
f 1312/1402/1807 1175/1265/1809 1315/1405/1812
f 1309/1399/1801 1314/1404/1811 1232/1322/1802
f 1313/1403/1808 1065/1155/1402 1064/1154/1401
f 1313/1403/1808 1317/1407/1814 1065/1155/1402
f 1303/1393/1791 1279/1369/1810 1297/1387/1789
f 1318/1408/1815 1304/1394/1816 1303/1393/1817
f 1303/1393/1817 1319/1409/1818 1318/1408/1815
f 1320/1410/1819 1305/1395/1820 1302/1392/1821
f 1302/1392/1821 1321/1411/1822 1320/1410/1819
f 1322/1412/1823 1299/1389/1824 1306/1396/1825
f 1306/1396/1825 1323/1413/1826 1322/1412/1823
f 1307/1397/1827 1324/1414/1828 1323/1413/1826
f 1323/1413/1826 1306/1396/1825 1307/1397/1827
f 1324/1414/1828 1307/1397/1827 1308/1398/1829
f 1308/1398/1829 1325/1415/1830 1324/1414/1828
f 1310/1400/1831 1326/1416/1832 1321/1411/1822
f 1321/1411/1822 1302/1392/1821 1310/1400/1831
f 1326/1416/1832 1310/1400/1831 1300/1390/1833
f 1300/1390/1833 1327/1417/1834 1326/1416/1832
f 1319/1409/1818 1303/1393/1817 1305/1395/1820
f 1305/1395/1820 1320/1410/1819 1319/1409/1818
f 1328/1418/1835 1315/1405/1836 1314/1404/1837
f 1314/1404/1837 1329/1419/1838 1328/1418/1835
f 1330/1420/1839 1312/1402/1840 1315/1405/1836
f 1315/1405/1836 1328/1418/1835 1330/1420/1839
f 1331/1421/1841 1316/1406/1842 1311/1401/1843
f 1311/1401/1843 1332/1422/1844 1331/1421/1841
f 1325/1415/1830 1308/1398/1829 1316/1406/1842
f 1316/1406/1842 1331/1421/1841 1325/1415/1830
f 1333/1423/1845 1309/1399/1846 1304/1394/1816
f 1304/1394/1816 1318/1408/1815 1333/1423/1845
f 1332/1422/1844 1311/1401/1843 1317/1407/1847
f 1317/1407/1847 1334/1424/1848 1332/1422/1844
f 1335/1425/1849 1313/1403/1850 1312/1402/1840
f 1312/1402/1840 1330/1420/1839 1335/1425/1849
f 1329/1419/1838 1314/1404/1837 1309/1399/1846
f 1309/1399/1846 1333/1423/1845 1329/1419/1838
f 1334/1424/1848 1317/1407/1847 1313/1403/1850
f 1313/1403/1850 1335/1425/1849 1334/1424/1848
f 1327/1417/1834 1300/1390/1833 1299/1389/1824
f 1299/1389/1824 1322/1412/1823 1327/1417/1834
f 1318/1408/1851 1319/1409/1852 1336/1426/1853
f 1337/1427/1853 1336/1426/1853 1319/1409/1852
f 1336/1426/1853 1338/1428/1854 1318/1408/1851
f 1320/1410/1855 1339/1429/1856 1340/1430/1857
f 1339/1429/1856 1320/1410/1855 1321/1411/1858
f 1322/1412/1859 1341/1431/1860 1342/1432/1853
f 1341/1431/1860 1322/1412/1859 1323/1413/1861
f 1323/1413/1861 1343/1433/1862 1341/1431/1860
f 1324/1414/1863 1325/1415/1864 1344/1434/1864
f 1345/1435/1865 1339/1429/1856 1326/1416/1866
f 1326/1416/1866 1346/1436/1867 1345/1435/1865
f 1346/1436/1867 1326/1416/1866 1327/1417/1868
f 1344/1434/1864 1343/1433/1862 1324/1414/1863
f 1319/1409/1852 1340/1430/1857 1337/1427/1853
f 1340/1430/1857 1319/1409/1852 1320/1410/1855
f 1328/1418/1869 1347/1437/1870 1348/1438/1853
f 1347/1437/1870 1328/1418/1869 1329/1419/1871
f 1330/1420/1872 1348/1438/1853 1349/1439/1873
f 1348/1438/1853 1330/1420/1872 1328/1418/1869
f 1331/1421/1864 1332/1422/1864 1350/1440/1853
f 1351/1441/1874 1350/1440/1853 1332/1422/1864
f 1325/1415/1864 1331/1421/1864 1344/1434/1864
f 1350/1440/1853 1344/1434/1864 1331/1421/1864
f 1338/1428/1854 1333/1423/1875 1318/1408/1851
f 1332/1422/1864 1334/1424/1876 1351/1441/1874
f 1352/1442/1877 1351/1441/1874 1334/1424/1876
f 1335/1425/1878 1330/1420/1872 1349/1439/1873
f 1329/1419/1871 1338/1428/1854 1347/1437/1870
f 1338/1428/1854 1329/1419/1871 1333/1423/1875
f 1334/1424/1876 1335/1425/1878 1352/1442/1877
f 1349/1439/1873 1352/1442/1877 1335/1425/1878
f 1327/1417/1868 1342/1432/1853 1346/1436/1867
f 1342/1432/1853 1327/1417/1868 1322/1412/1859
f 1313/1403/1808 1064/1154/1401 1175/1265/1809
f 1064/1154/1401 1063/1153/1400 1175/1265/1809
f 1343/1433/1862 1323/1413/1861 1324/1414/1863
f 1321/1411/1858 1326/1416/1866 1339/1429/1856
f 1353/1443/1879 1144/1234/1880 1143/1233/1881
f 1143/1233/1881 1354/1444/1882 1353/1443/1879
f 1355/1445/1883 1146/1236/1884 1145/1235/1885
f 1145/1235/1885 1356/1446/1886 1355/1445/1883
f 1357/1447/1887 1147/1237/1888 1144/1234/1880
f 1144/1234/1880 1353/1443/1879 1357/1447/1887
f 1358/1448/1889 1149/1239/1890 1148/1238/1891
f 1148/1238/1891 1359/1449/1892 1358/1448/1889
f 1359/1449/1892 1148/1238/1891 1147/1237/1888
f 1147/1237/1888 1357/1447/1887 1359/1449/1892
f 1360/1450/1893 1150/1240/1894 1149/1239/1890
f 1149/1239/1890 1358/1448/1889 1360/1450/1893
f 1361/1451/1895 1152/1242/1896 1151/1241/1897
f 1151/1241/1897 1362/1452/1898 1361/1451/1895
f 1363/1453/1899 1154/1244/1900 1153/1243/1901
f 1153/1243/1901 1364/1454/1902 1363/1453/1899
f 1365/1455/1903 1156/1246/1904 1155/1245/1905
f 1155/1245/1905 1366/1456/1906 1365/1455/1903
f 1367/1457/1907 1157/1247/1908 1154/1244/1900
f 1154/1244/1900 1363/1453/1899 1367/1457/1907
f 1368/1458/1909 1158/1248/1910 1157/1247/1908
f 1157/1247/1908 1367/1457/1907 1368/1458/1909
f 1369/1459/1911 1160/1250/1912 1159/1249/1913
f 1159/1249/1913 1370/1460/1914 1369/1459/1911
f 1371/1461/1915 1162/1252/1916 1161/1251/1917
f 1161/1251/1917 1372/1462/1918 1371/1461/1915
f 1373/1463/1919 1163/1253/1920 1160/1250/1912
f 1160/1250/1912 1369/1459/1911 1373/1463/1919
f 1374/1464/1921 1164/1254/1922 1156/1246/1904
f 1156/1246/1904 1365/1455/1903 1374/1464/1921
f 1354/1444/1882 1143/1233/1881 1146/1236/1884
f 1146/1236/1884 1355/1445/1883 1354/1444/1882
f 1362/1452/1898 1151/1241/1897 1150/1240/1894
f 1150/1240/1894 1360/1450/1893 1362/1452/1898
f 1375/1465/1923 1165/1255/1924 1152/1242/1896
f 1152/1242/1896 1361/1451/1895 1375/1465/1923
f 1376/1466/1925 1166/1256/1926 1165/1255/1924
f 1165/1255/1924 1375/1465/1923 1376/1466/1925
f 1366/1456/1906 1155/1245/1905 1158/1248/1910
f 1158/1248/1910 1368/1458/1909 1366/1456/1906
f 1377/1467/1927 1167/1257/1928 1164/1254/1922
f 1164/1254/1922 1374/1464/1921 1377/1467/1927
f 1370/1460/1914 1159/1249/1913 1167/1257/1928
f 1167/1257/1928 1377/1467/1927 1370/1460/1914
f 1378/1468/1929 1168/1258/1930 1163/1253/1920
f 1163/1253/1920 1373/1463/1919 1378/1468/1929
f 1372/1462/1918 1161/1251/1917 1168/1258/1930
f 1168/1258/1930 1378/1468/1929 1372/1462/1918
f 1379/1469/1931 1169/1259/1932 1162/1252/1916
f 1162/1252/1916 1371/1461/1915 1379/1469/1931
f 1380/1470/1933 1170/1260/1934 1166/1256/1926
f 1166/1256/1926 1376/1466/1925 1380/1470/1933
f 1364/1454/1902 1153/1243/1901 1170/1260/1934
f 1170/1260/1934 1380/1470/1933 1364/1454/1902
f 1381/1471/1935 1201/1291/1936 1200/1290/1937
f 1200/1290/1937 1382/1472/1938 1381/1471/1935
f 1383/1473/1939 1203/1293/1940 1202/1292/1941
f 1202/1292/1941 1384/1474/1942 1383/1473/1939
f 1382/1472/1938 1200/1290/1937 1204/1294/1943
f 1204/1294/1943 1385/1475/1944 1382/1472/1938
f 1386/1476/1945 1206/1296/1946 1205/1295/1947
f 1205/1295/1947 1387/1477/1948 1386/1476/1945
f 1385/1475/1944 1204/1294/1943 1206/1296/1946
f 1206/1296/1946 1386/1476/1945 1385/1475/1944
f 1387/1477/1948 1205/1295/1947 1207/1297/1949
f 1207/1297/1949 1388/1478/1950 1387/1477/1948
f 1389/1479/1951 1209/1299/1952 1208/1298/1953
f 1208/1298/1953 1390/1480/1954 1389/1479/1951
f 1391/1481/1955 1211/1301/1956 1210/1300/1957
f 1210/1300/1957 1392/1482/1958 1391/1481/1955
f 1393/1483/1959 1213/1303/1960 1212/1302/1961
f 1212/1302/1961 1394/1484/1962 1393/1483/1959
f 1392/1482/1958 1210/1300/1957 1214/1304/1963
f 1214/1304/1963 1395/1485/1964 1392/1482/1958
f 1395/1485/1964 1214/1304/1963 1215/1305/1965
f 1215/1305/1965 1396/1486/1966 1395/1485/1964
f 1397/1487/1967 1217/1307/1968 1216/1306/1969
f 1216/1306/1969 1398/1488/1970 1397/1487/1967
f 1399/1489/1971 1219/1309/1972 1218/1308/1973
f 1218/1308/1973 1400/1490/1974 1399/1489/1971
f 1398/1488/1970 1216/1306/1969 1220/1310/1975
f 1220/1310/1975 1401/1491/1976 1398/1488/1970
f 1402/1492/1977 1222/1312/1978 1221/1311/1979
f 1221/1311/1979 1403/1493/1980 1402/1492/1977
f 1384/1474/1942 1202/1292/1941 1201/1291/1936
f 1201/1291/1936 1381/1471/1935 1384/1474/1942
f 1388/1478/1950 1207/1297/1949 1209/1299/1952
f 1209/1299/1952 1389/1479/1951 1388/1478/1950
f 1390/1480/1954 1208/1298/1953 1222/1312/1978
f 1222/1312/1978 1402/1492/1977 1390/1480/1954
f 1396/1486/1966 1215/1305/1965 1223/1313/1981
f 1223/1313/1981 1404/1494/1982 1396/1486/1966
f 1404/1494/1982 1223/1313/1981 1213/1303/1960
f 1213/1303/1960 1393/1483/1959 1404/1494/1982
f 1394/1484/1962 1212/1302/1961 1224/1314/1983
f 1224/1314/1983 1405/1495/1984 1394/1484/1962
f 1405/1495/1984 1224/1314/1983 1217/1307/1968
f 1217/1307/1968 1397/1487/1967 1405/1495/1984
f 1406/1496/1985 1226/1316/1986 1225/1315/1987
f 1225/1315/1987 1407/1497/1988 1406/1496/1985
f 1401/1491/1976 1220/1310/1975 1226/1316/1986
f 1226/1316/1986 1406/1496/1985 1401/1491/1976
f 1407/1497/1988 1225/1315/1987 1219/1309/1972
f 1219/1309/1972 1399/1489/1971 1407/1497/1988
f 1400/1490/1974 1218/1308/1973 1227/1317/1989
f 1227/1317/1989 1408/1498/1990 1400/1490/1974
f 1403/1493/1980 1221/1311/1979 1211/1301/1956
f 1211/1301/1956 1391/1481/1955 1403/1493/1980
f 1356/1446/1886 1145/1235/1885 1230/1320/1991
f 1230/1320/1991 1409/1499/1992 1356/1446/1886
f 1410/1500/1993 1233/1323/1994 1203/1293/1940
f 1203/1293/1940 1383/1473/1939 1410/1500/1993
f 1411/1501/1995 1235/1325/1996 1233/1323/1994
f 1233/1323/1994 1410/1500/1993 1411/1501/1995
f 1412/1502/1997 1236/1326/1998 1235/1325/1996
f 1235/1325/1996 1411/1501/1995 1412/1502/1997
f 1409/1499/1992 1230/1320/1991 1239/1329/1999
f 1239/1329/1999 1413/1503/2000 1409/1499/1992
f 1413/1503/2000 1239/1329/1999 1241/1331/2001
f 1241/1331/2001 1414/1504/2002 1413/1503/2000
f 1414/1504/2002 1241/1331/2001 1243/1333/2003
f 1243/1333/2003 1415/1505/2004 1414/1504/2002
f 1415/1505/2004 1243/1333/2003 1245/1335/2005
f 1245/1335/2005 1416/1506/2006 1415/1505/2004
f 1416/1506/2006 1245/1335/2005 1247/1337/2007
f 1247/1337/2007 1417/1507/2008 1416/1506/2006
f 1417/1507/2008 1247/1337/2007 1250/1340/2009
f 1250/1340/2009 1418/1508/2010 1417/1507/2008
f 1418/1508/2010 1250/1340/2009 1251/1341/2011
f 1251/1341/2011 1419/1509/2012 1418/1508/2010
f 1419/1509/2012 1251/1341/2011 1253/1343/2013
f 1253/1343/2013 1420/1510/2014 1419/1509/2012
f 1420/1510/2014 1253/1343/2013 1255/1345/2015
f 1255/1345/2015 1421/1511/2016 1420/1510/2014
f 1421/1511/2016 1255/1345/2015 1257/1347/1707
f 1257/1347/1707 1422/1512/2017 1421/1511/2016
f 1422/1512/2017 1257/1347/1707 1259/1349/1709
f 1259/1349/1709 1423/1513/2018 1422/1512/2017
f 1423/1513/2018 1259/1349/1709 1260/1350/2019
f 1260/1350/2019 1424/1514/2020 1423/1513/2018
f 1424/1514/2020 1260/1350/2019 1262/1352/2021
f 1262/1352/2021 1425/1515/2022 1424/1514/2020
f 1425/1515/2022 1262/1352/2021 1264/1354/2023
f 1264/1354/2023 1426/1516/2024 1425/1515/2022
f 1426/1516/2024 1264/1354/2023 1266/1356/2025
f 1266/1356/2025 1427/1517/2026 1426/1516/2024
f 1427/1517/2026 1266/1356/2025 1268/1358/2027
f 1268/1358/2027 1428/1518/2028 1427/1517/2026
f 1428/1518/2028 1268/1358/2027 1270/1360/2029
f 1270/1360/2029 1429/1519/2030 1428/1518/2028
f 1429/1519/2030 1270/1360/2029 1272/1362/2031
f 1272/1362/2031 1430/1520/2032 1429/1519/2030
f 1431/1521/2033 1276/1366/2034 1236/1326/1998
f 1236/1326/1998 1412/1502/1997 1431/1521/2033
f 1430/1520/2032 1272/1362/2031 1276/1366/2034
f 1276/1366/2034 1431/1521/2033 1430/1520/2032
f 1432/1522/2035 1227/1317/1675 1199/1289/1674
f 1199/1289/1674 1433/1523/2036 1432/1522/2035
f 1434/1524/2037 1432/1522/2035 1433/1523/2036
f 1433/1523/2036 1435/1525/2038 1434/1524/2037
f 1436/1526/2039 1434/1524/2037 1435/1525/2038
f 1435/1525/2038 1437/1527/2040 1436/1526/2039
f 1438/1528/2041 1439/1529/2042 1440/1530/2043
f 1437/1527/2040 1440/1530/2043 1439/1529/2042
f 1439/1529/2042 1436/1526/2039 1437/1527/2040
f 1440/1530/2043 1441/1531/2044 1438/1528/2041
f 1442/1532/2045 1438/1528/2041 1441/1531/2044
f 1441/1531/2044 1443/1533/2046 1444/1534/2047
f 1444/1534/2047 1442/1532/2045 1441/1531/2044
f 1445/1535/2048 1446/1536/2049 1444/1534/2047
f 1444/1534/2047 1443/1533/2046 1445/1535/2048
f 1446/1536/2049 1445/1535/2048 1447/1537/2050
f 1447/1537/2050 1448/1538/2051 1446/1536/2049
f 1448/1538/2051 1449/1539/2052 1450/1540/2053
f 1449/1539/2052 1448/1538/2051 1447/1537/2050
f 1451/1541/2054 1450/1540/2053 1449/1539/2052
f 1452/1542/2055 1450/1540/2053 1451/1541/2054
f 1451/1541/2054 1453/1543/2056 1452/1542/2055
f 1454/1544/2057 1452/1542/2055 1453/1543/2056
f 1453/1543/2056 1455/1545/2058 1454/1544/2057
f 1456/1546/2059 1454/1544/2057 1455/1545/2058
f 1455/1545/2058 1457/1547/2060 1456/1546/2059
f 1458/1548/2061 1456/1546/2059 1457/1547/2060
f 1457/1547/2060 1459/1549/2062 1458/1548/2061
f 1460/1550/2063 1458/1548/2061 1459/1549/2062
f 1459/1549/2062 1461/1551/2064 1460/1550/2063
f 1461/1551/2064 1141/1231/1561 1169/1259/1560
f 1169/1259/1560 1460/1550/2063 1461/1551/2064
f 1462/1552/2065 1433/1523/2066 1199/1289/1619
f 1199/1289/1619 1114/1204/1618 1462/1552/2065
f 1463/1553/2067 1435/1525/2068 1433/1523/2066
f 1433/1523/2066 1462/1552/2065 1463/1553/2067
f 1464/1554/2069 1437/1527/2070 1435/1525/2068
f 1435/1525/2068 1463/1553/2067 1464/1554/2069
f 1465/1555/2071 1440/1530/2072 1437/1527/2070
f 1437/1527/2070 1464/1554/2069 1465/1555/2071
f 1465/1555/2071 1466/1556/2073 1441/1531/2074
f 1441/1531/2074 1440/1530/2072 1465/1555/2071
f 1466/1556/2073 1467/1557/2075 1443/1533/2076
f 1443/1533/2076 1441/1531/2074 1466/1556/2073
f 1467/1557/2075 1468/1558/2077 1445/1535/2078
f 1445/1535/2078 1443/1533/2076 1467/1557/2075
f 1469/1559/2079 1447/1537/2080 1445/1535/2078
f 1445/1535/2078 1468/1558/2077 1469/1559/2079
f 1470/1560/2081 1449/1539/2082 1447/1537/2080
f 1447/1537/2080 1469/1559/2079 1470/1560/2081
f 1471/1561/2083 1451/1541/2084 1449/1539/2082
f 1449/1539/2082 1470/1560/2081 1471/1561/2083
f 1472/1562/2085 1453/1543/2086 1451/1541/2084
f 1451/1541/2084 1471/1561/2083 1472/1562/2085
f 1473/1563/2087 1455/1545/2088 1453/1543/2086
f 1453/1543/2086 1472/1562/2085 1473/1563/2087
f 1474/1564/2089 1457/1547/2090 1455/1545/2088
f 1455/1545/2088 1473/1563/2087 1474/1564/2089
f 1475/1565/2091 1459/1549/2092 1457/1547/2090
f 1457/1547/2090 1474/1564/2089 1475/1565/2091
f 1476/1566/2093 1461/1551/2094 1459/1549/2092
f 1459/1549/2092 1475/1565/2091 1476/1566/2093
f 1112/1202/1505 1141/1231/1504 1461/1551/2094
f 1461/1551/2094 1476/1566/2093 1112/1202/1505
f 1463/1553/2095 1113/1203/1450 1464/1554/2096
f 1465/1555/2097 1464/1554/2096 1113/1203/1450
f 1463/1553/2095 1462/1552/2098 1113/1203/1450
f 1113/1203/1450 1462/1552/2098 1114/1204/1451
f 1475/1565/2099 1113/1203/1450 1476/1566/2100
f 1112/1202/1449 1476/1566/2100 1113/1203/1450
f 1475/1565/2099 1474/1564/2101 1113/1203/1450
f 1465/1555/2097 1113/1203/1450 1466/1556/2102
f 1466/1556/2102 1113/1203/1450 1467/1557/2103
f 1467/1557/2103 1113/1203/1450 1468/1558/2104
f 1468/1558/2104 1113/1203/1450 1469/1559/2105
f 1469/1559/2105 1113/1203/1450 1470/1560/2106
f 1471/1561/2107 1113/1203/1450 1472/1562/2108
f 1470/1560/2106 1113/1203/1450 1471/1561/2107
f 1472/1562/2108 1113/1203/1450 1473/1563/2109
f 1113/1203/1450 1474/1564/2101 1473/1563/2109
f 1408/1498/1990 1227/1317/1989 1432/1522/2110
f 1432/1522/2110 1477/1567/2111 1408/1498/1990
f 1477/1567/2111 1432/1522/2110 1434/1524/2112
f 1434/1524/2112 1478/1568/2113 1477/1567/2111
f 1478/1568/2113 1434/1524/2112 1436/1526/2114
f 1436/1526/2114 1479/1569/2115 1478/1568/2113
f 1479/1569/2115 1436/1526/2114 1439/1529/2116
f 1439/1529/2116 1480/1570/2117 1479/1569/2115
f 1480/1570/2117 1439/1529/2116 1438/1528/2118
f 1438/1528/2118 1481/1571/2119 1480/1570/2117
f 1481/1571/2119 1438/1528/2118 1442/1532/2120
f 1442/1532/2120 1482/1572/2121 1481/1571/2119
f 1482/1572/2121 1442/1532/2120 1444/1534/2122
f 1444/1534/2122 1483/1573/2123 1482/1572/2121
f 1483/1573/2123 1444/1534/2122 1446/1536/2124
f 1446/1536/2124 1484/1574/2125 1483/1573/2123
f 1484/1574/2125 1446/1536/2124 1448/1538/2126
f 1448/1538/2126 1485/1575/2127 1484/1574/2125
f 1485/1575/2127 1448/1538/2126 1450/1540/2128
f 1450/1540/2128 1486/1576/2129 1485/1575/2127
f 1486/1576/2129 1450/1540/2128 1452/1542/2130
f 1452/1542/2130 1487/1577/2131 1486/1576/2129
f 1487/1577/2131 1452/1542/2130 1454/1544/2132
f 1454/1544/2132 1488/1578/2133 1487/1577/2131
f 1488/1578/2133 1454/1544/2132 1456/1546/2134
f 1456/1546/2134 1489/1579/2135 1488/1578/2133
f 1489/1579/2135 1456/1546/2134 1458/1548/2136
f 1458/1548/2136 1490/1580/2137 1489/1579/2135
f 1490/1580/2137 1458/1548/2136 1460/1550/2138
f 1460/1550/2138 1491/1581/2139 1490/1580/2137
f 1491/1581/2139 1460/1550/2138 1169/1259/1932
f 1169/1259/1932 1379/1469/1931 1491/1581/2139
f 1492/1582/2140 1336/1426/2141 1337/1427/2142
f 1337/1427/2142 1493/1583/2143 1492/1582/2140
f 1494/1584/2144 1338/1428/2145 1336/1426/2141
f 1336/1426/2141 1492/1582/2140 1494/1584/2144
f 1495/1585/2146 1340/1430/2147 1339/1429/2148
f 1339/1429/2148 1496/1586/2149 1495/1585/2146
f 1497/1587/2150 1342/1432/2151 1341/1431/2152
f 1341/1431/2152 1498/1588/2153 1497/1587/2150
f 1498/1588/2153 1341/1431/2152 1343/1433/2154
f 1343/1433/2154 1499/1589/2155 1498/1588/2153
f 1496/1586/2149 1339/1429/2148 1345/1435/2156
f 1345/1435/2156 1500/1590/2157 1496/1586/2149
f 1500/1590/2157 1345/1435/2156 1346/1436/2158
f 1346/1436/2158 1501/1591/2159 1500/1590/2157
f 1499/1589/2155 1343/1433/2154 1344/1434/2160
f 1344/1434/2160 1502/1592/2161 1499/1589/2155
f 1493/1583/2143 1337/1427/2142 1340/1430/2147
f 1340/1430/2147 1495/1585/2146 1493/1583/2143
f 1503/1593/2162 1348/1438/2163 1347/1437/2164
f 1347/1437/2164 1504/1594/2165 1503/1593/2162
f 1505/1595/2166 1349/1439/2167 1348/1438/2163
f 1348/1438/2163 1503/1593/2162 1505/1595/2166
f 1506/1596/2168 1350/1440/2169 1351/1441/2170
f 1351/1441/2170 1507/1597/2171 1506/1596/2168
f 1502/1592/2161 1344/1434/2160 1350/1440/2169
f 1350/1440/2169 1506/1596/2168 1502/1592/2161
f 1507/1597/2171 1351/1441/2170 1352/1442/2172
f 1352/1442/2172 1508/1598/2173 1507/1597/2171
f 1504/1594/2165 1347/1437/2164 1338/1428/2145
f 1338/1428/2145 1494/1584/2144 1504/1594/2165
f 1508/1598/2173 1352/1442/2172 1349/1439/2167
f 1349/1439/2167 1505/1595/2166 1508/1598/2173
f 1501/1591/2159 1346/1436/2158 1342/1432/2151
f 1342/1432/2151 1497/1587/2150 1501/1591/2159
f 1509/1599/2174 1510/1600/2175 1511/1601/2176
f 1511/1601/2176 1512/1602/2177 1509/1599/2174
f 1513/1603/2178 1514/1604/2179 1515/1605/2180
f 1515/1605/2180 1516/1606/2181 1513/1603/2178
f 1510/1600/2175 1517/1607/2182 1518/1608/2183
f 1518/1608/2183 1511/1601/2176 1510/1600/2175
f 1519/1609/2184 1520/1610/2185 1521/1611/2186
f 1521/1611/2186 1522/1612/2187 1519/1609/2184
f 1517/1607/2182 1519/1609/2184 1522/1612/2187
f 1522/1612/2187 1518/1608/2183 1517/1607/2182
f 1520/1610/2185 1523/1613/2188 1524/1614/2189
f 1524/1614/2189 1521/1611/2186 1520/1610/2185
f 1525/1615/2190 1526/1616/2191 1527/1617/2192
f 1527/1617/2192 1528/1618/2193 1525/1615/2190
f 1529/1619/2194 1530/1620/2195 1531/1621/2196
f 1531/1621/2196 1532/1622/2197 1529/1619/2194
f 1533/1623/2198 1534/1624/2199 1535/1625/2200
f 1535/1625/2200 1536/1626/2201 1533/1623/2198
f 1530/1620/2195 1537/1627/2202 1538/1628/2203
f 1538/1628/2203 1531/1621/2196 1530/1620/2195
f 1537/1627/2202 1539/1629/2204 1540/1630/2205
f 1540/1630/2205 1538/1628/2203 1537/1627/2202
f 1541/1631/2206 1542/1632/2207 1543/1633/2208
f 1543/1633/2208 1544/1634/2209 1541/1631/2206
f 1545/1635/2210 1546/1636/2211 1547/1637/2212
f 1547/1637/2212 1548/1638/2213 1545/1635/2210
f 1542/1632/2207 1549/1639/2214 1550/1640/2215
f 1550/1640/2215 1543/1633/2208 1542/1632/2207
f 1534/1624/2199 1551/1641/2216 1552/1642/2217
f 1552/1642/2217 1535/1625/2200 1534/1624/2199
f 1514/1604/2179 1509/1599/2174 1512/1602/2177
f 1512/1602/2177 1515/1605/2180 1514/1604/2179
f 1523/1613/2188 1525/1615/2190 1528/1618/2193
f 1528/1618/2193 1524/1614/2189 1523/1613/2188
f 1526/1616/2191 1553/1643/2218 1554/1644/2219
f 1554/1644/2219 1527/1617/2192 1526/1616/2191
f 1553/1643/2218 1555/1645/2220 1556/1646/2221
f 1556/1646/2221 1554/1644/2219 1553/1643/2218
f 1539/1629/2204 1533/1623/2198 1536/1626/2201
f 1536/1626/2201 1540/1630/2205 1539/1629/2204
f 1551/1641/2216 1557/1647/2222 1558/1648/2223
f 1558/1648/2223 1552/1642/2217 1551/1641/2216
f 1557/1647/2222 1541/1631/2206 1544/1634/2209
f 1544/1634/2209 1558/1648/2223 1557/1647/2222
f 1549/1639/2214 1559/1649/2224 1560/1650/2225
f 1560/1650/2225 1550/1640/2215 1549/1639/2214
f 1559/1649/2224 1545/1635/2210 1548/1638/2213
f 1548/1638/2213 1560/1650/2225 1559/1649/2224
f 1546/1651/2211 1561/1652/2226 1562/1653/2227
f 1562/1653/2227 1547/1654/2212 1546/1651/2211
f 1555/1645/2220 1563/1655/2228 1564/1656/2229
f 1564/1656/2229 1556/1646/2221 1555/1645/2220
f 1563/1655/2228 1529/1619/2194 1532/1622/2197
f 1532/1622/2197 1564/1656/2229 1563/1655/2228
f 1565/1657/2230 1566/1658/2231 1567/1659/2232
f 1567/1659/2232 1568/1660/2233 1565/1657/2230
f 1569/1661/2234 1570/1662/2235 1571/1663/2236
f 1571/1663/2236 1572/1664/2237 1569/1661/2234
f 1573/1665/2238 1565/1657/2230 1568/1660/2233
f 1568/1660/2233 1574/1666/2239 1573/1665/2238
f 1575/1667/2240 1576/1668/2241 1577/1669/2242
f 1577/1669/2242 1578/1670/2243 1575/1667/2240
f 1576/1668/2241 1573/1665/2238 1574/1666/2239
f 1574/1666/2239 1577/1669/2242 1576/1668/2241
f 1579/1671/2244 1575/1667/2240 1578/1670/2243
f 1578/1670/2243 1580/1672/2245 1579/1671/2244
f 1581/1673/2246 1582/1674/2247 1583/1675/2248
f 1583/1675/2248 1584/1676/2249 1581/1673/2246
f 1585/1677/2250 1586/1678/2251 1587/1679/2252
f 1587/1679/2252 1588/1680/2253 1585/1677/2250
f 1589/1681/2254 1590/1682/2255 1591/1683/2256
f 1591/1683/2256 1592/1684/2257 1589/1681/2254
f 1593/1685/2258 1585/1677/2250 1588/1680/2253
f 1588/1680/2253 1594/1686/2259 1593/1685/2258
f 1595/1687/2260 1593/1685/2258 1594/1686/2259
f 1594/1686/2259 1596/1688/2261 1595/1687/2260
f 1597/1689/2262 1598/1690/2263 1599/1691/2264
f 1599/1691/2264 1600/1692/2265 1597/1689/2262
f 1601/1693/2266 1602/1694/2267 1603/1695/2268
f 1603/1695/2268 1604/1696/2269 1601/1693/2266
f 1605/1697/2270 1597/1689/2262 1600/1692/2265
f 1600/1692/2265 1606/1698/2271 1605/1697/2270
f 1607/1699/2272 1608/1700/2273 1609/1701/2274
f 1609/1701/2274 1610/1702/2275 1607/1699/2272
f 1566/1658/2231 1569/1661/2234 1572/1664/2237
f 1572/1664/2237 1567/1659/2232 1566/1658/2231
f 1582/1674/2247 1579/1671/2244 1580/1672/2245
f 1580/1672/2245 1583/1675/2248 1582/1674/2247
f 1608/1700/2273 1581/1673/2246 1584/1676/2249
f 1584/1676/2249 1609/1701/2274 1608/1700/2273
f 1611/1703/2276 1595/1687/2260 1596/1688/2261
f 1596/1688/2261 1612/1704/2277 1611/1703/2276
f 1590/1682/2255 1611/1703/2276 1612/1704/2277
f 1612/1704/2277 1591/1683/2256 1590/1682/2255
f 1613/1705/2278 1589/1681/2254 1592/1684/2257
f 1592/1684/2257 1614/1706/2279 1613/1705/2278
f 1598/1690/2263 1613/1705/2278 1614/1706/2279
f 1614/1706/2279 1599/1691/2264 1598/1690/2263
f 1615/1707/2280 1616/1708/2281 1617/1709/2282
f 1617/1709/2282 1618/1710/2283 1615/1707/2280
f 1616/1708/2281 1605/1697/2270 1606/1698/2271
f 1606/1698/2271 1617/1709/2282 1616/1708/2281
f 1602/1694/2267 1615/1707/2280 1618/1710/2283
f 1618/1710/2283 1603/1695/2268 1602/1694/2267
f 1619/1711/2284 1601/1712/2266 1604/1713/2269
f 1604/1713/2269 1620/1714/2285 1619/1711/2284
f 1586/1678/2251 1607/1699/2272 1610/1702/2275
f 1610/1702/2275 1587/1679/2252 1586/1678/2251
f 1621/1715/2286 1513/1603/2178 1516/1606/2181
f 1516/1606/2181 1622/1716/2287 1621/1715/2286
f 1570/1662/2235 1623/1717/2288 1624/1718/2289
f 1624/1718/2289 1571/1663/2236 1570/1662/2235
f 1623/1719/2288 1625/1720/2290 1626/1721/2291
f 1626/1721/2291 1624/1722/2289 1623/1719/2288
f 1625/1720/2290 1627/1723/2292 1628/1724/2293
f 1628/1724/2293 1626/1721/2291 1625/1720/2290
f 1629/1725/2294 1630/1726/2295 1621/1715/2286
f 1621/1715/2286 1622/1716/2287 1629/1725/2294
f 1631/1727/2296 1630/1726/2295 1629/1725/2294
f 1629/1725/2294 1632/1728/2297 1631/1727/2296
f 1633/1729/2298 1631/1727/2296 1632/1728/2297
f 1632/1728/2297 1634/1730/2299 1633/1729/2298
f 1635/1731/2300 1633/1729/2298 1634/1730/2299
f 1634/1730/2299 1636/1732/2301 1635/1731/2300
f 1637/1733/2302 1635/1734/2300 1636/1735/2301
f 1636/1735/2301 1638/1736/2303 1637/1733/2302
f 1639/1737/2304 1637/1733/2302 1638/1736/2303
f 1638/1736/2303 1640/1738/2305 1639/1737/2304
f 1641/1739/2306 1639/1737/2304 1640/1738/2305
f 1640/1738/2305 1642/1740/2307 1641/1739/2306
f 1643/1741/2308 1641/1739/2306 1642/1740/2307
f 1642/1740/2307 1644/1742/2309 1643/1741/2308
f 1645/1743/2310 1643/1741/2308 1644/1742/2309
f 1644/1742/2309 1646/1744/2311 1645/1743/2310
f 1647/1745/2312 1645/1743/2310 1646/1744/2311
f 1646/1744/2311 1648/1746/2313 1647/1745/2312
f 1649/1747/2314 1647/1745/2312 1648/1746/2313
f 1648/1746/2313 1650/1748/2315 1649/1747/2314
f 1651/1749/2316 1649/1747/2314 1650/1748/2315
f 1650/1748/2315 1652/1750/2317 1651/1749/2316
f 1653/1751/2318 1651/1749/2316 1652/1750/2317
f 1652/1750/2317 1654/1752/2319 1653/1751/2318
f 1655/1753/2320 1653/1751/2318 1654/1752/2319
f 1654/1752/2319 1656/1754/2321 1655/1753/2320
f 1657/1755/2322 1655/1753/2320 1656/1754/2321
f 1656/1754/2321 1658/1756/2323 1657/1755/2322
f 1659/1757/2324 1657/1755/2322 1658/1756/2323
f 1658/1756/2323 1660/1758/2325 1659/1757/2324
f 1661/1759/2326 1659/1757/2324 1660/1758/2325
f 1660/1758/2325 1662/1760/2327 1661/1759/2326
f 1663/1761/2328 1661/1759/2326 1662/1760/2327
f 1662/1760/2327 1664/1762/2329 1663/1761/2328
f 1627/1723/2292 1665/1763/2330 1666/1764/2331
f 1666/1764/2331 1628/1724/2293 1627/1723/2292
f 1665/1763/2330 1663/1761/2328 1664/1762/2329
f 1664/1762/2329 1666/1764/2331 1665/1763/2330
f 1667/1765/2332 1619/1711/2284 1620/1714/2285
f 1620/1714/2285 1668/1766/2333 1667/1765/2332
f 1669/1767/2334 1667/1765/2332 1668/1766/2333
f 1668/1766/2333 1670/1768/2335 1669/1767/2334
f 1671/1769/2336 1669/1767/2334 1670/1768/2335
f 1670/1768/2335 1672/1770/2337 1671/1769/2336
f 1673/1771/2338 1671/1769/2336 1672/1770/2337
f 1672/1770/2337 1674/1772/2339 1673/1771/2338
f 1675/1773/2340 1673/1771/2338 1674/1772/2339
f 1674/1772/2339 1676/1774/2341 1675/1773/2340
f 1677/1775/2342 1675/1773/2340 1676/1774/2341
f 1676/1774/2341 1678/1776/2343 1677/1775/2342
f 1679/1777/2344 1677/1775/2342 1678/1776/2343
f 1678/1776/2343 1680/1778/2345 1679/1777/2344
f 1681/1779/2346 1679/1777/2344 1680/1778/2345
f 1680/1778/2345 1682/1780/2347 1681/1779/2346
f 1683/1781/2348 1681/1779/2346 1682/1780/2347
f 1682/1780/2347 1684/1782/2349 1683/1781/2348
f 1685/1783/2350 1683/1781/2348 1684/1782/2349
f 1684/1782/2349 1686/1784/2351 1685/1783/2350
f 1687/1785/2352 1685/1783/2350 1686/1784/2351
f 1686/1784/2351 1688/1786/2353 1687/1785/2352
f 1689/1787/2354 1687/1785/2352 1688/1786/2353
f 1688/1786/2353 1690/1788/2355 1689/1787/2354
f 1691/1789/2356 1689/1787/2354 1690/1788/2355
f 1690/1788/2355 1692/1790/2357 1691/1789/2356
f 1693/1791/2358 1691/1789/2356 1692/1790/2357
f 1692/1790/2357 1694/1792/2359 1693/1791/2358
f 1695/1793/2360 1693/1791/2358 1694/1792/2359
f 1694/1792/2359 1696/1794/2361 1695/1793/2360
f 1561/1652/2226 1695/1793/2360 1696/1794/2361
f 1696/1794/2361 1562/1653/2227 1561/1652/2226
f 1697/1795/2362 1698/1796/1864 1699/1797/1864
f 1700/1798/2363 1697/1795/2362 1699/1797/1864
f 1701/1799/2364 1702/1800/1864 1699/1797/1864
f 1703/1801/1864 1704/1802/1864 1699/1797/1864
f 1704/1802/1864 1705/1803/1864 1699/1797/1864
f 1702/1800/1864 1706/1804/1864 1699/1797/1864
f 1706/1804/1864 1707/1805/1864 1699/1797/1864
f 1705/1803/1864 1708/1806/1864 1699/1797/1864
f 1698/1796/1864 1701/1799/2364 1699/1797/1864
f 1709/1807/1853 1710/1808/1853 1699/1797/1864
f 1711/1809/1853 1709/1807/1853 1699/1797/1864
f 1712/1810/1864 1713/1811/1853 1699/1797/1864
f 1708/1806/1864 1712/1810/1864 1699/1797/1864
f 1713/1811/1853 1714/1812/1853 1699/1797/1864
f 1710/1808/1853 1700/1798/2363 1699/1797/1864
f 1714/1812/1853 1711/1809/1853 1699/1797/1864
f 1707/1805/1864 1703/1801/1864 1699/1797/1864
f 1715/1813/2365 1716/1814/2366 1717/1815/2367
f 1715/1813/2365 1717/1815/2367 1718/1816/2368
f 1719/1817/2369 1720/1818/2370 1718/1816/2368
f 1718/1816/2368 1717/1815/2367 1719/1817/2369
f 1720/1818/2370 1719/1817/2369 1721/1819/2371
f 1720/1818/2370 1721/1819/2371 1722/1820/2372
f 1723/1821/2373 1716/1814/2366 1715/1813/2365
f 1723/1821/2373 1715/1813/2365 1724/1822/2374
f 1724/1822/2374 1725/1823/2375 1726/1824/2376
f 1726/1824/2376 1723/1821/2373 1724/1822/2374
f 1726/1824/2376 1725/1823/2375 1727/1825/2377
f 1727/1825/2377 1725/1823/2375 1728/1826/2378
f 1729/1827/2379 1730/1828/2380 1727/1825/2377
f 1727/1825/2377 1728/1826/2378 1729/1827/2379
f 1730/1828/2380 1729/1827/2379 1731/1829/2381
f 1731/1829/2381 1729/1827/2379 1732/1830/2382
f 1733/1831/2383 1734/1832/2384 1735/1833/2385
f 1733/1831/2383 1732/1830/2382 1734/1832/2384
f 1735/1833/2385 1734/1832/2384 1736/1834/2386
f 1736/1834/2386 1734/1832/2384 1737/1835/2387
f 1736/1834/2386 1737/1835/2387 1738/1836/2388
f 1738/1836/2388 1737/1835/2387 1739/1837/2389
f 1738/1836/2388 1739/1837/2389 1740/1838/2390
f 1740/1838/2390 1739/1837/2389 1741/1839/2391
f 1740/1838/2390 1741/1839/2391 1742/1840/2392
f 1742/1840/2392 1741/1839/2391 1743/1841/2393
f 1744/1842/2394 1745/1843/2395 1742/1840/2392
f 1742/1840/2392 1743/1841/2393 1744/1842/2394
f 1746/1844/2396 1747/1845/2397 1745/1843/2395
f 1745/1843/2395 1744/1842/2394 1746/1844/2396
f 1747/1845/2397 1746/1844/2396 1748/1846/2398
f 1749/1847/2399 1750/1848/2400 1748/1846/2398
f 1749/1847/2399 1748/1846/2398 1746/1844/2396
f 1751/1849/2401 1752/1850/2402 1750/1848/2400
f 1751/1849/2401 1750/1848/2400 1749/1847/2399
f 1753/1851/2403 1752/1850/2402 1751/1849/2401
f 1753/1851/2403 1751/1849/2401 1754/1852/2404
f 1753/1851/2403 1754/1852/2404 1755/1853/2405
f 1755/1853/2405 1754/1852/2404 1756/1854/2406
f 1755/1853/2405 1756/1854/2406 1757/1855/2407
f 1756/1854/2406 1758/1856/2408 1759/1857/2409
f 1759/1857/2409 1757/1855/2407 1756/1854/2406
f 1758/1856/2408 1760/1858/2410 1761/1859/2411
f 1761/1859/2411 1759/1857/2409 1758/1856/2408
f 1761/1859/2411 1760/1858/2410 1762/1860/2412
f 1762/1860/2412 1760/1858/2410 1722/1820/2372
f 1762/1860/2412 1722/1820/2372 1721/1819/2371
f 1731/1829/2381 1732/1830/2382 1733/1831/2383
f 1733/1861/2413 1735/1862/2414 1763/1863/2415
f 1763/1863/2415 1764/1864/2416 1733/1861/2413
f 1716/1865/2417 559/1866/2418 1765/1867/2419
f 1765/1867/2419 1717/1868/2420 1716/1865/2417
f 1716/1869/2417 1723/1870/2421 1766/1871/2422
f 1766/1871/2422 559/1866/2418 1716/1869/2417
f 1723/1870/2421 1726/1872/2423 1767/1873/2424
f 1767/1873/2424 1766/1871/2422 1723/1870/2421
f 1727/1874/2425 1768/1875/2426 1767/1873/2424
f 1767/1873/2424 1726/1872/2423 1727/1874/2425
f 1727/1876/2425 1730/1877/2427 1769/1878/2428
f 1769/1878/2428 1768/1875/2426 1727/1876/2425
f 1770/1879/2429 1769/1878/2428 1730/1880/2427
f 1730/1880/2427 1731/1881/2430 1770/1879/2429
f 1770/1879/2429 1731/1881/2430 1733/1861/2413
f 1733/1861/2413 1764/1882/2416 1770/1879/2429
f 1735/1862/2414 1736/1883/2431 1771/1884/2432
f 1771/1884/2432 1763/1863/2415 1735/1862/2414
f 1736/1883/2431 1738/1885/2433 1772/1886/2434
f 1772/1886/2434 1771/1884/2432 1736/1883/2431
f 1738/1885/2433 1740/1887/2435 1773/1888/2436
f 1773/1888/2436 1772/1886/2434 1738/1885/2433
f 1740/1887/2435 1742/1889/2437 1774/1890/2438
f 1774/1890/2438 1773/1888/2436 1740/1887/2435
f 1745/1891/2439 1775/1892/2440 1774/1893/2438
f 1774/1893/2438 1742/1894/2437 1745/1891/2439
f 1747/1895/2441 1776/1896/2442 1775/1892/2440
f 1775/1892/2440 1745/1891/2439 1747/1895/2441
f 1748/1897/2443 1777/1898/2444 1776/1896/2442
f 1776/1896/2442 1747/1899/2441 1748/1897/2443
f 1750/1900/2445 1778/1901/2446 1777/1898/2444
f 1777/1898/2444 1748/1897/2443 1750/1900/2445
f 1752/1902/2447 1779/1903/2448 1778/1901/2446
f 1778/1901/2446 1750/1900/2445 1752/1902/2447
f 1752/1902/2447 1753/1904/2449 1780/1905/2450
f 1780/1905/2450 1779/1903/2448 1752/1902/2447
f 1753/1904/2449 1755/1906/2451 1781/1907/2452
f 1781/1907/2452 1780/1905/2450 1753/1904/2449
f 1782/1908/2453 1781/1907/2452 1755/1909/2451
f 1755/1909/2451 1757/1910/2454 1782/1908/2453
f 1757/1910/2454 1759/1911/2455 1783/1912/2456
f 1783/1912/2456 1782/1908/2453 1757/1910/2454
f 1759/1911/2455 1761/1913/2457 649/1914/2458
f 649/1914/2458 1783/1912/2456 1759/1911/2455
f 1761/1913/2457 1762/1915/2459 1054/1916/2460
f 1054/1916/2460 649/1914/2458 1761/1913/2457
f 1762/1915/2461 1721/1917/2462 1784/1918/2463
f 1784/1918/2463 1054/1916/2460 1762/1915/2461
f 1721/1917/2462 1719/1919/2464 1785/1920/2465
f 1785/1920/2465 1784/1918/2463 1721/1917/2462
f 1719/1919/2464 1717/1921/2420 1765/1922/2419
f 1765/1922/2419 1785/1920/2465 1719/1919/2464
f 1786/1923/2466 1787/1924/2467 470/1925/2468
f 470/1925/2468 1788/1926/2469 1786/1923/2466
f 1787/1924/2467 1786/1923/2466 1789/1927/2470
f 1789/1927/2470 1790/1928/2471 1787/1924/2467
f 1791/1929/2472 1788/1926/2469 470/1925/2468
f 470/1925/2468 1792/1930/2473 1791/1929/2472
f 1793/1931/2474 1794/1932/2475 1795/1933/2476
f 1795/1933/2476 1796/1934/2477 1793/1931/2474
f 1794/1932/2475 1793/1931/2474 1797/1935/2478
f 1797/1935/2478 1798/1936/2479 1794/1932/2475
f 1798/1936/2479 1797/1935/2478 1799/1937/2480
f 1799/1937/2480 1800/1938/2481 1798/1936/2479
f 1800/1938/2481 1799/1937/2480 1801/1939/2482
f 1801/1939/2482 1802/1940/2483 1800/1938/2481
f 1802/1941/2483 1801/1942/2482 1803/1943/2484
f 1803/1943/2484 1804/1944/2485 1802/1941/2483
f 1804/1944/2485 1803/1943/2484 1791/1929/2472
f 1791/1929/2472 1792/1930/2473 1804/1944/2485
f 1805/1945/2486 1806/1946/2487 1807/1947/2488
f 1807/1947/2488 1808/1948/2489 1805/1945/2486
f 1805/1945/2486 1808/1948/2489 1796/1934/2477
f 1796/1934/2477 1795/1933/2476 1805/1945/2486
f 1809/1949/2490 1810/1950/2491 1790/1928/2471
f 1790/1928/2471 1789/1927/2470 1809/1949/2490
f 1811/1951/2492 1810/1950/2491 1809/1949/2490
f 1809/1949/2490 1812/1952/2493 1811/1951/2492
f 1813/1953/2494 1811/1951/2492 1812/1952/2493
f 1812/1952/2493 1814/1954/2495 1813/1953/2494
f 1815/1955/2496 1813/1953/2494 1814/1954/2495
f 1814/1954/2495 1816/1956/2497 1815/1955/2496
f 1817/1957/2498 1815/1955/2496 1816/1956/2497
f 1816/1956/2497 1818/1958/2499 1817/1957/2498
f 1819/1959/2500 1817/1957/2498 1818/1958/2499
f 1818/1958/2499 1820/1960/2501 1819/1959/2500
f 1806/1961/2487 1819/1959/2500 1820/1960/2501
f 1820/1960/2501 1807/1962/2488 1806/1961/2487
f 1821/1963/2502 1822/1964/2503 1823/1965/2504
f 1823/1965/2504 1824/1966/2505 1821/1963/2502
f 1821/1963/2502 1824/1966/2505 1825/1967/2506
f 1825/1967/2506 1826/1968/2507 1821/1963/2502
f 1826/1968/2507 1825/1967/2506 1827/1969/2508
f 1827/1969/2508 1828/1970/2509 1826/1968/2507
f 1828/1970/2509 1827/1969/2508 1829/1971/2510
f 1829/1971/2510 1830/1972/2511 1828/1970/2509
f 1831/1973/2512 1832/1974/2513 1833/1975/2514
f 1833/1975/2514 1834/1976/2515 1831/1973/2516
f 1833/1975/2514 1835/1977/2517 1834/1976/2515
f 1836/1978/2518 1837/1979/2519 1838/1980/2520
f 1838/1980/2520 1839/1981/2521 1836/1978/2518
f 1840/1982/2522 1836/1978/2518 1839/1981/2521
f 1839/1981/2521 1841/1983/2523 1840/1982/2522
f 1829/1971/2510 1840/1982/2522 1841/1983/2523
f 1841/1983/2523 1830/1972/2511 1829/1971/2510
f 1842/1984/2524 1843/1985/2525 1844/1986/2526
f 1844/1986/2526 1845/1987/2527 1842/1984/2524
f 1844/1986/2526 1846/1988/2528 1847/1989/2529
f 1847/1989/2529 1845/1987/2527 1844/1986/2526
f 1846/1988/2528 1848/1990/2530 1849/1991/2531
f 1849/1991/2531 1847/1989/2529 1846/1988/2528
f 1850/1992/2532 1851/1993/2533 1852/1994/2534
f 1852/1994/2534 1853/1995/2535 1850/1992/2532
f 1851/1993/2533 1822/1964/2503 1854/1996/2536
f 1854/1996/2536 1852/1994/2534 1851/1993/2533
f 1855/1997/2537 1854/1996/2536 1822/1964/2503
f 1822/1964/2503 1821/1963/2502 1855/1997/2537
f 1856/1998/2538 1855/1997/2537 1821/1963/2502
f 1821/1963/2502 1826/1968/2507 1856/1998/2538
f 1826/1968/2507 1828/1970/2509 1857/1999/2539
f 1857/1999/2539 1856/1998/2538 1826/1968/2507
f 1828/1970/2509 1830/1972/2511 1858/2000/2540
f 1858/2000/2540 1857/1999/2539 1828/1970/2509
f 1838/1980/2520 1859/2001/2541 1860/2002/2542
f 1860/2002/2542 1861/2003/2543 1838/1980/2520
f 1839/1981/2521 1838/1980/2520 1861/2003/2543
f 1861/2003/2543 1862/2004/2544 1839/1981/2521
f 1841/1983/2523 1839/1981/2521 1862/2004/2544
f 1862/2004/2544 1863/2005/2545 1841/1983/2523
f 1830/1972/2511 1841/1983/2523 1863/2005/2545
f 1863/2005/2545 1858/2000/2540 1830/1972/2511
f 1864/2006/2546 1865/2007/2547 1866/2008/2548
f 1866/2008/2548 1867/2009/2549 1864/2006/2546
f 1868/2010/2550 1861/2003/2543 1860/2002/2542
f 1860/2002/2542 1869/2011/2551 1868/2010/2550
f 1870/2012/2552 1862/2004/2544 1861/2003/2543
f 1861/2003/2543 1868/2010/2550 1870/2012/2552
f 1871/2013/2553 1863/2005/2545 1862/2004/2544
f 1862/2004/2544 1870/2012/2552 1871/2013/2553
f 1871/2013/2553 1872/2014/2554 1858/2000/2540
f 1858/2000/2540 1863/2005/2545 1871/2013/2553
f 1857/1999/2539 1858/2000/2540 1872/2014/2554
f 1872/2014/2554 1873/2015/2555 1857/1999/2539
f 1874/2016/2556 1875/2017/2557 1876/2018/2558
f 1876/2018/2558 1877/2019/2559 1874/2016/2556
f 1835/1977/2517 1877/2019/2559 1876/2018/2558
f 1876/2018/2558 1834/1976/2515 1835/1977/2517
f 1857/1999/2539 1873/2015/2555 1878/2020/2560
f 1878/2020/2560 1856/1998/2538 1857/1999/2539
f 1879/2021/2561 1880/2022/2562 1881/2023/2563
f 1881/2023/2563 1882/2024/2564 1879/2021/2561
f 1879/2021/2561 1883/2025/2565 1884/2026/2566
f 1884/2026/2566 1880/2022/2562 1879/2021/2561
f 1885/2027/2567 1886/2028/2568 1867/2009/2549
f 1867/2009/2549 1866/2008/2548 1885/2027/2567
f 1887/2029/2569 1888/2030/2570 1843/1985/2525
f 1843/1985/2525 1882/2024/2564 1887/2029/2569
f 1851/1993/2533 1889/2031/2571 1823/1965/2504
f 1823/1965/2504 1822/1964/2503 1851/1993/2533
f 1855/1997/2537 1856/1998/2538 1878/2020/2560
f 1890/2032/2572 1891/2033/2573 1844/1986/2526
f 1844/1986/2526 1843/1985/2525 1890/2032/2572
f 1892/2034/2574 1893/2035/2575 1891/2033/2573
f 1891/2033/2573 1890/2032/2572 1892/2034/2574
f 1894/2036/2576 1895/2037/2577 1893/2035/2575
f 1893/2035/2575 1892/2034/2574 1894/2036/2576
f 1896/2038/2578 1897/2039/2579 1895/2037/2577
f 1895/2037/2577 1894/2036/2576 1896/2038/2578
f 1898/2040/2580 1899/2041/2581 1897/2039/2579
f 1897/2039/2579 1896/2038/2578 1898/2040/2580
f 1900/2042/2582 1901/2043/2583 1899/2041/2581
f 1899/2041/2581 1898/2040/2580 1900/2042/2582
f 1902/2044/2584 1903/2045/2585 1901/2043/2583
f 1901/2043/2583 1900/2042/2582 1902/2044/2584
f 1904/2046/2586 1905/2047/2587 1903/2045/2585
f 1903/2045/2585 1902/2044/2584 1904/2046/2586
f 1906/2048/2588 1907/2049/2589 1905/2047/2587
f 1905/2047/2587 1904/2046/2586 1906/2048/2588
f 1908/2050/2590 1909/2051/2591 1907/2049/2589
f 1907/2049/2589 1906/2048/2588 1908/2050/2590
f 1910/2052/2592 1846/1988/2528 1844/1986/2526
f 1844/1986/2526 1891/2033/2573 1910/2052/2592
f 1911/2053/2593 1910/2052/2592 1891/2033/2573
f 1891/2033/2573 1893/2035/2575 1911/2053/2593
f 1912/2054/2594 1911/2053/2593 1893/2035/2575
f 1893/2035/2575 1895/2037/2577 1912/2054/2594
f 1913/2055/2595 1912/2054/2594 1895/2037/2577
f 1895/2037/2577 1897/2039/2579 1913/2055/2595
f 1914/2056/2596 1913/2055/2595 1897/2039/2579
f 1897/2039/2579 1899/2041/2581 1914/2056/2596
f 1915/2057/2597 1914/2056/2596 1899/2041/2581
f 1899/2041/2581 1901/2043/2583 1915/2057/2597
f 1916/2058/2598 1915/2057/2597 1901/2043/2583
f 1901/2043/2583 1903/2045/2585 1916/2058/2598
f 1917/2059/2599 1916/2058/2598 1903/2045/2585
f 1903/2045/2585 1905/2047/2587 1917/2059/2599
f 1918/2060/2600 1917/2059/2599 1905/2047/2587
f 1905/2047/2587 1907/2049/2589 1918/2060/2600
f 1919/2061/2601 1918/2060/2600 1907/2049/2589
f 1907/2049/2589 1909/2051/2591 1919/2061/2601
f 1920/2062/2602 1848/1990/2530 1846/1988/2528
f 1846/1988/2528 1910/2052/2592 1920/2062/2602
f 1921/2063/2603 1920/2062/2602 1910/2052/2592
f 1910/2052/2592 1911/2053/2593 1921/2063/2603
f 1922/2064/2604 1921/2063/2603 1911/2053/2593
f 1911/2053/2593 1912/2054/2594 1922/2064/2604
f 1923/2065/2605 1922/2064/2604 1912/2054/2594
f 1912/2054/2594 1913/2055/2595 1923/2065/2605
f 1924/2066/2606 1923/2065/2605 1913/2055/2595
f 1913/2055/2595 1914/2056/2596 1924/2066/2606
f 1925/2067/2607 1924/2066/2606 1914/2056/2596
f 1914/2056/2596 1915/2057/2597 1925/2067/2607
f 1926/2068/2608 1925/2067/2607 1915/2057/2597
f 1915/2057/2597 1916/2058/2598 1926/2068/2608
f 1927/2069/2609 1926/2068/2608 1916/2058/2598
f 1916/2058/2598 1917/2059/2599 1927/2069/2609
f 1928/2070/2610 1927/2069/2609 1917/2059/2599
f 1917/2059/2599 1918/2060/2600 1928/2070/2610
f 1929/2071/2611 1928/2070/2610 1918/2060/2600
f 1918/2060/2600 1919/2061/2601 1929/2071/2611
f 1930/2072/2612 1889/2031/2571 1931/2073/2613
f 1931/2073/2613 1932/2074/2614 1930/2072/2612
f 1933/2075/2615 1930/2072/2612 1932/2074/2614
f 1932/2074/2614 1934/2076/2616 1933/2075/2615
f 1935/2077/2617 1933/2075/2615 1934/2076/2616
f 1934/2076/2616 1936/2078/2618 1935/2077/2617
f 1937/2079/2619 1935/2077/2617 1936/2078/2618
f 1936/2078/2618 1938/2080/2620 1937/2079/2619
f 1939/2081/2621 1937/2079/2619 1938/2080/2620
f 1938/2080/2620 1940/2082/2622 1939/2081/2621
f 1941/2083/2623 1939/2081/2621 1940/2082/2622
f 1940/2082/2622 1942/2084/2624 1941/2083/2623
f 1943/2085/2625 1941/2083/2623 1942/2084/2624
f 1942/2084/2624 1944/2086/2626 1943/2085/2625
f 1945/2087/2627 1943/2085/2625 1944/2086/2626
f 1944/2086/2626 1946/2088/2628 1945/2087/2627
f 1947/2089/2629 1945/2087/2627 1946/2088/2628
f 1946/2088/2628 1948/2090/2630 1947/2089/2629
f 1949/2091/2631 1823/1965/2504 1889/2031/2571
f 1889/2031/2571 1930/2072/2612 1949/2091/2631
f 1950/2092/2632 1949/2091/2631 1930/2072/2612
f 1930/2072/2612 1933/2075/2615 1950/2092/2632
f 1951/2093/2633 1950/2092/2632 1933/2075/2615
f 1933/2075/2615 1935/2077/2617 1951/2093/2633
f 1952/2094/2634 1951/2093/2633 1935/2077/2617
f 1935/2077/2617 1937/2079/2619 1952/2094/2634
f 1953/2095/2635 1952/2094/2634 1937/2079/2619
f 1937/2079/2619 1939/2081/2621 1953/2095/2635
f 1954/2096/2636 1953/2095/2635 1939/2081/2621
f 1939/2081/2621 1941/2083/2623 1954/2096/2636
f 1955/2097/2637 1954/2096/2636 1941/2083/2623
f 1941/2083/2623 1943/2085/2625 1955/2097/2637
f 1956/2098/2638 1955/2097/2637 1943/2085/2625
f 1943/2085/2625 1945/2087/2627 1956/2098/2638
f 1957/2099/2639 1956/2098/2638 1945/2087/2627
f 1945/2087/2627 1947/2089/2629 1957/2099/2639
f 1888/2030/2570 1958/2100/2640 1843/1985/2525
f 1843/1985/2525 1958/2100/2640 1890/2032/2572
f 1890/2032/2572 1958/2100/2640 1959/2101/2641
f 1959/2101/2641 1960/2102/2642 1892/2034/2574
f 1892/2034/2574 1890/2032/2572 1959/2101/2641
f 1960/2102/2642 1961/2103/2643 1894/2036/2576
f 1894/2036/2576 1892/2034/2574 1960/2102/2642
f 1961/2103/2643 1962/2104/2644 1896/2038/2578
f 1896/2038/2578 1894/2036/2576 1961/2103/2643
f 1962/2104/2644 1963/2105/2645 1898/2040/2580
f 1898/2040/2580 1896/2038/2578 1962/2104/2644
f 1963/2105/2645 1964/2106/2646 1900/2042/2582
f 1900/2042/2582 1898/2040/2580 1963/2105/2645
f 1964/2106/2646 1965/2107/2647 1902/2044/2584
f 1902/2044/2584 1900/2042/2582 1964/2106/2646
f 1966/2108/2648 1904/2046/2586 1967/2109/2649
f 1968/2110/2650 1902/2044/2584 1965/2107/2647
f 1904/2046/2586 1902/2044/2584 1968/2110/2650
f 1966/2108/2648 1969/2111/2651 1906/2048/2588
f 1906/2048/2588 1904/2046/2586 1966/2108/2648
f 1970/2112/2652 1971/2113/2653 1972/2114/2654
f 1972/2114/2654 1973/2115/2655 1970/2112/2652
f 1973/2115/2655 1972/2114/2654 1974/2116/2656
f 1974/2116/2656 1975/2117/2657 1976/2118/2658
f 1976/2118/2658 1973/2115/2655 1974/2116/2656
f 1975/2117/2657 1977/2119/2659 1978/2120/2660
f 1978/2120/2660 1976/2118/2658 1975/2117/2657
f 1977/2119/2659 1979/2121/2661 1980/2122/2662
f 1980/2122/2662 1978/2120/2660 1977/2119/2659
f 1979/2121/2661 1981/2123/2663 1982/2124/2664
f 1982/2124/2664 1980/2122/2662 1979/2121/2661
f 1981/2123/2663 1983/2125/2665 1984/2126/2666
f 1984/2126/2666 1982/2124/2664 1981/2123/2663
f 1983/2125/2665 1985/2127/2667 1986/2128/2668
f 1986/2128/2668 1984/2126/2666 1983/2125/2665
f 1987/2129/2669 1988/2130/2670 1966/2108/2648
f 1904/2046/2586 1968/2110/2650 1967/2109/2649
f 1989/2131/2671 1990/2132/2672 1988/2130/2670
f 1969/2111/2651 1966/2108/2648 1988/2130/2670
f 1991/2133/2673 1908/2050/2590 1906/2048/2588
f 1906/2048/2588 1969/2111/2651 1991/2133/2673
f 1992/2134/2674 1991/2133/2673 1969/2111/2651
f 1969/2111/2651 1990/2132/2672 1992/2134/2674
f 1993/2135/2675 1994/2136/2676 1995/2137/2677
f 1995/2137/2677 1996/2138/2678 1993/2135/2675
f 1996/2138/2678 1997/2139/2679 1998/2140/2680
f 1998/2140/2680 1993/2135/2675 1996/2138/2678
f 1999/2141/2681 2000/2142/2682 2001/2143/2683
f 2001/2143/2683 2002/2144/2684 1999/2141/2681
f 1998/2140/2680 1997/2139/2679 2003/2145/2685
f 2003/2145/2685 2004/2146/2686 1998/2140/2680
f 1997/2139/2679 2005/2147/2687 2006/2148/2688
f 2006/2148/2688 2003/2145/2685 1997/2139/2679
f 2007/2149/2689 2008/2150/2690 2009/2151/2691
f 2009/2151/2691 2010/2152/2692 2007/2149/2689
f 2008/2150/2690 2011/2153/2693 2012/2154/2694
f 2012/2154/2694 2009/2151/2691 2008/2150/2690
f 2011/2153/2693 2013/2155/2695 1995/2137/2677
f 1995/2137/2677 2012/2154/2694 2011/2153/2693
f 2014/2156/2696 1996/2138/2678 1995/2137/2677
f 1995/2137/2677 2013/2155/2695 2014/2156/2696
f 1994/2136/2676 2015/2157/2697 2012/2154/2694
f 2012/2154/2694 1995/2137/2677 1994/2136/2676
f 2015/2157/2697 2016/2158/2698 2009/2151/2691
f 2009/2151/2691 2012/2154/2694 2015/2157/2697
f 2016/2158/2698 2017/2159/2699 2010/2152/2692
f 2010/2152/2692 2009/2151/2691 2016/2158/2698
f 2018/2160/2700 2019/2161/2701 2020/2162/2702
f 2020/2162/2702 2021/2163/2703 2018/2160/2700
f 2021/2163/2703 2020/2162/2702 2022/2164/2704
f 2022/2164/2704 2023/2165/2705 2021/2163/2703
f 2024/2166/2706 2023/2165/2705 2022/2164/2704
f 2022/2164/2704 2025/2167/2707 2024/2166/2706
f 2026/2168/2708 2027/2169/2709 2028/2170/2710
f 2028/2170/2710 2029/2171/2711 2026/2168/2708
f 2025/2167/2707 2029/2171/2711 2028/2170/2710
f 2028/2170/2710 2024/2166/2706 2025/2167/2707
f 2027/2169/2709 2026/2168/2708 2030/2172/2712
f 2030/2172/2712 2000/2142/2682 2027/2169/2709
f 2031/2173/2713 2001/2143/2683 2000/2142/2682
f 2000/2142/2682 2030/2172/2712 2031/2173/2713
f 2030/2172/2712 2004/2146/2686 2032/2174/2714
f 2032/2174/2714 2031/2173/2713 2030/2172/2712
f 2033/2175/2715 2018/2160/2700 2021/2163/2703
f 2021/2163/2703 2034/2176/2716 2033/2175/2715
f 2034/2176/2716 2021/2163/2703 2023/2165/2705
f 2023/2165/2705 2035/2177/2717 2034/2176/2716
f 2035/2177/2717 2023/2165/2705 2024/2166/2706
f 2024/2166/2706 2036/2178/2718 2035/2177/2717
f 2028/2170/2710 2027/2169/2709 2037/2179/2719
f 2037/2179/2719 2038/2180/2720 2028/2170/2710
f 2036/2178/2718 2024/2166/2706 2028/2170/2710
f 2028/2170/2710 2038/2180/2720 2036/2178/2718
f 2037/2179/2719 2027/2169/2709 2000/2142/2682
f 2000/2142/2682 1999/2141/2681 2037/2179/2719
f 2017/2159/2699 2016/2158/2698 2020/2162/2702
f 2020/2162/2702 2019/2161/2701 2017/2159/2699
f 2020/2162/2702 2016/2158/2698 2015/2157/2697
f 2015/2157/2697 2022/2164/2704 2020/2162/2702
f 2025/2167/2707 2022/2164/2704 2015/2157/2697
f 2015/2157/2697 1994/2136/2676 2025/2167/2707
f 1993/2135/2675 1998/2140/2680 2026/2168/2708
f 2026/2168/2708 2029/2171/2711 1993/2135/2675
f 2029/2171/2711 2025/2167/2707 1994/2136/2676
f 1994/2136/2676 1993/2135/2675 2029/2171/2711
f 2026/2168/2708 1998/2140/2680 2004/2146/2686
f 2004/2146/2686 2030/2172/2712 2026/2168/2708
f 2039/2181/2721 2040/2182/2722 2002/2144/2684
f 2002/2144/2684 2001/2143/2683 2039/2181/2721
f 2041/2183/2723 2039/2181/2721 2001/2143/2683
f 2001/2143/2683 2031/2173/2713 2041/2183/2723
f 1977/2119/2659 1975/2117/2657 2041/2183/2723
f 2041/2183/2723 2042/2184/2724 1977/2119/2659
f 2031/2173/2713 2032/2174/2714 2042/2184/2724
f 2042/2184/2724 2041/2183/2723 2031/2173/2713
f 2003/2145/2685 2006/2148/2688 2043/2185/2725
f 2043/2185/2725 2044/2186/2726 2003/2145/2685
f 2040/2182/2722 2039/2181/2721 1974/2116/2656
f 1974/2116/2656 1972/2114/2654 2040/2182/2722
f 2039/2181/2721 2041/2183/2723 1975/2117/2657
f 1975/2117/2657 1974/2116/2656 2039/2181/2721
f 2008/2150/2690 2007/2149/2689 2045/2187/2727
f 2045/2187/2727 2046/2188/2728 2008/2150/2690
f 2011/2153/2693 2008/2150/2690 2046/2188/2728
f 2046/2188/2728 2047/2189/2729 2011/2153/2693
f 2013/2155/2695 2011/2153/2693 2047/2189/2729
f 2047/2189/2729 2048/2190/2730 2013/2155/2695
f 2014/2156/2696 2013/2155/2695 2048/2190/2730
f 2048/2190/2730 2049/2191/2731 2014/2156/2696
f 2049/2191/2731 2050/2192/2732 2005/2147/2687
f 2005/2147/2687 2014/2156/2696 2049/2191/2731
f 2006/2148/2688 2005/2147/2687 2050/2192/2732
f 2050/2192/2732 2051/2193/2733 2006/2148/2688
f 2052/2194/2734 2043/2185/2725 2006/2148/2688
f 2006/2148/2688 2051/2193/2733 2052/2194/2734
f 2046/2188/2728 2045/2187/2727 2053/2195/2735
f 2053/2195/2735 2054/2196/2736 2046/2188/2728
f 2047/2189/2729 2046/2188/2728 2054/2196/2736
f 2054/2196/2736 2055/2197/2737 2047/2189/2729
f 2048/2190/2730 2047/2189/2729 2055/2197/2737
f 2055/2197/2737 2056/2198/2738 2048/2190/2730
f 2056/2198/2738 2057/2199/2739 2049/2191/2731
f 2049/2191/2731 2048/2190/2730 2056/2198/2738
f 2050/2192/2732 2049/2191/2731 2057/2199/2739
f 2057/2199/2739 2058/2200/2740 2050/2192/2732
f 2051/2193/2733 2050/2192/2732 2058/2200/2740
f 2058/2200/2740 2059/2201/2741 2051/2193/2733
f 2060/2202/2742 2052/2194/2734 2051/2193/2733
f 2051/2193/2733 2059/2201/2741 2060/2202/2742
f 2054/2196/2736 2053/2195/2735 2061/2203/2743
f 2061/2203/2743 2062/2204/2744 2054/2196/2736
f 2055/2197/2737 2054/2196/2736 2062/2204/2744
f 2062/2204/2744 2063/2205/2745 2055/2197/2737
f 2056/2198/2738 2055/2197/2737 2063/2205/2745
f 2063/2205/2745 2064/2206/2746 2056/2198/2738
f 2057/2199/2739 2056/2198/2738 2064/2206/2746
f 2064/2206/2746 2065/2207/2747 2057/2199/2739
f 2065/2207/2747 2066/2208/2748 2058/2200/2740
f 2058/2200/2740 2057/2199/2739 2065/2207/2747
f 2059/2201/2741 2058/2200/2740 2066/2208/2748
f 2066/2208/2748 2067/2209/2749 2059/2201/2741
f 2068/2210/2750 2060/2202/2742 2059/2201/2741
f 2059/2201/2741 2067/2209/2749 2068/2210/2750
f 2044/2186/2726 2043/2185/2725 2069/2211/2751
f 2069/2211/2751 2070/2212/2752 2044/2186/2726
f 2043/2185/2725 2052/2194/2734 2071/2213/2753
f 2071/2213/2753 2069/2211/2751 2043/2185/2725
f 2052/2194/2734 2060/2202/2742 2072/2214/2754
f 2072/2214/2754 2071/2213/2753 2052/2194/2734
f 2060/2202/2742 2068/2210/2750 2073/2215/2755
f 2073/2215/2755 2072/2214/2754 2060/2202/2742
f 1979/2121/2661 1977/2119/2659 2042/2184/2724
f 2042/2184/2724 2070/2212/2752 1979/2121/2661
f 2032/2174/2714 2044/2186/2726 2070/2212/2752
f 2070/2212/2752 2042/2184/2724 2032/2174/2714
f 2070/2212/2752 2069/2211/2751 1981/2123/2663
f 1981/2123/2663 1979/2121/2661 2070/2212/2752
f 1983/2125/2665 1981/2123/2663 2069/2211/2751
f 2069/2211/2751 2071/2213/2753 1983/2125/2665
f 1985/2127/2667 1983/2125/2665 2071/2213/2753
f 2071/2213/2753 2072/2214/2754 1985/2127/2667
f 1985/2127/2667 2074/2216/2756 2075/2217/2757
f 1985/2127/2667 2072/2214/2754 2074/2216/2756
f 2072/2214/2754 2073/2215/2755 2074/2216/2756
f 1931/2073/2613 1889/2031/2571 1851/1993/2533
f 1851/1993/2533 1850/1992/2532 1931/2073/2613
f 1823/1965/2504 1949/2091/2631 2076/2218/2758
f 2076/2218/2758 1824/1966/2505 1823/1965/2504
f 1949/2091/2631 1950/2092/2632 2077/2219/2759
f 2077/2219/2759 2076/2218/2758 1949/2091/2631
f 1950/2092/2632 1951/2093/2633 2078/2220/2760
f 2078/2220/2760 2077/2219/2759 1950/2092/2632
f 1951/2093/2633 1952/2094/2634 2079/2221/2761
f 2079/2221/2761 2078/2220/2760 1951/2093/2633
f 1952/2094/2634 1953/2095/2635 2080/2222/2762
f 2080/2222/2762 2079/2221/2761 1952/2094/2634
f 1953/2095/2635 1954/2096/2636 2081/2223/2763
f 2081/2223/2763 2080/2222/2762 1953/2095/2635
f 1954/2096/2636 1955/2097/2637 2082/2224/2764
f 2082/2224/2764 2081/2223/2763 1954/2096/2636
f 1955/2097/2637 1956/2098/2638 2083/2225/2765
f 2083/2225/2765 2082/2224/2764 1955/2097/2637
f 1956/2098/2638 1957/2099/2639 2084/2226/2766
f 2084/2226/2766 2083/2225/2765 1956/2098/2638
f 1824/1966/2505 2076/2218/2758 2085/2227/2767
f 2085/2227/2767 1825/1967/2506 1824/1966/2505
f 2076/2218/2758 2077/2219/2759 2086/2228/2768
f 2086/2228/2768 2085/2227/2767 2076/2218/2758
f 2077/2219/2759 2078/2220/2760 2087/2229/2769
f 2087/2229/2769 2086/2228/2768 2077/2219/2759
f 2078/2220/2760 2079/2221/2761 2088/2230/2770
f 2088/2230/2770 2087/2229/2769 2078/2220/2760
f 2079/2221/2761 2080/2222/2762 2089/2231/2771
f 2089/2231/2771 2088/2230/2770 2079/2221/2761
f 2080/2222/2762 2081/2223/2763 2090/2232/2772
f 2090/2232/2772 2089/2231/2771 2080/2222/2762
f 2081/2223/2763 2082/2224/2764 2091/2233/2773
f 2091/2233/2773 2090/2232/2772 2081/2223/2763
f 2082/2224/2764 2083/2225/2765 2092/2234/2774
f 2092/2234/2774 2091/2233/2773 2082/2224/2764
f 2083/2225/2765 2084/2226/2766 2093/2235/2775
f 2093/2235/2775 2092/2234/2774 2083/2225/2765
f 1825/1967/2506 2085/2227/2767 2094/2236/2776
f 2094/2236/2776 1827/1969/2508 1825/1967/2506
f 2085/2227/2767 2086/2228/2768 2095/2237/2777
f 2095/2237/2777 2094/2236/2776 2085/2227/2767
f 2086/2228/2768 2087/2229/2769 2096/2238/2778
f 2096/2238/2778 2095/2237/2777 2086/2228/2768
f 2087/2229/2769 2088/2230/2770 2097/2239/2779
f 2097/2239/2779 2096/2238/2778 2087/2229/2769
f 2088/2230/2770 2089/2231/2771 2098/2240/2780
f 2098/2240/2780 2097/2239/2779 2088/2230/2770
f 2089/2231/2771 2090/2232/2772 2099/2241/2781
f 2099/2241/2781 2098/2240/2780 2089/2231/2771
f 2090/2232/2772 2091/2233/2773 2100/2242/2782
f 2100/2242/2782 2099/2241/2781 2090/2232/2772
f 2091/2233/2773 2092/2234/2774 2101/2243/2783
f 2101/2243/2783 2100/2242/2782 2091/2233/2773
f 2092/2234/2774 2093/2235/2775 2102/2244/2784
f 2102/2244/2784 2101/2243/2783 2092/2234/2774
f 1827/1969/2508 2094/2236/2776 2103/2245/2785
f 2103/2245/2785 1829/1971/2510 1827/1969/2508
f 2094/2236/2776 2095/2237/2777 2104/2246/2786
f 2104/2246/2786 2103/2245/2785 2094/2236/2776
f 2095/2237/2777 2096/2238/2778 2105/2247/2787
f 2105/2247/2787 2104/2246/2786 2095/2237/2777
f 2096/2238/2778 2097/2239/2779 2106/2248/2788
f 2106/2248/2788 2105/2247/2787 2096/2238/2778
f 2097/2239/2779 2098/2240/2780 2107/2249/2789
f 2107/2249/2789 2106/2248/2788 2097/2239/2779
f 2098/2240/2780 2099/2241/2781 2108/2250/2790
f 2108/2250/2790 2107/2249/2789 2098/2240/2780
f 2099/2241/2781 2100/2242/2782 2109/2251/2791
f 2109/2251/2791 2108/2250/2790 2099/2241/2781
f 2100/2242/2782 2101/2243/2783 2110/2252/2792
f 2110/2252/2792 2109/2251/2791 2100/2242/2782
f 2101/2243/2783 2102/2244/2784 2111/2253/2793
f 2111/2253/2793 2110/2252/2792 2101/2243/2783
f 2019/2254/2701 2112/2255/2794 2113/2256/2795
f 2113/2256/2795 2017/2257/2699 2019/2254/2701
f 2114/2258/2796 2112/2259/2794 2019/2161/2701
f 2019/2161/2701 2018/2160/2700 2114/2258/2796
f 2115/2260/2797 2038/2180/2720 2037/2179/2719
f 2037/2179/2719 2116/2261/2798 2115/2260/2797
f 2117/2262/2799 2034/2176/2716 2035/2177/2717
f 2035/2177/2717 2118/2263/2800 2117/2262/2799
f 2119/2264/2801 2033/2175/2715 2034/2176/2716
f 2034/2176/2716 2117/2262/2799 2119/2264/2801
f 2018/2160/2700 2033/2175/2715 2120/2265/2802
f 2120/2265/2802 2114/2258/2796 2018/2160/2700
f 2010/2266/2692 2017/2257/2699 2113/2256/2795
f 2113/2256/2795 2121/2267/2803 2010/2266/2692
f 2122/2268/2804 2123/2269/2805 2124/2270/2806
f 2124/2270/2806 2123/2269/2805 2125/2271/2807
f 2125/2271/2807 2123/2269/2805 2126/2272/2808
f 2127/2273/2809 2128/2274/2810 2121/2267/2803
f 2121/2267/2803 2113/2256/2795 2127/2273/2809
f 2113/2256/2795 2112/2255/2794 2129/2275/2811
f 2129/2275/2811 2127/2273/2809 2113/2256/2795
f 2114/2276/2796 2130/2277/2812 2129/2275/2811
f 2129/2275/2811 2112/2255/2794 2114/2276/2796
f 2114/2276/2796 2120/2278/2802 2131/2279/2813
f 2131/2279/2813 2130/2277/2812 2114/2276/2796
f 2132/2280/2814 1832/2281/2513 1831/2282/2512
f 1831/2282/2512 2133/2283/2815 2132/2280/2814
f 2126/2272/2808 2134/2284/2816 2135/2285/2817
f 2134/2284/2816 2126/2272/2808 2130/2277/2812
f 2130/2277/2812 2131/2279/2813 2134/2284/2816
f 2126/2272/2808 2123/2269/2805 2129/2275/2811
f 2129/2275/2811 2130/2277/2812 2126/2272/2808
f 2123/2269/2805 2136/2286/2818 2127/2273/2809
f 2127/2273/2809 2129/2275/2811 2123/2269/2805
f 2136/2286/2818 2137/2287/2819 2128/2274/2810
f 2128/2274/2810 2127/2273/2809 2136/2286/2818
f 2137/2287/2819 2138/2288/2820 2139/2289/2821
f 2139/2289/2821 2128/2274/2810 2137/2287/2819
f 2122/2268/2804 2140/2290/2822 2136/2286/2818
f 2136/2286/2818 2123/2269/2805 2122/2268/2804
f 2140/2290/2822 2141/2291/2823 2137/2287/2819
f 2137/2287/2819 2136/2286/2818 2140/2290/2822
f 2141/2291/2823 2142/2292/2824 2138/2288/2820
f 2138/2288/2820 2137/2287/2819 2141/2291/2823
f 2036/2178/2718 2143/2293/2825 2118/2263/2800
f 2118/2263/2800 2035/2177/2717 2036/2178/2718
f 2121/2267/2803 2144/2294/2826 2007/2295/2689
f 2007/2295/2689 2010/2266/2692 2121/2267/2803
f 2139/2289/2821 2144/2294/2826 2121/2267/2803
f 2121/2267/2803 2128/2274/2810 2139/2289/2821
f 2045/2296/2727 2007/2295/2689 2144/2294/2826
f 2144/2294/2826 2145/2297/2827 2045/2296/2727
f 2053/2298/2735 2045/2296/2727 2145/2297/2827
f 2145/2297/2827 2146/2299/2828 2053/2298/2735
f 2061/2300/2743 2053/2298/2735 2146/2299/2828
f 2146/2299/2828 2147/2301/2829 2061/2300/2743
f 2145/2297/2827 2144/2294/2826 2139/2289/2821
f 2139/2289/2821 2148/2302/2830 2145/2297/2827
f 2146/2299/2828 2145/2297/2827 2148/2302/2830
f 2148/2302/2830 2149/2303/2831 2146/2299/2828
f 2147/2301/2829 2146/2299/2828 2149/2303/2831
f 2149/2303/2831 2150/2304/2832 2147/2301/2829
f 2148/2302/2830 2139/2289/2821 2138/2288/2820
f 2138/2288/2820 2151/2305/2833 2148/2302/2830
f 2149/2303/2831 2148/2302/2830 2151/2305/2833
f 2151/2305/2833 2152/2306/2834 2149/2303/2831
f 2150/2304/2832 2149/2303/2831 2152/2306/2834
f 2152/2306/2834 2153/2307/2835 2150/2304/2832
f 2151/2305/2833 2138/2288/2820 2142/2292/2824
f 2142/2292/2824 2154/2308/2836 2151/2305/2833
f 2152/2306/2834 2151/2305/2833 2154/2308/2836
f 2154/2308/2836 2155/2309/2837 2152/2306/2834
f 2156/2310/2838 2153/2307/2835 2157/2311/2839
f 2157/2311/2839 2153/2307/2835 2158/2312/2840
f 2153/2307/2835 2152/2306/2834 2155/2309/2837
f 2155/2309/2837 2158/2312/2840 2153/2307/2835
f 2159/2313/2841 2160/2314/2842 2161/2315/2843
f 2162/2316/2844 2163/2317/2845 2164/2318/2846
f 2163/2317/2845 2161/2315/2843 2164/2318/2846
f 2161/2315/2843 2160/2314/2842 2164/2318/2846
f 2161/2315/2843 2163/2317/2845 2165/2319/2847
f 2165/2319/2847 2166/2320/2848 2161/2315/2843
f 2166/2320/2848 2165/2319/2847 2167/2321/2849
f 2167/2321/2849 2168/2322/2850 2166/2320/2848
f 2168/2322/2850 2167/2321/2849 2169/2323/2851
f 2169/2323/2851 2170/2324/2852 2168/2322/2850
f 2170/2324/2852 2169/2323/2851 2108/2250/2790
f 2108/2250/2790 2109/2251/2791 2170/2324/2852
f 2163/2317/2845 2162/2316/2844 2171/2325/2853
f 2171/2325/2853 2172/2326/2854 2163/2317/2845
f 2165/2319/2847 2163/2317/2845 2172/2326/2854
f 2172/2326/2854 2173/2327/2855 2165/2319/2847
f 2167/2321/2849 2165/2319/2847 2173/2327/2855
f 2173/2327/2855 2174/2328/2856 2167/2321/2849
f 2169/2323/2851 2167/2321/2849 2174/2328/2856
f 2174/2328/2856 2175/2329/2857 2169/2323/2851
f 2108/2250/2790 2169/2323/2851 2175/2329/2857
f 2175/2329/2857 2107/2249/2789 2108/2250/2790
f 2172/2326/2854 2171/2325/2853 2176/2330/2858
f 2176/2330/2858 2177/2331/2859 2172/2326/2854
f 2173/2327/2855 2172/2326/2854 2177/2331/2859
f 2177/2331/2859 2178/2332/2860 2173/2327/2855
f 2174/2328/2856 2173/2327/2855 2178/2332/2860
f 2178/2332/2860 2179/2333/2861 2174/2328/2856
f 2175/2329/2857 2174/2328/2856 2179/2333/2861
f 2179/2333/2861 2180/2334/2862 2175/2329/2857
f 2107/2249/2789 2175/2329/2857 2180/2334/2862
f 2180/2334/2862 2106/2248/2788 2107/2249/2789
f 2177/2331/2859 2176/2330/2858 2181/2335/2863
f 2181/2335/2863 2182/2336/2864 2177/2331/2859
f 2178/2332/2860 2177/2331/2859 2182/2336/2864
f 2182/2336/2864 2183/2337/2865 2178/2332/2860
f 2179/2333/2861 2178/2332/2860 2183/2337/2865
f 2183/2337/2865 2184/2338/2866 2179/2333/2861
f 2180/2334/2862 2179/2333/2861 2184/2338/2866
f 2184/2338/2866 2185/2339/2867 2180/2334/2862
f 2106/2248/2788 2180/2334/2862 2185/2339/2867
f 2185/2339/2867 2105/2247/2787 2106/2248/2788
f 2182/2336/2864 2181/2335/2863 2186/2340/2868
f 2186/2340/2868 2187/2341/2869 2182/2336/2864
f 2183/2337/2865 2182/2336/2864 2187/2341/2869
f 2187/2341/2869 2188/2342/2870 2183/2337/2865
f 2184/2338/2866 2183/2337/2865 2188/2342/2870
f 2188/2342/2870 2189/2343/2871 2184/2338/2866
f 2185/2339/2867 2184/2338/2866 2189/2343/2871
f 2189/2343/2871 2190/2344/2872 2185/2339/2867
f 2105/2247/2787 2185/2339/2867 2190/2344/2872
f 2190/2344/2872 2104/2246/2786 2105/2247/2787
f 2187/2341/2869 2186/2340/2868 2191/2345/2873
f 2191/2345/2873 2192/2346/2874 2187/2341/2869
f 2188/2342/2870 2187/2341/2869 2192/2346/2874
f 2192/2346/2874 2193/2347/2875 2188/2342/2870
f 2189/2343/2871 2188/2342/2870 2193/2347/2875
f 2193/2347/2875 2194/2348/2876 2189/2343/2871
f 2190/2344/2872 2189/2343/2871 2194/2348/2876
f 2194/2348/2876 2195/2349/2877 2190/2344/2872
f 2104/2246/2786 2190/2344/2872 2195/2349/2877
f 2195/2349/2877 2103/2245/2785 2104/2246/2786
f 2192/2346/2874 2196/2350/2878 2197/2351/2879
f 2197/2351/2879 2198/2352/2880 2192/2346/2874
f 2196/2350/2878 2192/2346/2874 2191/2345/2873
f 2193/2347/2875 2192/2346/2874 2198/2352/2880
f 2198/2352/2880 1837/1979/2519 2193/2347/2875
f 2194/2348/2876 2193/2347/2875 1837/1979/2519
f 1837/1979/2519 1836/1978/2518 2194/2348/2876
f 2195/2349/2877 2194/2348/2876 1836/1978/2518
f 1836/1978/2518 1840/1982/2522 2195/2349/2877
f 2103/2245/2785 2195/2349/2877 1840/1982/2522
f 1840/1982/2522 1829/1971/2510 2103/2245/2785
f 1837/1979/2519 2198/2352/2880 1859/2001/2541
f 1859/2001/2541 1838/1980/2520 1837/1979/2519
f 2199/2353/2881 2120/2265/2802 2033/2175/2715
f 2033/2175/2715 2119/2264/2801 2199/2353/2881
f 2200/2354/2882 1999/2141/2681 2002/2144/2684
f 2002/2144/2684 2201/2355/2883 2200/2354/2882
f 2116/2261/2798 2037/2179/2719 1999/2141/2681
f 1999/2141/2681 2200/2354/2882 2116/2261/2798
f 2202/2356/2884 2002/2144/2684 2040/2182/2722
f 2002/2144/2684 2203/2357/2885 2201/2355/2883
f 2204/2358/2886 1972/2114/2654 2205/2359/2887
f 2204/2358/2886 2202/2356/2884 2040/2182/2722
f 2040/2182/2722 1972/2114/2654 2204/2358/2886
f 2131/2279/2813 2120/2278/2802 2199/2360/2881
f 2199/2360/2881 2206/2361/2888 2131/2279/2813
f 2131/2279/2813 2206/2361/2888 2207/2362/2889
f 2207/2362/2889 2134/2284/2816 2131/2279/2813
f 1834/1976/2515 1876/2018/2558 2208/2363/2890
f 2038/2180/2720 2115/2260/2797 2143/2293/2825
f 2143/2293/2825 2036/2178/2718 2038/2180/2720
f 2014/2156/2696 2005/2147/2687 1997/2139/2679
f 1997/2139/2679 1996/2138/2678 2014/2156/2696
f 2044/2186/2726 2032/2174/2714 2004/2146/2686
f 2004/2146/2686 2003/2145/2685 2044/2186/2726
f 2209/2364/2891 2210/2365/2892 2211/2366/2893
f 2211/2366/2893 2212/2367/2894 2209/2364/2891
f 2213/2368/2895 2214/2369/2896 2062/2204/2744
f 2062/2204/2744 2061/2203/2743 2213/2368/2895
f 2212/2367/2894 2215/2370/2897 2216/2371/2898
f 2216/2371/2898 2209/2364/2891 2212/2367/2894
f 2063/2205/2745 2062/2204/2744 2214/2369/2896
f 2214/2369/2896 2217/2372/2899 2063/2205/2745
f 2218/2373/2900 2216/2371/2898 2215/2370/2897
f 2215/2370/2897 2219/2374/2901 2218/2373/2900
f 2217/2372/2899 2220/2375/2902 2064/2206/2746
f 2064/2206/2746 2063/2205/2745 2217/2372/2899
f 2221/2376/2903 2222/2377/2904 2223/2378/2905
f 2223/2378/2905 2224/2379/2906 2221/2376/2903
f 2225/2380/2907 2226/2381/2908 2066/2208/2748
f 2066/2208/2748 2065/2207/2747 2225/2380/2907
f 2224/2379/2906 2227/2382/2909 2228/2383/2910
f 2228/2383/2910 2221/2376/2903 2224/2379/2906
f 2067/2209/2749 2066/2208/2748 2226/2381/2908
f 2226/2381/2908 2229/2384/2911 2067/2209/2749
f 2228/2383/2910 2227/2382/2909 2230/2385/2912
f 2230/2385/2912 2231/2386/2913 2228/2383/2910
f 2232/2387/2914 2068/2210/2750 2067/2209/2749
f 2067/2209/2749 2229/2384/2911 2232/2387/2914
f 2068/2210/2750 2232/2387/2914 2233/2388/2915
f 2233/2388/2915 2073/2215/2755 2068/2210/2750
f 2234/2389/2916 2235/2390/2917 2231/2386/2913
f 2231/2386/2913 2230/2385/2912 2234/2389/2916
f 1990/2132/2672 2236/2391/2918 2237/2392/2919
f 1989/2131/2671 2236/2391/2918 1990/2132/2672
f 2238/2393/2920 2211/2394/2893 2210/2395/2892
f 2210/2395/2892 2239/2396/2921 2238/2393/2920
f 2061/2300/2743 2147/2301/2829 2240/2397/2922
f 2240/2397/2922 2213/2398/2895 2061/2300/2743
f 2239/2396/2921 2241/2399/2923 2242/2400/2924
f 2242/2400/2924 2238/2393/2920 2239/2396/2921
f 2243/2401/2925 2240/2397/2922 2147/2301/2829
f 2147/2301/2829 2150/2304/2832 2243/2401/2925
f 2244/2402/2926 2242/2400/2924 2241/2399/2923
f 2241/2399/2923 2245/2403/2927 2244/2402/2926
f 2150/2304/2832 2153/2307/2835 2246/2404/2928
f 2246/2404/2928 2243/2401/2925 2150/2304/2832
f 2247/2405/2929 2248/2406/2930 2249/2407/2931
f 2245/2403/2927 2249/2407/2931 2248/2406/2930
f 2248/2406/2930 2244/2402/2926 2245/2403/2927
f 2156/2310/2838 2250/2408/2932 2153/2307/2835
f 2246/2404/2928 2153/2307/2835 2250/2408/2932
f 2159/2313/2841 2161/2315/2843 2251/2409/2933
f 2251/2409/2933 2248/2406/2930 2159/2313/2841
f 2159/2313/2841 2248/2406/2930 2247/2405/2929
f 2252/2410/2934 2251/2409/2933 2161/2315/2843
f 2161/2315/2843 2166/2320/2848 2252/2410/2934
f 2253/2411/2935 2252/2410/2934 2166/2320/2848
f 2166/2320/2848 2168/2322/2850 2253/2411/2935
f 2254/2412/2936 2253/2411/2935 2168/2322/2850
f 2168/2322/2850 2170/2324/2852 2254/2412/2936
f 2110/2252/2792 2254/2412/2936 2170/2324/2852
f 2170/2324/2852 2109/2251/2791 2110/2252/2792
f 2219/2374/2901 2223/2378/2905 2222/2377/2904
f 2222/2377/2904 2218/2373/2900 2219/2374/2901
f 2065/2207/2747 2064/2206/2746 2220/2375/2902
f 2220/2375/2902 2225/2380/2907 2065/2207/2747
f 2255/2413/2937 2256/2414/2938 2212/2367/2894
f 2212/2367/2894 2211/2366/2893 2255/2413/2937
f 2256/2414/2938 2257/2415/2939 2215/2370/2897
f 2215/2370/2897 2212/2367/2894 2256/2414/2938
f 2257/2415/2939 2258/2416/2940 2219/2374/2901
f 2219/2374/2901 2215/2370/2897 2257/2415/2939
f 2259/2417/2941 2260/2418/2942 2224/2379/2906
f 2224/2379/2906 2223/2378/2905 2259/2417/2941
f 2260/2418/2942 2261/2419/2943 2227/2382/2909
f 2227/2382/2909 2224/2379/2906 2260/2418/2942
f 2227/2382/2909 2261/2419/2943 2230/2385/2912
f 2262/2420/2944 2230/2385/2912 2261/2419/2943
f 2263/2421/2945 2264/2422/2946 2265/2423/2947
f 2265/2423/2947 2266/2424/2948 2263/2421/2945
f 2264/2422/2946 2263/2421/2945 2267/2425/2949
f 2268/2426/2950 2230/2385/2912 2262/2420/2944
f 2269/2427/2951 2266/2424/2948 2268/2426/2950
f 2268/2426/2950 2262/2420/2944 2269/2427/2951
f 2270/2428/2952 2255/2429/2937 2211/2394/2893
f 2211/2394/2893 2238/2393/2920 2270/2428/2952
f 2271/2430/2953 2270/2428/2952 2238/2393/2920
f 2238/2393/2920 2242/2400/2924 2271/2430/2953
f 2272/2431/2954 2271/2430/2953 2242/2400/2924
f 2242/2400/2924 2244/2402/2926 2272/2431/2954
f 2273/2432/2955 2272/2431/2954 2244/2402/2926
f 2244/2402/2926 2248/2406/2930 2273/2432/2955
f 2274/2433/2956 2273/2432/2955 2248/2406/2930
f 2248/2406/2930 2251/2409/2933 2274/2433/2956
f 2275/2434/2957 2274/2433/2956 2251/2409/2933
f 2251/2409/2933 2252/2410/2934 2275/2434/2957
f 2276/2435/2958 2275/2434/2957 2252/2410/2934
f 2252/2410/2934 2253/2411/2935 2276/2435/2958
f 2277/2436/2959 2278/2437/2960 2253/2411/2935
f 2279/2438/2961 2280/2439/2962 2254/2412/2936
f 2258/2416/2940 2259/2417/2941 2223/2378/2905
f 2223/2378/2905 2219/2374/2901 2258/2416/2940
f 2281/2440/2963 2282/2441/2964 2256/2414/2938
f 2256/2414/2938 2255/2413/2937 2281/2440/2963
f 2282/2441/2964 2283/2442/2965 2257/2415/2939
f 2257/2415/2939 2256/2414/2938 2282/2441/2964
f 2283/2442/2965 2284/2443/2966 2258/2416/2940
f 2258/2416/2940 2257/2415/2939 2283/2442/2965
f 2285/2444/2967 2286/2445/2968 2260/2418/2942
f 2260/2418/2942 2259/2417/2941 2285/2444/2967
f 2286/2445/2968 2287/2446/2969 2261/2419/2943
f 2261/2419/2943 2260/2418/2942 2286/2445/2968
f 2288/2447/2970 2289/2448/2971 2290/2449/2972
f 2261/2419/2943 2291/2450/2973 2262/2420/2944
f 2292/2451/2974 2293/2452/2975 1992/2134/2674
f 2294/2453/2976 2281/2454/2963 2255/2429/2937
f 2255/2429/2937 2270/2428/2952 2294/2453/2976
f 2295/2455/2977 2294/2453/2976 2270/2428/2952
f 2270/2428/2952 2271/2430/2953 2295/2455/2977
f 2296/2456/2978 2295/2455/2977 2271/2430/2953
f 2271/2430/2953 2272/2431/2954 2296/2456/2978
f 2297/2457/2979 2296/2456/2978 2272/2431/2954
f 2272/2431/2954 2273/2432/2955 2297/2457/2979
f 2298/2458/2980 2297/2457/2979 2273/2432/2955
f 2273/2432/2955 2274/2433/2956 2298/2458/2980
f 2299/2459/2981 2298/2458/2980 2274/2433/2956
f 2274/2433/2956 2275/2434/2957 2299/2459/2981
f 2300/2460/2982 2299/2459/2981 2275/2434/2957
f 2275/2434/2957 2276/2435/2958 2300/2460/2982
f 2284/2443/2966 2285/2444/2967 2259/2417/2941
f 2259/2417/2941 2258/2416/2940 2284/2443/2966
f 2301/2461/2983 2302/2462/2984 2282/2441/2964
f 2282/2441/2964 2281/2440/2963 2301/2461/2983
f 2302/2462/2984 2303/2463/2985 2283/2442/2965
f 2283/2442/2965 2282/2441/2964 2302/2462/2984
f 2303/2463/2985 2304/2464/2986 2284/2443/2966
f 2284/2443/2966 2283/2442/2965 2303/2463/2985
f 2305/2465/2987 2306/2466/2988 2286/2445/2968
f 2286/2445/2968 2285/2444/2967 2305/2465/2987
f 2306/2466/2988 2307/2467/2989 2287/2446/2969
f 2287/2446/2969 2286/2445/2968 2306/2466/2988
f 2308/2468/2990 2309/2469/2991 2288/2447/2970
f 2290/2449/2972 2287/2446/2969 2307/2467/2989
f 2310/2470/2992 2308/2468/2990 2311/2471/2993
f 2290/2449/2972 2311/2471/2993 2308/2468/2990
f 2312/2472/2994 2313/2473/2995 2314/2474/2996
f 2308/2468/2990 2288/2447/2970 2290/2449/2972
f 2310/2470/2992 2315/2475/2997 2313/2473/2995
f 2313/2473/2995 2316/2476/2998 2310/2470/2992
f 2313/2473/2995 2312/2472/2994 2316/2476/2998
f 2314/2474/2996 2313/2473/2995 2317/2477/2999
f 2318/2478/3000 2301/2479/2983 2281/2454/2963
f 2281/2454/2963 2294/2453/2976 2318/2478/3000
f 2319/2480/3001 2318/2478/3000 2294/2453/2976
f 2294/2453/2976 2295/2455/2977 2319/2480/3001
f 2320/2481/3002 2319/2480/3001 2295/2455/2977
f 2295/2455/2977 2296/2456/2978 2320/2481/3002
f 2321/2482/3003 2320/2481/3002 2296/2456/2978
f 2296/2456/2978 2297/2457/2979 2321/2482/3003
f 2322/2483/3004 2321/2482/3003 2297/2457/2979
f 2297/2457/2979 2298/2458/2980 2322/2483/3004
f 2323/2484/3005 2322/2483/3004 2298/2458/2980
f 2298/2458/2980 2299/2459/2981 2323/2484/3005
f 2324/2485/3006 2323/2484/3005 2299/2459/2981
f 2299/2459/2981 2300/2460/2982 2324/2485/3006
f 2325/2486/3007 2324/2485/3006 2300/2460/2982
f 2300/2460/2982 2326/2487/3008 2325/2486/3007
f 2325/2486/3007 2327/2488/3009 2328/2489/3010
f 2329/2490/3011 2328/2489/3010 2327/2488/3009
f 2304/2464/2986 2305/2465/2987 2285/2444/2967
f 2285/2444/2967 2284/2443/2966 2304/2464/2986
f 1948/2090/2630 2330/2491/3012 2331/2492/3013
f 2331/2492/3013 1947/2089/2629 1948/2090/2630
f 1947/2089/2629 2331/2492/3013 2332/2493/3014
f 2332/2493/3014 1957/2099/2639 1947/2089/2629
f 1957/2099/2639 2332/2493/3014 2333/2494/3015
f 2333/2494/3015 2084/2226/2766 1957/2099/2639
f 2093/2235/2775 2084/2226/2766 2334/2495/3016
f 2333/2494/3015 2334/2495/3016 2084/2226/2766
f 2335/2496/3017 2334/2495/3016 2336/2497/3018
f 2336/2497/3018 2337/2498/3019 2335/2496/3017
f 2093/2235/2775 2334/2495/3016 2335/2496/3017
f 2337/2498/3019 2336/2497/3018 2338/2499/3020
f 2338/2499/3020 2339/2500/3021 2337/2498/3019
f 2339/2500/3021 2338/2499/3020 2340/2501/3022
f 2340/2501/3022 2341/2502/3023 2339/2500/3021
f 2341/2502/3023 2340/2501/3022 2342/2503/3024
f 2342/2503/3024 2343/2504/3025 2341/2502/3023
f 2343/2504/3025 2342/2503/3024 2344/2505/3026
f 2344/2505/3026 2345/2506/3027 2343/2504/3025
f 2345/2506/3027 2344/2505/3026 2346/2507/3028
f 2346/2507/3028 2347/2508/3029 2345/2506/3027
f 2347/2508/3029 2346/2507/3028 2348/2509/3030
f 2348/2509/3030 2349/2510/3031 2347/2508/3029
f 2349/2510/3031 2348/2509/3030 2350/2511/3032
f 2350/2511/3032 2351/2512/3033 2349/2510/3031
f 2352/2513/3034 2353/2514/3035 2354/2515/3036
f 2354/2515/3036 2355/2516/3037 2352/2513/3034
f 2355/2516/3037 2354/2515/3036 2356/2517/3038
f 2356/2517/3038 2357/2518/3039 2355/2516/3037
f 2357/2518/3039 2356/2517/3038 2358/2519/3040
f 2358/2519/3040 2359/2520/3041 2357/2518/3039
f 2359/2520/3041 2358/2519/3040 2360/2521/3042
f 2360/2521/3042 2361/2522/3043 2359/2520/3041
f 2361/2522/3043 2360/2521/3042 2362/2523/3044
f 2362/2523/3044 2363/2524/3045 2361/2522/3043
f 2363/2524/3045 2362/2523/3044 2364/2525/3046
f 2364/2525/3046 2365/2526/3047 2363/2524/3045
f 2365/2526/3047 2364/2525/3046 2366/2527/3048
f 2366/2527/3048 2367/2528/3049 2365/2526/3047
f 2367/2528/3049 2366/2527/3048 2368/2529/3050
f 2368/2529/3050 2369/2530/3051 2367/2528/3049
f 1991/2133/2673 2368/2529/3050 2370/2531/3052
f 2370/2531/3052 1908/2050/2590 1991/2133/2673
f 1908/2050/2590 2370/2531/3052 2371/2532/3053
f 2371/2532/3053 1909/2051/2591 1908/2050/2590
f 1909/2051/2591 2371/2532/3053 2372/2533/3054
f 2372/2533/3054 1919/2061/2601 1909/2051/2591
f 1919/2061/2601 2372/2533/3054 2373/2534/3055
f 2373/2534/3055 1929/2071/2611 1919/2061/2601
f 2368/2529/3050 1991/2133/2673 2369/2530/3051
f 2317/2477/2999 2363/2524/3045 2365/2526/3047
f 2317/2477/2999 2365/2526/3047 2293/2452/2975
f 2367/2528/3049 2293/2452/2975 2365/2526/3047
f 2367/2528/3049 2369/2530/3051 1992/2134/2674
f 1992/2134/2674 2369/2530/3051 1991/2133/2673
f 2374/2535/3056 2341/2502/3023 2343/2504/3025
f 2343/2504/3025 2375/2536/3057 2374/2535/3056
f 2375/2536/3057 2328/2489/3010 2376/2537/3058
f 2376/2537/3058 2374/2535/3056 2375/2536/3057
f 2377/2538/3059 2374/2535/3056 2378/2539/3060
f 2376/2537/3058 2379/2540/3061 2374/2535/3056
f 2337/2498/3019 2339/2500/3021 2374/2535/3056
f 2341/2502/3023 2374/2535/3056 2339/2500/3021
f 2380/2541/3062 2381/2542/3063 2132/2280/2814
f 2132/2280/2814 2133/2283/2815 2380/2541/3062
f 1885/2027/2567 2382/2543/3064 2383/2544/3065
f 2383/2544/3065 1886/2028/2568 1885/2027/2567
f 2384/2545/3066 2385/2546/3067 2386/2547/3068
f 2386/2547/3068 2387/2548/3069 2384/2545/3066
f 2382/2543/3064 2385/2546/3067 2384/2545/3066
f 2384/2545/3066 2383/2544/3065 2382/2543/3064
f 2381/2542/3063 2380/2541/3062 2387/2548/3069
f 2387/2548/3069 2386/2547/3068 2381/2542/3063
f 1884/2026/2566 1883/2025/2565 2388/2549/3070
f 1864/2006/2546 2388/2549/3070 1865/2007/2547
f 1883/2025/2565 1865/2007/2547 2388/2549/3070
f 1972/2114/2654 2389/2550/3071 2205/2359/2887
f 1859/2001/2541 2390/2551/3072 1875/2017/2557
f 1875/2017/2557 1860/2002/2542 1859/2001/2541
f 1875/2017/2557 1874/2016/2556 2391/2552/3073
f 2391/2552/3073 1860/2002/2542 1875/2017/2557
f 1869/2011/2551 1860/2002/2542 2391/2552/3073
f 2125/2271/2807 2126/2272/2808 2392/2553/3074
f 2392/2553/3074 2126/2272/2808 2393/2554/3075
f 2393/2554/3075 2126/2272/2808 2135/2285/2817
f 2390/2551/3072 2394/2555/3076 2395/2556/3077
f 2198/2352/2880 2396/2557/3078 2390/2551/3072
f 2390/2551/3072 1859/2001/2541 2198/2352/2880
f 2397/2558/3079 1876/2018/2558 2395/2556/3077
f 2395/2556/3077 1876/2018/2558 2390/2551/3072
f 2390/2551/3072 1876/2018/2558 1875/2017/2557
f 2093/2235/2775 2335/2496/3017 2102/2244/2784
f 2337/2498/3019 2102/2244/2784 2335/2496/3017
f 2377/2538/3059 2337/2498/3019 2374/2535/3056
f 2367/2528/3049 1992/2134/2674 2293/2452/2975
f 2307/2467/2989 2311/2471/2993 2290/2449/2972
f 1985/2127/2667 2075/2217/2757 2398/2559/3080
f 2399/2560/3081 1986/2128/2668 1985/2127/2667
f 1985/2127/2667 2398/2559/3080 2400/2561/3082
f 1967/2109/2649 1987/2129/2669 1966/2108/2648
f 2343/2504/3025 2345/2506/3027 2375/2536/3057
f 2345/2506/3027 2401/2562/3083 2375/2536/3057
f 2401/2562/3083 2328/2489/3010 2375/2536/3057
f 2402/2563/3084 2403/2564/3085 2345/2506/3027
f 2401/2562/3083 2345/2506/3027 2403/2564/3085
f 2401/2562/3083 2403/2564/3085 2328/2489/3010
f 2345/2506/3027 2347/2508/3029 2402/2563/3084
f 2363/2524/3045 2317/2477/2999 2313/2473/2995
f 2313/2473/2995 2361/2522/3043 2363/2524/3045
f 2359/2520/3041 2361/2522/3043 2313/2473/2995
f 2313/2473/2995 2315/2475/2997 2359/2520/3041
f 2404/2565/3086 2405/2566/3087 2406/2567/3088
f 2406/2567/3088 2407/2568/3089 2404/2565/3086
f 2407/2568/3089 2406/2567/3088 2408/2569/3090
f 2408/2569/3090 2409/2570/3091 2407/2568/3089
f 2409/2570/3091 2408/2569/3090 2410/2571/3092
f 2410/2571/3092 2411/2572/3093 2409/2570/3091
f 2411/2572/3093 2410/2571/3092 2412/2573/3094
f 2412/2573/3094 2413/2574/3095 2411/2572/3093
f 2413/2574/3095 2412/2573/3094 2414/2575/3096
f 2414/2575/3096 2415/2576/3097 2413/2574/3095
f 2415/2576/3097 2414/2575/3096 2416/2577/3098
f 2416/2577/3098 2417/2578/3099 2415/2576/3097
f 2417/2578/3099 2416/2577/3098 2418/2579/3100
f 2418/2579/3100 2419/2580/3101 2417/2578/3099
f 2419/2580/3101 2418/2579/3100 2420/2581/3102
f 2420/2581/3102 2421/2582/3103 2419/2580/3101
f 2421/2582/3103 2420/2581/3102 2422/2583/3104
f 2422/2583/3104 2423/2584/3105 2421/2582/3103
f 2423/2584/3105 2422/2583/3104 2424/2585/3106
f 2424/2585/3106 2425/2586/3107 2423/2584/3105
f 2425/2586/3107 2424/2585/3106 2426/2587/3108
f 2426/2587/3108 2427/2588/3109 2425/2586/3107
f 2427/2588/3109 2426/2587/3108 2428/2589/3110
f 2428/2589/3110 2429/2590/3111 2427/2588/3109
f 2405/2566/3087 1849/1991/3112 1848/1990/3113
f 1848/1990/3113 2406/2567/3088 2405/2566/3087
f 2407/2568/3089 1850/1992/3114 1853/1995/3115
f 1853/1995/3115 2404/2565/3086 2407/2568/3089
f 2406/2567/3088 1848/1990/3113 1920/2062/3116
f 1920/2062/3116 2408/2569/3090 2406/2567/3088
f 2408/2569/3090 1920/2062/3116 1921/2063/3117
f 1921/2063/3117 2410/2571/3092 2408/2569/3090
f 2410/2571/3092 1921/2063/3117 1922/2064/3118
f 1922/2064/3118 2412/2573/3094 2410/2571/3092
f 2412/2573/3094 1922/2064/3118 1923/2065/3119
f 1923/2065/3119 2414/2575/3096 2412/2573/3094
f 2414/2575/3096 1923/2065/3119 1924/2066/3120
f 1924/2066/3120 2416/2577/3098 2414/2575/3096
f 2416/2577/3098 1924/2066/3120 1925/2067/3121
f 1925/2067/3121 2418/2579/3100 2416/2577/3098
f 2418/2579/3100 1925/2067/3121 1926/2068/3122
f 1926/2068/3122 2420/2581/3102 2418/2579/3100
f 2420/2581/3102 1926/2068/3122 1927/2069/3123
f 1927/2069/3123 2422/2583/3104 2420/2581/3102
f 2422/2583/3104 1927/2069/3123 1928/2070/3124
f 1928/2070/3124 2424/2585/3106 2422/2583/3104
f 2424/2585/3106 1928/2070/3124 1929/2071/3125
f 1929/2071/3125 2426/2587/3108 2424/2585/3106
f 2411/2572/3093 1932/2074/3126 1931/2073/3127
f 1931/2073/3127 2409/2570/3091 2411/2572/3093
f 2413/2574/3095 1934/2076/3128 1932/2074/3126
f 1932/2074/3126 2411/2572/3093 2413/2574/3095
f 2415/2576/3097 1936/2078/3129 1934/2076/3128
f 1934/2076/3128 2413/2574/3095 2415/2576/3097
f 2417/2578/3099 1938/2080/3130 1936/2078/3129
f 1936/2078/3129 2415/2576/3097 2417/2578/3099
f 2419/2580/3101 1940/2082/3131 1938/2080/3130
f 1938/2080/3130 2417/2578/3099 2419/2580/3101
f 2421/2582/3103 1942/2084/3132 1940/2082/3131
f 1940/2082/3131 2419/2580/3101 2421/2582/3103
f 2423/2584/3105 1944/2086/3133 1942/2084/3132
f 1942/2084/3132 2421/2582/3103 2423/2584/3105
f 2425/2586/3107 1946/2088/3134 1944/2086/3133
f 1944/2086/3133 2423/2584/3105 2425/2586/3107
f 2427/2588/3109 1948/2090/3135 1946/2088/3134
f 1946/2088/3134 2425/2586/3107 2427/2588/3109
f 2409/2570/3091 1931/2073/3127 1850/1992/3114
f 1850/1992/3114 2407/2568/3089 2409/2570/3091
f 2429/2590/3111 2330/2491/3136 1948/2090/3135
f 1948/2090/3135 2427/2588/3109 2429/2590/3111
f 2426/2587/3108 1929/2071/3125 2373/2534/3137
f 2373/2534/3137 2428/2589/3110 2426/2587/3108
f 2404/2565/3086 1853/1995/3115 1849/1991/3138
f 1849/1991/3112 2405/2566/3087 2404/2565/3086
f 2233/2388/2915 2430/2591/3139 2073/2215/2755
f 2074/2216/2756 2073/2215/2755 2430/2591/3139
f 2390/2551/3072 2396/2557/3078 2394/2555/3076
f 2208/2363/2890 1876/2018/2558 2397/2558/3079
f 2198/2352/2880 2197/2351/2879 2396/2557/3078
f 2235/2390/2917 2234/2389/2916 2237/2392/2919
f 2237/2392/2919 2236/2391/2918 2235/2390/2917
f 2431/2592/3140 2432/2593/3141 2433/2594/3142
f 2433/2594/3142 2434/2595/3143 2431/2592/3140
f 2435/2596/3144 2436/2597/3145 2437/2598/3146
f 2437/2598/3146 2438/2599/3147 2435/2596/3144
f 2439/2600/3148 2440/2601/3149 2441/2602/3150
f 2441/2602/3150 2442/2603/3151 2439/2600/3148
f 2443/2604/3152 2444/2605/3153 2445/2606/3154
f 2445/2606/3154 2446/2607/3155 2443/2604/3152
f 2447/2608/3156 2448/2609/3157 2449/2610/3158
f 2450/2611/3159 2451/2612/3160 2452/2613/3161
f 2452/2613/3161 2453/2614/3162 2450/2611/3159
f 2454/2615/3163 2455/2616/3164 2456/2617/3165
f 2456/2617/3165 2457/2618/3166 2454/2615/3163
f 2436/2597/3145 2435/2596/3144 2458/2619/3167
f 2458/2619/3167 2459/2620/3168 2436/2597/3145
f 2460/2621/3169 2461/2622/3170 2455/2616/3164
f 2455/2616/3164 2454/2615/3163 2460/2621/3169
f 2462/2623/3171 2463/2624/3172 2464/2625/3173
f 2464/2625/3173 2465/2626/3174 2462/2623/3171
f 2463/2624/3172 2462/2623/3171 2466/2627/3175
f 2466/2627/3175 2467/2628/3176 2463/2624/3172
f 2467/2628/3176 2466/2627/3175 2468/2629/3177
f 2468/2629/3177 2469/2630/3178 2467/2628/3176
f 2469/2630/3178 2468/2629/3177 2470/2631/3179
f 2470/2631/3179 2471/2632/3180 2469/2630/3178
f 2471/2632/3180 2470/2631/3179 2472/2633/3181
f 2472/2633/3181 2473/2634/3182 2471/2632/3180
f 2473/2634/3182 2472/2633/3181 2474/2635/3183
f 2474/2635/3183 2475/2636/3184 2473/2634/3182
f 2475/2636/3184 2474/2635/3183 2441/2602/3150
f 2441/2602/3150 2440/2601/3149 2475/2636/3184
f 2446/2607/3155 2445/2606/3154 2476/2637/3185
f 2476/2637/3185 2477/2638/3186 2446/2607/3155
f 2478/2639/3187 2479/2640/3188 2439/2600/3148
f 2439/2600/3148 2442/2603/3151 2478/2639/3187
f 1990/2132/2672 1969/2111/2651 1988/2130/2670
f 2461/2622/3170 2460/2621/3169 2480/2641/3189
f 2480/2641/3189 2481/2642/3190 2461/2622/3170
f 2482/2643/3191 2483/2644/3192 2484/2645/3193
f 2484/2645/3193 2485/2646/3194 2482/2643/3191
f 2486/2647/3195 2487/2648/3196 2483/2644/3192
f 2483/2644/3192 2482/2643/3191 2486/2647/3195
f 2488/2649/3197 2489/2650/3198 2490/2651/3199
f 2490/2651/3199 2491/2652/3200 2488/2649/3197
f 2451/2653/3160 2450/2654/3159 2487/2648/3196
f 2487/2648/3196 2486/2647/3195 2451/2653/3160
f 2492/2655/3201 2493/2656/3202 2494/2657/3203
f 2494/2657/3203 2495/2658/3204 2492/2655/3201
f 2496/2659/3205 2497/2660/3206 2493/2656/3202
f 2493/2656/3202 2492/2655/3201 2496/2659/3205
f 2498/2661/3207 2499/2662/3208 2497/2660/3206
f 2497/2660/3206 2496/2659/3205 2498/2661/3207
f 2485/2646/3194 2484/2645/3193 2500/2663/3209
f 2500/2663/3209 2501/2664/3210 2485/2646/3194
f 2499/2662/3208 2498/2661/3207 2502/2665/3211
f 2502/2665/3211 2503/2666/3212 2499/2662/3208
f 2503/2666/3212 2502/2665/3211 2504/2667/3213
f 2504/2667/3213 2505/2668/3214 2503/2666/3212
f 2449/2610/3158 2448/2609/3157 2506/2669/3215
f 2506/2669/3215 2507/2670/3216 2449/2610/3158
f 2459/2620/3168 2458/2619/3167 2508/2671/3217
f 2508/2671/3217 2509/2672/3218 2459/2620/3168
f 2453/2614/3162 2452/2613/3161 2510/2673/3219
f 2510/2673/3219 2511/2674/3220 2453/2614/3162
f 2501/2664/3210 2500/2663/3209 2481/2642/3190
f 2481/2642/3190 2480/2641/3189 2501/2664/3210
f 2512/2675/3221 2513/2676/3222 2514/2677/3223
f 2514/2677/3223 2515/2678/3224 2512/2675/3221
f 2516/2679/3225 2517/2680/3226 2518/2681/3227
f 2518/2681/3227 2519/2682/3228 2516/2679/3225
f 2520/2683/3229 2521/2684/3230 2522/2685/3231
f 2522/2685/3231 2523/2686/3232 2520/2683/3229
f 2444/2605/3153 2443/2604/3152 2524/2687/3233
f 2524/2687/3233 2525/2688/3234 2444/2605/3153
f 2526/2689/3235 2527/2690/3236 2528/2691/3237
f 2528/2691/3237 2529/2692/3238 2526/2689/3235
f 2530/2693/3239 2531/2694/3240 2532/2695/3241
f 2532/2695/3241 2533/2696/3242 2530/2693/3239
f 2534/2697/3243 2535/2698/3244 2438/2599/3147
f 2438/2599/3147 2437/2598/3146 2534/2697/3243
f 2536/2699/3245 2537/2700/3246 2535/2698/3244
f 2535/2698/3244 2534/2697/3243 2536/2699/3245
f 2433/2594/3142 2432/2593/3141 2538/2701/3247
f 2538/2701/3247 2539/2702/3248 2433/2594/3142
f 2479/2640/3188 2478/2639/3187 2477/2638/3186
f 2477/2638/3186 2476/2637/3185 2479/2640/3188
f 2531/2694/3240 2530/2693/3239 2527/2690/3236
f 2527/2690/3236 2526/2689/3235 2531/2694/3240
f 2529/2692/3238 2528/2691/3237 2513/2703/3222
f 2513/2703/3222 2512/2704/3221 2529/2692/3238
f 2515/2678/3224 2514/2677/3223 2517/2680/3226
f 2517/2680/3226 2516/2679/3225 2515/2678/3224
f 2519/2682/3228 2518/2681/3227 2523/2686/3232
f 2523/2686/3232 2522/2685/3231 2519/2682/3228
f 2540/2705/3249 2541/2706/3250 2521/2684/3230
f 2521/2684/3230 2520/2683/3229 2540/2705/3249
f 2541/2706/3250 2540/2705/3249 2542/2707/3251
f 2542/2707/3251 2543/2708/3252 2541/2706/3250
f 2539/2702/3248 2538/2701/3247 2544/2709/3253
f 2544/2709/3253 2545/2710/3254 2539/2702/3248
f 2431/2592/3140 2434/2595/3143 2511/2674/3220
f 2511/2674/3220 2510/2673/3219 2431/2592/3140
f 2489/2650/3198 2488/2649/3197 2545/2710/3254
f 2545/2710/3254 2544/2709/3253 2489/2650/3198
f 2495/2658/3204 2494/2657/3203 2491/2652/3200
f 2491/2652/3200 2490/2651/3199 2495/2658/3204
f 2505/2668/3214 2504/2667/3213 2546/2711/3255
f 2546/2711/3255 2547/2712/3256 2505/2668/3214
f 2448/2609/3157 2447/2608/3156 2533/2696/3242
f 2533/2696/3242 2532/2695/3241 2448/2609/3157
f 2547/2712/3256 2546/2711/3255 2507/2670/3216
f 2507/2670/3216 2506/2669/3215 2547/2712/3256
f 2537/2700/3246 2536/2699/3245 2465/2626/3174
f 2465/2626/3174 2464/2625/3173 2537/2700/3246
f 2435/2596/3144 1880/2022/3257 1884/2026/3258
f 1884/2026/3258 2458/2619/3167 2435/2596/3144
f 2463/2624/3172 1959/2101/3259 1958/2100/3260
f 1958/2100/3260 2464/2625/3173 2463/2624/3172
f 2467/2628/3176 1960/2102/3261 1959/2101/3259
f 1959/2101/3259 2463/2624/3172 2467/2628/3176
f 2469/2630/3178 1961/2103/3262 1960/2102/3261
f 1960/2102/3261 2467/2628/3176 2469/2630/3178
f 2471/2632/3180 1962/2104/3263 1961/2103/3262
f 1961/2103/3262 2469/2630/3178 2471/2632/3180
f 2473/2634/3182 1963/2105/3264 1962/2104/3263
f 1962/2104/3263 2471/2632/3180 2473/2634/3182
f 2475/2636/3184 1964/2106/3265 1963/2105/3264
f 1963/2105/3264 2473/2634/3182 2475/2636/3184
f 2440/2601/3149 1965/2107/3266 1964/2106/3265
f 1964/2106/3265 2475/2636/3184 2440/2601/3149
f 2465/2626/3174 1970/2112/3267 1973/2115/3268
f 1973/2115/3268 2462/2623/3171 2465/2626/3174
f 2462/2623/3171 1973/2115/3268 1976/2118/3269
f 1976/2118/3269 2466/2627/3175 2462/2623/3171
f 2466/2627/3175 1976/2118/3269 1978/2120/3270
f 1978/2120/3270 2468/2629/3177 2466/2627/3175
f 2468/2629/3177 1978/2120/3270 1980/2122/3271
f 1980/2122/3271 2470/2631/3179 2468/2629/3177
f 2470/2631/3179 1980/2122/3271 1982/2124/3272
f 1982/2124/3272 2472/2633/3181 2470/2631/3179
f 2472/2633/3181 1982/2124/3272 1984/2126/3273
f 1984/2126/3273 2474/2635/3183 2472/2633/3181
f 2474/2635/3183 1984/2126/3273 1986/2128/3274
f 1986/2128/3274 2441/2602/3150 2474/2635/3183
f 2445/2606/3154 1988/2130/3275 1987/2129/3276
f 1987/2129/3276 2476/2637/3185 2445/2606/3154
f 2479/2640/3188 1967/2109/3277 1968/2110/3278
f 1968/2110/3278 2439/2600/3148 2479/2640/3188
f 2459/2620/3168 2202/2356/3279 2204/2358/3280
f 2204/2358/3280 2436/2597/3145 2459/2620/3168
f 2525/2688/3234 2236/2391/3281 1989/2131/3282
f 1989/2131/3282 2444/2605/3153 2525/2688/3234
f 1971/2113/3283 2536/2699/3245 2534/2697/3243
f 2534/2697/3243 2389/2550/3284 1971/2113/3283
f 2389/2550/3284 2534/2697/3243 2437/2598/3146
f 2437/2598/3146 2205/2359/3285 2389/2550/3284
f 2535/2698/3244 1887/2029/3286 1881/2023/3287
f 1881/2023/3287 2438/2599/3147 2535/2698/3244
f 1887/2029/3286 2535/2698/3244 2537/2700/3246
f 2537/2700/3246 1888/2030/3288 1887/2029/3286
f 2477/2638/3186 2398/2559/3289 2075/2217/3290
f 2075/2217/3290 2446/2607/3155 2477/2638/3186
f 2441/2602/3150 1986/2128/3274 2399/2560/3291
f 2399/2560/3291 2442/2603/3151 2441/2602/3150
f 2442/2603/3151 2399/2560/3291 2400/2561/3292
f 2400/2561/3292 2478/2639/3187 2442/2603/3151
f 2478/2639/3187 2400/2561/3292 2398/2559/3289
f 2398/2559/3289 2477/2638/3186 2478/2639/3187
f 2476/2637/3185 1987/2129/3276 1967/2109/3277
f 1967/2109/3277 2479/2640/3188 2476/2637/3185
f 2443/2604/3152 2074/2216/3293 2430/2591/3294
f 2430/2591/3294 2524/2687/3233 2443/2604/3152
f 2536/2699/3245 1971/2113/3283 1970/2112/3267
f 1970/2112/3267 2465/2626/3174 2536/2699/3245
f 2464/2625/3173 1958/2100/3260 1888/2030/3288
f 1888/2030/3288 2537/2700/3246 2464/2625/3173
f 2436/2597/3145 2204/2358/3280 2205/2359/3285
f 2205/2359/3285 2437/2598/3146 2436/2597/3145
f 2438/2599/3147 1881/2023/3287 1880/2022/3257
f 1880/2022/3257 2435/2596/3144 2438/2599/3147
f 2439/2600/3148 1968/2110/3278 1965/2107/3266
f 1965/2107/3266 2440/2601/3149 2439/2600/3148
f 2444/2605/3153 1989/2131/3282 1988/2130/3275
f 1988/2130/3275 2445/2606/3154 2444/2605/3153
f 2446/2607/3155 2075/2217/3290 2074/2216/3293
f 2074/2216/3293 2443/2604/3152 2446/2607/3155
f 2451/2612/3160 1831/1973/3295 1834/1976/3296
f 1834/1976/3296 2452/2613/3161 2451/2612/3160
f 2457/2618/3166 1864/2006/3297 1867/2009/3298
f 1867/2009/3298 2454/2615/3163 2457/2618/3166
f 2454/2615/3163 1867/2009/3298 1886/2028/3299
f 1886/2028/3299 2460/2621/3169 2454/2615/3163
f 2481/2642/3190 2115/2260/3300 2116/2261/3301
f 2116/2261/3301 2461/2622/3170 2481/2642/3190
f 2483/2644/3192 2117/2262/3302 2118/2263/3303
f 2118/2263/3303 2484/2645/3193 2483/2644/3192
f 2487/2648/3196 2119/2264/3304 2117/2262/3302
f 2117/2262/3302 2483/2644/3192 2487/2648/3196
f 2486/2647/3195 2133/2283/3305 1831/2282/3295
f 1831/2282/3295 2451/2653/3160 2486/2647/3195
f 2484/2645/3193 2118/2263/3303 2143/2293/3306
f 2143/2293/3306 2500/2663/3209 2484/2645/3193
f 2450/2654/3159 2199/2353/3307 2119/2264/3304
f 2119/2264/3304 2487/2648/3196 2450/2654/3159
f 2455/2616/3164 2200/2354/3308 2201/2355/3309
f 2201/2355/3309 2456/2617/3165 2455/2616/3164
f 2461/2622/3170 2116/2261/3301 2200/2354/3308
f 2200/2354/3308 2455/2616/3164 2461/2622/3170
f 2203/2357/3310 2509/2672/3218 2456/2617/3165
f 2456/2617/3165 2201/2355/3309 2203/2357/3310
f 2509/2672/3218 2203/2357/3310 2202/2356/3279
f 2202/2356/3279 2459/2620/3168 2509/2672/3218
f 2453/2614/3162 2206/2361/3311 2199/2360/3307
f 2199/2360/3307 2450/2611/3159 2453/2614/3162
f 2511/2674/3220 2207/2362/3312 2206/2361/3311
f 2206/2361/3311 2453/2614/3162 2511/2674/3220
f 2452/2613/3161 1834/1976/3296 2208/2363/3313
f 2208/2363/3313 2510/2673/3219 2452/2613/3161
f 2500/2663/3209 2143/2293/3306 2115/2260/3300
f 2115/2260/3300 2481/2642/3190 2500/2663/3209
f 2482/2643/3191 2380/2541/3314 2133/2283/3305
f 2133/2283/3305 2486/2647/3195 2482/2643/3191
f 2460/2621/3169 1886/2028/3299 2383/2544/3315
f 2383/2544/3315 2480/2641/3189 2460/2621/3169
f 2501/2664/3210 2384/2545/3316 2387/2548/3317
f 2387/2548/3317 2485/2646/3194 2501/2664/3210
f 2480/2641/3189 2383/2544/3315 2384/2545/3316
f 2384/2545/3316 2501/2664/3210 2480/2641/3189
f 2485/2646/3194 2387/2548/3317 2380/2541/3314
f 2380/2541/3314 2482/2643/3191 2485/2646/3194
f 2388/2549/3318 2508/2671/3217 2458/2619/3167
f 2458/2619/3167 1884/2026/3258 2388/2549/3318
f 1864/2006/3297 2457/2618/3166 2508/2671/3217
f 2508/2671/3217 2388/2549/3318 1864/2006/3297
f 2434/2595/3143 2134/2284/3319 2207/2362/3312
f 2207/2362/3312 2511/2674/3220 2434/2595/3143
f 2510/2673/3219 2208/2363/3313 2397/2558/3320
f 2397/2558/3320 2431/2592/3140 2510/2673/3219
f 2431/2592/3140 2397/2558/3320 2395/2556/3321
f 2395/2556/3321 2432/2593/3141 2431/2592/3140
f 2433/2594/3142 2135/2285/3322 2134/2284/3319
f 2134/2284/3319 2434/2595/3143 2433/2594/3142
f 2491/2652/3200 2124/2270/3323 2125/2271/3324
f 2125/2271/3324 2488/2649/3197 2491/2652/3200
f 2493/2656/3202 2140/2290/3325 2122/2268/3326
f 2122/2268/3326 2494/2657/3203 2493/2656/3202
f 2497/2660/3206 2141/2291/3327 2140/2290/3325
f 2140/2290/3325 2493/2656/3202 2497/2660/3206
f 2499/2662/3208 2142/2292/3328 2141/2291/3327
f 2141/2291/3327 2497/2660/3206 2499/2662/3208
f 2503/2666/3212 2154/2308/3329 2142/2292/3328
f 2142/2292/3328 2499/2662/3208 2503/2666/3212
f 2505/2668/3214 2155/2309/3330 2154/2308/3329
f 2154/2308/3329 2503/2666/3212 2505/2668/3214
f 2448/2609/3157 2156/2310/3331 2157/2311/3332
f 2157/2311/3332 2506/2669/3215 2448/2609/3157
f 2507/2670/3216 2160/2314/3333 2159/2313/3334
f 2159/2313/3334 2449/2610/3158 2507/2670/3216
f 2502/2665/3211 2171/2325/3335 2162/2316/3336
f 2162/2316/3336 2504/2667/3213 2502/2665/3211
f 2498/2661/3207 2176/2330/3337 2171/2325/3335
f 2171/2325/3335 2502/2665/3211 2498/2661/3207
f 2496/2659/3205 2181/2335/3338 2176/2330/3337
f 2176/2330/3337 2498/2661/3207 2496/2659/3205
f 2492/2655/3201 2186/2340/3339 2181/2335/3338
f 2181/2335/3338 2496/2659/3205 2492/2655/3201
f 2495/2658/3204 2191/2345/3340 2186/2340/3339
f 2186/2340/3339 2492/2655/3201 2495/2658/3204
f 2489/2650/3198 2197/2351/3341 2196/2350/3342
f 2196/2350/3342 2490/2651/3199 2489/2650/3198
f 2539/2702/3248 2393/2554/3343 2135/2285/3322
f 2135/2285/3322 2433/2594/3142 2539/2702/3248
f 2432/2593/3141 2395/2556/3321 2394/2555/3344
f 2394/2555/3344 2538/2701/3247 2432/2593/3141
f 2545/2710/3254 2392/2553/3345 2393/2554/3343
f 2393/2554/3343 2539/2702/3248 2545/2710/3254
f 2538/2701/3247 2394/2555/3344 2396/2557/3346
f 2396/2557/3346 2544/2709/3253 2538/2701/3247
f 2488/2649/3197 2125/2271/3324 2392/2553/3345
f 2392/2553/3345 2545/2710/3254 2488/2649/3197
f 2544/2709/3253 2396/2557/3346 2197/2351/3341
f 2197/2351/3341 2489/2650/3198 2544/2709/3253
f 2494/2657/3203 2122/2268/3326 2124/2270/3323
f 2124/2270/3323 2491/2652/3200 2494/2657/3203
f 2490/2651/3199 2196/2350/3342 2191/2345/3340
f 2191/2345/3340 2495/2658/3204 2490/2651/3199
f 2504/2667/3213 2162/2316/3336 2164/2318/3347
f 2164/2318/3347 2546/2711/3255 2504/2667/3213
f 2547/2712/3256 2158/2312/3348 2155/2309/3330
f 2155/2309/3330 2505/2668/3214 2547/2712/3256
f 2447/2608/3156 2247/2405/3349 2249/2407/3350
f 2249/2407/3350 2533/2696/3242 2447/2608/3156
f 2532/2695/3241 2250/2408/3351 2156/2310/3331
f 2156/2310/3331 2448/2609/3157 2532/2695/3241
f 2546/2711/3255 2164/2318/3347 2160/2314/3333
f 2160/2314/3333 2507/2670/3216 2546/2711/3255
f 2506/2669/3215 2157/2311/3332 2158/2312/3348
f 2158/2312/3348 2547/2712/3256 2506/2669/3215
f 2449/2610/3158 2159/2313/3334 2247/2405/3349
f 2247/2405/3349 2447/2608/3156 2449/2610/3158
f 2513/2676/3222 2210/2365/3352 2209/2364/3353
f 2209/2364/3353 2514/2677/3223 2513/2676/3222
f 2515/2678/3224 2214/2369/3354 2213/2368/3355
f 2213/2368/3355 2512/2675/3221 2515/2678/3224
f 2517/2680/3226 2216/2371/3356 2218/2373/3357
f 2218/2373/3357 2518/2681/3227 2517/2680/3226
f 2519/2682/3228 2220/2375/3358 2217/2372/3359
f 2217/2372/3359 2516/2679/3225 2519/2682/3228
f 2523/2686/3232 2222/2377/3360 2221/2376/3361
f 2221/2376/3361 2520/2683/3229 2523/2686/3232
f 2521/2684/3230 2226/2381/3362 2225/2380/3363
f 2225/2380/3363 2522/2685/3231 2521/2684/3230
f 2542/2707/3251 2231/2386/3364 2235/2390/3365
f 2235/2390/3365 2548/2713/3366 2542/2707/3251
f 2527/2690/3236 2241/2399/3367 2239/2396/3368
f 2239/2396/3368 2528/2691/3237 2527/2690/3236
f 2529/2692/3238 2240/2397/3369 2243/2401/3370
f 2243/2401/3370 2526/2689/3235 2529/2692/3238
f 2533/2696/3242 2249/2407/3350 2245/2403/3371
f 2245/2403/3371 2530/2693/3239 2533/2696/3242
f 2531/2694/3240 2246/2404/3372 2250/2408/3351
f 2250/2408/3351 2532/2695/3241 2531/2694/3240
f 2526/2689/3235 2243/2401/3370 2246/2404/3372
f 2246/2404/3372 2531/2694/3240 2526/2689/3235
f 2530/2693/3239 2245/2403/3371 2241/2399/3367
f 2241/2399/3367 2527/2690/3236 2530/2693/3239
f 2512/2704/3221 2213/2398/3355 2240/2397/3369
f 2240/2397/3369 2529/2692/3238 2512/2704/3221
f 2528/2691/3237 2239/2396/3368 2210/2395/3352
f 2210/2395/3352 2513/2703/3222 2528/2691/3237
f 2516/2679/3225 2217/2372/3359 2214/2369/3354
f 2214/2369/3354 2515/2678/3224 2516/2679/3225
f 2514/2677/3223 2209/2364/3353 2216/2371/3356
f 2216/2371/3356 2517/2680/3226 2514/2677/3223
f 2522/2685/3231 2225/2380/3363 2220/2375/3358
f 2220/2375/3358 2519/2682/3228 2522/2685/3231
f 2520/2683/3229 2221/2376/3361 2228/2383/3373
f 2228/2383/3373 2540/2705/3249 2520/2683/3229
f 2543/2708/3252 2232/2387/3374 2229/2384/3375
f 2229/2384/3375 2541/2706/3250 2543/2708/3252
f 2540/2705/3249 2228/2383/3373 2231/2386/3364
f 2231/2386/3364 2542/2707/3251 2540/2705/3249
f 2541/2706/3250 2229/2384/3375 2226/2381/3362
f 2226/2381/3362 2521/2684/3230 2541/2706/3250
f 2518/2681/3227 2218/2373/3357 2222/2377/3360
f 2222/2377/3360 2523/2686/3232 2518/2681/3227
f 2548/2713/3366 2549/2714/3376 2543/2708/3252
f 2543/2708/3252 2542/2707/3251 2548/2713/3366
f 2232/2387/3374 2543/2708/3252 2549/2714/3376
f 2549/2714/3376 2233/2388/3377 2232/2387/3374
f 2524/2687/3233 2430/2591/3294 2233/2388/3377
f 2233/2388/3377 2549/2714/3376 2524/2687/3233
f 2235/2390/3365 2236/2391/3281 2525/2688/3234
f 2525/2688/3234 2548/2713/3366 2235/2390/3365
f 2525/2688/3234 2524/2687/3233 2549/2714/3376
f 2549/2714/3376 2548/2713/3366 2525/2688/3234
f 1882/2024/2564 1843/1985/2525 1842/1984/2524
f 2400/2561/3082 2399/2560/3081 1985/2127/2667
f 2550/2715/3378 2551/2716/3379 2552/2717/3380
f 2552/2717/3380 2553/2718/3381 2550/2715/3378
f 2350/2511/3382 2550/2715/3378 2553/2718/3381
f 2553/2718/3381 2351/2512/3383 2350/2511/3382
f 2352/2513/3384 2552/2717/3380 2551/2716/3379
f 2551/2716/3379 2353/2514/3385 2352/2513/3384
f 2554/2719/3386 2331/2492/3387 2330/2491/3136
f 2330/2491/3136 2429/2590/3111 2554/2719/3386
f 2555/2720/3388 2332/2493/3389 2331/2492/3387
f 2331/2492/3387 2554/2719/3386 2555/2720/3388
f 2556/2721/3390 2333/2494/3391 2332/2493/3389
f 2332/2493/3389 2555/2720/3388 2556/2721/3390
f 2557/2722/3392 2334/2495/3393 2333/2494/3391
f 2333/2494/3391 2556/2721/3390 2557/2722/3392
f 2558/2723/3394 2336/2497/3395 2334/2495/3393
f 2334/2495/3393 2557/2722/3392 2558/2723/3394
f 2559/2724/3396 2338/2499/3397 2336/2497/3395
f 2336/2497/3395 2558/2723/3394 2559/2724/3396
f 2560/2725/3398 2340/2501/3399 2338/2499/3397
f 2338/2499/3397 2559/2724/3396 2560/2725/3398
f 2561/2726/3400 2342/2503/3401 2340/2501/3399
f 2340/2501/3399 2560/2725/3398 2561/2726/3400
f 2562/2727/3402 2344/2505/3403 2342/2503/3401
f 2342/2503/3401 2561/2726/3400 2562/2727/3402
f 2563/2728/3404 2346/2507/3405 2344/2505/3403
f 2344/2505/3403 2562/2727/3402 2563/2728/3404
f 2564/2729/3406 2348/2509/3407 2346/2507/3405
f 2346/2507/3405 2563/2728/3404 2564/2729/3406
f 2550/2715/3378 2350/2511/3382 2348/2509/3407
f 2348/2509/3407 2564/2729/3406 2550/2715/3378
f 2565/2730/3408 2354/2515/3409 2353/2514/3385
f 2353/2514/3385 2551/2716/3379 2565/2730/3408
f 2566/2731/3410 2356/2517/3411 2354/2515/3409
f 2354/2515/3409 2565/2730/3408 2566/2731/3410
f 2567/2732/3412 2358/2519/3413 2356/2517/3411
f 2356/2517/3411 2566/2731/3410 2567/2732/3412
f 2568/2733/3414 2360/2521/3415 2358/2519/3413
f 2358/2519/3413 2567/2732/3412 2568/2733/3414
f 2569/2734/3416 2362/2523/3417 2360/2521/3415
f 2360/2521/3415 2568/2733/3414 2569/2734/3416
f 2570/2735/3418 2364/2525/3419 2362/2523/3417
f 2362/2523/3417 2569/2734/3416 2570/2735/3418
f 2571/2736/3420 2366/2527/3421 2364/2525/3419
f 2364/2525/3419 2570/2735/3418 2571/2736/3420
f 2572/2737/3422 2368/2529/3423 2366/2527/3421
f 2366/2527/3421 2571/2736/3420 2572/2737/3422
f 2573/2738/3424 2370/2531/3425 2368/2529/3423
f 2368/2529/3423 2572/2737/3422 2573/2738/3424
f 2574/2739/3426 2371/2532/3427 2370/2531/3425
f 2370/2531/3425 2573/2738/3424 2574/2739/3426
f 2575/2740/3428 2372/2533/3429 2371/2532/3427
f 2371/2532/3427 2574/2739/3426 2575/2740/3428
f 2428/2589/3110 2373/2534/3137 2372/2533/3429
f 2372/2533/3429 2575/2740/3428 2428/2589/3110
f 2291/2450/2973 2261/2419/2943 2576/2741/3430
f 2262/2420/2944 2291/2450/2973 2269/2427/2951
f 2265/2423/2947 2234/2389/2916 2230/2385/2912
f 2230/2385/2912 2268/2426/2950 2265/2423/2947
f 1992/2134/2674 2264/2422/2946 2267/2425/2949
f 2577/2742/3431 2293/2452/2975 2292/2451/2974
f 2308/2468/2990 2316/2476/2998 2578/2743/3432
f 2287/2446/2969 2290/2449/2972 2289/2448/2971
f 2289/2448/2971 2261/2419/2943 2287/2446/2969
f 2576/2741/3430 2261/2419/2943 2289/2448/2971
f 2309/2469/2991 2308/2468/2990 2578/2743/3432
f 1992/2134/2674 2267/2425/2949 2292/2451/2974
f 2264/2422/2946 1992/2134/2674 1990/2132/2672
f 1990/2132/2672 2237/2392/2919 2264/2422/2946
f 2317/2477/2999 2577/2742/3431 2314/2474/2996
f 2293/2452/2975 2577/2742/3431 2317/2477/2999
f 2288/2447/3433 2579/2744/3434 2580/2745/3435
f 2580/2745/3435 2289/2448/3436 2288/2447/3433
f 2314/2474/3437 2581/2746/3438 2582/2747/3439
f 2582/2747/3439 2312/2472/3440 2314/2474/3437
f 2576/2741/3441 2583/2748/3442 2584/2749/3443
f 2584/2749/3443 2291/2450/3444 2576/2741/3441
f 2291/2450/3444 2584/2749/3443 2585/2750/3445
f 2585/2750/3445 2269/2427/3446 2291/2450/3444
f 2269/2427/3446 2585/2750/3445 2586/2751/3447
f 2586/2751/3447 2266/2424/3448 2269/2427/3446
f 2266/2424/3448 2586/2751/3447 2587/2752/3449
f 2587/2752/3449 2263/2421/3450 2266/2424/3448
f 2267/2425/3451 2588/2753/3452 2589/2754/3453
f 2589/2754/3453 2292/2451/3454 2267/2425/3451
f 2292/2451/3454 2589/2754/3453 2590/2755/3455
f 2590/2755/3455 2577/2742/3456 2292/2451/3454
f 2312/2472/3440 2582/2747/3439 2591/2756/3457
f 2591/2756/3457 2578/2743/3458 2312/2472/3440
f 2309/2469/3459 2592/2757/3460 2579/2744/3434
f 2579/2744/3434 2288/2447/3433 2309/2469/3459
f 2289/2448/3436 2580/2745/3435 2583/2748/3442
f 2583/2748/3442 2576/2741/3441 2289/2448/3436
f 2578/2743/3458 2591/2756/3457 2592/2757/3460
f 2592/2757/3460 2309/2469/3459 2578/2743/3458
f 2263/2421/3450 2587/2752/3449 2588/2753/3452
f 2588/2753/3452 2267/2425/3451 2263/2421/3450
f 2577/2742/3456 2590/2755/3455 2581/2746/3438
f 2581/2746/3438 2314/2474/3437 2577/2742/3456
f 2203/2357/2885 2002/2144/2684 2202/2356/2884
f 2457/2618/3166 2456/2617/3165 2509/2672/3218
f 2509/2672/3218 2508/2671/3217 2457/2618/3166
f 1972/2114/2654 1971/2113/2653 2389/2550/3071
f 1882/2024/2564 1881/2023/2563 1887/2029/2569
f 2312/2472/2994 2578/2743/3432 2316/2476/2998
f 2308/2468/2990 2310/2470/2992 2316/2476/2998
f 2234/2389/2916 2265/2423/2947 2264/2422/2946
f 2264/2422/2946 2237/2392/2919 2234/2389/2916
f 2266/2424/2948 2265/2423/2947 2268/2426/2950
f 2593/2758/3461 1833/2759/3462 2594/2760/3463
f 2594/2760/3463 2595/2761/3464 2593/2758/3461
f 2596/2762/3465 1835/2763/3466 1833/2759/3462
f 1833/2759/3462 2593/2758/3461 2596/2762/3465
f 2597/2764/3467 1842/2765/3468 1845/2766/3469
f 1845/2766/3469 2598/2767/3470 2597/2764/3467
f 2598/2767/3470 1845/2766/3469 1847/2768/3471
f 1847/2768/3471 2599/2769/3472 2598/2767/3470
f 2599/2769/3472 1847/2768/3471 1849/2770/3473
f 1849/2770/3473 2600/2771/3474 2599/2769/3472
f 2601/2771/3475 1853/2772/3475 1852/2773/3476
f 1852/2773/3476 2602/2774/3476 2601/2771/3475
f 2602/2774/3476 1852/2773/3476 1854/2775/3477
f 1854/2775/3477 2603/2776/3478 2602/2774/3476
f 2603/2776/3478 1854/2775/3477 1855/2777/3479
f 1855/2777/3479 2604/2778/3480 2603/2776/3478
f 2605/2779/3481 1866/2780/3482 1865/2781/3483
f 1865/2781/3483 2606/2782/3484 2605/2779/3481
f 2607/2783/3485 1868/2784/3486 1869/2785/3487
f 1869/2785/3487 2608/2786/3488 2607/2783/3485
f 2609/2787/3489 1870/2788/3490 1868/2784/3486
f 1868/2784/3486 2607/2783/3485 2609/2787/3489
f 2610/2789/3491 1871/2790/3492 1870/2788/3490
f 1870/2788/3490 2609/2787/3489 2610/2789/3491
f 2611/2791/3493 1872/2792/3494 1871/2790/3492
f 1871/2790/3492 2610/2789/3491 2611/2791/3493
f 2612/2793/3495 1873/2794/3496 1872/2792/3494
f 1872/2792/3494 2611/2791/3493 2612/2793/3495
f 2613/2795/3497 1874/2796/3498 1877/2797/3499
f 1877/2797/3499 2614/2798/3500 2613/2795/3497
f 2614/2798/3500 1877/2797/3499 1835/2763/3466
f 1835/2763/3466 2596/2762/3465 2614/2798/3500
f 2615/2799/3501 1878/2800/3502 1873/2794/3496
f 1873/2794/3496 2612/2793/3495 2615/2799/3501
f 2616/2801/3503 1879/2802/3504 1882/2803/3505
f 1882/2803/3505 2617/2804/3506 2616/2801/3503
f 2618/2805/3507 1883/2806/3508 1879/2802/3504
f 1879/2802/3504 2616/2801/3503 2618/2805/3507
f 2619/2807/3509 1885/2808/3510 1866/2780/3482
f 1866/2780/3482 2605/2779/3481 2619/2807/3509
f 2604/2778/3480 1855/2777/3479 1878/2800/3502
f 1878/2800/3502 2615/2799/3501 2604/2778/3480
f 2595/2761/3464 2594/2760/3463 2620/2809/3511
f 2620/2809/3511 2621/2810/3512 2595/2761/3464
f 2621/2810/3512 2620/2809/3511 2381/2811/3513
f 2381/2811/3513 2622/2812/3514 2621/2810/3512
f 2623/2813/3515 2382/2814/3516 1885/2808/3510
f 1885/2808/3510 2619/2807/3509 2623/2813/3515
f 2624/2815/3517 2386/2816/3518 2385/2817/3519
f 2385/2817/3519 2625/2818/3520 2624/2815/3517
f 2625/2818/3520 2385/2817/3519 2382/2814/3516
f 2382/2814/3516 2623/2813/3515 2625/2818/3520
f 2622/2812/3514 2381/2811/3513 2386/2816/3518
f 2386/2816/3518 2624/2815/3517 2622/2812/3514
f 2606/2782/3484 1865/2781/3483 1883/2806/3508
f 1883/2806/3508 2618/2805/3507 2606/2782/3484
f 2626/2819/3521 2391/2820/3522 1874/2796/3498
f 1874/2796/3498 2613/2795/3497 2626/2819/3521
f 2608/2786/3488 1869/2785/3487 2391/2820/3522
f 2391/2820/3522 2626/2819/3521 2608/2786/3488
f 2617/2804/3506 1882/2803/3505 1842/2765/3468
f 1842/2765/3468 2597/2764/3467 2617/2804/3506
f 2580/2821/3523 2579/2822/3524 2627/2823/3525
f 2582/2824/3526 2581/2825/3527 2627/2823/3525
f 2584/2826/3528 2583/2827/3529 2627/2823/3525
f 2585/2828/3530 2584/2826/3528 2627/2823/3525
f 2586/2829/3531 2585/2828/3530 2627/2823/3525
f 2587/2830/3532 2586/2829/3531 2627/2823/3525
f 2589/2831/3533 2588/2832/3534 2627/2823/3525
f 2590/2833/3535 2589/2831/3533 2627/2823/3525
f 2591/2834/3536 2582/2824/3526 2627/2823/3525
f 2579/2822/3524 2592/2835/3537 2627/2823/3525
f 2583/2827/3529 2580/2821/3523 2627/2823/3525
f 2592/2835/3537 2591/2834/3536 2627/2823/3525
f 2588/2832/3534 2587/2830/3532 2627/2823/3525
f 2581/2825/3527 2590/2833/3535 2627/2823/3525
f 2628/2836/3538 2629/2837/3539 2630/2838/3540
f 2630/2838/3540 2631/2839/3541 2628/2836/3538
f 2632/2840/3542 2633/2841/3543 2634/2842/3544
f 2634/2842/3544 2635/2843/3545 2632/2840/3542
f 2636/2844/3546 2635/2843/3545 2634/2842/3544
f 2634/2842/3544 2637/2845/3547 2636/2844/3546
f 2632/2840/3542 2638/2846/3548 2639/2847/3549
f 2639/2847/3549 2633/2841/3543 2632/2840/3542
f 2640/2848/3550 2639/2847/3549 2638/2846/3548
f 2638/2846/3548 2641/2849/3551 2640/2848/3550
f 2640/2848/3550 2641/2849/3551 2642/2850/3552
f 2642/2850/3552 2643/2851/3553 2640/2848/3550
f 2644/2852/3554 2645/2853/3555 2643/2851/3553
f 2643/2851/3553 2642/2850/3552 2644/2852/3554
f 2646/2854/3556 2645/2853/3555 2644/2852/3554
f 2644/2852/3554 2647/2855/3557 2646/2854/3556
f 2630/2838/3540 2646/2854/3556 2647/2855/3557
f 2647/2855/3557 2631/2839/3541 2630/2838/3540
f 2648/2856/3558 2629/2837/3539 2628/2836/3538
f 2628/2836/3538 2649/2857/3559 2648/2856/3558
f 2650/2858/3560 2651/2859/3561 2648/2856/3558
f 2648/2856/3558 2649/2857/3559 2650/2858/3560
f 2652/2860/3562 2651/2859/3561 2650/2858/3560
f 2650/2858/3560 2653/2861/3563 2652/2860/3562
f 2654/2862/3564 2652/2860/3562 2653/2861/3563
f 2653/2861/3563 2655/2863/3565 2654/2862/3564
f 2656/2864/3566 2654/2862/3564 2655/2863/3565
f 2655/2863/3565 2657/2865/3567 2656/2864/3566
f 2658/2866/3568 2659/2867/3569 2660/2868/3570
f 2660/2868/3570 2661/2869/3571 2658/2866/3568
f 2657/2865/3567 2659/2867/3569 2658/2866/3568
f 2658/2866/3568 2656/2864/3566 2657/2865/3567
f 2662/2870/3572 2663/2871/3573 2661/2869/3571
f 2661/2869/3571 2660/2868/3570 2662/2870/3572
f 2664/2872/3574 2665/2873/3575 2666/2874/3576
f 2666/2874/3576 2667/2875/3577 2664/2872/3574
f 2668/2876/3578 2664/2872/3574 2667/2875/3577
f 2667/2875/3577 2669/2877/3579 2668/2876/3578
f 2636/2844/3546 2637/2845/3547 2668/2876/3578
f 2668/2876/3578 2669/2877/3579 2636/2844/3546
f 2662/2870/3572 2666/2874/3576 2665/2873/3575
f 2665/2873/3575 2663/2871/3573 2662/2870/3572
f 2629/2837/3580 2670/2878/3581 2671/2879/3582
f 2671/2879/3582 2630/2838/3583 2629/2837/3580
f 2633/2841/3584 2672/2880/3585 2673/2881/3586
f 2673/2881/3586 2634/2842/3587 2633/2841/3584
f 2634/2842/3587 2673/2881/3586 2674/2882/3588
f 2674/2882/3588 2637/2845/3589 2634/2842/3587
f 2639/2847/3590 2675/2883/3591 2672/2880/3585
f 2672/2880/3585 2633/2841/3584 2639/2847/3590
f 2640/2848/3592 2676/2884/3593 2675/2883/3591
f 2675/2883/3591 2639/2847/3590 2640/2848/3592
f 2643/2851/3594 2677/2885/3595 2676/2884/3593
f 2676/2884/3593 2640/2848/3592 2643/2851/3594
f 2645/2853/3596 2678/2886/3597 2677/2885/3595
f 2677/2885/3595 2643/2851/3594 2645/2853/3596
f 2646/2854/3598 2679/2887/3599 2678/2886/3597
f 2678/2886/3597 2645/2853/3596 2646/2854/3598
f 2630/2838/3583 2671/2879/3582 2679/2887/3599
f 2679/2887/3599 2646/2854/3598 2630/2838/3583
f 2648/2856/3600 2680/2888/3601 2670/2878/3581
f 2670/2878/3581 2629/2837/3580 2648/2856/3600
f 2651/2859/3602 2681/2889/3603 2680/2888/3601
f 2680/2888/3601 2648/2856/3600 2651/2859/3602
f 2652/2860/3604 2682/2890/3605 2681/2889/3603
f 2681/2889/3603 2651/2859/3602 2652/2860/3604
f 2654/2862/3606 2683/2891/3607 2682/2890/3605
f 2682/2890/3605 2652/2860/3604 2654/2862/3606
f 2656/2864/3608 2684/2892/3609 2683/2891/3607
f 2683/2891/3607 2654/2862/3606 2656/2864/3608
f 2658/2866/3610 2685/2893/3611 2684/2892/3609
f 2684/2892/3609 2656/2864/3608 2658/2866/3610
f 2663/2871/3612 2686/2894/3613 2687/2895/3614
f 2687/2895/3614 2661/2869/3615 2663/2871/3612
f 2661/2869/3615 2687/2895/3614 2685/2893/3611
f 2685/2893/3611 2658/2866/3610 2661/2869/3615
f 2664/2872/3616 2688/2896/3617 2689/2897/3618
f 2689/2897/3618 2665/2873/3619 2664/2872/3616
f 2668/2876/3620 2690/2898/3621 2688/2896/3617
f 2688/2896/3617 2664/2872/3616 2668/2876/3620
f 2637/2845/3589 2674/2882/3588 2690/2898/3621
f 2690/2898/3621 2668/2876/3620 2637/2845/3589
f 2665/2873/3619 2689/2897/3618 2686/2894/3613
f 2686/2894/3613 2663/2871/3612 2665/2873/3619
f 2680/2888/3622 2688/2896/3623 2690/2898/3624
f 2690/2898/3624 2670/2878/3625 2680/2888/3622
f 2670/2878/3625 2690/2898/3624 2674/2882/3626
f 2674/2882/3626 2671/2879/3627 2670/2878/3625
f 2679/2887/3628 2673/2881/3629 2672/2880/3630
f 2672/2880/3630 2678/2886/3631 2679/2887/3628
f 2673/2881/3629 2679/2887/3628 2671/2879/3627
f 2671/2879/3627 2674/2882/3626 2673/2881/3629
f 2686/2894/3632 2682/2890/3633 2683/2891/3634
f 2683/2891/3634 2687/2895/3635 2686/2894/3632
f 2688/2896/3623 2680/2888/3622 2681/2889/3636
f 2681/2889/3636 2689/2897/3637 2688/2896/3623
f 2682/2890/3633 2686/2894/3632 2689/2897/3637
f 2689/2897/3637 2681/2889/3636 2682/2890/3633
f 2684/2892/3638 2685/2893/3639 2687/2895/3635
f 2687/2895/3635 2683/2891/3634 2684/2892/3638
f 2676/2884/3640 2677/2885/3641 2675/2883/3642
f 2675/2883/3642 2677/2885/3641 2678/2886/3631
f 2678/2886/3631 2672/2880/3630 2675/2883/3642
f 2691/2899/3643 2692/2900/3644 2693/2901/3645
f 2693/2901/3645 2694/2902/3646 2691/2899/3643
f 2692/2900/3644 2691/2899/3643 2695/2903/3647
f 2695/2903/3647 2696/2904/3648 2692/2900/3644
f 2696/2904/3648 2695/2903/3647 2697/2905/3649
f 2697/2905/3649 2698/2906/3650 2696/2904/3648
f 2698/2906/3650 2697/2905/3649 2699/2907/3651
f 2699/2907/3651 2700/2908/3652 2698/2906/3650
f 2700/2908/3652 2699/2907/3651 2701/2909/3653
f 2701/2909/3653 2702/2910/3654 2700/2908/3652
f 2702/2910/3654 2701/2909/3653 2703/2911/3655
f 2703/2911/3655 2704/2912/3656 2702/2910/3654
f 2704/2912/3656 2703/2911/3655 2705/2913/3657
f 2705/2913/3657 2706/2914/3658 2704/2912/3656
f 2706/2914/3658 2705/2913/3657 2707/2915/3659
f 2707/2915/3659 2708/2916/3660 2706/2914/3658
f 2708/2916/3660 2707/2915/3659 2709/2917/3661
f 2709/2917/3661 2710/2918/3662 2708/2916/3660
f 2710/2918/3662 2709/2917/3661 2711/2919/3663
f 2711/2919/3663 2712/2920/3664 2710/2918/3662
f 2712/2920/3664 2711/2919/3663 2713/2921/3665
f 2713/2921/3665 2714/2922/3666 2712/2920/3664
f 2714/2922/3666 2713/2921/3665 2715/2923/3667
f 2715/2923/3667 2716/2924/3668 2714/2922/3666
f 2716/2924/3668 2715/2923/3667 2717/2925/3669
f 2717/2925/3669 2718/2926/3670 2716/2924/3668
f 2718/2926/3670 2717/2925/3669 2719/2927/3671
f 2719/2927/3671 2720/2928/3672 2718/2926/3670
f 2720/2928/3672 2719/2927/3671 2721/2929/3673
f 2721/2929/3673 2722/2930/3674 2720/2928/3672
f 2722/2930/3674 2721/2929/3673 2723/2931/3675
f 2723/2931/3675 2724/2932/3676 2722/2930/3674
f 2724/2932/3676 2723/2931/3675 2725/2933/3677
f 2725/2933/3677 2726/2934/3678 2724/2932/3676
f 2726/2934/3678 2725/2933/3677 2727/2935/3679
f 2727/2935/3679 2728/2936/3680 2726/2934/3678
f 2728/2936/3680 2727/2935/3679 2729/2937/3681
f 2729/2937/3681 2730/2938/3682 2728/2936/3680
f 2730/2938/3682 2729/2937/3681 2731/2939/3683
f 2731/2939/3683 2732/2940/3684 2730/2938/3682
f 2732/2940/3684 2731/2939/3683 2733/2941/3685
f 2733/2941/3685 2734/2942/3686 2732/2940/3684
f 2734/2942/3686 2733/2941/3685 2735/2943/3687
f 2735/2943/3687 2736/2944/3688 2734/2942/3686
f 2736/2944/3688 2735/2943/3687 2737/2945/3689
f 2737/2945/3689 2738/2946/3690 2736/2944/3688
f 2738/2946/3690 2737/2945/3689 2694/2902/3646
f 2694/2902/3646 2693/2901/3645 2738/2946/3690
f 2694/2902/3691 2739/2947/3692 2740/2948/3693
f 2740/2948/3693 2691/2899/3694 2694/2902/3691
f 2739/2947/3692 2741/2949/3695 2742/2950/3696
f 2742/2950/3696 2740/2948/3693 2739/2947/3692
f 2691/2899/3694 2740/2948/3693 2743/2951/3697
f 2743/2951/3697 2695/2903/3698 2691/2899/3694
f 2740/2948/3693 2742/2950/3696 2744/2952/3699
f 2744/2952/3699 2743/2951/3697 2740/2948/3693
f 2695/2903/3698 2743/2951/3697 2745/2953/3700
f 2745/2953/3700 2697/2905/3701 2695/2903/3698
f 2743/2951/3697 2744/2952/3699 2746/2954/3702
f 2746/2954/3702 2745/2953/3700 2743/2951/3697
f 2697/2905/3701 2745/2953/3700 2747/2955/3703
f 2747/2955/3703 2699/2907/3704 2697/2905/3701
f 2745/2953/3700 2746/2954/3702 2748/2956/3705
f 2748/2956/3705 2747/2955/3703 2745/2953/3700
f 2699/2907/3704 2747/2955/3703 2749/2957/3706
f 2749/2957/3706 2701/2909/3707 2699/2907/3704
f 2747/2955/3703 2748/2956/3705 2750/2958/3708
f 2750/2958/3708 2749/2957/3706 2747/2955/3703
f 2701/2909/3707 2749/2957/3706 2751/2959/3709
f 2751/2959/3709 2703/2911/3710 2701/2909/3707
f 2749/2957/3706 2750/2958/3708 2752/2960/3711
f 2752/2960/3711 2751/2959/3709 2749/2957/3706
f 2703/2911/3710 2751/2959/3709 2753/2961/3712
f 2753/2961/3712 2705/2913/3713 2703/2911/3710
f 2751/2959/3709 2752/2960/3711 2754/2962/3714
f 2754/2962/3714 2753/2961/3712 2751/2959/3709
f 2705/2913/3713 2753/2961/3712 2755/2963/3715
f 2755/2963/3715 2707/2915/3716 2705/2913/3713
f 2753/2961/3712 2754/2962/3714 2756/2964/3717
f 2756/2964/3717 2755/2963/3715 2753/2961/3712
f 2707/2915/3716 2755/2963/3715 2757/2965/3718
f 2757/2965/3718 2709/2917/3719 2707/2915/3716
f 2755/2963/3715 2756/2964/3717 2758/2966/3720
f 2758/2966/3720 2757/2965/3718 2755/2963/3715
f 2709/2917/3719 2757/2965/3718 2759/2967/3721
f 2759/2967/3721 2711/2919/3722 2709/2917/3719
f 2757/2965/3718 2758/2966/3720 2760/2968/3723
f 2760/2968/3723 2759/2967/3721 2757/2965/3718
f 2711/2919/3722 2759/2967/3721 2761/2969/3724
f 2761/2969/3724 2713/2921/3725 2711/2919/3722
f 2759/2967/3721 2760/2968/3723 2762/2970/3726
f 2762/2970/3726 2761/2969/3724 2759/2967/3721
f 2713/2921/3725 2761/2969/3724 2763/2971/3727
f 2763/2971/3727 2715/2923/3728 2713/2921/3725
f 2761/2969/3724 2762/2970/3726 2764/2972/3729
f 2764/2972/3729 2763/2971/3727 2761/2969/3724
f 2715/2923/3728 2763/2971/3727 2765/2973/3730
f 2765/2973/3730 2717/2925/3731 2715/2923/3728
f 2763/2971/3727 2764/2972/3729 2766/2974/3732
f 2766/2974/3732 2765/2973/3730 2763/2971/3727
f 2717/2925/3731 2765/2973/3730 2767/2975/3733
f 2767/2975/3733 2719/2927/3734 2717/2925/3731
f 2765/2973/3730 2766/2974/3732 2768/2976/3735
f 2768/2976/3735 2767/2975/3733 2765/2973/3730
f 2719/2927/3734 2767/2975/3733 2769/2977/3736
f 2769/2977/3736 2721/2929/3737 2719/2927/3734
f 2767/2975/3733 2768/2976/3735 2770/2978/3738
f 2770/2978/3738 2769/2977/3736 2767/2975/3733
f 2721/2929/3737 2769/2977/3736 2771/2979/3739
f 2771/2979/3739 2723/2931/3740 2721/2929/3737
f 2769/2977/3736 2770/2978/3738 2772/2980/3741
f 2772/2980/3741 2771/2979/3739 2769/2977/3736
f 2723/2931/3740 2771/2979/3739 2773/2981/3742
f 2773/2981/3742 2725/2933/3743 2723/2931/3740
f 2771/2979/3739 2772/2980/3741 2774/2982/3744
f 2774/2982/3744 2773/2981/3742 2771/2979/3739
f 2725/2933/3743 2773/2981/3742 2775/2983/3745
f 2775/2983/3745 2727/2935/3746 2725/2933/3743
f 2773/2981/3742 2774/2982/3744 2776/2984/3747
f 2776/2984/3747 2775/2983/3745 2773/2981/3742
f 2727/2935/3746 2775/2983/3745 2777/2985/3748
f 2777/2985/3748 2729/2937/3749 2727/2935/3746
f 2775/2983/3745 2776/2984/3747 2778/2986/3750
f 2778/2986/3750 2777/2985/3748 2775/2983/3745
f 2729/2937/3749 2777/2985/3748 2779/2987/3751
f 2779/2987/3751 2731/2939/3752 2729/2937/3749
f 2777/2985/3748 2778/2986/3750 2780/2988/3753
f 2780/2988/3753 2779/2987/3751 2777/2985/3748
f 2731/2939/3752 2779/2987/3751 2781/2989/3754
f 2781/2989/3754 2733/2941/3755 2731/2939/3752
f 2779/2987/3751 2780/2988/3753 2782/2990/3756
f 2782/2990/3756 2781/2989/3754 2779/2987/3751
f 2733/2941/3755 2781/2989/3754 2783/2991/3757
f 2783/2991/3757 2735/2943/3758 2733/2941/3755
f 2781/2989/3754 2782/2990/3756 2784/2992/3759
f 2784/2992/3759 2783/2991/3757 2781/2989/3754
f 2735/2943/3758 2783/2991/3757 2785/2993/3760
f 2785/2993/3760 2737/2945/3761 2735/2943/3758
f 2783/2991/3757 2784/2992/3759 2786/2994/3762
f 2786/2994/3762 2785/2993/3760 2783/2991/3757
f 2737/2945/3761 2785/2993/3760 2739/2947/3692
f 2739/2947/3692 2694/2902/3691 2737/2945/3761
f 2785/2993/3760 2786/2994/3762 2741/2949/3695
f 2741/2949/3695 2739/2947/3692 2785/2993/3760
f 2692/2900/3763 2787/2995/3764 2788/2996/3765
f 2788/2996/3765 2693/2901/3766 2692/2900/3763
f 2696/2904/3767 2789/2997/3768 2787/2995/3764
f 2787/2995/3764 2692/2900/3763 2696/2904/3767
f 2698/2906/3769 2790/2998/3770 2789/2997/3768
f 2789/2997/3768 2696/2904/3767 2698/2906/3769
f 2700/2908/3771 2791/2999/3772 2790/2998/3770
f 2790/2998/3770 2698/2906/3769 2700/2908/3771
f 2702/2910/3773 2792/3000/3774 2791/2999/3772
f 2791/2999/3772 2700/2908/3771 2702/2910/3773
f 2704/2912/3775 2793/3001/3776 2792/3000/3774
f 2792/3000/3774 2702/2910/3773 2704/2912/3775
f 2706/2914/3777 2794/3002/3778 2793/3001/3776
f 2793/3001/3776 2704/2912/3775 2706/2914/3777
f 2708/2916/3779 2795/3003/3780 2794/3002/3778
f 2794/3002/3778 2706/2914/3777 2708/2916/3779
f 2710/2918/3781 2796/3004/3782 2795/3003/3780
f 2795/3003/3780 2708/2916/3779 2710/2918/3781
f 2712/2920/3783 2797/3005/3784 2796/3004/3782
f 2796/3004/3782 2710/2918/3781 2712/2920/3783
f 2714/2922/3785 2798/3006/3786 2797/3005/3784
f 2797/3005/3784 2712/2920/3783 2714/2922/3785
f 2716/2924/3787 2799/3007/3788 2798/3006/3786
f 2798/3006/3786 2714/2922/3785 2716/2924/3787
f 2718/2926/3789 2800/3008/3790 2799/3007/3788
f 2799/3007/3788 2716/2924/3787 2718/2926/3789
f 2720/2928/3791 2801/3009/3792 2800/3008/3790
f 2800/3008/3790 2718/2926/3789 2720/2928/3791
f 2722/2930/3793 2802/3010/3794 2801/3009/3792
f 2801/3009/3792 2720/2928/3791 2722/2930/3793
f 2724/2932/3795 2803/3011/3796 2802/3010/3794
f 2802/3010/3794 2722/2930/3793 2724/2932/3795
f 2726/2934/3797 2804/3012/3798 2803/3011/3796
f 2803/3011/3796 2724/2932/3795 2726/2934/3797
f 2728/2936/3799 2805/3013/3800 2804/3012/3798
f 2804/3012/3798 2726/2934/3797 2728/2936/3799
f 2730/2938/3801 2806/3014/3802 2805/3013/3800
f 2805/3013/3800 2728/2936/3799 2730/2938/3801
f 2732/2940/3803 2807/3015/3804 2806/3014/3802
f 2806/3014/3802 2730/2938/3801 2732/2940/3803
f 2734/2942/3805 2808/3016/3806 2807/3015/3804
f 2807/3015/3804 2732/2940/3803 2734/2942/3805
f 2736/2944/3807 2809/3017/3808 2808/3016/3806
f 2808/3016/3806 2734/2942/3805 2736/2944/3807
f 2738/2946/3809 2810/3018/3810 2809/3017/3808
f 2809/3017/3808 2736/2944/3807 2738/2946/3809
f 2693/2901/3766 2788/2996/3765 2810/3018/3810
f 2810/3018/3810 2738/2946/3809 2693/2901/3766
f 2279/2438/2961 2110/2252/2792 2111/2253/2793
f 2254/2412/2936 2277/2436/2959 2253/2411/2935
f 2276/2435/2958 2253/2411/2935 2811/3019/3811
f 2811/3019/3811 2812/3020/3812 2276/2435/2958
f 2327/2488/3009 2325/2486/3007 2326/2487/3008
f 2813/3021/3813 2276/2435/2958 2812/3020/3812
f 2300/2460/2982 2276/2435/2958 2813/3021/3813
f 2300/2460/2982 2813/3021/3813 2814/3022/3814
f 2102/2244/2784 2378/2539/3060 2815/3023/3815
f 2379/2540/3061 2378/2539/3060 2374/2535/3056
f 2300/2460/2982 2814/3022/3814 2326/2487/3008
f 2102/2244/2784 2815/3023/3815 2816/3024/3816
f 2277/2436/2959 2254/2412/2936 2280/2439/2962
f 2817/3025/3817 2328/2489/3010 2329/2490/3011
f 2278/2437/2960 2811/3019/3811 2253/2411/2935
f 2102/2244/2784 2816/3024/3816 2111/2253/2793
f 2254/2412/2936 2110/2252/2792 2279/2438/2961
f 2376/2537/3058 2328/2489/3010 2817/3025/3817
f 2102/2244/2784 2337/2498/3019 2377/2538/3059
f 2102/2244/2784 2377/2538/3059 2378/2539/3060
f 2277/2436/3818 2818/3026/3819 2819/3027/3820
f 2819/3027/3820 2278/2437/3821 2277/2436/3818
f 2279/2438/3822 2820/3028/3823 2821/3029/3824
f 2821/3029/3824 2280/2439/3825 2279/2438/3822
f 2327/2488/3826 2822/3030/3827 2823/3031/3828
f 2823/3031/3828 2329/2490/3829 2327/2488/3826
f 2376/2537/3830 2824/3032/3831 2825/3033/3832
f 2825/3033/3832 2379/2540/3833 2376/2537/3830
f 2111/2253/3834 2826/3034/3835 2820/3028/3823
f 2820/3028/3823 2279/2438/3822 2111/2253/3834
f 2811/3019/3836 2827/3035/3837 2828/3036/3838
f 2828/3036/3838 2812/3020/3839 2811/3019/3836
f 2326/2487/3840 2829/3037/3841 2822/3030/3827
f 2822/3030/3827 2327/2488/3826 2326/2487/3840
f 2812/3020/3839 2828/3036/3838 2830/3038/3842
f 2830/3038/3842 2813/3021/3843 2812/3020/3839
f 2813/3021/3843 2830/3038/3842 2831/3039/3844
f 2831/3039/3844 2814/3022/3845 2813/3021/3843
f 2378/2539/3846 2832/3040/3847 2833/3041/3848
f 2833/3041/3848 2815/3023/3849 2378/2539/3846
f 2379/2540/3833 2825/3033/3832 2832/3040/3847
f 2832/3040/3847 2378/2539/3846 2379/2540/3833
f 2814/3022/3845 2831/3039/3844 2829/3037/3841
f 2829/3037/3841 2326/2487/3840 2814/3022/3845
f 2815/3023/3849 2833/3041/3848 2834/3042/3850
f 2834/3042/3850 2816/3024/3851 2815/3023/3849
f 2280/2439/3825 2821/3029/3824 2818/3026/3819
f 2818/3026/3819 2277/2436/3818 2280/2439/3825
f 2329/2490/3829 2823/3031/3828 2835/3043/3852
f 2835/3043/3852 2817/3025/3853 2329/2490/3829
f 2278/2437/3821 2819/3027/3820 2827/3035/3837
f 2827/3035/3837 2811/3019/3836 2278/2437/3821
f 2816/3024/3851 2834/3042/3850 2826/3034/3835
f 2826/3034/3835 2111/2253/3834 2816/3024/3851
f 2817/3025/3853 2835/3043/3852 2824/3032/3831
f 2824/3032/3831 2376/2537/3830 2817/3025/3853
f 2819/3044/3854 2818/3045/3854 2836/3046/3854
f 2821/3047/3854 2820/3048/3854 2836/3046/3854
f 2823/3049/3854 2822/3050/3854 2836/3046/3854
f 2825/3051/3854 2824/3052/3854 2836/3046/3854
f 2820/3048/3854 2826/3053/3854 2836/3046/3854
f 2828/3054/3854 2827/3055/3854 2836/3046/3854
f 2822/3050/3854 2829/3056/3854 2836/3046/3854
f 2830/3057/3854 2828/3054/3854 2836/3046/3854
f 2831/3058/3854 2830/3057/3854 2836/3046/3854
f 2833/3059/3854 2832/3060/3854 2836/3046/3854
f 2832/3060/3854 2825/3051/3854 2836/3046/3854
f 2829/3056/3854 2831/3058/3854 2836/3046/3854
f 2834/3061/3854 2833/3059/3854 2836/3046/3854
f 2818/3045/3854 2821/3047/3854 2836/3046/3854
f 2835/3062/3854 2823/3049/3854 2836/3046/3854
f 2827/3055/3854 2819/3044/3854 2836/3046/3854
f 2826/3053/3854 2834/3061/3854 2836/3046/3854
f 2824/3052/3854 2835/3062/3854 2836/3046/3854
f 2837/3063/3855 2838/3064/3856 2839/3065/3857
f 2839/3065/3857 2840/3066/3858 2837/3063/3855
f 2841/3067/3859 2842/3068/3860 2837/3063/3855
f 2837/3063/3855 2840/3066/3858 2841/3067/3859
f 2843/3069/3861 2844/3070/3862 2845/3071/3863
f 2843/3069/3861 2845/3071/3863 2846/3072/3864
f 2846/3072/3864 2847/3073/3865 2843/3069/3861
f 2848/3074/3866 2849/3075/3867 2850/3076/3868
f 2850/3076/3868 2851/3077/3869 2848/3074/3866
f 2849/3075/3867 2852/3078/3870 2853/3079/3871
f 2853/3079/3871 2850/3076/3868 2849/3075/3867
f 2852/3078/3870 2854/3080/3872 2855/3081/3873
f 2855/3081/3873 2853/3079/3871 2852/3078/3870
f 2854/3080/3872 2856/3082/3874 2857/3083/3875
f 2857/3083/3875 2855/3081/3873 2854/3080/3872
f 2856/3082/3874 2858/3084/3876 2859/3085/3877
f 2859/3085/3877 2857/3083/3875 2856/3082/3874
f 2858/3084/3876 2860/3086/3878 2861/3087/3879
f 2861/3087/3879 2859/3085/3877 2858/3084/3876
f 2860/3086/3878 2862/3088/3880 2863/3089/3881
f 2863/3089/3881 2861/3087/3879 2860/3086/3878
f 2862/3088/3880 2864/3090/3882 2863/3089/3881
f 2865/3091/3883 2863/3089/3881 2864/3090/3882
f 2866/3092/3884 2867/3093/3885 2868/3094/3886
f 2868/3094/3886 2867/3093/3885 2862/3088/3880
f 2862/3088/3880 2867/3093/3885 2864/3090/3882
f 2868/3094/3886 2869/3095/3887 2866/3092/3884
f 2869/3095/3887 2868/3094/3886 2870/3096/3888
f 2871/3097/3889 2872/3098/3890 2873/3099/3891
f 2873/3099/3891 2872/3098/3890 2870/3096/3888
f 2870/3096/3888 2872/3098/3890 2869/3095/3887
f 2874/3100/3892 2875/3101/3893 2876/3102/3894
f 2875/3101/3893 2877/3103/3895 2876/3102/3894
f 2876/3102/3894 2877/3103/3895 2873/3099/3891
f 2873/3099/3891 2877/3103/3895 2871/3097/3889
f 2878/3104/3896 2879/3105/3897 2880/3106/3898
f 2878/3104/3896 2874/3100/3892 2879/3105/3897
f 2879/3105/3897 2874/3100/3892 2876/3102/3894
f 2879/3105/3897 2881/3107/3899 2882/3108/3900
f 2882/3108/3900 2880/3106/3898 2879/3105/3897
f 2882/3108/3900 2881/3107/3899 2883/3109/3901
f 2883/3109/3901 2884/3110/3902 2882/3108/3900
f 2884/3110/3902 2883/3109/3901 2885/3111/3903
f 2885/3111/3903 2886/3112/3904 2884/3110/3902
f 2886/3112/3904 2885/3111/3903 2887/3113/3905
f 2887/3113/3905 2888/3114/3906 2886/3112/3904
f 2888/3114/3906 2887/3113/3905 2889/3115/3907
f 2889/3115/3907 2890/3116/3908 2888/3114/3906
f 2891/3117/3909 2892/3118/3910 2890/3116/3908
f 2890/3116/3908 2889/3115/3907 2891/3117/3909
f 2893/3119/3911 2894/3120/3912 2895/3121/3913
f 2895/3121/3913 2896/3122/3914 2893/3119/3911
f 2896/3122/3914 2895/3121/3913 2892/3118/3910
f 2892/3118/3910 2891/3117/3909 2896/3122/3914
f 2897/3123/3915 2898/3124/3916 2894/3120/3912
f 2894/3120/3912 2893/3119/3911 2897/3123/3915
f 2898/3124/3916 2897/3123/3915 2899/3125/3917
f 2899/3125/3917 2900/3126/3918 2898/3124/3916
f 2900/3126/3918 2899/3125/3917 2901/3127/3919
f 2901/3127/3919 2902/3128/3920 2900/3126/3918
f 2902/3128/3920 2901/3127/3919 2903/3129/3921
f 2903/3129/3921 2904/3130/3922 2902/3128/3920
f 2904/3130/3922 2903/3129/3921 2837/3063/3855
f 2837/3063/3855 2842/3068/3860 2904/3130/3922
f 2905/3131/3923 2906/3132/3924 2907/3133/3925
f 2908/3134/3926 2909/3135/3927 2910/3136/3928
f 2909/3135/3927 2907/3133/3925 2910/3136/3928
f 2907/3133/3925 2906/3132/3924 2910/3136/3928
f 2851/3077/3869 2911/3137/3929 2912/3138/3930
f 2913/3139/3931 2912/3138/3930 2911/3137/3929
f 2851/3077/3869 2914/3140/3932 2911/3137/3929
f 2915/3141/3933 2851/3077/3869 2850/3076/3868
f 2850/3076/3868 2916/3142/3934 2915/3141/3933
f 2850/3076/3868 2853/3079/3871 2917/3143/3935
f 2917/3143/3935 2916/3142/3934 2850/3076/3868
f 2853/3079/3871 2918/3144/3936 2917/3143/3935
f 2855/3081/3873 2919/3145/3937 2920/3146/3938
f 2920/3146/3938 2853/3079/3871 2855/3081/3873
f 2857/3083/3875 2921/3147/3939 2919/3145/3937
f 2919/3145/3937 2855/3081/3873 2857/3083/3875
f 2859/3085/3877 2922/3148/3940 2921/3147/3939
f 2921/3147/3939 2857/3083/3875 2859/3085/3877
f 2861/3087/3879 2923/3149/3941 2922/3148/3940
f 2922/3148/3940 2859/3085/3877 2861/3087/3879
f 2924/3150/3942 2922/3148/3940 2923/3149/3941
f 2925/3151/3943 2924/3150/3942 2923/3149/3941
f 2865/3091/3883 2923/3149/3941 2863/3089/3881
f 2923/3149/3941 2861/3087/3879 2863/3089/3881
f 2926/3152/3944 2927/3153/3945 2928/3154/3946
f 2927/3153/3945 2926/3152/3944 2929/3155/3947
f 2930/3156/3948 2928/3154/3946 2931/3157/3949
f 2928/3154/3946 2930/3156/3948 2926/3152/3944
f 2880/3106/3898 2882/3108/3900 2932/3158/3950
f 2933/3159/3951 2882/3108/3900 2934/3160/3952
f 2935/3161/3953 2931/3157/3949 2928/3154/3946
f 2934/3160/3952 2931/3157/3949 2935/3161/3953
f 2934/3160/3952 2882/3108/3900 2931/3157/3949
f 2882/3108/3900 2884/3110/3902 2936/3162/3954
f 2936/3162/3954 2931/3157/3949 2882/3108/3900
f 2884/3110/3902 2886/3112/3904 2937/3163/3955
f 2937/3163/3955 2936/3162/3954 2884/3110/3902
f 2886/3112/3904 2888/3114/3906 2938/3164/3956
f 2938/3164/3956 2937/3163/3955 2886/3112/3904
f 2888/3114/3906 2890/3116/3908 2939/3165/3957
f 2939/3165/3957 2938/3164/3956 2888/3114/3906
f 2890/3116/3908 2892/3118/3910 2940/3166/3958
f 2940/3166/3958 2939/3165/3957 2890/3116/3908
f 2892/3118/3910 2895/3121/3913 2941/3167/3959
f 2941/3167/3959 2940/3166/3958 2892/3118/3910
f 2895/3121/3913 2894/3120/3912 2942/3168/3960
f 2942/3168/3960 2941/3167/3959 2895/3121/3913
f 2894/3120/3912 2898/3124/3916 2943/3169/3961
f 2943/3169/3961 2942/3168/3960 2894/3120/3912
f 2898/3124/3916 2900/3126/3918 2944/3170/3962
f 2944/3170/3962 2943/3169/3961 2898/3124/3916
f 2900/3126/3918 2902/3128/3920 2945/3171/3963
f 2945/3171/3963 2944/3170/3962 2900/3126/3918
f 2902/3128/3920 2904/3130/3922 2946/3172/3964
f 2946/3172/3964 2945/3171/3963 2902/3128/3920
f 2837/3063/3965 2947/3173/3965 2948/3174/3966
f 2948/3174/3966 2838/3064/3966 2837/3063/3965
f 2846/3072/3967 2838/3064/3966 2948/3174/3966
f 2948/3174/3966 2949/3175/3967 2846/3072/3967
f 2847/3073/3968 2846/3072/3967 2949/3175/3967
f 2949/3175/3967 2950/3176/3968 2847/3073/3968
f 2847/3073/3968 2950/3176/3968 2951/3177/3969
f 2951/3177/3969 2952/3178/3969 2847/3073/3968
f 2952/3178/3969 2951/3177/3969 2953/3179/3970
f 2953/3179/3970 2954/3180/3970 2952/3178/3969
f 2954/3180/3970 2953/3179/3970 2955/3181/3971
f 2955/3181/3971 2956/3182/3971 2954/3180/3970
f 2956/3182/3971 2955/3181/3971 2957/3183/3972
f 2957/3183/3972 2958/3184/3972 2956/3182/3971
f 2958/3184/3972 2957/3183/3972 2959/3185/3973
f 2959/3185/3973 2960/3186/3973 2958/3184/3972
f 2960/3186/3973 2959/3185/3973 2961/3187/3974
f 2961/3187/3974 2962/3188/3974 2960/3186/3973
f 2962/3188/3974 2961/3187/3974 2963/3189/3975
f 2963/3189/3975 2848/3074/3975 2962/3188/3974
f 2848/3074/3975 2963/3189/3975 2964/3190/3976
f 2964/3190/3976 2849/3075/3976 2848/3074/3975
f 2852/3078/3977 2849/3075/3976 2964/3190/3976
f 2964/3190/3976 2965/3191/3977 2852/3078/3977
f 2852/3078/3977 2965/3191/3977 2966/3192/3978
f 2966/3192/3978 2854/3080/3978 2852/3078/3977
f 2854/3080/3978 2966/3192/3978 2967/3193/3979
f 2967/3193/3979 2856/3082/3979 2854/3080/3978
f 2858/3084/3980 2856/3082/3979 2967/3193/3979
f 2967/3193/3979 2968/3194/3980 2858/3084/3980
f 2860/3086/3981 2858/3084/3980 2968/3194/3980
f 2968/3194/3980 2969/3195/3981 2860/3086/3981
f 2862/3088/3982 2860/3086/3981 2969/3195/3981
f 2969/3195/3981 2970/3196/3982 2862/3088/3982
f 2868/3094/3983 2862/3088/3982 2970/3196/3982
f 2970/3196/3982 2971/3197/3983 2868/3094/3983
f 2870/3096/3984 2868/3094/3983 2971/3197/3983
f 2971/3197/3983 2972/3198/3984 2870/3096/3984
f 2873/3099/3985 2870/3096/3984 2972/3198/3984
f 2972/3198/3984 2973/3199/3985 2873/3099/3985
f 2873/3099/3985 2973/3199/3985 2974/3200/3986
f 2974/3200/3986 2876/3102/3986 2873/3099/3985
f 2879/3105/3987 2876/3102/3986 2974/3200/3986
f 2974/3200/3986 2975/3201/3987 2879/3105/3987
f 2881/3107/3988 2879/3105/3987 2975/3201/3987
f 2975/3201/3987 2976/3202/3988 2881/3107/3988
f 2881/3107/3988 2976/3202/3988 2977/3203/3989
f 2977/3203/3989 2883/3109/3989 2881/3107/3988
f 2885/3111/3990 2883/3109/3989 2977/3203/3989
f 2977/3203/3989 2978/3204/3990 2885/3111/3990
f 2885/3111/3990 2978/3204/3990 2979/3205/3991
f 2979/3205/3991 2887/3113/3991 2885/3111/3990
f 2889/3115/3992 2887/3113/3991 2979/3205/3991
f 2979/3205/3991 2980/3206/3992 2889/3115/3992
f 2891/3117/3993 2889/3115/3992 2980/3206/3992
f 2980/3206/3992 2981/3207/3993 2891/3117/3993
f 2893/3119/3994 2896/3122/3995 2982/3208/3995
f 2982/3208/3995 2983/3209/3994 2893/3119/3994
f 2896/3122/3995 2891/3117/3993 2981/3207/3993
f 2981/3207/3993 2982/3208/3995 2896/3122/3995
f 2897/3123/3996 2893/3119/3994 2983/3209/3994
f 2983/3209/3994 2984/3210/3996 2897/3123/3996
f 2899/3125/3997 2897/3123/3996 2984/3210/3996
f 2984/3210/3996 2985/3211/3997 2899/3125/3997
f 2901/3127/3998 2899/3125/3997 2985/3211/3997
f 2985/3211/3997 2986/3212/3998 2901/3127/3998
f 2901/3127/3998 2986/3212/3998 2987/3213/3999
f 2987/3213/3999 2903/3129/3999 2901/3127/3998
f 2903/3129/3999 2987/3213/3999 2947/3173/3965
f 2947/3173/3965 2837/3063/3965 2903/3129/3999
f 2988/3214/4000 2989/3215/4001 2990/3216/4002
f 2990/3216/4002 2991/3217/4003 2988/3214/4000
f 2992/3218/4004 2993/3219/4005 2989/3215/4001
f 2989/3215/4001 2988/3214/4000 2992/3218/4004
f 2993/3219/4005 2992/3218/4004 2994/3220/4006
f 2994/3220/4006 2995/3221/4007 2993/3219/4005
f 2906/3132/4008 2996/3222/4009 2995/3221/4007
f 2995/3221/4007 2994/3220/4006 2906/3132/4008
f 2905/3131/4010 2997/3223/4011 2996/3222/4009
f 2996/3222/4009 2906/3132/4008 2905/3131/4010
f 2998/3224/4012 2999/3225/4013 2997/3223/4011
f 2997/3223/4011 2905/3131/4010 2998/3224/4012
f 3000/3226/4014 3001/3227/4015 2999/3225/4013
f 2999/3225/4013 2998/3224/4012 3000/3226/4014
f 3002/3228/4016 3003/3229/4017 3001/3227/4015
f 3001/3227/4015 3000/3226/4014 3002/3228/4016
f 2913/3139/4018 3004/3230/4019 3003/3229/4017
f 3003/3229/4017 3002/3228/4016 2913/3139/4018
f 2911/3137/4020 3005/3231/4021 3004/3230/4019
f 3004/3230/4019 2913/3139/4018 2911/3137/4020
f 2914/3140/4022 3006/3232/4023 3005/3231/4021
f 3005/3231/4021 2911/3137/4020 2914/3140/4022
f 3006/3232/4023 2914/3140/4022 2915/3141/4024
f 2915/3141/4024 3007/3233/4025 3006/3232/4023
f 2916/3142/4026 3008/3234/4027 3007/3233/4025
f 3007/3233/4025 2915/3141/4024 2916/3142/4026
f 2917/3143/4028 3009/3235/4029 3008/3234/4027
f 3008/3234/4027 2916/3142/4026 2917/3143/4028
f 2918/3144/4030 3010/3236/4031 3009/3235/4029
f 3009/3235/4029 2917/3143/4028 2918/3144/4030
f 2920/3146/4032 3011/3237/4033 3010/3236/4031
f 3010/3236/4031 2918/3144/4030 2920/3146/4032
f 2919/3145/4034 3012/3238/4035 3011/3237/4033
f 3011/3237/4033 2920/3146/4032 2919/3145/4034
f 2921/3147/4036 3013/3239/4037 3012/3238/4035
f 3012/3238/4035 2919/3145/4034 2921/3147/4036
f 2922/3148/4038 3014/3240/4039 3013/3239/4037
f 3013/3239/4037 2921/3147/4036 2922/3148/4038
f 2924/3150/4040 3015/3241/4041 3014/3240/4039
f 3014/3240/4039 2922/3148/4038 2924/3150/4040
f 2929/3155/4042 3016/3242/4043 3015/3241/4041
f 3015/3241/4041 2924/3150/4040 2929/3155/4042
f 2926/3152/4044 3017/3243/4045 3016/3242/4043
f 3016/3242/4043 2929/3155/4042 2926/3152/4044
f 2930/3156/4046 3018/3244/4047 3017/3243/4045
f 3017/3243/4045 2926/3152/4044 2930/3156/4046
f 2931/3157/4048 3019/3245/4049 3018/3244/4047
f 3018/3244/4047 2930/3156/4046 2931/3157/4048
f 2936/3162/4050 3020/3246/4051 3019/3245/4049
f 3019/3245/4049 2931/3157/4048 2936/3162/4050
f 2937/3163/4052 3021/3247/4053 3020/3246/4051
f 3020/3246/4051 2936/3162/4050 2937/3163/4052
f 2938/3164/4054 3022/3248/4055 3021/3247/4053
f 3021/3247/4053 2937/3163/4052 2938/3164/4054
f 2939/3165/4056 3023/3249/4057 3022/3248/4055
f 3022/3248/4055 2938/3164/4054 2939/3165/4056
f 2940/3166/4058 3024/3250/4059 3023/3249/4057
f 3023/3249/4057 2939/3165/4056 2940/3166/4058
f 2941/3167/4060 3025/3251/4061 3024/3250/4059
f 3024/3250/4059 2940/3166/4058 2941/3167/4060
f 2942/3168/4062 3026/3252/4063 3025/3251/4061
f 3025/3251/4061 2941/3167/4060 2942/3168/4062
f 2943/3169/4064 3027/3253/4065 3026/3252/4063
f 3026/3252/4063 2942/3168/4062 2943/3169/4064
f 2944/3170/4066 3028/3254/4067 3027/3253/4065
f 3027/3253/4065 2943/3169/4064 2944/3170/4066
f 2945/3171/4068 3029/3255/4069 3028/3254/4067
f 3028/3254/4067 2944/3170/4066 2945/3171/4068
f 2946/3172/4070 3030/3256/4071 3029/3255/4069
f 3029/3255/4069 2945/3171/4068 2946/3172/4070
f 2991/3217/4003 2990/3216/4002 3030/3256/4071
f 3030/3256/4071 2946/3172/4070 2991/3217/4003
f 3031/3257/4072 3032/3258/4073 2990/3216/4074
f 2990/3216/4074 2989/3215/4075 3031/3257/4072
f 3033/3259/4076 3031/3257/4072 2989/3215/4075
f 2989/3215/4075 2993/3219/4077 3033/3259/4076
f 3033/3259/4076 2993/3219/4077 2995/3221/4078
f 2995/3221/4078 3034/3260/4079 3033/3259/4076
f 3034/3260/4079 2995/3221/4078 2996/3222/4080
f 2996/3222/4080 3035/3261/4081 3034/3260/4079
f 3035/3261/4081 2996/3222/4080 2997/3223/4082
f 2997/3223/4082 3036/3262/4083 3035/3261/4081
f 3036/3262/4083 2997/3223/4082 2999/3225/4084
f 2999/3225/4084 3037/3263/4085 3036/3262/4083
f 3037/3263/4085 2999/3225/4084 3001/3227/4086
f 3001/3227/4086 3038/3264/4087 3037/3263/4085
f 3038/3264/4087 3001/3227/4086 3003/3229/4088
f 3003/3229/4088 3039/3265/4089 3038/3264/4087
f 3039/3265/4089 3003/3229/4088 3004/3230/4090
f 3004/3230/4090 3040/3266/4091 3039/3265/4089
f 3040/3266/4091 3004/3230/4090 3005/3231/4092
f 3005/3231/4092 3041/3267/4093 3040/3266/4091
f 3042/3268/4094 3041/3267/4093 3005/3231/4092
f 3005/3231/4092 3006/3232/4095 3042/3268/4094
f 3043/3269/4096 3044/3270/4097 3009/3235/4098
f 3009/3235/4098 3010/3236/4099 3043/3269/4096
f 3045/3271/4100 3043/3269/4096 3010/3236/4099
f 3010/3236/4099 3011/3237/4101 3045/3271/4100
f 3046/3272/4102 3045/3271/4100 3011/3237/4101
f 3011/3237/4101 3012/3238/4103 3046/3272/4102
f 3047/3273/4104 3046/3272/4102 3012/3238/4103
f 3012/3238/4103 3013/3239/4105 3047/3273/4104
f 3048/3274/4106 3047/3273/4104 3013/3239/4105
f 3013/3239/4105 3014/3240/4107 3048/3274/4106
f 3049/3275/4108 3048/3274/4106 3014/3240/4107
f 3014/3240/4107 3015/3241/4109 3049/3275/4108
f 3049/3275/4108 3015/3241/4109 3016/3242/4110
f 3016/3242/4110 3050/3276/4111 3049/3275/4108
f 3050/3276/4111 3016/3242/4110 3017/3243/4112
f 3017/3243/4112 3051/3277/4113 3050/3276/4111
f 3051/3277/4113 3017/3243/4112 3018/3244/4114
f 3018/3244/4114 3052/3278/4115 3051/3277/4113
f 3052/3278/4115 3018/3244/4114 3019/3245/4116
f 3019/3245/4116 3053/3279/4117 3052/3278/4115
f 3053/3279/4117 3019/3245/4116 3020/3246/4118
f 3020/3246/4118 3054/3280/4119 3053/3279/4117
f 3054/3280/4119 3020/3246/4118 3021/3247/4120
f 3021/3247/4120 3055/3281/4121 3054/3280/4119
f 3055/3281/4121 3021/3247/4120 3022/3248/4122
f 3022/3248/4122 3056/3282/4123 3055/3281/4121
f 3056/3282/4123 3022/3248/4122 3023/3249/4124
f 3023/3249/4124 3057/3283/4125 3056/3282/4123
f 3057/3283/4125 3023/3249/4124 3024/3250/4126
f 3024/3250/4126 3058/3284/4127 3057/3283/4125
f 3059/3285/4128 3058/3284/4127 3024/3250/4126
f 3024/3250/4126 3025/3251/4129 3059/3285/4128
f 3060/3286/4130 3059/3285/4128 3025/3251/4129
f 3025/3251/4129 3026/3252/4131 3060/3286/4130
f 3061/3287/4132 3060/3286/4130 3026/3252/4131
f 3026/3252/4131 3027/3253/4133 3061/3287/4132
f 3062/3288/4134 3061/3287/4132 3027/3253/4133
f 3027/3253/4133 3028/3254/4135 3062/3288/4134
f 3063/3289/4136 3062/3288/4134 3028/3254/4135
f 3028/3254/4135 3029/3255/4137 3063/3289/4136
f 3064/3290/4138 3063/3289/4136 3029/3255/4137
f 3029/3255/4137 3030/3256/4139 3064/3290/4138
f 3032/3258/4073 3064/3290/4138 3030/3256/4139
f 3030/3256/4139 2990/3216/4074 3032/3258/4073
f 3044/3270/4097 3065/3291/4140 3008/3234/4141
f 3008/3234/4141 3009/3235/4098 3044/3270/4097
f 3065/3291/4140 3066/3292/4142 3007/3233/4143
f 3007/3233/4143 3008/3234/4141 3065/3291/4140
f 3042/3268/4094 3006/3232/4095 3007/3233/4143
f 3007/3233/4143 3066/3292/4142 3042/3268/4094
f 3067/3293/4144 2929/3155/3947 3068/3294/4145
f 2929/3155/3947 2924/3150/3942 3068/3294/4145
f 3068/3294/4145 2924/3150/3942 3069/3295/4146
f 3069/3295/4146 2924/3150/3942 3070/3296/4147
f 3070/3296/4147 2924/3150/3942 3071/3297/4148
f 3071/3297/4148 2924/3150/3942 2925/3151/3943
f 3067/3293/4144 2927/3153/3945 2929/3155/3947
f 2878/3104/3896 2880/3106/3898 2932/3158/3950
f 2933/3159/3951 2932/3158/3950 2882/3108/3900
f 3072/3298/4149 3073/3299/4150 3074/3300/4151
f 3074/3300/4151 3075/3301/4152 3072/3298/4149
f 3076/3302/4153 3077/3303/4154 3078/3304/4155
f 3078/3304/4155 3079/3305/4156 3076/3302/4153
f 3077/3303/4154 3076/3302/4153 3080/3306/4157
f 3080/3306/4157 3081/3307/4158 3077/3303/4154
f 3082/3308/4159 3083/3309/4160 3081/3307/4158
f 3081/3307/4158 3080/3306/4157 3082/3308/4159
f 3084/3310/4161 3085/3311/4162 3083/3309/4160
f 3083/3309/4160 3082/3308/4159 3084/3310/4161
f 3086/3312/4163 3087/3313/4164 3085/3311/4162
f 3085/3311/4162 3084/3310/4161 3086/3312/4163
f 3073/3299/4150 3072/3298/4149 3087/3313/4164
f 3087/3313/4164 3086/3312/4163 3073/3299/4150
f 3088/3314/4165 3089/3315/4166 3090/3316/4167
f 3090/3316/4167 3091/3317/4168 3088/3314/4165
f 3091/3317/4168 3090/3316/4167 3092/3318/4169
f 3092/3318/4169 3093/3319/4170 3091/3317/4168
f 3093/3319/4170 3092/3318/4169 3094/3320/4171
f 3094/3320/4171 3095/3321/4172 3093/3319/4170
f 3095/3321/4172 3094/3320/4171 3096/3322/4173
f 3096/3322/4173 3097/3323/4174 3095/3321/4172
f 3097/3323/4174 3096/3322/4173 3098/3324/4175
f 3098/3324/4175 3099/3325/4176 3097/3323/4174
f 3099/3325/4176 3098/3324/4175 3100/3326/4177
f 3100/3326/4177 3101/3327/4178 3099/3325/4176
f 3089/3315/4166 3088/3314/4165 3102/3328/4179
f 3102/3328/4179 3103/3329/4180 3089/3315/4166
f 3103/3329/4180 3102/3328/4179 3104/3330/4181
f 3104/3330/4181 3105/3331/4182 3103/3329/4180
f 3105/3331/4182 3104/3330/4181 3106/3332/4183
f 3106/3332/4183 3107/3333/4184 3105/3331/4182
f 3107/3333/4184 3106/3332/4183 3075/3301/4152
f 3075/3301/4152 3074/3300/4151 3107/3333/4184
f 3101/3327/4178 3100/3326/4177 3108/3334/4185
f 3108/3334/4185 3109/3335/4186 3101/3327/4178
f 3110/3336/4187 3111/3337/4188 3109/3335/4186
f 3109/3335/4186 3108/3334/4185 3110/3336/4187
f 3079/3305/4156 3078/3304/4155 3112/3338/4189
f 3112/3338/4189 3113/3339/4190 3079/3305/4156
f 3113/3339/4190 3112/3338/4189 3114/3340/4191
f 3114/3340/4191 3115/3341/4192 3113/3339/4190
f 3116/3342/4193 3117/3343/4194 3115/3341/4192
f 3115/3341/4192 3114/3340/4191 3116/3342/4193
f 3118/3344/4195 3119/3345/4196 3117/3343/4194
f 3117/3343/4194 3116/3342/4193 3118/3344/4195
f 3119/3345/4196 3118/3344/4195 3111/3337/4188
f 3111/3337/4188 3110/3336/4187 3119/3345/4196
f 3120/3346/4197 3074/3300/4198 3073/3299/4199
f 3073/3299/4199 3121/3347/4200 3120/3346/4197
f 3122/3348/4201 3076/3302/4202 3079/3305/4203
f 3079/3305/4203 3123/3349/4204 3122/3348/4201
f 3124/3350/4205 3082/3308/4206 3080/3306/4207
f 3080/3306/4207 3125/3351/4208 3124/3350/4205
f 3126/3352/4209 3084/3310/4210 3082/3308/4206
f 3082/3308/4206 3124/3350/4205 3126/3352/4209
f 3127/3353/4211 3086/3312/4212 3084/3310/4210
f 3084/3310/4210 3126/3352/4209 3127/3353/4211
f 3121/3347/4200 3073/3299/4199 3086/3312/4212
f 3086/3312/4212 3127/3353/4211 3121/3347/4200
f 3128/3354/4213 3129/3355/4214 3090/3316/4215
f 3090/3316/4215 3089/3315/4216 3128/3354/4213
f 3129/3355/4214 3130/3356/4217 3092/3318/4218
f 3092/3318/4218 3090/3316/4215 3129/3355/4214
f 3130/3356/4217 3131/3357/4219 3094/3320/4220
f 3094/3320/4220 3092/3318/4218 3130/3356/4217
f 3131/3357/4219 3132/3358/4221 3096/3322/4222
f 3096/3322/4222 3094/3320/4220 3131/3357/4219
f 3132/3358/4221 3133/3359/4223 3098/3324/4224
f 3098/3324/4224 3096/3322/4222 3132/3358/4221
f 3133/3359/4223 3134/3360/4225 3100/3326/4226
f 3100/3326/4226 3098/3324/4224 3133/3359/4223
f 3135/3361/4227 3128/3354/4213 3089/3315/4216
f 3089/3315/4216 3103/3329/4228 3135/3361/4227
f 3136/3362/4229 3135/3361/4227 3103/3329/4228
f 3103/3329/4228 3105/3331/4230 3136/3362/4229
f 3137/3363/4231 3136/3362/4232 3105/3331/4233
f 3105/3331/4233 3107/3333/4231 3137/3363/4231
f 3137/3363/4231 3107/3333/4231 3074/3300/4198
f 3074/3300/4198 3120/3346/4197 3137/3363/4231
f 3125/3351/4208 3080/3306/4207 3076/3302/4202
f 3076/3302/4202 3122/3348/4201 3125/3351/4208
f 3138/3364/4234 3108/3334/4235 3100/3326/4226
f 3100/3326/4226 3134/3360/4225 3138/3364/4234
f 3138/3364/4234 3139/3365/4236 3110/3336/4237
f 3110/3336/4237 3108/3334/4235 3138/3364/4234
f 3123/3349/4204 3079/3305/4203 3113/3339/4238
f 3113/3339/4238 3140/3366/4239 3123/3349/4204
f 3141/3367/4240 3140/3366/4239 3113/3339/4241
f 3113/3339/4241 3115/3341/4242 3141/3367/4240
f 3141/3367/4240 3115/3341/4242 3117/3343/4243
f 3117/3343/4243 3142/3368/4244 3141/3367/4240
f 3142/3368/4244 3117/3343/4243 3119/3345/4245
f 3119/3345/4245 3143/3369/4245 3142/3368/4244
f 3139/3365/4236 3143/3369/4246 3119/3345/4247
f 3119/3345/4247 3110/3336/4237 3139/3365/4236
f 3144/3370/4248 3072/3298/4249 3075/3301/4250
f 3075/3301/4250 3145/3371/4251 3144/3370/4248
f 3146/3372/4252 3147/3373/4253 3077/3303/4254
f 3077/3303/4254 3081/3307/4255 3146/3372/4252
f 3148/3374/4256 3146/3372/4252 3081/3307/4255
f 3081/3307/4255 3083/3309/4257 3148/3374/4256
f 3149/3375/4258 3148/3374/4256 3083/3309/4257
f 3083/3309/4257 3085/3311/4259 3149/3375/4258
f 3150/3376/4260 3149/3375/4258 3085/3311/4259
f 3085/3311/4259 3087/3313/4261 3150/3376/4260
f 3150/3376/4260 3087/3313/4261 3072/3298/4249
f 3072/3298/4249 3144/3370/4248 3150/3376/4260
f 3151/3377/4262 3152/3378/4263 3088/3314/4264
f 3088/3314/4264 3091/3317/4265 3151/3377/4262
f 3153/3379/4266 3151/3377/4262 3091/3317/4265
f 3091/3317/4265 3093/3319/4267 3153/3379/4266
f 3154/3380/4268 3153/3379/4266 3093/3319/4267
f 3093/3319/4267 3095/3321/4269 3154/3380/4268
f 3155/3381/4270 3154/3380/4268 3095/3321/4269
f 3095/3321/4269 3097/3323/4271 3155/3381/4270
f 3156/3382/4272 3155/3381/4270 3097/3323/4271
f 3097/3323/4271 3099/3325/4273 3156/3382/4272
f 3157/3383/4274 3156/3382/4272 3099/3325/4273
f 3099/3325/4273 3101/3327/4275 3157/3383/4274
f 3152/3378/4263 3158/3384/4276 3102/3328/4277
f 3102/3328/4277 3088/3314/4264 3152/3378/4263
f 3158/3384/4276 3159/3385/4278 3104/3330/4279
f 3104/3330/4279 3102/3328/4277 3158/3384/4276
f 3159/3385/4278 3160/3386/4280 3106/3332/4281
f 3106/3332/4281 3104/3330/4279 3159/3385/4278
f 3160/3386/4280 3145/3371/4251 3075/3301/4250
f 3075/3301/4250 3106/3332/4281 3160/3386/4280
f 3147/3373/4253 3161/3387/4282 3078/3304/4283
f 3078/3304/4283 3077/3303/4254 3147/3373/4253
f 3101/3327/4275 3109/3335/4284 3162/3388/4285
f 3162/3388/4285 3157/3383/4274 3101/3327/4275
f 3109/3335/4284 3111/3337/4286 3163/3389/4287
f 3163/3389/4287 3162/3388/4285 3109/3335/4284
f 3161/3387/4282 3164/3390/4288 3112/3338/4289
f 3112/3338/4289 3078/3304/4283 3161/3387/4282
f 3164/3390/4288 3165/3391/4290 3114/3340/4291
f 3114/3340/4291 3112/3338/4289 3164/3390/4288
f 3165/3391/4290 3166/3392/4292 3116/3342/4293
f 3116/3342/4293 3114/3340/4291 3165/3391/4290
f 3166/3392/4292 3167/3393/4294 3118/3344/4295
f 3118/3344/4295 3116/3342/4293 3166/3392/4292
f 3167/3393/4294 3163/3389/4287 3111/3337/4286
f 3111/3337/4286 3118/3344/4295 3167/3393/4294
f 3168/3394/4296 3144/3370/4248 3145/3371/4251
f 3145/3371/4251 3169/3395/4297 3168/3394/4296
f 3170/3396/4298 3147/3373/4253 3146/3372/4252
f 3146/3372/4252 3171/3397/4299 3170/3396/4298
f 3171/3397/4299 3146/3372/4252 3148/3374/4256
f 3148/3374/4256 3172/3398/4300 3171/3397/4299
f 3172/3398/4300 3148/3374/4256 3149/3375/4258
f 3149/3375/4258 3173/3399/4301 3172/3398/4300
f 3173/3399/4301 3149/3375/4258 3150/3376/4260
f 3150/3376/4260 3174/3400/4302 3173/3399/4301
f 3174/3400/4302 3150/3376/4260 3144/3370/4248
f 3144/3370/4248 3168/3394/4296 3174/3400/4302
f 3175/3401/4303 3176/3402/4304 3152/3378/4263
f 3152/3378/4263 3151/3377/4262 3175/3401/4303
f 3151/3377/4262 3153/3379/4266 2925/3151/4305
f 2925/3151/4305 3175/3401/4303 3151/3377/4262
f 3153/3379/4266 3154/3380/4268 3071/3297/4306
f 3071/3297/4306 2925/3151/4305 3153/3379/4266
f 3154/3380/4268 3155/3381/4270 3070/3296/4307
f 3070/3296/4307 3071/3297/4306 3154/3380/4268
f 3155/3381/4270 3156/3382/4272 3069/3295/4308
f 3069/3295/4308 3070/3296/4307 3155/3381/4270
f 3156/3382/4272 3157/3383/4274 3068/3294/4309
f 3068/3294/4309 3069/3295/4308 3156/3382/4272
f 3176/3402/4304 3177/3403/4310 3158/3384/4276
f 3158/3384/4276 3152/3378/4263 3176/3402/4304
f 3177/3403/4310 3178/3404/4311 3159/3385/4278
f 3159/3385/4278 3158/3384/4276 3177/3403/4310
f 3178/3404/4311 3179/3405/4312 3160/3386/4280
f 3160/3386/4280 3159/3385/4278 3178/3404/4311
f 3169/3395/4297 3145/3371/4251 3160/3386/4280
f 3160/3386/4280 3179/3405/4312 3169/3395/4297
f 3180/3406/4313 3161/3387/4282 3147/3373/4253
f 3147/3373/4253 3170/3396/4298 3180/3406/4313
f 3162/3388/4285 3067/3293/4314 3068/3294/4309
f 3068/3294/4309 3157/3383/4274 3162/3388/4285
f 3067/3293/4314 3162/3388/4285 3163/3389/4287
f 3163/3389/4287 2927/3153/4315 3067/3293/4314
f 3161/3387/4282 3180/3406/4313 2933/3159/4316
f 2933/3159/4316 3164/3390/4288 3161/3387/4282
f 3164/3390/4288 2933/3159/4316 2934/3160/4317
f 2934/3160/4317 3165/3391/4290 3164/3390/4288
f 3165/3391/4290 2934/3160/4317 2935/3161/4318
f 2935/3161/4318 3166/3392/4292 3165/3391/4290
f 3167/3393/4294 3166/3392/4292 2935/3161/4318
f 2935/3161/4318 2928/3154/4319 3167/3393/4294
f 3163/3389/4287 3167/3393/4294 2928/3154/4319
f 2928/3154/4319 2927/3153/4315 3163/3389/4287
f 3181/3407/4320 3168/3394/4296 3169/3395/4297
f 3169/3395/4297 3182/3408/4321 3181/3407/4320
f 3171/3397/4299 3183/3409/4322 2878/3104/4323
f 2878/3104/4323 3170/3396/4298 3171/3397/4299
f 3183/3409/4322 3171/3397/4299 3172/3398/4300
f 3172/3398/4300 3184/3410/4324 3183/3409/4322
f 3184/3410/4324 3172/3398/4300 3173/3399/4301
f 3173/3399/4301 3185/3411/4325 3184/3410/4324
f 3185/3411/4325 3173/3399/4301 3174/3400/4302
f 3174/3400/4302 3186/3412/4326 3185/3411/4325
f 3186/3412/4326 3174/3400/4302 3168/3394/4296
f 3168/3394/4296 3181/3407/4320 3186/3412/4326
f 3175/3401/4303 2923/3149/4327 2865/3091/4328
f 2865/3091/4328 3176/3402/4304 3175/3401/4303
f 3175/3401/4303 2925/3151/4305 2923/3149/4327
f 3176/3402/4304 2865/3091/4328 2864/3090/4329
f 2864/3090/4329 3177/3403/4310 3176/3402/4304
f 3177/3403/4310 2864/3090/4329 3187/3413/4330
f 3187/3413/4330 3178/3404/4311 3177/3403/4310
f 3187/3413/4330 3188/3414/4331 3179/3405/4312
f 3179/3405/4312 3178/3404/4311 3187/3413/4330
f 3182/3408/4321 3169/3395/4297 3179/3405/4312
f 3179/3405/4312 3188/3414/4331 3182/3408/4321
f 3170/3396/4298 2878/3104/4323 2932/3158/4332
f 2932/3158/4332 3180/3406/4313 3170/3396/4298
f 2932/3158/4332 2933/3159/4316 3180/3406/4313
f 3182/3408/4321 2869/3095/4333 2872/3098/4334
f 2872/3098/4334 3181/3407/4320 3182/3408/4321
f 2874/3100/4335 2878/3104/4323 3183/3409/4322
f 3184/3410/4324 2875/3101/4336 2874/3100/4335
f 2874/3100/4335 3183/3409/4322 3184/3410/4324
f 3185/3411/4325 2877/3103/4337 2875/3101/4336
f 2875/3101/4336 3184/3410/4324 3185/3411/4325
f 3186/3412/4326 2871/3097/4338 2877/3103/4337
f 2877/3103/4337 3185/3411/4325 3186/3412/4326
f 3181/3407/4320 2872/3098/4334 2871/3097/4338
f 2871/3097/4338 3186/3412/4326 3181/3407/4320
f 3187/3413/4330 2864/3090/4329 2867/3093/4339
f 3187/3413/4330 2867/3093/4339 2866/3092/4340
f 2866/3092/4340 3188/3414/4331 3187/3413/4330
f 3188/3414/4331 2866/3092/4340 2869/3095/4333
f 2869/3095/4333 3182/3408/4321 3188/3414/4331
f 2841/3067/3859 3189/3415/4341 2842/3068/3860
f 3190/3416/4342 2838/3064/3856 2846/3072/3864
f 2846/3072/3864 2845/3071/3863 3190/3416/4342
f 2838/3064/3856 3190/3416/4342 2839/3065/3857
f 3191/3417/4343 3192/3418/4344 2844/3070/3862
f 3193/3419/4345 3194/3420/4346 2992/3218/4347
f 3195/3421/4348 2954/3180/4349 3196/3422/4350
f 3197/3423/4351 3196/3422/4350 2956/3182/4352
f 3196/3422/4350 2954/3180/4349 2956/3182/4352
f 3198/3424/4353 3199/3425/4354 2994/3220/4355
f 3200/3426/4356 3201/3427/4357 3202/3428/4358
f 3203/3429/4359 3202/3428/4358 3201/3427/4357
f 3204/3430/4360 2912/3138/3930 3002/3228/4361
f 2913/3139/3931 3002/3228/4361 2912/3138/3930
f 3205/3431/4362 3206/3432/4363 2909/3135/3927
f 2909/3135/3927 3206/3432/4363 2907/3133/3925
f 3206/3432/4363 2998/3224/4364 2905/3131/3923
f 2905/3131/3923 2907/3133/3925 3206/3432/4363
f 3193/3419/4345 2992/3218/4347 3207/3433/4365
f 2988/3214/4366 2991/3217/4367 3208/3434/4368
f 3208/3434/4368 3207/3433/4365 2988/3214/4366
f 3208/3434/4368 2991/3217/4367 2946/3172/3964
f 3209/3435/4369 2904/3130/3922 3189/3415/4341
f 2847/3073/3865 2952/3178/4370 3210/3436/4371
f 3210/3436/4371 2843/3069/3861 2847/3073/3865
f 3211/3437/4372 3191/3417/4343 2843/3069/3861
f 2843/3069/3861 3210/3436/4371 3211/3437/4372
f 3210/3436/4371 2952/3178/4370 3212/3438/4373
f 3212/3438/4373 2952/3178/4370 3213/3439/4374
f 2952/3178/4370 2954/3180/4349 3213/3439/4374
f 3197/3423/4351 2956/3182/4352 3214/3440/4375
f 2958/3184/4376 3214/3440/4375 2956/3182/4352
f 3214/3440/4375 3215/3441/4377 3216/3442/4378
f 2908/3134/3926 3216/3442/4378 2909/3135/3927
f 3215/3441/4377 2909/3135/3927 3216/3442/4378
f 2906/3132/3924 2994/3220/4355 3199/3425/4354
f 3199/3425/4354 2910/3136/3928 2906/3132/3924
f 3198/3424/4353 2994/3220/4355 2992/3218/4347
f 2992/3218/4347 3194/3420/4346 3198/3424/4353
f 3194/3420/4346 3217/3443/4379 3218/3444/4379
f 3218/3444/4379 3198/3424/4353 3194/3420/4346
f 3218/3444/4379 3217/3443/4379 3201/3427/4357
f 3201/3427/4357 3200/3426/4356 3218/3444/4379
f 3191/3417/4343 3202/3428/4358 3192/3418/4344
f 3203/3429/4359 3192/3418/4344 3202/3428/4358
f 3191/3417/4343 3211/3437/4372 3202/3428/4358
f 3205/3431/4362 2909/3135/3927 3219/3445/4380
f 3219/3445/4380 2909/3135/3927 3220/3446/4381
f 3220/3446/4381 2909/3135/3927 3215/3441/4377
f 2958/3184/4376 2960/3186/4382 3221/3447/4383
f 3222/3448/4384 3221/3447/4383 2960/3186/4382
f 3221/3447/4383 3223/3449/4385 2958/3184/4376
f 2958/3184/4376 3223/3449/4385 3215/3441/4377
f 3215/3441/4377 3223/3449/4385 3220/3446/4381
f 3224/3450/4386 3225/3451/4387 2962/3188/4388
f 3225/3451/4387 3226/3452/4389 2962/3188/4388
f 2962/3188/4388 3226/3452/4389 2960/3186/4382
f 2960/3186/4382 3226/3452/4389 3222/3448/4384
f 3227/3453/4390 2851/3077/3869 3228/3454/4391
f 2912/3138/3930 3228/3454/4391 2851/3077/3869
f 2848/3074/3866 2851/3077/3869 3229/3455/4392
f 3227/3453/4390 3229/3455/4392 2851/3077/3869
f 3224/3450/4386 2962/3188/4388 3229/3455/4392
f 2848/3074/3866 3229/3455/4392 2962/3188/4388
f 3206/3432/4363 3230/3456/4393 2998/3224/4364
f 2998/3224/4364 3230/3456/4393 3000/3226/4394
f 3002/3228/4361 3000/3226/4394 3204/3430/4360
f 3000/3226/4394 3230/3456/4393 3204/3430/4360
f 2841/3067/4395 3231/3457/4396 3232/3458/4397
f 3232/3458/4397 3189/3415/4398 2841/3067/4395
f 3190/3416/4399 3233/3459/4400 3234/3460/4401
f 3234/3460/4401 2839/3065/4402 3190/3416/4399
f 2845/3071/4403 3235/3461/4404 3233/3459/4400
f 3233/3459/4400 3190/3416/4399 2845/3071/4403
f 3192/3418/4405 3236/3462/4406 3237/3463/4407
f 3237/3463/4407 2844/3070/4408 3192/3418/4405
f 3193/3419/4409 3238/3464/4410 3239/3465/4411
f 3239/3465/4411 3194/3420/4412 3193/3419/4409
f 3197/3423/4413 3240/3466/4414 3241/3467/4415
f 3241/3467/4415 3196/3422/4416 3197/3423/4413
f 3214/3440/4417 3242/3468/4418 3240/3466/4414
f 3240/3466/4414 3197/3423/4413 3214/3440/4417
f 3198/3424/4419 3243/3469/4420 3244/3470/4421
f 3244/3470/4421 3199/3425/4422 3198/3424/4419
f 3202/3428/4423 3245/3471/4424 3246/3472/4425
f 3246/3472/4425 3200/3426/4426 3202/3428/4423
f 3219/3445/4427 3247/3473/4428 3248/3474/4429
f 3248/3474/4429 3205/3431/4430 3219/3445/4427
f 3222/3448/4431 3249/3475/4432 3250/3476/4433
f 3250/3476/4433 3221/3447/4434 3222/3448/4431
f 3224/3450/4435 3251/3477/4436 3252/3478/4437
f 3252/3478/4437 3225/3451/4438 3224/3450/4435
f 3204/3430/4439 3253/3479/4440 3254/3480/4441
f 3254/3480/4441 2912/3138/4442 3204/3430/4439
f 3205/3431/4430 3248/3474/4429 3255/3481/4443
f 3255/3481/4443 3206/3432/4444 3205/3431/4430
f 2840/3066/4445 3256/3482/4446 3231/3457/4396
f 3231/3457/4396 2841/3067/4395 2840/3066/4445
f 2839/3065/4402 3234/3460/4401 3256/3482/4446
f 3256/3482/4446 2840/3066/4445 2839/3065/4402
f 2844/3070/4408 3237/3463/4407 3235/3461/4404
f 3235/3461/4404 2845/3071/4403 2844/3070/4408
f 3207/3433/4447 3257/3483/4448 3238/3464/4410
f 3238/3464/4410 3193/3419/4409 3207/3433/4447
f 3208/3434/4449 3258/3484/4450 3257/3483/4448
f 3257/3483/4448 3207/3433/4447 3208/3434/4449
f 3209/3435/4451 3259/3485/4452 3258/3484/4450
f 3258/3484/4450 3208/3434/4449 3209/3435/4451
f 3189/3415/4398 3232/3458/4397 3259/3485/4452
f 3259/3485/4452 3209/3435/4451 3189/3415/4398
f 3210/3436/4453 3260/3486/4454 3261/3487/4455
f 3261/3487/4455 3211/3437/4456 3210/3436/4453
f 3212/3438/4457 3262/3488/4458 3260/3486/4454
f 3260/3486/4454 3210/3436/4453 3212/3438/4457
f 3213/3439/4459 3263/3489/4460 3262/3488/4458
f 3262/3488/4458 3212/3438/4457 3213/3439/4459
f 3195/3421/4461 3264/3490/4462 3263/3489/4460
f 3263/3489/4460 3213/3439/4459 3195/3421/4461
f 2908/3134/4463 3265/3491/4464 3266/3492/4465
f 3266/3492/4465 3216/3442/4466 2908/3134/4463
f 3216/3442/4466 3266/3492/4465 3242/3468/4418
f 3242/3468/4418 3214/3440/4417 3216/3442/4466
f 2910/3136/4467 3267/3493/4468 3265/3491/4464
f 3265/3491/4464 2908/3134/4463 2910/3136/4467
f 3199/3425/4422 3244/3470/4421 3267/3493/4468
f 3267/3493/4468 2910/3136/4467 3199/3425/4422
f 3218/3444/4469 3268/3494/4470 3243/3469/4420
f 3243/3469/4420 3198/3424/4419 3218/3444/4469
f 3194/3420/4412 3239/3465/4411 3269/3495/4471
f 3269/3495/4471 3217/3443/4472 3194/3420/4412
f 3217/3443/4472 3269/3495/4471 3270/3496/4473
f 3270/3496/4473 3201/3427/4474 3217/3443/4472
f 3200/3426/4426 3246/3472/4425 3268/3494/4470
f 3268/3494/4470 3218/3444/4469 3200/3426/4426
f 3203/3429/4475 3271/3497/4476 3236/3462/4406
f 3236/3462/4406 3192/3418/4405 3203/3429/4475
f 3201/3427/4474 3270/3496/4473 3271/3497/4476
f 3271/3497/4476 3203/3429/4475 3201/3427/4474
f 3211/3437/4456 3261/3487/4455 3245/3471/4424
f 3245/3471/4424 3202/3428/4423 3211/3437/4456
f 3220/3446/4477 3272/3498/4478 3247/3473/4428
f 3247/3473/4428 3219/3445/4427 3220/3446/4477
f 3223/3449/4479 3273/3499/4480 3272/3498/4478
f 3272/3498/4478 3220/3446/4477 3223/3449/4479
f 3221/3447/4434 3250/3476/4433 3273/3499/4480
f 3273/3499/4480 3223/3449/4479 3221/3447/4434
f 3226/3452/4481 3274/3500/4482 3249/3475/4432
f 3249/3475/4432 3222/3448/4431 3226/3452/4481
f 3225/3451/4438 3252/3478/4437 3274/3500/4482
f 3274/3500/4482 3226/3452/4481 3225/3451/4438
f 3229/3455/4483 3275/3501/4484 3251/3477/4436
f 3251/3477/4436 3224/3450/4435 3229/3455/4483
f 3227/3453/4485 3276/3502/4486 3275/3501/4484
f 3275/3501/4484 3229/3455/4483 3227/3453/4485
f 3228/3454/4487 3277/3503/4488 3276/3502/4486
f 3276/3502/4486 3227/3453/4485 3228/3454/4487
f 2912/3138/4442 3254/3480/4441 3277/3503/4488
f 3277/3503/4488 3228/3454/4487 2912/3138/4442
f 3230/3456/4489 3278/3504/4490 3253/3479/4440
f 3253/3479/4440 3204/3430/4439 3230/3456/4489
f 3206/3432/4444 3255/3481/4443 3278/3504/4490
f 3278/3504/4490 3230/3456/4489 3206/3432/4444
f 3231/3457/4491 3279/3505/4492 3280/3506/4493
f 3280/3506/4493 3232/3458/4494 3231/3457/4491
f 3233/3459/4495 3281/3507/4496 3282/3508/4497
f 3282/3508/4497 3234/3460/4498 3233/3459/4495
f 3235/3461/4499 3283/3509/4500 3281/3507/4496
f 3281/3507/4496 3233/3459/4495 3235/3461/4499
f 3236/3462/4501 3284/3510/4502 3285/3511/4503
f 3285/3511/4503 3237/3463/4504 3236/3462/4501
f 3238/3464/4505 3286/3512/4506 3287/3513/4507
f 3287/3513/4507 3239/3465/4508 3238/3464/4505
f 3240/3466/4509 3288/3514/4510 3289/3515/4511
f 3289/3515/4511 3241/3467/4512 3240/3466/4509
f 3242/3468/4513 3290/3516/4514 3288/3514/4510
f 3288/3514/4510 3240/3466/4509 3242/3468/4513
f 3243/3469/4515 3291/3517/4516 3292/3518/4517
f 3292/3518/4517 3244/3470/4518 3243/3469/4515
f 3245/3471/4519 3293/3519/4520 3294/3520/4521
f 3294/3520/4521 3246/3472/4522 3245/3471/4519
f 3247/3473/4523 3295/3521/4524 3296/3522/4525
f 3296/3522/4525 3248/3474/4526 3247/3473/4523
f 3249/3475/4527 3297/3523/4528 3298/3524/4529
f 3298/3524/4529 3250/3476/4530 3249/3475/4527
f 3251/3477/4531 3299/3525/4532 3300/3526/4533
f 3300/3526/4533 3252/3478/4534 3251/3477/4531
f 3253/3479/4535 3301/3527/4536 3302/3528/4537
f 3302/3528/4537 3254/3480/4538 3253/3479/4535
f 3248/3474/4526 3296/3522/4525 3303/3529/4539
f 3303/3529/4539 3255/3481/4540 3248/3474/4526
f 3256/3482/4541 3304/3530/4542 3279/3505/4492
f 3279/3505/4492 3231/3457/4491 3256/3482/4541
f 3234/3460/4498 3282/3508/4497 3304/3530/4542
f 3304/3530/4542 3256/3482/4541 3234/3460/4498
f 3237/3463/4504 3285/3511/4503 3283/3509/4500
f 3283/3509/4500 3235/3461/4499 3237/3463/4504
f 3257/3483/4543 3305/3531/4544 3286/3512/4506
f 3286/3512/4506 3238/3464/4505 3257/3483/4543
f 3258/3484/4545 3306/3532/4546 3305/3531/4544
f 3305/3531/4544 3257/3483/4543 3258/3484/4545
f 3259/3485/4547 3307/3533/4548 3306/3532/4546
f 3306/3532/4546 3258/3484/4545 3259/3485/4547
f 3232/3458/4494 3280/3506/4493 3307/3533/4548
f 3307/3533/4548 3259/3485/4547 3232/3458/4494
f 3260/3486/4549 3308/3534/4550 3309/3535/4551
f 3309/3535/4551 3261/3487/4552 3260/3486/4549
f 3262/3488/4553 3310/3536/4554 3308/3534/4550
f 3308/3534/4550 3260/3486/4549 3262/3488/4553
f 3263/3489/4555 3311/3537/4556 3310/3536/4554
f 3310/3536/4554 3262/3488/4553 3263/3489/4555
f 3264/3490/4557 3312/3538/4558 3311/3537/4556
f 3311/3537/4556 3263/3489/4555 3264/3490/4557
f 3265/3491/4559 3313/3539/4560 3314/3540/4561
f 3314/3540/4561 3266/3492/4562 3265/3491/4559
f 3266/3492/4562 3314/3540/4561 3290/3516/4514
f 3290/3516/4514 3242/3468/4513 3266/3492/4562
f 3267/3493/4563 3315/3541/4564 3313/3539/4560
f 3313/3539/4560 3265/3491/4559 3267/3493/4563
f 3244/3470/4518 3292/3518/4517 3315/3541/4564
f 3315/3541/4564 3267/3493/4563 3244/3470/4518
f 3268/3494/4565 3316/3542/4566 3291/3517/4516
f 3291/3517/4516 3243/3469/4515 3268/3494/4565
f 3239/3465/4508 3287/3513/4507 3317/3543/4567
f 3317/3543/4567 3269/3495/4568 3239/3465/4508
f 3269/3495/4568 3317/3543/4567 3318/3544/4569
f 3318/3544/4569 3270/3496/4570 3269/3495/4568
f 3246/3472/4522 3294/3520/4521 3316/3542/4566
f 3316/3542/4566 3268/3494/4565 3246/3472/4522
f 3271/3497/4571 3319/3545/4572 3284/3510/4502
f 3284/3510/4502 3236/3462/4501 3271/3497/4571
f 3270/3496/4570 3318/3544/4569 3319/3545/4572
f 3319/3545/4572 3271/3497/4571 3270/3496/4570
f 3261/3487/4552 3309/3535/4551 3293/3519/4520
f 3293/3519/4520 3245/3471/4519 3261/3487/4552
f 3272/3498/4573 3320/3546/4574 3295/3521/4524
f 3295/3521/4524 3247/3473/4523 3272/3498/4573
f 3273/3499/4575 3321/3547/4576 3320/3546/4574
f 3320/3546/4574 3272/3498/4573 3273/3499/4575
f 3250/3476/4530 3298/3524/4529 3321/3547/4576
f 3321/3547/4576 3273/3499/4575 3250/3476/4530
f 3274/3500/4577 3322/3548/4578 3297/3523/4528
f 3297/3523/4528 3249/3475/4527 3274/3500/4577
f 3252/3478/4534 3300/3526/4533 3322/3548/4578
f 3322/3548/4578 3274/3500/4577 3252/3478/4534
f 3275/3501/4579 3323/3549/4580 3299/3525/4532
f 3299/3525/4532 3251/3477/4531 3275/3501/4579
f 3276/3502/4581 3324/3550/4582 3323/3549/4580
f 3323/3549/4580 3275/3501/4579 3276/3502/4581
f 3277/3503/4583 3325/3551/4584 3324/3550/4582
f 3324/3550/4582 3276/3502/4581 3277/3503/4583
f 3254/3480/4538 3302/3528/4537 3325/3551/4584
f 3325/3551/4584 3277/3503/4583 3254/3480/4538
f 3278/3504/4585 3326/3552/4586 3301/3527/4536
f 3301/3527/4536 3253/3479/4535 3278/3504/4585
f 3255/3481/4540 3303/3529/4539 3326/3552/4586
f 3326/3552/4586 3278/3504/4585 3255/3481/4540
f 2958/3184/4376 3215/3441/4377 3214/3440/4375
f 3289/3515/4511 3312/3538/4558 3264/3490/4557
f 3264/3490/4557 3241/3467/4512 3289/3515/4511
f 3241/3467/4415 3264/3490/4462 3195/3421/4461
f 3195/3421/4461 3196/3422/4416 3241/3467/4415
f 3031/3257/4587 3327/3553/4588 3328/3554/4589
f 3328/3554/4589 3032/3258/4590 3031/3257/4587
f 3033/3259/4591 3329/3555/4592 3327/3553/4588
f 3327/3553/4588 3031/3257/4587 3033/3259/4591
f 3034/3260/4593 3330/3556/4594 3329/3555/4592
f 3329/3555/4592 3033/3259/4591 3034/3260/4593
f 3035/3261/4595 3331/3557/4596 3330/3556/4594
f 3330/3556/4594 3034/3260/4593 3035/3261/4595
f 3036/3262/4597 3332/3558/4598 3331/3557/4596
f 3331/3557/4596 3035/3261/4595 3036/3262/4597
f 3037/3263/4599 3333/3559/4600 3332/3558/4598
f 3332/3558/4598 3036/3262/4597 3037/3263/4599
f 3038/3264/4601 3334/3560/4602 3333/3559/4600
f 3333/3559/4600 3037/3263/4599 3038/3264/4601
f 3039/3265/4603 3335/3561/4604 3334/3560/4602
f 3334/3560/4602 3038/3264/4601 3039/3265/4603
f 3040/3266/4605 3336/3562/4606 3335/3561/4604
f 3335/3561/4604 3039/3265/4603 3040/3266/4605
f 3041/3267/4607 3337/3563/4608 3336/3562/4606
f 3336/3562/4606 3040/3266/4605 3041/3267/4607
f 3042/3268/4609 3338/3564/4610 3337/3563/4608
f 3337/3563/4608 3041/3267/4607 3042/3268/4609
f 3043/3269/4611 3339/3565/4612 3340/3566/4613
f 3340/3566/4613 3044/3270/4614 3043/3269/4611
f 3045/3271/4615 3341/3567/4616 3339/3565/4612
f 3339/3565/4612 3043/3269/4611 3045/3271/4615
f 3046/3272/4617 3342/3568/4618 3341/3567/4616
f 3341/3567/4616 3045/3271/4615 3046/3272/4617
f 3047/3273/4619 3343/3569/4620 3342/3568/4618
f 3342/3568/4618 3046/3272/4617 3047/3273/4619
f 3048/3274/4621 3344/3570/4622 3343/3569/4620
f 3343/3569/4620 3047/3273/4619 3048/3274/4621
f 3049/3275/4623 3345/3571/4624 3344/3570/4622
f 3344/3570/4622 3048/3274/4621 3049/3275/4623
f 3050/3276/4625 3346/3572/4626 3345/3571/4624
f 3345/3571/4624 3049/3275/4623 3050/3276/4625
f 3051/3277/4627 3347/3573/4628 3346/3572/4626
f 3346/3572/4626 3050/3276/4625 3051/3277/4627
f 3052/3278/4629 3348/3574/4630 3347/3573/4628
f 3347/3573/4628 3051/3277/4627 3052/3278/4629
f 3053/3279/4631 3349/3575/4632 3348/3574/4630
f 3348/3574/4630 3052/3278/4629 3053/3279/4631
f 3054/3280/4633 3350/3576/4634 3349/3575/4632
f 3349/3575/4632 3053/3279/4631 3054/3280/4633
f 3055/3281/4635 3351/3577/4636 3350/3576/4634
f 3350/3576/4634 3054/3280/4633 3055/3281/4635
f 3056/3282/4637 3352/3578/4638 3351/3577/4636
f 3351/3577/4636 3055/3281/4635 3056/3282/4637
f 3057/3283/4639 3353/3579/4640 3352/3578/4638
f 3352/3578/4638 3056/3282/4637 3057/3283/4639
f 3058/3284/4641 3354/3580/4642 3353/3579/4640
f 3353/3579/4640 3057/3283/4639 3058/3284/4641
f 3059/3285/4643 3355/3581/4644 3354/3580/4642
f 3354/3580/4642 3058/3284/4641 3059/3285/4643
f 3060/3286/4645 3356/3582/4646 3355/3581/4644
f 3355/3581/4644 3059/3285/4643 3060/3286/4645
f 3061/3287/4647 3357/3583/4648 3356/3582/4646
f 3356/3582/4646 3060/3286/4645 3061/3287/4647
f 3062/3288/4649 3358/3584/4650 3357/3583/4648
f 3357/3583/4648 3061/3287/4647 3062/3288/4649
f 3063/3289/4651 3359/3585/4652 3358/3584/4650
f 3358/3584/4650 3062/3288/4649 3063/3289/4651
f 3064/3290/4653 3360/3586/4654 3359/3585/4652
f 3359/3585/4652 3063/3289/4651 3064/3290/4653
f 3032/3258/4590 3328/3554/4589 3360/3586/4654
f 3360/3586/4654 3064/3290/4653 3032/3258/4590
f 3044/3270/4614 3340/3566/4613 3361/3587/4655
f 3361/3587/4655 3065/3291/4656 3044/3270/4614
f 3065/3291/4656 3361/3587/4655 3362/3588/4657
f 3362/3588/4657 3066/3292/4658 3065/3291/4656
f 3066/3292/4658 3362/3588/4657 3338/3564/4610
f 3338/3564/4610 3042/3268/4609 3066/3292/4658
f 3328/3554/4589 3327/3553/4588 3363/3589/4659
f 3327/3553/4588 3329/3555/4592 3363/3589/4659
f 3329/3555/4592 3330/3556/4594 3363/3589/4659
f 3330/3556/4594 3331/3557/4596 3363/3589/4659
f 3331/3557/4596 3332/3558/4598 3363/3589/4659
f 3332/3558/4598 3333/3559/4600 3363/3589/4659
f 3333/3559/4600 3334/3560/4602 3363/3589/4659
f 3334/3560/4602 3335/3561/4604 3363/3589/4659
f 3335/3561/4604 3336/3562/4606 3363/3589/4659
f 3336/3562/4606 3337/3563/4608 3363/3589/4659
f 3337/3563/4608 3338/3564/4610 3363/3589/4659
f 3340/3566/4613 3339/3565/4612 3363/3589/4659
f 3339/3565/4612 3341/3567/4616 3363/3589/4659
f 3341/3567/4616 3342/3568/4618 3363/3589/4659
f 3342/3568/4618 3343/3569/4620 3363/3589/4659
f 3343/3569/4620 3344/3570/4622 3363/3589/4659
f 3344/3570/4622 3345/3571/4624 3363/3589/4659
f 3345/3571/4624 3346/3572/4626 3363/3589/4659
f 3346/3572/4626 3347/3573/4628 3363/3589/4659
f 3347/3573/4628 3348/3574/4630 3363/3589/4659
f 3348/3574/4630 3349/3575/4632 3363/3589/4659
f 3349/3575/4632 3350/3576/4634 3363/3589/4659
f 3350/3576/4634 3351/3577/4636 3363/3589/4659
f 3351/3577/4636 3352/3578/4638 3363/3589/4659
f 3352/3578/4638 3353/3579/4640 3363/3589/4659
f 3353/3579/4640 3354/3580/4642 3363/3589/4659
f 3354/3580/4642 3355/3581/4644 3363/3589/4659
f 3355/3581/4644 3356/3582/4646 3363/3589/4659
f 3356/3582/4646 3357/3583/4648 3363/3589/4659
f 3357/3583/4648 3358/3584/4650 3363/3589/4659
f 3358/3584/4650 3359/3585/4652 3363/3589/4659
f 3359/3585/4652 3360/3586/4654 3363/3589/4659
f 3360/3586/4654 3328/3554/4589 3363/3589/4659
f 3361/3587/4655 3340/3566/4613 3363/3589/4659
f 3362/3588/4657 3361/3587/4655 3363/3589/4659
f 3338/3564/4610 3362/3588/4657 3363/3589/4659
f 2915/3141/3933 2914/3140/3932 2851/3077/3869
f 2920/3146/3938 2918/3144/3936 2853/3079/3871
f 2992/3218/4347 2988/3214/4366 3207/3433/4365
f 2842/3068/3860 3189/3415/4341 2904/3130/3922
f 3191/3417/4343 2844/3070/3862 2843/3069/3861
f 3195/3421/4660 3213/3439/4660 2954/3180/4660
f 2904/3130/3922 3208/3434/4368 2946/3172/3964
f 3209/3435/4369 3208/3434/4368 2904/3130/3922
f 3282/3508/4661 3281/3507/4661 3283/3509/4661
f 3283/3509/4662 3285/3511/4663 3284/3510/4664
f 3284/3510/4665 3319/3545/4665 3318/3544/4665
f 3283/3509/4662 3284/3510/4664 3318/3544/4666
f 3318/3544/4379 3317/3543/4379 3287/3513/4379
f 3287/3513/4667 3286/3512/4667 3305/3531/4667
f 3318/3544/4668 3287/3513/4668 3305/3531/4668
f 3305/3531/4669 3306/3532/4670 3307/3533/4671
f 3307/3533/4671 3280/3506/4672 3279/3505/4673
f 3305/3531/4669 3307/3533/4671 3279/3505/4673
f 3318/3544/4674 3305/3531/4675 3279/3505/4676
f 3283/3509/4677 3318/3544/4674 3279/3505/4676
f 3282/3508/4678 3283/3509/4678 3279/3505/4678
f 3304/3530/4679 3282/3508/4679 3279/3505/4679
f 3314/3540/4680 3313/3539/4680 3315/3541/4680
f 3315/3541/4681 3292/3518/4681 3291/3517/4681
f 3291/3517/4379 3316/3542/4379 3294/3520/4379
f 3315/3541/4682 3291/3517/4683 3294/3520/4684
f 3294/3520/4685 3293/3519/4685 3309/3535/4685
f 3309/3535/4686 3308/3534/4686 3310/3536/4686
f 3294/3520/4687 3309/3535/4687 3310/3536/4687
f 3310/3536/4688 3311/3537/4688 3312/3538/4688
f 3312/3538/4689 3289/3515/4689 3288/3514/4689
f 3310/3536/4690 3312/3538/4691 3288/3514/4692
f 3294/3520/4693 3310/3536/4690 3288/3514/4692
f 3315/3541/4682 3294/3520/4684 3288/3514/4694
f 3314/3540/4695 3315/3541/4696 3288/3514/4697
f 3290/3516/4698 3314/3540/4695 3288/3514/4697
f 3321/3547/4699 3298/3524/4699 3297/3523/4699
f 3297/3523/4700 3322/3548/4700 3300/3526/4700
f 3300/3526/4701 3299/3525/4701 3323/3549/4701
f 3297/3523/4702 3300/3526/4703 3323/3549/4704
f 3323/3549/4390 3324/3550/4390 3325/3551/4390
f 3325/3551/4705 3302/3528/4705 3301/3527/4705
f 3323/3549/4706 3325/3551/4706 3301/3527/4706
f 3301/3527/4707 3326/3552/4707 3303/3529/4707
f 3303/3529/4708 3296/3522/4709 3295/3521/4710
f 3301/3527/4711 3303/3529/4708 3295/3521/4710
f 3323/3549/4712 3301/3527/4711 3295/3521/4710
f 3297/3523/4702 3323/3549/4704 3295/3521/4713
f 3321/3547/4714 3297/3523/4715 3295/3521/4716
f 3320/3546/4717 3321/3547/4714 3295/3521/4716
f 3126/3352/554 3124/3350/554 3125/3351/554
f 3125/3351/554 3122/3348/554 3123/3349/554
f 3123/3349/4718 3140/3366/4718 3364/3367/4718
f 3125/3351/554 3123/3349/554 3364/3367/554
f 3364/3367/554 3142/3368/554 3143/3369/554
f 3143/3369/554 3365/3365/554 3138/3364/554
f 3364/3367/554 3143/3369/554 3138/3364/554
f 3138/3364/4719 3366/3360/4719 3133/3359/4719
f 3133/3359/554 3132/3358/554 3131/3357/554
f 3138/3364/554 3133/3359/554 3131/3357/554
f 3364/3367/554 3138/3364/554 3131/3357/554
f 3131/3357/554 3130/3356/554 3129/3355/554
f 3129/3355/554 3128/3354/554 3135/3361/554
f 3131/3357/554 3129/3355/554 3135/3361/554
f 3135/3361/554 3136/3362/554 3367/3363/554
f 3367/3363/554 3368/3346/554 3121/3347/554
f 3135/3361/554 3367/3363/554 3121/3347/554
f 3131/3357/554 3135/3361/554 3121/3347/554
f 3364/3367/554 3131/3357/554 3121/3347/554
f 3125/3351/554 3364/3367/554 3121/3347/554
f 3126/3352/554 3125/3351/554 3121/3347/554
f 3369/3353/554 3126/3352/554 3121/3347/554
f 3370/3590/4720 3371/3591/4720 3372/3592/4721
f 3372/3592/4721 3373/3593/4721 3370/3590/4720
f 3371/3591/4720 3370/3590/4720 3374/3594/4722
f 3374/3594/4722 3375/3595/4722 3371/3591/4720
f 3376/3596/4723 3377/3597/4724 3374/3594/4725
f 3374/3594/4725 3378/3598/4726 3376/3596/4723
f 3377/3597/4724 3376/3596/4723 3379/3599/4727
f 3379/3599/4727 3380/3600/4728 3377/3597/4724
f 3379/3599/4729 3376/3596/4730 3381/3601/4731
f 3379/3599/4729 3381/3601/4731 3382/3602/4732
f 3379/3599/4729 3382/3602/4732 3383/3603/4733
f 3383/3603/4733 3382/3602/4732 3384/3604/4734
f 3385/3605/4735 3383/3603/4736 3384/3604/4737
f 3384/3604/4737 3386/3606/4738 3385/3605/4735
f 3387/3607/4739 3385/3605/4740 3386/3606/4741
f 3386/3606/4741 3388/3608/4741 3387/3607/4739
f 3375/3595/4722 3374/3594/4722 3377/3597/4742
f 3377/3597/4742 3389/3609/4742 3375/3595/4722
f 3380/3600/4728 3379/3599/4727 3383/3603/4736
f 3383/3603/4736 3385/3605/4735 3380/3600/4728
f 3389/3609/4742 3377/3597/4742 3380/3600/4743
f 3380/3600/4743 3390/3610/4743 3389/3609/4742
f 3391/3611/4744 3392/3612/4744 3393/3613/4745
f 3393/3613/4745 3394/3614/4745 3391/3611/4744
f 3392/3612/4744 3391/3611/4744 3395/3615/4746
f 3395/3615/4746 3396/3616/4747 3392/3612/4744
f 3397/3617/4748 3398/3618/4749 3395/3615/4750
f 3395/3615/4750 3399/3619/4751 3397/3617/4748
f 3398/3618/4749 3397/3617/4748 3400/3620/4752
f 3400/3620/4752 3401/3621/4753 3398/3618/4749
f 3400/3620/4754 3397/3617/4755 3402/3622/4756
f 3400/3620/4754 3402/3622/4756 3403/3623/4757
f 3403/3623/4757 3402/3622/4756 3404/3624/4758
f 3403/3623/4757 3404/3624/4758 3405/3625/4759
f 3405/3625/4759 3404/3624/4758 3406/3626/4760
f 3407/3627/4761 3405/3625/4762 3406/3626/4763
f 3406/3626/4763 3408/3628/4764 3407/3627/4761
f 3409/3629/4765 3407/3627/4766 3408/3628/4767
f 3408/3628/4767 3410/3630/4768 3409/3629/4765
f 3396/3616/4747 3395/3615/4746 3398/3618/4769
f 3398/3618/4769 3411/3631/4769 3396/3616/4747
f 3401/3621/4753 3400/3620/4752 3403/3623/4770
f 3403/3623/4770 3412/3632/4771 3401/3621/4753
f 3411/3631/4769 3398/3618/4769 3401/3621/4772
f 3401/3621/4772 3413/3633/4772 3411/3631/4769
f 3412/3632/4771 3403/3623/4770 3405/3625/4762
f 3405/3625/4762 3407/3627/4761 3412/3632/4771
f 3413/3633/4772 3401/3621/4772 3412/3632/4773
f 3412/3632/4773 3414/3634/4773 3413/3633/4772
f 3414/3634/4773 3412/3632/4773 3407/3627/4766
f 3407/3627/4766 3409/3629/4765 3414/3634/4773
f 3415/3635/4774 3416/3636/4774 3417/3637/4775
f 3417/3637/4775 3418/3638/4776 3415/3635/4774
f 3416/3636/4774 3415/3635/4774 3419/3639/4777
f 3419/3639/4777 3420/3640/4777 3416/3636/4774
f 3421/3641/4778 3422/3642/4779 3419/3639/4780
f 3419/3639/4780 3423/3643/4781 3421/3641/4778
f 3422/3642/4779 3421/3641/4778 3424/3644/4782
f 3424/3644/4782 3425/3645/4783 3422/3642/4779
f 3424/3644/4784 3421/3641/4785 3426/3646/4786
f 3424/3644/4784 3426/3646/4786 3427/3647/4787
f 3424/3644/4784 3427/3647/4787 3428/3648/4788
f 3428/3648/4788 3427/3647/4787 3429/3649/4789
f 3428/3648/4788 3429/3649/4789 3430/3650/4790
f 3430/3650/4790 3429/3649/4789 3431/3651/4791
f 3430/3650/4790 3431/3651/4791 3432/3652/4792
f 3432/3652/4792 3431/3651/4791 3433/3653/4793
f 3434/3654/4794 3432/3652/4795 3433/3653/4796
f 3433/3653/4796 3435/3655/4797 3434/3654/4794
f 3436/3656/4798 3434/3654/4798 3435/3655/4799
f 3435/3655/4799 3437/3657/4799 3436/3656/4798
f 3420/3640/4777 3419/3639/4777 3422/3642/4800
f 3422/3642/4800 3438/3658/4800 3420/3640/4777
f 3425/3645/4783 3424/3644/4782 3428/3648/4801
f 3428/3648/4801 3439/3659/4802 3425/3645/4783
f 3438/3658/4800 3422/3642/4800 3425/3645/4803
f 3425/3645/4803 3440/3660/4803 3438/3658/4800
f 3439/3659/4802 3428/3648/4801 3430/3650/4804
f 3430/3650/4804 3441/3661/4805 3439/3659/4802
f 3440/3660/4803 3425/3645/4803 3439/3659/4806
f 3439/3659/4806 3442/3662/4806 3440/3660/4803
f 3441/3661/4805 3430/3650/4804 3432/3652/4795
f 3432/3652/4795 3434/3654/4794 3441/3661/4805
f 3442/3662/4806 3439/3659/4806 3441/3661/4807
f 3441/3661/4807 3443/3663/4807 3442/3662/4806
f 3444/3664/4808 3445/3665/4809 3446/3666/4810
f 3444/3664/4808 3446/3666/4810 3447/3667/4811
f 3447/3667/4811 3446/3666/4810 3448/3668/4812
f 3448/3668/4812 3446/3666/4810 3449/3669/4813
f 3449/3669/4813 3450/3670/4814 3448/3668/4812
f 3451/3671/4815 3450/3670/4816 3449/3669/4817
f 3449/3669/4817 3452/3672/4818 3451/3671/4815
f 3451/3671/4819 3452/3672/4820 3453/3673/4821
f 3453/3673/4821 3452/3672/4820 3454/3674/4822
f 3454/3674/4822 3452/3672/4820 3455/3675/4823
f 3454/3674/4822 3455/3675/4823 3456/3676/4824
f 3456/3676/4824 3455/3675/4823 3433/3653/4793
f 3456/3676/4824 3433/3653/4793 3431/3651/4791
f 3426/3646/4786 3421/3641/4785 3423/3643/4825
f 3426/3646/4786 3423/3643/4825 3457/3677/4826
f 3457/3677/4826 3423/3643/4825 3458/3678/4827
f 3457/3677/4826 3458/3678/4827 3459/3679/4828
f 3459/3679/4828 3458/3678/4827 3460/3680/4829
f 3459/3679/4828 3460/3680/4829 3461/3681/4830
f 3462/3682/4831 3461/3681/4832 3460/3680/4833
f 3460/3680/4833 3418/3638/4834 3462/3682/4831
f 3461/3681/4832 3462/3682/4831 3463/3683/4835
f 3463/3683/4835 3464/3684/4836 3461/3681/4832
f 3465/3685/4837 3466/3686/4837 3463/3683/4838
f 3463/3683/4838 3467/3687/4839 3465/3685/4837
f 3466/3686/4837 3465/3685/4837 3468/3688/4840
f 3468/3688/4840 3469/3689/4840 3466/3686/4837
f 3470/3690/4841 3459/3679/4828 3461/3681/4830
f 3470/3690/4841 3461/3681/4830 3464/3684/4842
f 3464/3684/4836 3463/3683/4835 3466/3686/4843
f 3466/3686/4843 3471/3691/4844 3464/3684/4836
f 3469/3689/4840 3468/3688/4840 3472/3692/4845
f 3472/3692/4845 3473/3693/4845 3469/3689/4840
f 3474/3694/4846 3470/3690/4841 3464/3684/4842
f 3474/3694/4846 3464/3684/4842 3471/3691/4847
f 3471/3691/4844 3466/3686/4843 3469/3689/4848
f 3469/3689/4848 3475/3695/4849 3471/3691/4844
f 3473/3693/4845 3472/3692/4845 3476/3696/4850
f 3476/3696/4850 3477/3697/4850 3473/3693/4845
f 3478/3698/4851 3474/3694/4846 3471/3691/4847
f 3478/3698/4851 3471/3691/4847 3475/3695/4852
f 3475/3695/4849 3469/3689/4848 3473/3693/4853
f 3473/3693/4853 3479/3699/4854 3475/3695/4849
f 3477/3697/4850 3476/3696/4850 3410/3630/4768
f 3410/3630/4768 3408/3628/4767 3477/3697/4850
f 3478/3698/4851 3475/3695/4852 3479/3699/4855
f 3478/3698/4851 3479/3699/4855 3480/3700/4856
f 3480/3700/4856 3479/3699/4855 3481/3701/4857
f 3480/3700/4856 3481/3701/4857 3482/3702/4858
f 3482/3702/4858 3481/3701/4857 3406/3626/4760
f 3482/3702/4858 3406/3626/4760 3404/3624/4758
f 3483/3703/4859 3402/3622/4756 3397/3617/4755
f 3483/3703/4859 3397/3617/4755 3399/3619/4860
f 3399/3619/4751 3395/3615/4750 3391/3611/4861
f 3391/3611/4861 3484/3704/4862 3399/3619/4751
f 3394/3614/4745 3393/3613/4745 3485/3705/4863
f 3485/3705/4863 3486/3706/4863 3394/3614/4745
f 3487/3707/4864 3483/3703/4859 3399/3619/4860
f 3487/3707/4864 3399/3619/4860 3484/3704/4865
f 3484/3704/4862 3391/3611/4861 3394/3614/4866
f 3394/3614/4866 3488/3708/4867 3484/3704/4862
f 3486/3706/4863 3485/3705/4863 3489/3709/4868
f 3489/3709/4868 3490/3710/4868 3486/3706/4863
f 3491/3711/4869 3487/3707/4864 3484/3704/4865
f 3491/3711/4869 3484/3704/4865 3488/3708/4870
f 3488/3708/4867 3394/3614/4866 3486/3706/4871
f 3486/3706/4871 3492/3712/4872 3488/3708/4867
f 3490/3710/4868 3489/3709/4868 3493/3713/4873
f 3493/3713/4873 3494/3714/4873 3490/3710/4868
f 3491/3711/4869 3488/3708/4870 3492/3712/4874
f 3491/3711/4869 3492/3712/4874 3495/3715/4875
f 3495/3715/4875 3492/3712/4874 3496/3716/4876
f 3495/3715/4875 3496/3716/4876 3497/3717/4877
f 3497/3717/4877 3496/3716/4876 3498/3718/4878
f 3497/3717/4877 3498/3718/4878 3499/3719/4879
f 3499/3719/4879 3498/3718/4878 3500/3720/4880
f 3499/3719/4879 3500/3720/4880 3501/3721/4881
f 3502/3722/4882 3501/3721/4883 3500/3720/4884
f 3500/3720/4884 3503/3723/4885 3502/3722/4882
f 3501/3721/4883 3502/3722/4882 3386/3606/4738
f 3386/3606/4738 3384/3604/4737 3501/3721/4883
f 3504/3724/4886 3499/3719/4879 3501/3721/4881
f 3504/3724/4886 3501/3721/4881 3384/3604/4734
f 3382/3602/4732 3504/3724/4886 3384/3604/4734
f 3381/3601/4731 3376/3596/4730 3378/3598/4887
f 3381/3601/4731 3378/3598/4887 3505/3725/4888
f 3505/3725/4888 3378/3598/4887 3506/3726/4889
f 3505/3725/4888 3506/3726/4889 3507/3727/4890
f 3373/3593/4891 3507/3727/4892 3506/3726/4893
f 3506/3726/4893 3370/3590/4894 3373/3593/4891
f 3507/3727/4892 3373/3593/4891 3508/3728/4895
f 3508/3728/4895 3509/3729/4896 3507/3727/4892
f 3508/3728/4897 3510/3730/4898 3511/3731/4899
f 3511/3731/4899 3512/3732/4900 3508/3728/4897
f 3512/3732/4900 3511/3731/4899 3513/3733/4901
f 3513/3733/4901 3514/3734/4902 3512/3732/4900
f 3515/3735/4903 3505/3725/4888 3507/3727/4890
f 3515/3735/4903 3507/3727/4890 3509/3729/4904
f 3512/3732/4905 3516/3736/4906 3509/3729/4896
f 3509/3729/4896 3508/3728/4895 3512/3732/4905
f 3515/3735/4903 3509/3729/4904 3516/3736/4907
f 3515/3735/4903 3516/3736/4907 3517/3737/4908
f 3517/3737/4908 3516/3736/4907 3518/3738/4909
f 3512/3732/4905 3514/3734/4910 3518/3738/4911
f 3518/3738/4911 3516/3736/4906 3512/3732/4905
f 3510/3730/4898 3508/3728/4897 3373/3593/4721
f 3373/3593/4721 3372/3592/4721 3510/3730/4898
f 3370/3590/4894 3506/3726/4893 3378/3598/4726
f 3378/3598/4726 3374/3594/4725 3370/3590/4894
f 3390/3610/4743 3380/3600/4743 3385/3605/4740
f 3385/3605/4740 3387/3607/4739 3390/3610/4743
f 3388/3608/4741 3386/3606/4741 3502/3722/4912
f 3502/3722/4912 3519/3739/4912 3388/3608/4741
f 3519/3739/4912 3502/3722/4912 3503/3723/4913
f 3503/3723/4913 3520/3740/4914 3519/3739/4912
f 3520/3740/4914 3503/3723/4913 3494/3714/4873
f 3494/3714/4873 3493/3713/4873 3520/3740/4914
f 3503/3723/4885 3500/3720/4884 3498/3718/4915
f 3498/3718/4915 3494/3714/4916 3503/3723/4885
f 3494/3714/4916 3498/3718/4915 3496/3716/4917
f 3496/3716/4917 3490/3710/4918 3494/3714/4916
f 3490/3710/4918 3496/3716/4917 3492/3712/4872
f 3492/3712/4872 3486/3706/4871 3490/3710/4918
f 3408/3628/4764 3406/3626/4763 3481/3701/4919
f 3481/3701/4919 3477/3697/4920 3408/3628/4764
f 3477/3697/4920 3481/3701/4919 3479/3699/4854
f 3479/3699/4854 3473/3693/4853 3477/3697/4920
f 3467/3687/4839 3463/3683/4838 3462/3682/4921
f 3462/3682/4921 3521/3741/4922 3467/3687/4839
f 3418/3638/4834 3460/3680/4833 3458/3678/4923
f 3458/3678/4923 3415/3635/4924 3418/3638/4834
f 3521/3741/4922 3462/3682/4921 3418/3638/4776
f 3418/3638/4776 3417/3637/4775 3521/3741/4922
f 3415/3635/4924 3458/3678/4923 3423/3643/4781
f 3423/3643/4781 3419/3639/4780 3415/3635/4924
f 3434/3654/4798 3436/3656/4798 3443/3663/4807
f 3443/3663/4807 3441/3661/4807 3434/3654/4798
f 3437/3657/4799 3435/3655/4799 3522/3742/4925
f 3522/3742/4925 3445/3665/4809 3437/3657/4799
f 3445/3665/4809 3522/3742/4925 3449/3669/4813
f 3449/3669/4813 3446/3666/4810 3445/3665/4809
f 3435/3655/4797 3433/3653/4796 3455/3675/4926
f 3455/3675/4926 3522/3742/4927 3435/3655/4797
f 3522/3742/4927 3455/3675/4926 3452/3672/4818
f 3452/3672/4818 3449/3669/4817 3522/3742/4927
f 3523/3743/4928 3524/3744/4929 3525/3745/4930
f 3525/3745/4930 3526/3746/4931 3523/3743/4928
f 3527/3747/4932 3528/3748/4933 3523/3743/4928
f 3523/3743/4928 3526/3746/4931 3527/3747/4932
f 3526/3746/4931 3529/3749/4934 3527/3747/4932
f 3523/3750/4935 3530/3751/4936 3531/3752/4937
f 3531/3752/4937 3524/3753/4938 3523/3750/4935
f 3532/3754/4939 3533/3755/4940 3524/3753/4938
f 3524/3753/4938 3531/3752/4937 3532/3754/4939
f 3532/3754/4939 3534/3756/4941 3535/3757/4942
f 3535/3757/4942 3536/3758/4943 3532/3754/4939
f 3535/3757/4942 3514/3759/4910 3536/3758/4943
f 3535/3757/4942 3537/3760/4944 3518/3761/4911
f 3518/3761/4911 3514/3759/4910 3535/3757/4942
f 3538/3762/4945 3539/3763/4946 3540/3764/4947
f 3540/3764/4947 3533/3765/4948 3538/3762/4945
f 3513/3766/4901 3536/3758/4949 3514/3759/4902
f 3536/3758/4949 3513/3766/4901 3538/3767/4950
f 3525/3745/4930 3524/3744/4929 3533/3765/4948
f 3533/3765/4948 3540/3764/4947 3525/3745/4930
f 3534/3756/4951 3541/3768/4952 3537/3760/4953
f 3537/3760/4953 3535/3757/4954 3534/3756/4951
f 3531/3752/4937 3542/3769/4955 3534/3756/4941
f 3534/3756/4941 3532/3754/4939 3531/3752/4937
f 3523/3750/4935 3528/3770/4956 3543/3771/4957
f 3543/3771/4957 3530/3751/4936 3523/3750/4935
f 3544/3772/4958 3545/3773/4959 3546/3774/4960
f 3547/3775/4961 3548/3776/4962 3549/3777/4963
f 3550/3778/4964 3549/3777/4963 3548/3776/4962
f 3548/3776/4962 3551/3779/4965 3550/3778/4964
f 3552/3780/4966 3550/3778/4964 3551/3779/4965
f 3551/3779/4965 3553/3781/4967 3552/3780/4966
f 3551/3779/4965 3548/3776/4962 3544/3772/4958
f 3544/3772/4958 3554/3782/4968 3551/3779/4965
f 3554/3782/4968 3542/3769/4969 3553/3781/4967
f 3553/3781/4967 3551/3779/4965 3554/3782/4968
f 3541/3768/4952 3534/3756/4951 3542/3769/4969
f 3542/3769/4969 3554/3782/4968 3541/3768/4952
f 3553/3781/4970 3530/3751/4936 3543/3771/4957
f 3543/3771/4957 3552/3780/4971 3553/3781/4970
f 3542/3769/4955 3531/3752/4937 3530/3751/4936
f 3530/3751/4936 3553/3781/4970 3542/3769/4955
f 3555/3783/4972 3517/3784/4908 3518/3761/4909
f 3518/3761/4909 3537/3760/4953 3555/3783/4972
f 3546/3774/4960 3541/3768/4952 3554/3782/4968
f 3554/3782/4968 3544/3772/4958 3546/3774/4960
f 3545/3773/4959 3544/3772/4958 3547/3775/4961
f 3541/3768/4952 3546/3774/4960 3555/3783/4972
f 3555/3783/4972 3537/3760/4953 3541/3768/4952
f 3536/3758/4943 3538/3767/4973 3533/3755/4940
f 3533/3755/4940 3532/3754/4939 3536/3758/4943
f 3556/3785/4974 3557/3786/4975 3558/3787/4976
f 3556/3785/4974 3558/3787/4976 3559/3788/4977
f 3556/3789/4974 3559/3790/4977 3560/3791/4978
f 3560/3791/4978 3559/3790/4977 3561/3792/4979
f 3560/3791/4978 3561/3792/4979 3562/3793/4980
f 3562/3793/4980 3561/3792/4979 3563/3794/4981
f 3562/3793/4980 3563/3794/4981 3564/3795/4982
f 3562/3793/4980 3564/3795/4982 3565/3796/4983
f 3566/3797/4984 3567/3798/4985 3565/3796/4983
f 3565/3796/4983 3564/3795/4982 3566/3797/4984
f 3568/3799/4986 3569/3800/4987 3570/3801/4988
f 3570/3801/4988 3571/3802/4989 3568/3799/4986
f 3569/3800/4987 3568/3799/4986 3572/3803/4990
f 3572/3803/4990 3568/3799/4986 3573/3804/4991
f 3572/3803/4990 3573/3804/4991 3574/3805/4992
f 3572/3803/4990 3574/3805/4992 3575/3806/4993
f 3572/3803/4990 3575/3806/4993 3576/3807/4994
f 3576/3807/4994 3575/3806/4993 3577/3808/4995
f 3578/3809/4996 3560/3791/4978 3562/3793/4980
f 3578/3809/4996 3562/3793/4980 3565/3796/4983
f 3579/3810/4997 3567/3798/4985 3566/3797/4984
f 3565/3796/4983 3567/3798/4985 3580/3811/4998
f 3580/3811/4998 3581/3812/4999 3565/3796/4983
f 3582/3813/5000 3580/3811/4998 3567/3798/4985
f 3567/3798/4985 3583/3814/5001 3582/3813/5000
f 3580/3811/4998 3582/3813/5000 3584/3815/5002
f 3584/3815/5002 3585/3816/5003 3580/3811/4998
f 3578/3809/4996 3565/3796/4983 3581/3812/4999
f 3578/3809/4996 3581/3812/4999 3586/3817/5004
f 3586/3817/5004 3581/3812/4999 3587/3818/5005
f 3586/3817/5004 3587/3818/5005 3588/3819/5006
f 3588/3819/5006 3587/3818/5005 3589/3820/5007
f 3588/3819/5006 3589/3820/5007 3590/3821/5008
f 3591/3822/5009 3590/3821/5008 3589/3820/5007
f 3589/3820/5007 3592/3823/5010 3591/3822/5009
f 3590/3821/5008 3591/3822/5009 3593/3824/5011
f 3593/3824/5011 3594/3825/5012 3590/3821/5008
f 3595/3826/5013 3593/3824/5011 3591/3822/5009
f 3591/3822/5009 3596/3827/5014 3595/3826/5013
f 3593/3824/5011 3595/3826/5013 3571/3802/4989
f 3571/3802/4989 3597/3828/5015 3593/3824/5011
f 3598/3829/5016 3588/3819/5006 3590/3821/5008
f 3598/3829/5016 3590/3821/5008 3594/3825/5012
f 3594/3825/5012 3593/3824/5011 3597/3828/5015
f 3597/3828/5015 3529/3749/4934 3594/3825/5012
f 3597/3828/5015 3571/3802/4989 3570/3801/4988
f 3598/3829/5016 3594/3825/5012 3599/3830/5017
f 3598/3829/5016 3599/3830/5017 3600/3831/5018
f 3600/3831/5018 3599/3830/5017 3525/3745/4930
f 3600/3831/5018 3525/3745/4930 3540/3764/4947
f 3600/3831/5018 3540/3764/4947 3539/3763/4946
f 3526/3746/4931 3525/3745/4930 3599/3830/5017
f 3526/3746/4931 3599/3830/5017 3529/3749/4934
f 3597/3828/5015 3601/3832/5019 3527/3747/4932
f 3527/3747/4932 3529/3749/4934 3597/3828/5015
f 3601/3832/5019 3597/3828/5015 3570/3801/4988
f 3570/3801/4988 3602/3833/5020 3601/3832/5019
f 3577/3808/4995 3569/3800/4987 3572/3803/4990
f 3603/3834/5021 3604/3835/5022 3574/3805/4992
f 3603/3834/5021 3574/3805/4992 3605/3836/5023
f 3605/3836/5023 3574/3805/4992 3606/3837/5024
f 3607/3838/5025 3604/3835/5022 3608/3839/5026
f 3608/3839/5026 3609/3840/5027 3607/3838/5025
f 3608/3839/5026 3604/3835/5022 3610/3841/5028
f 3610/3841/5028 3604/3835/5022 3603/3834/5021
f 3605/3836/5023 3606/3837/5024 3611/3842/5029
f 3611/3842/5029 3612/3843/5030 3605/3836/5023
f 3568/3799/4986 3611/3842/5029 3606/3837/5024
f 3606/3837/5024 3573/3804/4991 3568/3799/4986
f 3607/3838/5025 3609/3840/5027 3613/3844/5031
f 3609/3840/5027 3608/3839/5026 3614/3845/5032
f 3614/3845/5032 3615/3846/5033 3609/3840/5027
f 3608/3839/5026 3610/3841/5028 3616/3847/5034
f 3616/3847/5034 3614/3845/5032 3608/3839/5026
f 3617/3848/5035 3612/3843/5030 3596/3827/5014
f 3596/3827/5014 3618/3849/5036 3617/3848/5035
f 3595/3826/5013 3596/3827/5014 3612/3843/5030
f 3612/3843/5030 3611/3842/5029 3595/3826/5013
f 3609/3840/5027 3615/3846/5033 3619/3850/5037
f 3619/3850/5037 3615/3846/5033 3620/3851/5038
f 3615/3846/5033 3614/3845/5032 3582/3813/5000
f 3582/3813/5000 3583/3814/5001 3615/3846/5033
f 3584/3815/5002 3582/3813/5000 3614/3845/5032
f 3614/3845/5032 3616/3847/5034 3584/3815/5002
f 3615/3846/5033 3583/3814/5001 3620/3851/5038
f 3594/3825/5012 3529/3749/4934 3599/3830/5017
f 3592/3823/5010 3589/3820/5007 3587/3818/5005
f 3587/3818/5005 3585/3816/5003 3592/3823/5010
f 3596/3827/5014 3591/3822/5009 3592/3823/5010
f 3592/3823/5010 3618/3849/5036 3596/3827/5014
f 3585/3816/5003 3587/3818/5005 3581/3812/4999
f 3581/3812/4999 3580/3811/4998 3585/3816/5003
f 3618/3849/5036 3592/3823/5010 3585/3816/5003
f 3585/3816/5003 3584/3815/5002 3618/3849/5036
f 3579/3810/4997 3583/3814/5001 3567/3798/4985
f 3571/3802/4989 3595/3826/5013 3611/3842/5029
f 3611/3842/5029 3568/3799/4986 3571/3802/4989
f 3610/3841/5028 3603/3834/5021 3617/3848/5035
f 3617/3848/5035 3616/3847/5034 3610/3841/5028
f 3618/3849/5036 3584/3815/5002 3616/3847/5034
f 3616/3847/5034 3617/3848/5035 3618/3849/5036
f 3603/3834/5021 3605/3836/5023 3612/3843/5030
f 3612/3843/5030 3617/3848/5035 3603/3834/5021
f 3577/3808/4995 3572/3803/4990 3576/3807/4994
f 3606/3837/5024 3574/3805/4992 3573/3804/4991
f 3451/3671/4819 3453/3673/4821 3621/3852/5039
f 3622/3853/5040 3453/3673/4821 3623/3854/5041
f 3623/3855/5041 3624/3856/5042 3625/3857/5043
f 3625/3857/5043 3622/3858/5040 3623/3855/5041
f 3625/3857/5043 3626/3859/5044 3621/3860/5039
f 3621/3860/5039 3622/3858/5040 3625/3857/5043
f 3626/3859/5044 3627/3861/5045 3628/3862/5046
f 3628/3862/5046 3621/3860/5039 3626/3859/5044
f 3629/3863/5047 3628/3862/5046 3627/3861/5045
f 3627/3861/5045 3630/3864/5048 3629/3863/5047
f 3631/3865/5049 3629/3863/5050 3630/3864/5051
f 3630/3864/5051 3632/3866/5052 3631/3865/5049
f 3633/3867/5053 3631/3865/5054 3632/3866/5055
f 3632/3866/5055 3634/3868/5056 3633/3867/5053
f 3635/3869/5057 3633/3867/5053 3634/3868/5056
f 3634/3868/5056 3636/3870/5058 3635/3869/5057
f 3635/3869/5057 3636/3870/5058 3558/3787/4976
f 3558/3787/4976 3636/3870/5058 3559/3788/4977
f 3629/3871/5050 3631/3872/5049 3450/3670/4816
f 3629/3871/5050 3450/3670/4816 3451/3671/4815
f 3451/3671/4815 3628/3873/5059 3629/3871/5050
f 3450/3670/4814 3631/3872/5060 3633/3874/5061
f 3633/3874/5061 3448/3668/4812 3450/3670/4814
f 3448/3668/4812 3633/3874/5061 3635/3875/5062
f 3448/3668/4812 3635/3875/5062 3447/3667/4811
f 3447/3667/4811 3635/3875/5062 3557/3876/5063
f 3558/3787/4976 3557/3786/4975 3635/3869/5057
f 3559/3788/4977 3636/3870/5058 3637/3877/5064
f 3559/3788/4977 3637/3877/5064 3561/3878/4979
f 3561/3878/4979 3637/3877/5064 3638/3879/5065
f 3561/3878/4979 3638/3879/5065 3563/3880/4981
f 3563/3880/4981 3638/3879/5065 3639/3881/5066
f 3563/3880/4981 3639/3881/5066 3564/3882/4982
f 3640/3883/5067 3566/3884/4984 3564/3882/4982
f 3564/3882/4982 3639/3881/5066 3640/3883/5067
f 3640/3883/5067 3641/3885/5068 3579/3886/4997
f 3579/3886/4997 3566/3884/4984 3640/3883/5067
f 3642/3887/5069 3643/3888/5070 3641/3885/5068
f 3641/3885/5068 3640/3883/5067 3642/3887/5069
f 3643/3888/5070 3642/3887/5069 3644/3889/5071
f 3644/3889/5071 3645/3890/5072 3643/3888/5070
f 3644/3889/5071 3642/3887/5069 3646/3891/5073
f 3646/3891/5073 3647/3892/5074 3644/3889/5071
f 3647/3892/5074 3646/3891/5073 3648/3893/5075
f 3648/3893/5075 3649/3894/5076 3647/3892/5074
f 3649/3894/5076 3648/3893/5075 3650/3895/5077
f 3650/3895/5077 3651/3896/5078 3649/3894/5076
f 3651/3896/5078 3650/3895/5077 3634/3868/5056
f 3634/3868/5056 3632/3866/5055 3651/3896/5078
f 3652/3897/5079 3653/3898/5080 3654/3899/5081
f 3654/3899/5081 3655/3900/5082 3652/3897/5079
f 3656/3901/5083 3657/3902/5084 3658/3903/5085
f 3658/3903/5085 3659/3904/5086 3656/3901/5083
f 3626/3859/5044 3625/3857/5043 3657/3902/5084
f 3657/3902/5084 3656/3901/5083 3626/3859/5044
f 3625/3857/5043 3660/3905/5087 3657/3902/5084
f 3453/3673/4821 3622/3853/5040 3621/3852/5039
f 3451/3671/4819 3621/3852/5039 3628/3873/5046
f 3636/3870/5058 3634/3868/5056 3650/3895/5077
f 3650/3895/5077 3637/3877/5064 3636/3870/5058
f 3632/3866/5052 3630/3864/5051 3661/3906/5088
f 3661/3906/5088 3651/3896/5089 3632/3866/5052
f 3651/3896/5089 3661/3906/5088 3662/3907/5090
f 3662/3907/5090 3649/3894/5091 3651/3896/5089
f 3649/3894/5091 3662/3907/5090 3663/3908/5092
f 3663/3908/5092 3647/3892/5093 3649/3894/5091
f 3647/3892/5093 3663/3908/5092 3664/3909/5094
f 3664/3909/5094 3644/3889/5095 3647/3892/5093
f 3644/3889/5095 3664/3909/5094 3665/3910/5096
f 3665/3910/5096 3645/3890/5097 3644/3889/5095
f 3656/3901/5083 3666/3911/5098 3627/3861/5045
f 3627/3861/5045 3626/3859/5044 3656/3901/5083
f 3630/3864/5048 3627/3861/5045 3666/3911/5098
f 3666/3911/5098 3661/3906/5099 3630/3864/5048
f 3661/3906/5099 3666/3911/5098 3667/3912/5100
f 3667/3912/5100 3662/3907/5101 3661/3906/5099
f 3662/3907/5101 3667/3912/5100 3668/3913/5102
f 3668/3913/5102 3663/3908/5103 3662/3907/5101
f 3663/3908/5103 3668/3913/5102 3669/3914/5104
f 3669/3914/5104 3664/3909/5105 3663/3908/5103
f 3664/3909/5105 3669/3914/5104 3670/3915/5106
f 3670/3915/5106 3665/3910/5107 3664/3909/5105
f 3637/3877/5064 3650/3895/5077 3648/3893/5075
f 3648/3893/5075 3638/3879/5065 3637/3877/5064
f 3666/3911/5098 3656/3901/5083 3659/3904/5086
f 3659/3904/5086 3667/3912/5100 3666/3911/5098
f 3659/3904/5086 3658/3903/5085 3671/3916/5108
f 3671/3916/5108 3672/3917/5109 3659/3904/5086
f 3638/3879/5065 3648/3893/5075 3646/3891/5073
f 3646/3891/5073 3639/3881/5066 3638/3879/5065
f 3667/3912/5100 3659/3904/5086 3672/3917/5109
f 3672/3917/5109 3668/3913/5102 3667/3912/5100
f 3668/3913/5102 3672/3917/5109 3654/3899/5081
f 3654/3899/5081 3669/3914/5104 3668/3913/5102
f 3669/3914/5104 3654/3899/5081 3653/3898/5080
f 3653/3898/5080 3670/3915/5106 3669/3914/5104
f 3639/3881/5066 3646/3891/5073 3642/3887/5069
f 3642/3887/5069 3640/3883/5067 3639/3881/5066
f 3671/3916/5108 3654/3899/5081 3672/3917/5109
f 3453/3673/4821 3673/3918/5110 3623/3854/5111
f 3624/3919/5112 3673/3918/5110 3674/3920/5113
f 3624/3919/5112 3674/3920/5113 3675/3921/5114
f 3675/3921/5114 3674/3920/5113 3676/3922/5115
f 3675/3921/5114 3676/3922/5115 3677/3923/5116
f 3676/3922/5115 3678/3924/5117 3677/3923/5116
f 3679/3925/5118 3677/3923/5116 3678/3924/5117
f 3678/3924/5117 3680/3926/5119 3679/3925/5118
f 3681/3927/5120 3679/3925/5118 3680/3926/5119
f 3680/3926/5119 3682/3928/5121 3681/3927/5120
f 3547/3929/5122 3681/3927/5120 3682/3928/5121
f 3682/3928/5121 3683/3930/5123 3547/3929/5122
f 3545/3931/5124 3547/3929/5122 3683/3930/5123
f 3545/3931/5124 3683/3930/5123 3517/3737/4908
f 3684/3932/5125 3517/3737/4908 3683/3930/5123
f 3517/3737/4908 3684/3932/5125 3515/3735/4903
f 3685/3933/5126 3515/3735/4903 3684/3932/5125
f 3515/3735/4903 3685/3933/5126 3505/3725/4888
f 3686/3934/5127 3505/3725/4888 3685/3933/5126
f 3505/3725/4888 3686/3934/5127 3381/3601/4731
f 3687/3935/5128 3381/3601/4731 3686/3934/5127
f 3687/3935/5128 3688/3936/5129 3381/3601/4731
f 3382/3602/4732 3381/3601/4731 3688/3936/5129
f 3689/3937/5130 3673/3918/5110 3453/3673/4821
f 3689/3937/5130 3453/3673/4821 3454/3674/4822
f 3689/3937/5130 3454/3674/4822 3690/3938/5131
f 3690/3938/5131 3454/3674/4822 3456/3676/4824
f 3690/3938/5131 3456/3676/4824 3691/3939/5132
f 3691/3939/5132 3456/3676/4824 3431/3651/4791
f 3691/3939/5132 3431/3651/4791 3692/3940/5133
f 3429/3649/4789 3692/3940/5133 3431/3651/4791
f 3692/3940/5133 3429/3649/4789 3693/3941/5134
f 3427/3647/4787 3693/3941/5134 3429/3649/4789
f 3693/3941/5134 3427/3647/4787 3694/3942/5135
f 3426/3646/4786 3694/3942/5135 3427/3647/4787
f 3545/3773/4959 3517/3784/4908 3555/3783/4972
f 3545/3773/4959 3555/3783/4972 3546/3774/4960
f 3544/3772/4958 3548/3776/4962 3547/3775/4961
f 3547/3775/4961 3549/3777/4963 3695/3943/5136
f 3696/3944/5137 3695/3943/5136 3697/3945/5138
f 3697/3945/5138 3698/3946/5139 3696/3944/5137
f 3699/3947/5140 3700/3948/5141 3652/3897/5079
f 3652/3897/5079 3701/3949/5142 3699/3947/5140
f 3702/3950/5143 3703/3951/5144 3704/3952/5145
f 3547/3775/4961 3695/3943/5136 3705/3953/5146
f 3547/3775/4961 3705/3953/5146 3681/3954/5147
f 3681/3954/5147 3705/3953/5146 3706/3955/5148
f 3681/3954/5147 3706/3955/5148 3707/3956/5149
f 3707/3956/5149 3706/3955/5148 3708/3957/5150
f 3708/3957/5150 3709/3958/5151 3707/3956/5149
f 3679/3959/5152 3681/3954/5147 3707/3956/5149
f 3679/3959/5152 3707/3956/5149 3710/3960/5153
f 3710/3960/5153 3707/3956/5149 3709/3958/5151
f 3709/3958/5151 3711/3961/5154 3710/3960/5153
f 3679/3959/5152 3710/3960/5153 3701/3949/5142
f 3679/3959/5152 3701/3949/5142 3677/3962/5155
f 3677/3962/5155 3701/3949/5142 3652/3897/5079
f 3677/3962/5155 3712/3963/5156 3675/3964/5157
f 3655/3900/5082 3654/3899/5081 3671/3916/5108
f 3655/3900/5082 3671/3916/5108 3712/3963/5156
f 3671/3916/5108 3658/3903/5085 3712/3963/5156
f 3675/3964/5157 3660/3905/5087 3624/3856/5042
f 3624/3919/5112 3623/3854/5111 3673/3918/5110
f 3655/3900/5082 3677/3962/5155 3652/3897/5079
f 3653/3898/5080 3703/3951/5144 3702/3950/5143
f 3702/3950/5143 3670/3915/5106 3653/3898/5080
f 3704/3952/5145 3713/3965/5158 3714/3966/5159
f 3715/3967/5160 3716/3968/5161 3717/3969/5162
f 3717/3969/5162 3718/3970/5163 3715/3967/5160
f 3716/3968/5161 3715/3967/5160 3714/3966/5159
f 3714/3966/5159 3719/3971/5164 3720/3972/5165
f 3716/3968/5161 3714/3966/5159 3713/3965/5158
f 3713/3965/5158 3717/3969/5162 3716/3968/5161
f 3721/3973/5166 3720/3972/5165 3722/3974/5167
f 3722/3974/5167 3720/3972/5165 3723/3975/5168
f 3722/3974/5167 3723/3975/5168 3724/3976/5169
f 3724/3976/5169 3725/3977/5170 3722/3974/5167
f 3726/3978/5171 3724/3976/5169 3723/3975/5168
f 3723/3975/5168 3727/3979/5172 3726/3978/5171
f 3726/3978/5171 3728/3980/5173 3709/3958/5151
f 3709/3958/5151 3708/3957/5150 3726/3978/5171
f 3711/3961/5154 3709/3958/5151 3728/3980/5173
f 3728/3980/5173 3718/3970/5163 3711/3961/5154
f 3729/3981/5174 3721/3973/5166 3722/3974/5167
f 3722/3974/5167 3730/3982/5175 3729/3981/5174
f 3696/3944/5137 3698/3946/5139 3731/3983/5176
f 3731/3983/5176 3725/3977/5170 3696/3944/5137
f 3731/3983/5176 3730/3982/5175 3725/3977/5170
f 3703/3951/5144 3653/3898/5080 3652/3897/5079
f 3652/3897/5079 3700/3948/5141 3703/3951/5144
f 3711/3961/5154 3699/3947/5140 3701/3949/5142
f 3701/3949/5142 3710/3960/5153 3711/3961/5154
f 3705/3953/5146 3695/3943/5136 3696/3944/5137
f 3696/3944/5137 3732/3984/5177 3705/3953/5146
f 3732/3984/5177 3708/3957/5150 3706/3955/5148
f 3706/3955/5148 3705/3953/5146 3732/3984/5177
f 3713/3965/5158 3700/3948/5141 3699/3947/5140
f 3699/3947/5140 3717/3969/5162 3713/3965/5158
f 3703/3951/5144 3700/3948/5141 3713/3965/5158
f 3713/3965/5158 3704/3952/5145 3703/3951/5144
f 3699/3947/5140 3711/3961/5154 3718/3970/5163
f 3718/3970/5163 3717/3969/5162 3699/3947/5140
f 3724/3976/5169 3726/3978/5171 3708/3957/5150
f 3708/3957/5150 3732/3984/5177 3724/3976/5169
f 3725/3977/5170 3724/3976/5169 3732/3984/5177
f 3732/3984/5177 3696/3944/5137 3725/3977/5170
f 3728/3980/5173 3726/3978/5171 3727/3979/5172
f 3727/3979/5172 3719/3971/5164 3728/3980/5173
f 3727/3979/5172 3723/3975/5168 3720/3972/5165
f 3722/3974/5167 3725/3977/5170 3730/3982/5175
f 3718/3970/5163 3728/3980/5173 3719/3971/5164
f 3719/3971/5164 3715/3967/5160 3718/3970/5163
f 3715/3967/5160 3719/3971/5164 3714/3966/5159
f 3727/3979/5172 3720/3972/5165 3719/3971/5164
f 3733/3985/5178 3729/3981/5174 3730/3982/5175
f 3730/3982/5175 3734/3986/5179 3733/3985/5178
f 3733/3985/5180 3734/3986/5181 3735/3987/5182
f 3735/3987/5182 3736/3988/5183 3733/3985/5180
f 3737/3989/5184 3735/3987/5182 3738/3990/5185
f 3738/3990/5185 3739/3991/5186 3737/3989/5184
f 3739/3991/5186 3738/3990/5185 3740/3992/5187
f 3740/3992/5187 3741/3993/5188 3739/3991/5186
f 3740/3992/5187 3742/3994/5189 3743/3995/5190
f 3743/3995/5190 3741/3993/5188 3740/3992/5187
f 3527/3747/4932 3601/3832/5019 3743/3996/5191
f 3743/3996/5191 3528/3748/4933 3527/3747/4932
f 3743/3996/5191 3601/3832/5019 3602/3833/5020
f 3602/3833/5020 3741/3997/5192 3743/3996/5191
f 3744/3998/5193 3739/3999/5194 3741/3997/5192
f 3741/3997/5192 3602/3833/5020 3744/3998/5193
f 3737/4000/5195 3739/3999/5194 3744/3998/5193
f 3744/3998/5193 3745/4001/5196 3737/4000/5195
f 3745/4001/5196 3746/4002/5197 3736/4003/5198
f 3736/4003/5198 3737/4000/5195 3745/4001/5196
f 3737/3989/5184 3736/3988/5183 3735/3987/5182
f 3745/4001/5196 3744/3998/5193 3747/4004/5199
f 3602/3833/5020 3570/3801/4988 3747/4004/5199
f 3747/4004/5199 3744/3998/5193 3602/3833/5020
f 3747/4004/5199 3570/3801/4988 3569/3800/4987
f 3575/3806/4993 3746/4002/5197 3745/4001/5196
f 3575/3806/4993 3748/4005/5200 3577/3808/4995
f 3748/4005/5200 3745/4001/5196 3747/4004/5199
f 3748/4005/5200 3747/4004/5199 3577/3808/4995
f 3577/3808/4995 3747/4004/5199 3569/3800/4987
f 3575/3806/4993 3745/4001/5196 3748/4005/5200
f 3742/3994/5189 3543/3771/4957 3528/3770/4956
f 3528/3770/4956 3743/3995/5190 3742/3994/5189
f 3749/4006/5201 3552/3780/4971 3543/3771/4957
f 3543/3771/4957 3742/3994/5189 3749/4006/5201
f 3742/3994/5189 3740/3992/5187 3750/4007/5202
f 3750/4007/5202 3749/4006/5201 3742/3994/5189
f 3751/4008/5203 3738/3990/5185 3735/3987/5182
f 3735/3987/5182 3734/3986/5181 3751/4008/5203
f 3752/4009/5204 3753/4010/5205 3749/4006/5206
f 3749/4006/5206 3750/4007/5207 3752/4009/5204
f 3752/4009/5204 3750/4007/5207 3751/4008/5208
f 3751/4008/5208 3754/4011/5209 3752/4009/5204
f 3754/4011/5209 3751/4008/5208 3734/3986/5179
f 3734/3986/5179 3730/3982/5175 3754/4011/5209
f 3550/3778/4964 3552/3780/4966 3749/4006/5206
f 3749/4006/5206 3753/4010/5205 3550/3778/4964
f 3752/4009/5204 3754/4011/5209 3731/3983/5176
f 3731/3983/5176 3698/3946/5139 3752/4009/5204
f 3549/3777/4963 3550/3778/4964 3753/4010/5205
f 3753/4010/5205 3697/3945/5138 3549/3777/4963
f 3753/4010/5205 3752/4009/5204 3698/3946/5139
f 3698/3946/5139 3697/3945/5138 3753/4010/5205
f 3751/4008/5203 3750/4007/5202 3740/3992/5187
f 3740/3992/5187 3738/3990/5185 3751/4008/5203
f 3729/3981/5174 3733/3985/5178 3755/4012/5210
f 3729/3981/5174 3755/4012/5210 3756/4013/5211
f 3757/4014/5212 3755/4012/5210 3758/4015/5213
f 3758/4015/5213 3755/4012/5210 3759/4016/5214
f 3758/4015/5213 3759/4016/5214 3760/4017/5215
f 3760/4017/5215 3759/4016/5214 3761/4018/5216
f 3760/4017/5215 3761/4018/5216 3762/4019/5217
f 3762/4019/5217 3761/4018/5216 3763/4020/5218
f 3762/4019/5217 3763/4020/5218 3764/4021/5219
f 3764/4021/5219 3763/4020/5218 3765/4022/5220
f 3764/4021/5219 3765/4022/5220 3766/4023/5221
f 3766/4023/5221 3765/4022/5220 3767/4024/5222
f 3766/4023/5221 3767/4024/5222 3768/4025/5223
f 3768/4025/5223 3767/4024/5222 3736/3988/5198
f 3736/4003/5198 3746/4002/5197 3769/4026/5224
f 3769/4026/5224 3768/4027/5223 3736/4003/5198
f 3769/4026/5224 3746/4002/5197 3770/4028/5225
f 3770/4028/5225 3746/4002/5197 3575/3806/4993
f 3771/4029/5226 3766/4023/5221 3768/4025/5223
f 3769/4026/5224 3772/4030/5227 3771/4031/5226
f 3771/4031/5226 3768/4027/5223 3769/4026/5224
f 3772/4030/5227 3769/4026/5224 3770/4028/5225
f 3773/4032/5228 3772/4030/5227 3770/4028/5225
f 3767/4024/5222 3765/4022/5220 3733/3985/5178
f 3733/3985/5178 3736/3988/5198 3767/4024/5222
f 3733/3985/5178 3765/4022/5220 3763/4020/5218
f 3733/3985/5178 3763/4020/5218 3761/4018/5216
f 3733/3985/5178 3761/4018/5216 3759/4016/5214
f 3733/3985/5178 3759/4016/5214 3755/4012/5210
f 3720/3972/5229 3721/3973/5230 3774/4033/5231
f 3774/4033/5231 3775/4034/5232 3720/3972/5229
f 3756/4013/5211 3774/4033/5231 3721/3973/5230
f 3721/3973/5230 3729/3981/5174 3756/4013/5211
f 3720/3972/5229 3775/4034/5232 3776/4035/5233
f 3776/4035/5233 3714/3966/5234 3720/3972/5229
f 3776/4035/5233 3775/4034/5232 3777/4036/5235
f 3777/4036/5235 3778/4037/5236 3776/4035/5233
f 3779/4038/5237 3777/4036/5238 3780/4039/5239
f 3780/4039/5239 3781/4040/5240 3779/4038/5237
f 3781/4040/5240 3780/4039/5239 3757/4014/5241
f 3757/4014/5241 3782/4041/5242 3781/4040/5240
f 3783/4042/5243 3778/4037/5244 3777/4036/5238
f 3777/4036/5238 3779/4038/5237 3783/4042/5243
f 3773/4032/5245 3784/4043/5246 3785/4044/5247
f 3773/4032/5245 3785/4044/5247 3772/4030/5248
f 3772/4030/5248 3785/4044/5247 3786/4045/5249
f 3772/4030/5248 3786/4045/5249 3771/4031/5250
f 3771/4029/5250 3786/4046/5249 3787/4047/5251
f 3771/4029/5250 3787/4047/5251 3766/4023/5252
f 3766/4023/5252 3787/4047/5251 3788/4048/5253
f 3766/4023/5252 3788/4048/5253 3764/4021/5254
f 3789/4049/5255 3762/4019/5256 3764/4021/5254
f 3764/4021/5254 3788/4048/5253 3789/4049/5255
f 3790/4050/5257 3760/4017/5258 3762/4019/5256
f 3762/4019/5256 3789/4049/5255 3790/4050/5257
f 3760/4017/5258 3790/4050/5257 3791/4051/5259
f 3791/4051/5259 3758/4015/5260 3760/4017/5258
f 3758/4015/5260 3791/4051/5259 3782/4041/5242
f 3782/4041/5242 3757/4014/5241 3758/4015/5260
f 3792/4052/5261 3793/4053/5262 3794/4054/5263
f 3792/4052/5261 3794/4054/5263 3795/4055/5264
f 3795/4055/5264 3794/4054/5263 3796/4056/5265
f 3795/4055/5264 3796/4056/5265 3797/4057/5266
f 3797/4057/5266 3796/4056/5265 3798/4058/5267
f 3797/4057/5266 3798/4058/5267 3773/4032/5245
f 3773/4032/5245 3798/4058/5267 3784/4043/5246
f 3799/4059/5268 3770/4028/5225 3575/3806/4993
f 3575/3806/4993 3574/3805/5269 3799/4059/5268
f 3770/4028/5225 3799/4059/5268 3797/4057/5270
f 3797/4057/5270 3773/4032/5228 3770/4028/5225
f 3800/4060/5271 3795/4055/5272 3797/4057/5270
f 3797/4057/5270 3799/4059/5268 3800/4060/5271
f 3574/3805/5269 3604/3835/5273 3800/4060/5271
f 3800/4060/5271 3799/4059/5268 3574/3805/5269
f 3607/3838/5274 3801/4061/5275 3800/4060/5271
f 3800/4060/5271 3604/3835/5273 3607/3838/5274
f 3792/4052/5276 3795/4055/5272 3800/4060/5271
f 3800/4060/5271 3801/4061/5275 3792/4052/5276
f 3776/4035/5233 3778/4037/5236 3802/4062/5277
f 3802/4062/5277 3803/4063/5278 3776/4035/5233
f 3803/4063/5278 3804/4064/5279 3714/3966/5234
f 3714/3966/5234 3776/4035/5233 3803/4063/5278
f 3804/4064/5279 3803/4063/5278 3805/4065/5280
f 3803/4063/5278 3802/4062/5277 3806/4066/5281
f 3803/4063/5278 3806/4066/5281 3805/4065/5280
f 3807/4067/5282 3805/4065/5280 3806/4066/5281
f 3806/4066/5281 3808/4068/5283 3807/4067/5282
f 3807/4067/5282 3808/4068/5283 3809/4069/5284
f 3810/4070/5285 3811/4071/5286 3809/4069/5284
f 3809/4069/5284 3808/4068/5283 3810/4070/5285
f 3812/4072/5287 3809/4069/5284 3811/4071/5286
f 3811/4071/5286 3813/4073/5288 3812/4072/5287
f 3807/4067/5282 3814/4074/5289 3804/4064/5279
f 3804/4064/5279 3805/4065/5280 3807/4067/5282
f 3809/4069/5284 3812/4072/5287 3814/4074/5289
f 3814/4074/5289 3807/4067/5282 3809/4069/5284
f 3815/4075/5290 3816/4076/5291 3813/4073/5288
f 3813/4073/5288 3811/4071/5286 3815/4075/5290
f 3816/4076/5291 3815/4075/5290 3817/4077/5292
f 3816/4076/5291 3817/4077/5292 3613/4078/5293
f 3613/4078/5293 3817/4077/5292 3818/4079/5294
f 3819/4080/5295 3607/3838/5274 3613/3844/5293
f 3613/3844/5293 3818/4081/5294 3819/4080/5295
f 3820/4082/5296 3821/4083/5297 3819/4080/5295
f 3819/4080/5295 3818/4081/5294 3820/4082/5296
f 3792/4052/5276 3801/4061/5275 3819/4080/5295
f 3819/4080/5295 3821/4083/5297 3792/4052/5276
f 3801/4061/5275 3607/3838/5274 3819/4080/5295
f 3822/4084/5298 3820/4085/5296 3817/4077/5292
f 3820/4085/5296 3818/4079/5294 3817/4077/5292
f 3822/4084/5298 3817/4077/5292 3815/4075/5290
f 3815/4075/5290 3811/4071/5286 3810/4070/5285
f 3810/4070/5285 3822/4084/5298 3815/4075/5290
f 3820/4082/5299 3823/4086/5300 3824/4087/5301
f 3824/4087/5301 3821/4083/5302 3820/4082/5299
f 3823/4088/5300 3820/4085/5299 3822/4084/5303
f 3822/4084/5303 3825/4089/5304 3823/4088/5300
f 3825/4089/5304 3822/4084/5303 3810/4070/5305
f 3810/4070/5305 3826/4090/5306 3825/4089/5304
f 3826/4090/5306 3810/4070/5305 3808/4068/5307
f 3808/4068/5307 3827/4091/5308 3826/4090/5306
f 3827/4091/5308 3808/4068/5307 3806/4066/5309
f 3806/4066/5309 3828/4092/5310 3827/4091/5308
f 3828/4092/5310 3806/4066/5309 3802/4062/5311
f 3778/4037/5244 3783/4042/5243 3828/4092/5310
f 3828/4092/5310 3802/4062/5311 3778/4037/5244
f 3824/4087/5301 3793/4053/5262 3792/4052/5261
f 3792/4052/5261 3821/4083/5302 3824/4087/5301
f 3609/3840/5027 3619/3850/5037 3613/3844/5031
f 3613/4078/5031 3619/4093/5037 3829/4094/5312
f 3613/4078/5031 3829/4094/5312 3816/4076/5313
f 3816/4076/5313 3829/4094/5312 3813/4073/5314
f 3830/4095/5315 3812/4072/5316 3813/4073/5314
f 3813/4073/5314 3829/4094/5312 3830/4095/5315
f 3830/4095/5317 3831/4096/5318 3814/4074/5319
f 3814/4074/5319 3812/4072/5320 3830/4095/5317
f 3831/4096/5318 3804/4064/5321 3814/4074/5319
f 3832/4097/5322 3833/4098/5323 3643/3888/5070
f 3643/3888/5070 3645/3890/5072 3832/4097/5322
f 3804/4064/5324 3831/4096/5325 3704/3952/5145
f 3704/3952/5145 3714/3966/5159 3804/4064/5324
f 3831/4096/5325 3834/4099/5326 3702/3950/5143
f 3702/3950/5143 3704/3952/5145 3831/4096/5325
f 3670/3915/5106 3702/3950/5143 3834/4099/5326
f 3834/4099/5326 3665/3910/5107 3670/3915/5106
f 3665/3910/5096 3834/4099/5327 3832/4097/5328
f 3832/4097/5328 3645/3890/5097 3665/3910/5096
f 3833/4098/5323 3835/4100/5329 3641/3885/5068
f 3641/3885/5068 3643/3888/5070 3833/4098/5323
f 3835/4100/5329 3620/4101/5038 3579/3886/4997
f 3579/3886/4997 3641/3885/5068 3835/4100/5329
f 3620/4101/5038 3835/4100/5329 3619/4093/5037
f 3833/4098/5323 3829/4094/5312 3619/4093/5037
f 3619/4093/5037 3835/4100/5329 3833/4098/5323
f 3832/4097/5322 3830/4095/5315 3829/4094/5312
f 3829/4094/5312 3833/4098/5323 3832/4097/5322
f 3834/4099/5327 3831/4096/5318 3830/4095/5317
f 3830/4095/5317 3832/4097/5328 3834/4099/5327
f 3402/3622/4756 3836/4102/5330 3837/4103/5331
f 3402/3622/4756 3837/4103/5331 3404/3624/4758
f 3404/3624/4758 3837/4103/5331 3838/4104/5332
f 3404/3624/4758 3838/4104/5332 3482/3702/4858
f 3482/3702/4858 3838/4104/5332 3839/4105/5333
f 3482/3702/4858 3839/4105/5333 3480/3700/4856
f 3480/3700/4856 3839/4105/5333 3840/4106/5334
f 3480/3700/4856 3840/4106/5334 3478/3698/4851
f 3478/3698/4851 3840/4106/5334 3841/4107/5335
f 3478/3698/4851 3841/4107/5335 3474/3694/4846
f 3474/3694/4846 3841/4107/5335 3842/4108/5336
f 3474/3694/4846 3842/4108/5336 3470/3690/4841
f 3470/3690/4841 3842/4108/5336 3843/4109/5337
f 3470/3690/4841 3843/4109/5337 3459/3679/4828
f 3844/4110/5338 3459/3679/4828 3843/4109/5337
f 3459/3679/4828 3844/4110/5338 3457/3677/4826
f 3845/4111/5339 3457/3677/4826 3844/4110/5338
f 3457/3677/4826 3845/4111/5339 3426/3646/4786
f 3694/3942/5135 3426/3646/4786 3845/4111/5339
f 3836/4102/5330 3402/3622/4756 3483/3703/4859
f 3836/4102/5330 3483/3703/4859 3846/4112/5340
f 3846/4112/5340 3483/3703/4859 3487/3707/4864
f 3846/4112/5340 3487/3707/4864 3847/4113/5341
f 3847/4113/5341 3487/3707/4864 3491/3711/4869
f 3847/4113/5341 3491/3711/4869 3848/4114/5342
f 3848/4114/5342 3491/3711/4869 3495/3715/4875
f 3848/4114/5342 3495/3715/4875 3849/4115/5343
f 3849/4115/5343 3495/3715/4875 3497/3717/4877
f 3849/4115/5343 3497/3717/4877 3850/4116/5344
f 3850/4116/5344 3497/3717/4877 3499/3719/4879
f 3850/4116/5344 3499/3719/4879 3851/4117/5345
f 3499/3719/4879 3504/3724/4886 3851/4117/5345
f 3852/4118/5346 3851/4117/5345 3504/3724/4886
f 3504/3724/4886 3382/3602/4732 3852/4118/5346
f 3688/3936/5129 3852/4118/5346 3382/3602/4732
f 3852/4118/5347 3688/3936/5348 3853/4119/5349
f 3853/4119/5349 3854/4120/5350 3852/4118/5347
f 3855/4121/5351 3853/4119/5349 3688/3936/5348
f 3688/3936/5348 3687/3935/5352 3855/4121/5351
f 3856/4122/5353 3855/4121/5351 3687/3935/5352
f 3687/3935/5352 3686/3934/5354 3856/4122/5353
f 3857/4123/5355 3856/4122/5353 3686/3934/5354
f 3686/3934/5354 3685/3933/5356 3857/4123/5355
f 3858/4124/5357 3857/4123/5355 3685/3933/5356
f 3685/3933/5356 3684/3932/5358 3858/4124/5357
f 3859/4125/5359 3858/4124/5357 3684/3932/5358
f 3684/3932/5358 3683/3930/5360 3859/4125/5359
f 3860/4126/5361 3859/4125/5359 3683/3930/5360
f 3683/3930/5360 3682/3928/5362 3860/4126/5361
f 3861/4127/5363 3860/4126/5361 3682/3928/5362
f 3682/3928/5362 3680/3926/5364 3861/4127/5363
f 3862/4128/5365 3861/4127/5363 3680/3926/5364
f 3680/3926/5364 3678/3924/5366 3862/4128/5365
f 3862/4128/5365 3678/3924/5366 3676/3922/5367
f 3676/3922/5367 3863/4129/5368 3862/4128/5365
f 3864/4130/5369 3863/4129/5368 3676/3922/5367
f 3676/3922/5367 3674/3920/5370 3864/4130/5369
f 3851/4117/5371 3852/4118/5347 3854/4120/5350
f 3854/4120/5350 3865/4131/5372 3851/4117/5371
f 3850/4116/5373 3851/4117/5371 3865/4131/5372
f 3865/4131/5372 3866/4132/5374 3850/4116/5373
f 3849/4115/5375 3850/4116/5373 3866/4132/5374
f 3866/4132/5374 3867/4133/5376 3849/4115/5375
f 3848/4114/5377 3849/4115/5375 3867/4133/5376
f 3867/4133/5376 3868/4134/5378 3848/4114/5377
f 3847/4113/5379 3848/4114/5377 3868/4134/5378
f 3868/4134/5378 3869/4135/5380 3847/4113/5379
f 3846/4112/5381 3847/4113/5379 3869/4135/5380
f 3869/4135/5380 3870/4136/5382 3846/4112/5381
f 3836/4102/5383 3846/4112/5381 3870/4136/5382
f 3870/4136/5382 3871/4137/5384 3836/4102/5383
f 3836/4102/5383 3871/4137/5384 3872/4138/5385
f 3872/4138/5385 3837/4103/5386 3836/4102/5383
f 3873/4139/5387 3864/4130/5369 3674/3920/5370
f 3674/3920/5370 3673/3918/5388 3873/4139/5387
f 3874/4140/5389 3873/4139/5387 3673/3918/5388
f 3673/3918/5388 3689/3937/5390 3874/4140/5389
f 3875/4141/5391 3874/4140/5389 3689/3937/5390
f 3689/3937/5390 3690/3938/5392 3875/4141/5391
f 3876/4142/5393 3875/4141/5391 3690/3938/5392
f 3690/3938/5392 3691/3939/5394 3876/4142/5393
f 3877/4143/5395 3876/4142/5393 3691/3939/5394
f 3691/3939/5394 3692/3940/5396 3877/4143/5395
f 3878/4144/5397 3877/4143/5395 3692/3940/5396
f 3692/3940/5396 3693/3941/5398 3878/4144/5397
f 3879/4145/5399 3878/4144/5397 3693/3941/5398
f 3693/3941/5398 3694/3942/5400 3879/4145/5399
f 3837/4103/5386 3872/4138/5385 3880/4146/5401
f 3880/4146/5401 3838/4104/5402 3837/4103/5386
f 3839/4105/5403 3838/4104/5402 3880/4146/5401
f 3880/4146/5401 3881/4147/5404 3839/4105/5403
f 3840/4106/5405 3839/4105/5403 3881/4147/5404
f 3881/4147/5404 3882/4148/5406 3840/4106/5405
f 3841/4107/5407 3840/4106/5405 3882/4148/5406
f 3882/4148/5406 3883/4149/5408 3841/4107/5407
f 3842/4108/5409 3841/4107/5407 3883/4149/5408
f 3883/4149/5408 3884/4150/5410 3842/4108/5409
f 3843/4109/5411 3842/4108/5409 3884/4150/5410
f 3884/4150/5410 3885/4151/5412 3843/4109/5411
f 3844/4110/5413 3843/4109/5411 3885/4151/5412
f 3885/4151/5412 3886/4152/5414 3844/4110/5413
f 3845/4111/5415 3844/4110/5413 3886/4152/5414
f 3886/4152/5414 3887/4153/5416 3845/4111/5415
f 3694/3942/5400 3845/4111/5415 3887/4153/5416
f 3887/4153/5416 3879/4145/5399 3694/3942/5400
f 3695/3943/5136 3549/3777/4963 3697/3945/5138
f 3754/4011/5209 3730/3982/5175 3731/3983/5176
f 3620/3851/5038 3583/3814/5001 3579/3810/4997
f 3712/3963/5156 3660/3905/5087 3675/3964/5157
f 3660/3905/5087 3712/3963/5156 3658/3903/5085
f 3658/3903/5085 3657/3902/5084 3660/3905/5087
f 3677/3962/5155 3655/3900/5082 3712/3963/5156
f 3660/3905/5087 3625/3857/5043 3624/3856/5042
f 3511/3731/5417 3888/4154/5418 3889/4155/5419
f 3889/4155/5419 3513/3733/5420 3511/3731/5417
f 3371/3591/5421 3890/4156/5422 3891/4157/5423
f 3891/4157/5423 3372/3592/5424 3371/3591/5421
f 3388/3608/5425 3892/4158/5426 3893/4159/5427
f 3893/4159/5427 3387/3607/5428 3388/3608/5425
f 3375/3595/5429 3894/4160/5430 3890/4156/5422
f 3890/4156/5422 3371/3591/5421 3375/3595/5429
f 3389/3609/5431 3895/4161/5432 3894/4160/5430
f 3894/4160/5430 3375/3595/5429 3389/3609/5431
f 3392/3612/5433 3896/4162/5434 3897/4163/5435
f 3897/4163/5435 3393/3613/5436 3392/3612/5433
f 3410/3630/5437 3898/4164/5438 3899/4165/5439
f 3899/4165/5439 3409/3629/5440 3410/3630/5437
f 3396/3616/5441 3900/4166/5442 3896/4162/5434
f 3896/4162/5434 3392/3612/5433 3396/3616/5441
f 3411/3631/5443 3901/4167/5444 3900/4166/5442
f 3900/4166/5442 3396/3616/5441 3411/3631/5443
f 3413/3633/5445 3902/4168/5446 3901/4167/5444
f 3901/4167/5444 3411/3631/5443 3413/3633/5445
f 3414/3634/5447 3903/4169/5448 3902/4168/5446
f 3902/4168/5446 3413/3633/5445 3414/3634/5447
f 3409/3629/5440 3899/4165/5439 3903/4169/5448
f 3903/4169/5448 3414/3634/5447 3409/3629/5440
f 3416/3636/5449 3904/4170/5450 3905/4171/5451
f 3905/4171/5451 3417/3637/5452 3416/3636/5449
f 3437/3657/5453 3906/4172/5454 3907/4173/5455
f 3907/4173/5455 3436/3656/5456 3437/3657/5453
f 3420/3640/5457 3908/4174/5458 3904/4170/5450
f 3904/4170/5450 3416/3636/5449 3420/3640/5457
f 3438/3658/5459 3909/4175/5460 3908/4174/5458
f 3908/4174/5458 3420/3640/5457 3438/3658/5459
f 3440/3660/5461 3910/4176/5462 3909/4175/5460
f 3909/4175/5460 3438/3658/5459 3440/3660/5461
f 3442/3662/5463 3911/4177/5464 3910/4176/5462
f 3910/4176/5462 3440/3660/5461 3442/3662/5463
f 3444/3664/5465 3912/4178/5466 3913/4179/5467
f 3913/4179/5467 3445/3665/5468 3444/3664/5465
f 3447/3667/5469 3914/4180/5470 3912/4178/5466
f 3912/4178/5466 3444/3664/5465 3447/3667/5469
f 3465/3685/5471 3915/4181/5472 3916/4182/5473
f 3916/4182/5473 3468/3688/5474 3465/3685/5471
f 3468/3688/5474 3916/4182/5473 3917/4183/5475
f 3917/4183/5475 3472/3692/5476 3468/3688/5474
f 3472/3692/5476 3917/4183/5475 3918/4184/5477
f 3918/4184/5477 3476/3696/5478 3472/3692/5476
f 3476/3696/5478 3918/4184/5477 3898/4164/5438
f 3898/4164/5438 3410/3630/5437 3476/3696/5478
f 3393/3613/5436 3897/4163/5435 3919/4185/5479
f 3919/4185/5479 3485/3705/5480 3393/3613/5436
f 3485/3705/5480 3919/4185/5479 3920/4186/5481
f 3920/4186/5481 3489/3709/5482 3485/3705/5480
f 3489/3709/5482 3920/4186/5481 3921/4187/5483
f 3921/4187/5483 3493/3713/5484 3489/3709/5482
f 3510/3730/5485 3922/4188/5486 3888/4154/5418
f 3888/4154/5418 3511/3731/5417 3510/3730/5485
f 3372/3592/5424 3891/4157/5423 3922/4188/5486
f 3922/4188/5486 3510/3730/5485 3372/3592/5424
f 3390/3610/5487 3923/4189/5488 3895/4161/5432
f 3895/4161/5432 3389/3609/5431 3390/3610/5487
f 3387/3607/5428 3893/4159/5427 3923/4189/5488
f 3923/4189/5488 3390/3610/5487 3387/3607/5428
f 3519/3739/5489 3924/4190/5490 3892/4158/5426
f 3892/4158/5426 3388/3608/5425 3519/3739/5489
f 3520/3740/5491 3925/4191/5492 3924/4190/5490
f 3924/4190/5490 3519/3739/5489 3520/3740/5491
f 3493/3713/5484 3921/4187/5483 3925/4191/5492
f 3925/4191/5492 3520/3740/5491 3493/3713/5484
f 3467/3687/5493 3926/4192/5494 3915/4181/5472
f 3915/4181/5472 3465/3685/5471 3467/3687/5493
f 3521/3741/5495 3927/4193/5496 3926/4192/5494
f 3926/4192/5494 3467/3687/5493 3521/3741/5495
f 3417/3637/5452 3905/4171/5451 3927/4193/5496
f 3927/4193/5496 3521/3741/5495 3417/3637/5452
f 3436/3656/5456 3907/4173/5455 3928/4194/5497
f 3928/4194/5497 3443/3663/5498 3436/3656/5456
f 3443/3663/5498 3928/4194/5497 3911/4177/5464
f 3911/4177/5464 3442/3662/5463 3443/3663/5498
f 3445/3665/5468 3913/4179/5467 3906/4172/5454
f 3906/4172/5454 3437/3657/5453 3445/3665/5468
f 3556/4195/5499 3929/4196/5500 3930/4197/5501
f 3930/4197/5501 3557/3876/5502 3556/4195/5499
f 3560/4198/5503 3931/4199/5504 3929/4196/5500
f 3929/4196/5500 3556/4195/5499 3560/4198/5503
f 3578/4200/5505 3932/4201/5506 3931/4199/5504
f 3931/4199/5504 3560/4198/5503 3578/4200/5505
f 3586/4202/5507 3933/4203/5508 3932/4201/5506
f 3932/4201/5506 3578/4200/5505 3586/4202/5507
f 3588/4204/5509 3934/4205/5510 3933/4203/5508
f 3933/4203/5508 3586/4202/5507 3588/4204/5509
f 3598/4206/5016 3935/4207/5511 3934/4205/5510
f 3934/4205/5510 3588/4204/5509 3598/4206/5016
f 3600/4208/5018 3936/4209/5512 3935/4207/5511
f 3935/4207/5511 3598/4206/5016 3600/4208/5018
f 3600/4208/5018 3539/4210/5513 3936/4209/5512
f 3889/4155/5419 3936/4209/5512 3539/4210/5513
f 3539/4210/5513 3513/3733/5420 3889/4155/5419
f 3557/3876/5502 3930/4197/5501 3914/4180/5470
f 3914/4180/5470 3447/3667/5469 3557/3876/5502
f 3777/4036/5235 3775/4034/5232 3774/4033/5231
f 3774/4033/5231 3780/4039/5514 3777/4036/5235
f 3780/4039/5514 3774/4033/5231 3756/4013/5211
f 3756/4013/5211 3757/4014/5212 3780/4039/5514
f 3756/4013/5211 3755/4012/5210 3757/4014/5212
f 3539/3763/4946 3538/3762/4945 3513/4211/5515
f 3937/4212/5516 3938/4213/5517 3939/4214/5518
f 3940/4215/5519 3939/4214/5518 3938/4213/5517
f 3938/4213/5517 3941/4216/5520 3940/4215/5519
f 3942/4217/5521 3940/4215/5519 3941/4216/5520
f 3941/4216/5520 3943/4218/5522 3942/4217/5521
f 3944/4219/5523 3942/4217/5521 3943/4218/5522
f 3943/4218/5522 3945/4220/5524 3944/4219/5523
f 3946/4221/5525 3944/4219/5523 3945/4220/5524
f 3945/4220/5524 3947/4222/5526 3946/4221/5525
f 3948/4223/5527 3946/4221/5525 3947/4222/5526
f 3947/4222/5526 3949/4224/5528 3948/4223/5527
f 3950/4225/5529 3948/4223/5527 3949/4224/5528
f 3949/4224/5528 3951/4226/5530 3950/4225/5529
f 3952/4227/5531 3950/4225/5529 3951/4226/5530
f 3951/4226/5530 3953/4228/5532 3952/4227/5531
f 3954/4229/5533 3952/4227/5531 3953/4228/5532
f 3953/4228/5532 3955/4230/5534 3954/4229/5533
f 3956/4231/5535 3954/4229/5533 3955/4230/5534
f 3955/4230/5534 3957/4232/5536 3956/4231/5535
f 3958/4233/5537 3956/4231/5535 3957/4232/5536
f 3957/4232/5538 3959/4234/5539 3958/4233/5537
f 3960/4235/5540 3958/4233/5537 3959/4234/5539
f 3959/4234/5539 3961/4236/5541 3960/4235/5540
f 3962/4237/5542 3960/4235/5540 3961/4236/5543
f 3961/4236/5543 3963/4238/5544 3962/4237/5542
f 3964/4239/5545 3962/4237/5542 3963/4238/5544
f 3963/4238/5544 3965/4240/5546 3964/4239/5545
f 3966/4241/5547 3964/4239/5548 3965/4240/5549
f 3965/4240/5549 3967/4242/5550 3966/4241/5547
f 3968/4243/5551 3966/4241/5547 3967/4242/5550
f 3967/4242/5552 3969/4244/5553 3968/4243/5554
f 3970/4245/5555 3968/4243/5554 3969/4244/5553
f 3969/4244/5553 3971/4246/5556 3970/4245/5555
f 3972/4247/5557 3970/4245/5555 3971/4246/5556
f 3971/4246/5556 3937/4212/5516 3972/4247/5557
f 3939/4214/5518 3972/4247/5557 3937/4212/5516
f 3967/4242/5552 3965/4240/5546 3969/4244/5553
f 3971/4246/5556 3969/4244/5553 3937/4212/5516
f 3938/4213/5517 3937/4212/5516 3941/4216/5520
f 3937/4212/5516 3969/4244/5553 3941/4216/5520
f 3969/4244/5553 3965/4240/5546 3941/4216/5520
f 3943/4218/5522 3941/4216/5520 3945/4220/5524
f 3947/4222/5526 3945/4220/5524 3949/4224/5528
f 3945/4220/5524 3941/4216/5520 3949/4224/5528
f 3941/4216/5520 3965/4240/5546 3949/4224/5528
f 3951/4226/5530 3949/4224/5528 3953/4228/5532
f 3955/4230/5534 3953/4228/5532 3957/4232/5536
f 3953/4228/5532 3949/4224/5528 3957/4232/5536
f 3949/4224/5528 3965/4240/5546 3957/4232/5536
f 3959/4234/5558 3957/4232/5558 3961/4236/5558
f 3957/4232/5536 3965/4240/5546 3961/4236/5543
f 3961/4236/5543 3965/4240/5546 3963/4238/5544
f 3973/4248/5559 3974/4249/554 3975/4250/5560
f 3975/4250/5560 3974/4249/554 3976/4251/5561
f 3976/4251/5561 3974/4249/554 3977/4252/5562
f 3977/4252/5562 3974/4249/554 3978/4253/5563
f 3978/4253/5563 3974/4249/554 3979/4254/5564
f 3979/4254/5564 3974/4249/554 3980/4255/5565
f 3980/4255/5565 3974/4249/554 3981/4256/5566
f 3981/4256/5566 3974/4249/554 3982/4257/5567
f 3982/4257/5567 3974/4249/554 3983/4258/5568
f 3983/4258/5568 3974/4249/554 3984/4259/5569
f 3984/4259/5569 3974/4249/554 3985/4260/5570
f 3985/4260/5570 3974/4249/554 3986/4261/5571
f 3986/4261/5571 3974/4249/554 3987/4262/5572
f 3987/4262/5572 3974/4249/554 3988/4263/5573
f 3988/4263/5573 3974/4249/554 3989/4264/5574
f 3989/4264/5574 3974/4249/554 3990/4265/5575
f 3990/4265/5575 3974/4249/554 3991/4266/5576
f 3991/4266/5576 3974/4249/554 3992/4267/5577
f 3992/4267/5577 3974/4249/554 3993/4268/5578
f 3993/4268/5578 3974/4249/554 3994/4269/5579
f 3994/4269/5579 3974/4249/554 3995/4270/5580
f 3995/4270/5580 3974/4249/554 3996/4271/5581
f 3996/4271/5581 3974/4249/554 3997/4272/5582
f 3997/4272/5582 3974/4249/554 3973/4248/5559
f 3973/4248/5559 3975/4250/5560 3998/4273/5583
f 3998/4273/5583 3999/4274/5584 3973/4248/5559
f 3975/4250/5560 3976/4251/5561 4000/4275/5585
f 4000/4275/5585 3998/4273/5583 3975/4250/5560
f 3976/4251/5561 3977/4252/5562 4001/4276/5586
f 4001/4276/5586 4000/4275/5585 3976/4251/5561
f 3977/4252/5562 3978/4253/5563 4002/4277/5587
f 4002/4277/5587 4001/4276/5586 3977/4252/5562
f 3978/4253/5563 3979/4254/5564 4003/4278/5588
f 4003/4278/5588 4002/4277/5587 3978/4253/5563
f 3979/4254/5564 3980/4255/5565 4004/4279/5589
f 4004/4279/5589 4003/4278/5588 3979/4254/5564
f 3980/4255/5565 3981/4256/5566 4005/4280/5590
f 4005/4280/5590 4004/4279/5589 3980/4255/5565
f 3981/4256/5566 3982/4257/5567 4006/4281/5591
f 4006/4281/5591 4005/4280/5590 3981/4256/5566
f 3982/4257/5567 3983/4258/5568 4007/4282/5592
f 4007/4282/5592 4006/4281/5591 3982/4257/5567
f 3983/4258/5568 3984/4259/5569 4008/4283/5593
f 4008/4283/5593 4007/4282/5592 3983/4258/5568
f 3984/4259/5569 3985/4260/5570 4009/4284/5594
f 4009/4284/5594 4008/4283/5593 3984/4259/5569
f 3985/4260/5570 3986/4261/5571 4010/4285/5595
f 4010/4285/5595 4009/4284/5594 3985/4260/5570
f 3986/4261/5571 3987/4262/5572 4011/4286/5596
f 4011/4286/5596 4010/4285/5595 3986/4261/5571
f 3987/4262/5572 3988/4263/5573 4012/4287/5597
f 4012/4287/5597 4011/4286/5596 3987/4262/5572
f 3988/4263/5573 3989/4264/5574 4013/4288/5598
f 4013/4288/5598 4012/4287/5597 3988/4263/5573
f 3989/4264/5574 3990/4265/5575 4014/4289/5599
f 4014/4289/5599 4013/4288/5598 3989/4264/5574
f 3990/4265/5575 3991/4266/5576 4015/4290/5600
f 4015/4290/5600 4014/4289/5599 3990/4265/5575
f 3991/4266/5576 3992/4267/5577 4016/4291/5601
f 4016/4291/5601 4015/4290/5600 3991/4266/5576
f 3992/4267/5577 3993/4268/5578 4017/4292/5602
f 4017/4292/5602 4016/4291/5601 3992/4267/5577
f 3993/4268/5578 3994/4269/5579 4018/4293/5603
f 4018/4293/5603 4017/4292/5602 3993/4268/5578
f 3994/4269/5579 3995/4270/5580 4019/4294/5604
f 4019/4294/5604 4018/4293/5603 3994/4269/5579
f 3995/4270/5580 3996/4271/5581 4020/4295/5605
f 4020/4295/5605 4019/4294/5604 3995/4270/5580
f 3996/4271/5581 3997/4272/5582 4021/4296/5606
f 4021/4296/5606 4020/4295/5605 3996/4271/5581
f 3997/4272/5582 3973/4248/5559 3999/4274/5584
f 3999/4274/5584 4021/4296/5606 3997/4272/5582
f 3999/4274/5584 3998/4273/5583 4022/4297/5607
f 4022/4297/5607 4023/4298/5608 3999/4274/5584
f 3998/4273/5583 4000/4275/5585 4024/4299/5609
f 4024/4299/5609 4022/4297/5607 3998/4273/5583
f 4000/4275/5585 4001/4276/5586 4025/4300/5610
f 4025/4300/5610 4024/4299/5609 4000/4275/5585
f 4001/4276/5586 4002/4277/5587 4026/4301/5611
f 4026/4301/5611 4025/4300/5610 4001/4276/5586
f 4002/4277/5587 4003/4278/5588 4027/4302/5612
f 4027/4302/5612 4026/4301/5611 4002/4277/5587
f 4003/4278/5588 4004/4279/5589 4028/4303/5613
f 4028/4303/5613 4027/4302/5612 4003/4278/5588
f 4004/4279/5589 4005/4280/5590 4029/4304/5614
f 4029/4304/5614 4028/4303/5613 4004/4279/5589
f 4005/4280/5590 4006/4281/5591 4030/4305/5615
f 4030/4305/5615 4029/4304/5614 4005/4280/5590
f 4006/4281/5591 4007/4282/5592 4031/4306/5616
f 4031/4306/5616 4030/4305/5615 4006/4281/5591
f 4007/4282/5592 4008/4283/5593 4032/4307/5617
f 4032/4307/5617 4031/4306/5616 4007/4282/5592
f 4008/4283/5593 4009/4284/5594 4033/4308/5618
f 4033/4308/5618 4032/4307/5617 4008/4283/5593
f 4009/4284/5594 4010/4285/5595 4034/4309/5619
f 4034/4309/5619 4033/4308/5618 4009/4284/5594
f 4010/4285/5595 4011/4286/5596 4035/4310/5620
f 4035/4310/5620 4034/4309/5619 4010/4285/5595
f 4011/4286/5596 4012/4287/5597 4036/4311/5621
f 4036/4311/5621 4035/4310/5620 4011/4286/5596
f 4012/4287/5597 4013/4288/5598 4037/4312/5622
f 4037/4312/5622 4036/4311/5621 4012/4287/5597
f 4013/4288/5598 4014/4289/5599 4038/4313/5623
f 4038/4313/5623 4037/4312/5622 4013/4288/5598
f 4014/4289/5599 4015/4290/5600 4039/4314/5624
f 4039/4314/5624 4038/4313/5623 4014/4289/5599
f 4015/4290/5600 4016/4291/5601 4040/4315/5625
f 4040/4315/5625 4039/4314/5624 4015/4290/5600
f 4016/4291/5601 4017/4292/5602 4041/4316/5626
f 4041/4316/5626 4040/4315/5625 4016/4291/5601
f 4017/4292/5602 4018/4293/5603 4042/4317/5627
f 4042/4317/5627 4041/4316/5626 4017/4292/5602
f 4018/4293/5603 4019/4294/5604 4043/4318/5628
f 4043/4318/5628 4042/4317/5627 4018/4293/5603
f 4019/4294/5604 4020/4295/5605 4044/4319/5629
f 4044/4319/5629 4043/4318/5628 4019/4294/5604
f 4020/4295/5605 4021/4296/5606 4045/4320/5630
f 4045/4320/5630 4044/4319/5629 4020/4295/5605
f 4021/4296/5606 3999/4274/5584 4023/4298/5608
f 4023/4298/5608 4045/4320/5630 4021/4296/5606
f 4023/4298/5608 4022/4297/5607 4046/4321/5631
f 4046/4321/5631 4047/4322/5632 4023/4298/5608
f 4022/4297/5607 4024/4299/5609 4048/4323/5633
f 4048/4323/5633 4046/4321/5631 4022/4297/5607
f 4024/4299/5609 4025/4300/5610 4049/4324/5634
f 4049/4324/5634 4048/4323/5633 4024/4299/5609
f 4025/4300/5610 4026/4301/5611 4050/4325/5635
f 4050/4325/5635 4049/4324/5634 4025/4300/5610
f 4026/4301/5611 4027/4302/5612 4051/4326/5636
f 4051/4326/5636 4050/4325/5635 4026/4301/5611
f 4027/4302/5612 4028/4303/5613 4052/4327/5637
f 4052/4327/5637 4051/4326/5636 4027/4302/5612
f 4028/4303/5613 4029/4304/5614 4053/4328/5638
f 4053/4328/5638 4052/4327/5637 4028/4303/5613
f 4029/4304/5614 4030/4305/5615 4054/4329/5639
f 4054/4329/5639 4053/4328/5638 4029/4304/5614
f 4030/4305/5615 4031/4306/5616 4055/4330/5640
f 4055/4330/5640 4054/4329/5639 4030/4305/5615
f 4031/4306/5616 4032/4307/5617 4056/4331/5641
f 4056/4331/5641 4055/4330/5640 4031/4306/5616
f 4032/4307/5617 4033/4308/5618 4057/4332/5642
f 4057/4332/5642 4056/4331/5641 4032/4307/5617
f 4033/4308/5618 4034/4309/5619 4058/4333/5643
f 4058/4333/5643 4057/4332/5642 4033/4308/5618
f 4034/4309/5619 4035/4310/5620 4059/4334/5644
f 4059/4334/5644 4058/4333/5643 4034/4309/5619
f 4035/4310/5620 4036/4311/5621 4060/4335/5645
f 4060/4335/5645 4059/4334/5644 4035/4310/5620
f 4036/4311/5621 4037/4312/5622 4061/4336/5646
f 4061/4336/5646 4060/4335/5645 4036/4311/5621
f 4037/4312/5622 4038/4313/5623 4062/4337/5647
f 4062/4337/5647 4061/4336/5646 4037/4312/5622
f 4038/4313/5623 4039/4314/5624 4063/4338/5648
f 4063/4338/5648 4062/4337/5647 4038/4313/5623
f 4039/4314/5624 4040/4315/5625 4064/4339/5649
f 4064/4339/5649 4063/4338/5648 4039/4314/5624
f 4040/4315/5625 4041/4316/5626 4065/4340/5650
f 4065/4340/5650 4064/4339/5649 4040/4315/5625
f 4041/4316/5626 4042/4317/5627 4066/4341/5651
f 4066/4341/5651 4065/4340/5650 4041/4316/5626
f 4042/4317/5627 4043/4318/5628 4067/4342/5652
f 4067/4342/5652 4066/4341/5651 4042/4317/5627
f 4043/4318/5628 4044/4319/5629 4068/4343/5653
f 4068/4343/5653 4067/4342/5652 4043/4318/5628
f 4044/4319/5629 4045/4320/5630 4069/4344/5654
f 4069/4344/5654 4068/4343/5653 4044/4319/5629
f 4045/4320/5630 4023/4298/5608 4047/4322/5632
f 4047/4322/5632 4069/4344/5654 4045/4320/5630
f 4047/4322/5632 4046/4321/5631 4070/4345/5655
f 4070/4345/5655 4071/4346/3967 4047/4322/5632
f 4046/4321/5631 4048/4323/5633 4072/4347/3999
f 4072/4347/3999 4070/4345/5655 4046/4321/5631
f 4048/4323/5633 4049/4324/5634 4073/4348/5656
f 4073/4348/5656 4072/4347/3999 4048/4323/5633
f 4049/4324/5634 4050/4325/5635 4074/4349/3996
f 4074/4349/3996 4073/4348/5656 4049/4324/5634
f 4050/4325/5635 4051/4326/5636 4075/4350/5657
f 4075/4350/5657 4074/4349/3996 4050/4325/5635
f 4051/4326/5636 4052/4327/5637 4076/4351/5658
f 4076/4351/5658 4075/4350/5657 4051/4326/5636
f 4052/4327/5637 4053/4328/5638 4077/4352/5659
f 4077/4352/5659 4076/4351/5658 4052/4327/5637
f 4053/4328/5638 4054/4329/5639 4078/4353/5660
f 4078/4353/5660 4077/4352/5659 4053/4328/5638
f 4054/4329/5639 4055/4330/5640 4079/4354/5661
f 4079/4354/5661 4078/4353/5660 4054/4329/5639
f 4055/4330/5640 4056/4331/5641 4080/4355/5662
f 4080/4355/5662 4079/4354/5661 4055/4330/5640
f 4056/4331/5641 4057/4332/5642 4081/4356/5663
f 4081/4356/5663 4080/4355/5662 4056/4331/5641
f 4057/4332/5642 4058/4333/5643 4082/4357/5664
f 4082/4357/5664 4081/4356/5663 4057/4332/5642
f 4058/4333/5643 4059/4334/5644 4083/4358/5665
f 4083/4358/5665 4082/4357/5664 4058/4333/5643
f 4059/4334/5644 4060/4335/5645 4084/4359/5666
f 4084/4359/5666 4083/4358/5665 4059/4334/5644
f 4060/4335/5645 4061/4336/5646 4085/4360/5667
f 4085/4360/5667 4084/4359/5666 4060/4335/5645
f 4061/4336/5646 4062/4337/5647 4086/4361/5668
f 4086/4361/5668 4085/4360/5667 4061/4336/5646
f 4062/4337/5647 4063/4338/5648 4087/4362/5669
f 4087/4362/5669 4086/4361/5668 4062/4337/5647
f 4063/4338/5648 4064/4339/5649 4088/4363/5670
f 4088/4363/5670 4087/4362/5669 4063/4338/5648
f 4064/4339/5649 4065/4340/5650 4089/4364/5671
f 4089/4364/5671 4088/4363/5670 4064/4339/5649
f 4065/4340/5650 4066/4341/5651 4090/4365/5672
f 4090/4365/5672 4089/4364/5671 4065/4340/5650
f 4066/4341/5651 4067/4342/5652 4091/4366/5673
f 4091/4366/5673 4090/4365/5672 4066/4341/5651
f 4067/4342/5652 4068/4343/5653 4092/4367/3970
f 4092/4367/3970 4091/4366/5673 4067/4342/5652
f 4068/4343/5653 4069/4344/5654 4093/4368/5674
f 4093/4368/5674 4092/4367/3970 4068/4343/5653
f 4069/4344/5654 4047/4322/5632 4071/4346/3967
f 4071/4346/3967 4093/4368/5674 4069/4344/5654
f 4094/4369/5559 4095/4370/554 4096/4371/5560
f 4096/4371/5560 4095/4370/554 4097/4372/5561
f 4097/4372/5561 4095/4370/554 4098/4373/5562
f 4098/4373/5562 4095/4370/554 4099/4374/5675
f 4099/4374/5675 4095/4370/554 4100/4375/5564
f 4100/4375/5564 4095/4370/554 4101/4376/5565
f 4101/4376/5565 4095/4370/554 4102/4377/5566
f 4102/4377/5566 4095/4370/554 4103/4378/5567
f 4103/4378/5567 4095/4370/554 4104/4379/5568
f 4104/4379/5568 4095/4370/554 4105/4380/5569
f 4105/4380/5569 4095/4370/554 4106/4381/5570
f 4106/4381/5570 4095/4370/554 4107/4382/5571
f 4107/4382/5571 4095/4370/554 4108/4383/5572
f 4108/4383/5572 4095/4370/554 4109/4384/5573
f 4109/4384/5573 4095/4370/554 4110/4385/5574
f 4110/4385/5574 4095/4370/554 4111/4386/5676
f 4111/4386/5676 4095/4370/554 4112/4387/5576
f 4112/4387/5576 4095/4370/554 4113/4388/5577
f 4113/4388/5577 4095/4370/554 4114/4389/5578
f 4114/4389/5578 4095/4370/554 4115/4390/5579
f 4115/4390/5579 4095/4370/554 4116/4391/5580
f 4116/4391/5580 4095/4370/554 4117/4392/5581
f 4117/4392/5581 4095/4370/554 4118/4393/5582
f 4118/4393/5582 4095/4370/554 4094/4369/5559
f 4094/4369/5559 4096/4371/5560 4119/4394/5583
f 4119/4394/5583 4120/4395/5584 4094/4369/5559
f 4096/4371/5560 4097/4372/5561 4121/4396/5585
f 4121/4396/5585 4119/4394/5583 4096/4371/5560
f 4097/4372/5561 4098/4373/5562 4122/4397/5586
f 4122/4397/5586 4121/4396/5585 4097/4372/5561
f 4098/4373/5562 4099/4374/5675 4123/4398/5677
f 4123/4398/5677 4122/4397/5586 4098/4373/5562
f 4099/4374/5675 4100/4375/5564 4124/4399/5588
f 4124/4399/5588 4123/4398/5677 4099/4374/5675
f 4100/4375/5564 4101/4376/5565 4125/4400/5589
f 4125/4400/5589 4124/4399/5588 4100/4375/5564
f 4101/4376/5565 4102/4377/5566 4126/4401/5590
f 4126/4401/5590 4125/4400/5589 4101/4376/5565
f 4102/4377/5566 4103/4378/5567 4127/4402/5591
f 4127/4402/5591 4126/4401/5590 4102/4377/5566
f 4103/4378/5567 4104/4379/5568 4128/4403/5592
f 4128/4403/5592 4127/4402/5591 4103/4378/5567
f 4104/4379/5568 4105/4380/5569 4129/4404/5593
f 4129/4404/5593 4128/4403/5592 4104/4379/5568
f 4105/4380/5569 4106/4381/5570 4130/4405/5594
f 4130/4405/5594 4129/4404/5593 4105/4380/5569
f 4106/4381/5570 4107/4382/5571 4131/4406/5595
f 4131/4406/5595 4130/4405/5594 4106/4381/5570
f 4107/4382/5571 4108/4383/5572 4132/4407/5596
f 4132/4407/5596 4131/4406/5595 4107/4382/5571
f 4108/4383/5572 4109/4384/5573 4133/4408/5597
f 4133/4408/5597 4132/4407/5596 4108/4383/5572
f 4109/4384/5573 4110/4385/5574 4134/4409/5598
f 4134/4409/5598 4133/4408/5597 4109/4384/5573
f 4110/4385/5574 4111/4386/5676 4135/4410/5599
f 4135/4410/5599 4134/4409/5598 4110/4385/5574
f 4111/4386/5676 4112/4387/5576 4136/4411/5600
f 4136/4411/5600 4135/4410/5599 4111/4386/5676
f 4112/4387/5576 4113/4388/5577 4137/4412/5601
f 4137/4412/5601 4136/4411/5600 4112/4387/5576
f 4113/4388/5577 4114/4389/5578 4138/4413/5602
f 4138/4413/5602 4137/4412/5601 4113/4388/5577
f 4114/4389/5578 4115/4390/5579 4139/4414/5603
f 4139/4414/5603 4138/4413/5602 4114/4389/5578
f 4115/4390/5579 4116/4391/5580 4140/4415/5678
f 4140/4415/5678 4139/4414/5603 4115/4390/5579
f 4116/4391/5580 4117/4392/5581 4141/4416/5605
f 4141/4416/5605 4140/4415/5678 4116/4391/5580
f 4117/4392/5581 4118/4393/5582 4142/4417/5606
f 4142/4417/5606 4141/4416/5605 4117/4392/5581
f 4118/4393/5582 4094/4369/5559 4120/4395/5584
f 4120/4395/5584 4142/4417/5606 4118/4393/5582
f 4120/4395/5584 4119/4394/5583 4143/4418/5607
f 4143/4418/5607 4144/4419/5608 4120/4395/5584
f 4119/4394/5583 4121/4396/5585 4145/4420/5609
f 4145/4420/5609 4143/4418/5607 4119/4394/5583
f 4121/4396/5585 4122/4397/5586 4146/4421/5610
f 4146/4421/5610 4145/4420/5609 4121/4396/5585
f 4122/4397/5586 4123/4398/5677 4147/4422/5611
f 4147/4422/5611 4146/4421/5610 4122/4397/5586
f 4123/4398/5677 4124/4399/5588 4148/4423/5612
f 4148/4423/5612 4147/4422/5611 4123/4398/5677
f 4124/4399/5588 4125/4400/5589 4149/4424/5613
f 4149/4424/5613 4148/4423/5612 4124/4399/5588
f 4125/4400/5589 4126/4401/5590 4150/4425/5614
f 4150/4425/5614 4149/4424/5613 4125/4400/5589
f 4126/4401/5590 4127/4402/5591 4151/4426/5615
f 4151/4426/5615 4150/4425/5614 4126/4401/5590
f 4127/4402/5591 4128/4403/5592 4152/4427/5616
f 4152/4427/5616 4151/4426/5615 4127/4402/5591
f 4128/4403/5592 4129/4404/5593 4153/4428/5617
f 4153/4428/5617 4152/4427/5616 4128/4403/5592
f 4129/4404/5593 4130/4405/5594 4154/4429/5679
f 4154/4429/5679 4153/4428/5617 4129/4404/5593
f 4130/4405/5594 4131/4406/5595 4155/4430/5619
f 4155/4430/5619 4154/4429/5679 4130/4405/5594
f 4131/4406/5595 4132/4407/5596 4156/4431/5680
f 4156/4431/5680 4155/4430/5619 4131/4406/5595
f 4132/4407/5596 4133/4408/5597 4157/4432/5621
f 4157/4432/5621 4156/4431/5680 4132/4407/5596
f 4133/4408/5597 4134/4409/5598 4158/4433/5622
f 4158/4433/5622 4157/4432/5621 4133/4408/5597
f 4134/4409/5598 4135/4410/5599 4159/4434/5623
f 4159/4434/5623 4158/4433/5622 4134/4409/5598
f 4135/4410/5599 4136/4411/5600 4160/4435/5624
f 4160/4435/5624 4159/4434/5623 4135/4410/5599
f 4136/4411/5600 4137/4412/5601 4161/4436/5681
f 4161/4436/5681 4160/4435/5624 4136/4411/5600
f 4137/4412/5601 4138/4413/5602 4162/4437/5626
f 4162/4437/5626 4161/4436/5681 4137/4412/5601
f 4138/4413/5602 4139/4414/5603 4163/4438/5627
f 4163/4438/5627 4162/4437/5626 4138/4413/5602
f 4139/4414/5603 4140/4415/5678 4164/4439/5628
f 4164/4439/5628 4163/4438/5627 4139/4414/5603
f 4140/4415/5678 4141/4416/5605 4165/4440/5629
f 4165/4440/5629 4164/4439/5628 4140/4415/5678
f 4141/4416/5605 4142/4417/5606 4166/4441/5630
f 4166/4441/5630 4165/4440/5629 4141/4416/5605
f 4142/4417/5606 4120/4395/5584 4144/4419/5608
f 4144/4419/5608 4166/4441/5630 4142/4417/5606
f 4144/4419/5608 4143/4418/5607 4167/4442/5631
f 4167/4442/5631 4168/4443/5632 4144/4419/5608
f 4143/4418/5607 4145/4420/5609 4169/4444/5633
f 4169/4444/5633 4167/4442/5631 4143/4418/5607
f 4145/4420/5609 4146/4421/5610 4170/4445/5634
f 4170/4445/5634 4169/4444/5633 4145/4420/5609
f 4146/4421/5610 4147/4422/5611 4171/4446/5635
f 4171/4446/5635 4170/4445/5634 4146/4421/5610
f 4147/4422/5611 4148/4423/5612 4172/4447/5636
f 4172/4447/5636 4171/4446/5635 4147/4422/5611
f 4148/4423/5612 4149/4424/5613 4173/4448/5637
f 4173/4448/5637 4172/4447/5636 4148/4423/5612
f 4149/4424/5613 4150/4425/5614 4174/4449/5638
f 4174/4449/5638 4173/4448/5637 4149/4424/5613
f 4150/4425/5614 4151/4426/5615 4175/4450/5639
f 4175/4450/5639 4174/4449/5638 4150/4425/5614
f 4151/4426/5615 4152/4427/5616 4176/4451/5640
f 4176/4451/5640 4175/4450/5639 4151/4426/5615
f 4152/4427/5616 4153/4428/5617 4177/4452/5641
f 4177/4452/5641 4176/4451/5640 4152/4427/5616
f 4153/4428/5617 4154/4429/5679 4178/4453/5642
f 4178/4453/5642 4177/4452/5641 4153/4428/5617
f 4154/4429/5679 4155/4430/5619 4179/4454/5643
f 4179/4454/5643 4178/4453/5642 4154/4429/5679
f 4155/4430/5619 4156/4431/5680 4180/4455/5644
f 4180/4455/5644 4179/4454/5643 4155/4430/5619
f 4156/4431/5680 4157/4432/5621 4181/4456/5682
f 4181/4456/5682 4180/4455/5644 4156/4431/5680
f 4157/4432/5621 4158/4433/5622 4182/4457/5646
f 4182/4457/5646 4181/4456/5682 4157/4432/5621
f 4158/4433/5622 4159/4434/5623 4183/4458/5647
f 4183/4458/5647 4182/4457/5646 4158/4433/5622
f 4159/4434/5623 4160/4435/5624 4184/4459/5648
f 4184/4459/5648 4183/4458/5647 4159/4434/5623
f 4160/4435/5624 4161/4436/5681 4185/4460/5683
f 4185/4460/5683 4184/4459/5648 4160/4435/5624
f 4161/4436/5681 4162/4437/5626 4186/4461/5650
f 4186/4461/5650 4185/4460/5683 4161/4436/5681
f 4162/4437/5626 4163/4438/5627 4187/4462/5651
f 4187/4462/5651 4186/4461/5650 4162/4437/5626
f 4163/4438/5627 4164/4439/5628 4188/4463/5652
f 4188/4463/5652 4187/4462/5651 4163/4438/5627
f 4164/4439/5628 4165/4440/5629 4189/4464/5653
f 4189/4464/5653 4188/4463/5652 4164/4439/5628
f 4165/4440/5629 4166/4441/5630 4190/4465/5684
f 4190/4465/5684 4189/4464/5653 4165/4440/5629
f 4166/4441/5630 4144/4419/5608 4168/4443/5632
f 4168/4443/5632 4190/4465/5684 4166/4441/5630
f 4168/4443/5632 4167/4442/5631 4191/4466/5655
f 4191/4466/5655 4192/4467/3967 4168/4443/5632
f 4167/4442/5631 4169/4444/5633 4193/4468/3999
f 4193/4468/3999 4191/4466/5655 4167/4442/5631
f 4169/4444/5633 4170/4445/5634 4194/4469/5656
f 4194/4469/5656 4193/4468/3999 4169/4444/5633
f 4170/4445/5634 4171/4446/5635 4195/4470/3996
f 4195/4470/3996 4194/4469/5656 4170/4445/5634
f 4171/4446/5635 4172/4447/5636 4196/4471/5657
f 4196/4471/5657 4195/4470/3996 4171/4446/5635
f 4172/4447/5636 4173/4448/5637 4197/4472/5658
f 4197/4472/5658 4196/4471/5657 4172/4447/5636
f 4173/4448/5637 4174/4449/5638 4198/4473/5659
f 4198/4473/5659 4197/4472/5658 4173/4448/5637
f 4174/4449/5638 4175/4450/5639 4199/4474/5685
f 4199/4474/5685 4198/4473/5659 4174/4449/5638
f 4175/4450/5639 4176/4451/5640 4200/4475/5661
f 4200/4475/5661 4199/4474/5685 4175/4450/5639
f 4176/4451/5640 4177/4452/5641 4201/4476/5662
f 4201/4476/5662 4200/4475/5661 4176/4451/5640
f 4177/4452/5641 4178/4453/5642 4202/4477/5663
f 4202/4477/5663 4201/4476/5662 4177/4452/5641
f 4178/4453/5642 4179/4454/5643 4203/4478/5664
f 4203/4478/5664 4202/4477/5663 4178/4453/5642
f 4179/4454/5643 4180/4455/5644 4204/4479/5665
f 4204/4479/5665 4203/4478/5664 4179/4454/5643
f 4180/4455/5644 4181/4456/5682 4205/4480/5666
f 4205/4480/5666 4204/4479/5665 4180/4455/5644
f 4181/4456/5682 4182/4457/5646 4206/4481/5667
f 4206/4481/5667 4205/4480/5666 4181/4456/5682
f 4182/4457/5646 4183/4458/5647 4207/4482/5668
f 4207/4482/5668 4206/4481/5667 4182/4457/5646
f 4183/4458/5647 4184/4459/5648 4208/4483/5669
f 4208/4483/5669 4207/4482/5668 4183/4458/5647
f 4184/4459/5648 4185/4460/5683 4209/4484/5670
f 4209/4484/5670 4208/4483/5669 4184/4459/5648
f 4185/4460/5683 4186/4461/5650 4210/4485/5686
f 4210/4485/5686 4209/4484/5670 4185/4460/5683
f 4186/4461/5650 4187/4462/5651 4211/4486/5687
f 4211/4486/5687 4210/4485/5686 4186/4461/5650
f 4187/4462/5651 4188/4463/5652 4212/4487/5673
f 4212/4487/5673 4211/4486/5687 4187/4462/5651
f 4188/4463/5652 4189/4464/5653 4213/4488/3970
f 4213/4488/3970 4212/4487/5673 4188/4463/5652
f 4189/4464/5653 4190/4465/5684 4214/4489/5674
f 4214/4489/5674 4213/4488/3970 4189/4464/5653
f 4190/4465/5684 4168/4443/5632 4192/4467/3967
f 4192/4467/3967 4214/4489/5674 4190/4465/5684
f 4215/4490/5688 4216/4491/554 4217/4492/5689
f 4217/4492/5689 4216/4491/554 4218/4493/5690
f 4218/4493/5690 4216/4491/554 4219/4494/5691
f 4219/4494/5691 4216/4491/554 4220/4495/5692
f 4220/4495/5692 4216/4491/554 4221/4496/5693
f 4221/4496/5693 4216/4491/554 4222/4497/5694
f 4222/4497/5694 4216/4491/554 4223/4498/5695
f 4223/4498/5695 4216/4491/554 4224/4499/5696
f 4224/4499/5696 4216/4491/554 4225/4500/5697
f 4225/4500/5697 4216/4491/554 4226/4501/5698
f 4226/4501/5698 4216/4491/554 4227/4502/5699
f 4227/4502/5699 4216/4491/554 4228/4503/5700
f 4228/4503/5700 4216/4491/554 4229/4504/5701
f 4229/4504/5701 4216/4491/554 4230/4505/5702
f 4230/4505/5702 4216/4491/554 4231/4506/5703
f 4231/4506/5703 4216/4491/554 4232/4507/5704
f 4232/4507/5704 4216/4491/554 4233/4508/5705
f 4233/4508/5705 4216/4491/554 4234/4509/5706
f 4234/4509/5706 4216/4491/554 4235/4510/5707
f 4235/4510/5707 4216/4491/554 4236/4511/5708
f 4236/4511/5708 4216/4491/554 4237/4512/5709
f 4237/4512/5709 4216/4491/554 4238/4513/5710
f 4238/4513/5710 4216/4491/554 4239/4514/5711
f 4239/4514/5711 4216/4491/554 4215/4490/5688
f 4215/4490/5688 4217/4492/5689 4240/4515/5712
f 4240/4515/5712 4241/4516/5713 4215/4490/5688
f 4217/4492/5689 4218/4493/5690 4242/4517/5714
f 4242/4517/5714 4240/4515/5712 4217/4492/5689
f 4218/4493/5690 4219/4494/5691 4243/4518/5715
f 4243/4518/5715 4242/4517/5714 4218/4493/5690
f 4219/4494/5691 4220/4495/5692 4244/4519/5716
f 4244/4519/5716 4243/4518/5715 4219/4494/5691
f 4220/4495/5692 4221/4496/5693 4245/4520/5717
f 4245/4520/5717 4244/4519/5716 4220/4495/5692
f 4221/4496/5693 4222/4497/5694 4246/4521/5718
f 4246/4521/5718 4245/4520/5717 4221/4496/5693
f 4222/4497/5694 4223/4498/5695 4247/4522/5719
f 4247/4522/5719 4246/4521/5718 4222/4497/5694
f 4223/4498/5695 4224/4499/5696 4248/4523/5720
f 4248/4523/5720 4247/4522/5719 4223/4498/5695
f 4224/4499/5696 4225/4500/5697 4249/4524/5721
f 4249/4524/5721 4248/4523/5720 4224/4499/5696
f 4225/4500/5697 4226/4501/5698 4250/4525/5722
f 4250/4525/5722 4249/4524/5721 4225/4500/5697
f 4226/4501/5698 4227/4502/5699 4251/4526/5723
f 4251/4526/5723 4250/4525/5722 4226/4501/5698
f 4227/4502/5699 4228/4503/5700 4252/4527/5724
f 4252/4527/5724 4251/4526/5723 4227/4502/5699
f 4228/4503/5700 4229/4504/5701 4253/4528/5725
f 4253/4528/5725 4252/4527/5724 4228/4503/5700
f 4229/4504/5701 4230/4505/5702 4254/4529/5726
f 4254/4529/5726 4253/4528/5725 4229/4504/5701
f 4230/4505/5702 4231/4506/5703 4255/4530/5727
f 4255/4530/5727 4254/4529/5726 4230/4505/5702
f 4231/4506/5703 4232/4507/5704 4256/4531/5728
f 4256/4531/5728 4255/4530/5727 4231/4506/5703
f 4232/4507/5704 4233/4508/5705 4257/4532/5729
f 4257/4532/5729 4256/4531/5728 4232/4507/5704
f 4233/4508/5705 4234/4509/5706 4258/4533/5730
f 4258/4533/5730 4257/4532/5729 4233/4508/5705
f 4234/4509/5706 4235/4510/5707 4259/4534/5731
f 4259/4534/5731 4258/4533/5730 4234/4509/5706
f 4235/4510/5707 4236/4511/5708 4260/4535/5732
f 4260/4535/5732 4259/4534/5731 4235/4510/5707
f 4236/4511/5708 4237/4512/5709 4261/4536/5733
f 4261/4536/5733 4260/4535/5732 4236/4511/5708
f 4237/4512/5709 4238/4513/5710 4262/4537/5734
f 4262/4537/5734 4261/4536/5733 4237/4512/5709
f 4238/4513/5710 4239/4514/5711 4263/4538/5735
f 4263/4538/5735 4262/4537/5734 4238/4513/5710
f 4239/4514/5711 4215/4490/5688 4241/4516/5713
f 4241/4516/5713 4263/4538/5735 4239/4514/5711
f 4241/4516/5713 4240/4515/5712 4264/4539/5607
f 4264/4539/5607 4265/4540/5736 4241/4516/5713
f 4240/4515/5712 4242/4517/5714 4266/4541/5609
f 4266/4541/5609 4264/4539/5607 4240/4515/5712
f 4242/4517/5714 4243/4518/5715 4267/4542/5610
f 4267/4542/5610 4266/4541/5609 4242/4517/5714
f 4243/4518/5715 4244/4519/5716 4268/4543/5611
f 4268/4543/5611 4267/4542/5610 4243/4518/5715
f 4244/4519/5716 4245/4520/5717 4269/4544/5612
f 4269/4544/5612 4268/4543/5611 4244/4519/5716
f 4245/4520/5717 4246/4521/5718 4270/4545/5613
f 4270/4545/5613 4269/4544/5612 4245/4520/5717
f 4246/4521/5718 4247/4522/5719 4271/4546/5614
f 4271/4546/5614 4270/4545/5613 4246/4521/5718
f 4247/4522/5719 4248/4523/5720 4272/4547/5615
f 4272/4547/5615 4271/4546/5614 4247/4522/5719
f 4248/4523/5720 4249/4524/5721 4273/4548/5616
f 4273/4548/5616 4272/4547/5615 4248/4523/5720
f 4249/4524/5721 4250/4525/5722 4274/4549/5617
f 4274/4549/5617 4273/4548/5616 4249/4524/5721
f 4250/4525/5722 4251/4526/5723 4275/4550/5679
f 4275/4550/5679 4274/4549/5617 4250/4525/5722
f 4251/4526/5723 4252/4527/5724 4276/4551/5619
f 4276/4551/5619 4275/4550/5679 4251/4526/5723
f 4252/4527/5724 4253/4528/5725 4277/4552/5620
f 4277/4552/5620 4276/4551/5619 4252/4527/5724
f 4253/4528/5725 4254/4529/5726 4278/4553/5621
f 4278/4553/5621 4277/4552/5620 4253/4528/5725
f 4254/4529/5726 4255/4530/5727 4279/4554/5622
f 4279/4554/5622 4278/4553/5621 4254/4529/5726
f 4255/4530/5727 4256/4531/5728 4280/4555/5623
f 4280/4555/5623 4279/4554/5622 4255/4530/5727
f 4256/4531/5728 4257/4532/5729 4281/4556/5737
f 4281/4556/5737 4280/4555/5623 4256/4531/5728
f 4257/4532/5729 4258/4533/5730 4282/4557/5738
f 4282/4557/5738 4281/4556/5737 4257/4532/5729
f 4258/4533/5730 4259/4534/5731 4283/4558/5626
f 4283/4558/5626 4282/4557/5738 4258/4533/5730
f 4259/4534/5731 4260/4535/5732 4284/4559/5627
f 4284/4559/5627 4283/4558/5626 4259/4534/5731
f 4260/4535/5732 4261/4536/5733 4285/4560/5739
f 4285/4560/5739 4284/4559/5627 4260/4535/5732
f 4261/4536/5733 4262/4537/5734 4286/4561/5629
f 4286/4561/5629 4285/4560/5739 4261/4536/5733
f 4262/4537/5734 4263/4538/5735 4287/4562/5630
f 4287/4562/5630 4286/4561/5629 4262/4537/5734
f 4263/4538/5735 4241/4516/5713 4265/4540/5736
f 4265/4540/5736 4287/4562/5630 4263/4538/5735
f 4265/4540/5736 4264/4539/5607 4288/4563/5631
f 4288/4563/5631 4289/4564/5632 4265/4540/5736
f 4264/4539/5607 4266/4541/5609 4290/4565/5633
f 4290/4565/5633 4288/4563/5631 4264/4539/5607
f 4266/4541/5609 4267/4542/5610 4291/4566/5634
f 4291/4566/5634 4290/4565/5633 4266/4541/5609
f 4267/4542/5610 4268/4543/5611 4292/4567/5635
f 4292/4567/5635 4291/4566/5634 4267/4542/5610
f 4268/4543/5611 4269/4544/5612 4293/4568/5636
f 4293/4568/5636 4292/4567/5635 4268/4543/5611
f 4269/4544/5612 4270/4545/5613 4294/4569/5637
f 4294/4569/5637 4293/4568/5636 4269/4544/5612
f 4270/4545/5613 4271/4546/5614 4295/4570/5638
f 4295/4570/5638 4294/4569/5637 4270/4545/5613
f 4271/4546/5614 4272/4547/5615 4296/4571/5639
f 4296/4571/5639 4295/4570/5638 4271/4546/5614
f 4272/4547/5615 4273/4548/5616 4297/4572/5640
f 4297/4572/5640 4296/4571/5639 4272/4547/5615
f 4273/4548/5616 4274/4549/5617 4298/4573/5641
f 4298/4573/5641 4297/4572/5640 4273/4548/5616
f 4274/4549/5617 4275/4550/5679 4299/4574/5642
f 4299/4574/5642 4298/4573/5641 4274/4549/5617
f 4275/4550/5679 4276/4551/5619 4300/4575/5643
f 4300/4575/5643 4299/4574/5642 4275/4550/5679
f 4276/4551/5619 4277/4552/5620 4301/4576/5644
f 4301/4576/5644 4300/4575/5643 4276/4551/5619
f 4277/4552/5620 4278/4553/5621 4302/4577/5682
f 4302/4577/5682 4301/4576/5644 4277/4552/5620
f 4278/4553/5621 4279/4554/5622 4303/4578/5646
f 4303/4578/5646 4302/4577/5682 4278/4553/5621
f 4279/4554/5622 4280/4555/5623 4304/4579/5647
f 4304/4579/5647 4303/4578/5646 4279/4554/5622
f 4280/4555/5623 4281/4556/5737 4305/4580/5648
f 4305/4580/5648 4304/4579/5647 4280/4555/5623
f 4281/4556/5737 4282/4557/5738 4306/4581/5683
f 4306/4581/5683 4305/4580/5648 4281/4556/5737
f 4282/4557/5738 4283/4558/5626 4307/4582/5650
f 4307/4582/5650 4306/4581/5683 4282/4557/5738
f 4283/4558/5626 4284/4559/5627 4308/4583/5651
f 4308/4583/5651 4307/4582/5650 4283/4558/5626
f 4284/4559/5627 4285/4560/5739 4309/4584/5652
f 4309/4584/5652 4308/4583/5651 4284/4559/5627
f 4285/4560/5739 4286/4561/5629 4310/4585/5653
f 4310/4585/5653 4309/4584/5652 4285/4560/5739
f 4286/4561/5629 4287/4562/5630 4311/4586/5654
f 4311/4586/5654 4310/4585/5653 4286/4561/5629
f 4287/4562/5630 4265/4540/5736 4289/4564/5632
f 4289/4564/5632 4311/4586/5654 4287/4562/5630
f 4289/4564/5632 4288/4563/5631 4312/4587/5655
f 4312/4587/5655 4313/4588/3967 4289/4564/5632
f 4288/4563/5631 4290/4565/5633 4314/4589/3999
f 4314/4589/3999 4312/4587/5655 4288/4563/5631
f 4290/4565/5633 4291/4566/5634 4315/4590/5656
f 4315/4590/5656 4314/4589/3999 4290/4565/5633
f 4291/4566/5634 4292/4567/5635 4316/4591/3996
f 4316/4591/3996 4315/4590/5656 4291/4566/5634
f 4292/4567/5635 4293/4568/5636 4317/4592/5657
f 4317/4592/5657 4316/4591/3996 4292/4567/5635
f 4293/4568/5636 4294/4569/5637 4318/4593/5658
f 4318/4593/5658 4317/4592/5657 4293/4568/5636
f 4294/4569/5637 4295/4570/5638 4319/4594/5659
f 4319/4594/5659 4318/4593/5658 4294/4569/5637
f 4295/4570/5638 4296/4571/5639 4320/4595/5660
f 4320/4595/5660 4319/4594/5659 4295/4570/5638
f 4296/4571/5639 4297/4572/5640 4321/4596/5661
f 4321/4596/5661 4320/4595/5660 4296/4571/5639
f 4297/4572/5640 4298/4573/5641 4322/4597/5662
f 4322/4597/5662 4321/4596/5661 4297/4572/5640
f 4298/4573/5641 4299/4574/5642 4323/4598/5663
f 4323/4598/5663 4322/4597/5662 4298/4573/5641
f 4299/4574/5642 4300/4575/5643 4324/4599/5664
f 4324/4599/5664 4323/4598/5663 4299/4574/5642
f 4300/4575/5643 4301/4576/5644 4325/4600/5665
f 4325/4600/5665 4324/4599/5664 4300/4575/5643
f 4301/4576/5644 4302/4577/5682 4326/4601/5666
f 4326/4601/5666 4325/4600/5665 4301/4576/5644
f 4302/4577/5682 4303/4578/5646 4327/4602/5667
f 4327/4602/5667 4326/4601/5666 4302/4577/5682
f 4303/4578/5646 4304/4579/5647 4328/4603/5668
f 4328/4603/5668 4327/4602/5667 4303/4578/5646
f 4304/4579/5647 4305/4580/5648 4329/4604/5669
f 4329/4604/5669 4328/4603/5668 4304/4579/5647
f 4305/4580/5648 4306/4581/5683 4330/4605/5670
f 4330/4605/5670 4329/4604/5669 4305/4580/5648
f 4306/4581/5683 4307/4582/5650 4331/4606/5671
f 4331/4606/5671 4330/4605/5670 4306/4581/5683
f 4307/4582/5650 4308/4583/5651 4332/4607/5672
f 4332/4607/5672 4331/4606/5671 4307/4582/5650
f 4308/4583/5651 4309/4584/5652 4333/4608/5673
f 4333/4608/5673 4332/4607/5672 4308/4583/5651
f 4309/4584/5652 4310/4585/5653 4334/4609/3970
f 4334/4609/3970 4333/4608/5673 4309/4584/5652
f 4310/4585/5653 4311/4586/5654 4335/4610/5674
f 4335/4610/5674 4334/4609/3970 4310/4585/5653
f 4311/4586/5654 4289/4564/5632 4313/4588/3967
f 4313/4588/3967 4335/4610/5674 4311/4586/5654
f 3957/4232/5538 4336/4234/5539 3958/4233/5740
f 3960/4235/5540 3958/4233/5740 4336/4234/5539
f 4336/4234/5539 3961/4236/5741 3960/4235/5540
f 4337/4241/5742 3964/4239/5743 3965/4240/5744
f 3965/4240/5744 3967/4242/5550 4337/4241/5742
f 3968/4243/5551 4337/4241/5742 3967/4242/5550
f 4336/4234/5558 3957/4232/5558 3961/4236/5558
f 4338/4611/5745 4339/4612/5746 4340/4613/5747
f 4341/4614/5748 4340/4613/5747 4339/4612/5746
f 4340/4613/5747 4341/4614/5748 4342/4615/5749
f 4343/4616/5750 4342/4615/5749 4341/4614/5748
f 4342/4615/5749 4343/4616/5750 4344/4617/5751
f 4345/4618/5752 4344/4617/5751 4343/4616/5750
f 4344/4617/5751 4345/4618/5752 4346/4619/5753
f 4347/4620/5754 4346/4619/5753 4345/4618/5752
f 4346/4619/5753 4347/4620/5754 4348/4621/5755
f 4349/4622/5756 4348/4621/5755 4347/4620/5754
f 4348/4621/5755 4349/4622/5756 4350/4623/5757
f 4351/4624/5758 4350/4623/5757 4349/4622/5756
f 4350/4623/5757 4351/4624/5758 4352/4625/5759
f 4353/4626/5760 4352/4625/5759 4351/4624/5758
f 4352/4625/5759 4353/4626/5760 4354/4627/5761
f 4355/4628/5762 4354/4627/5761 4353/4626/5760
f 4354/4627/5761 4355/4628/5762 4356/4629/5763
f 4357/4630/5764 4356/4629/5763 4355/4628/5762
f 4356/4629/5763 4357/4630/5764 4358/4631/5765
f 4359/4632/5766 4358/4631/5765 4357/4630/5764
f 4358/4631/5765 4359/4632/5766 4360/4633/5767
f 4361/4634/5768 4360/4633/5767 4359/4632/5766
f 4360/4633/5767 4361/4634/5768 4362/4635/5769
f 4363/4636/5770 4362/4635/5769 4361/4634/5768
f 4362/4635/5769 4363/4636/5770 4364/4637/5771
f 4365/4638/5772 4364/4637/5771 4363/4636/5770
f 4364/4637/5771 4365/4638/5772 4366/4639/5773
f 4367/4640/5774 4366/4639/5773 4365/4638/5772
f 4366/4639/5773 4367/4640/5774 4368/4641/5775
f 4369/4642/5776 4368/4641/5775 4367/4640/5774
f 4368/4641/5775 4369/4642/5776 4370/4643/5777
f 4371/4644/5778 4370/4643/5777 4369/4642/5776
f 4370/4643/5777 4371/4644/5778 4372/4645/5779
f 4373/4646/5780 4372/4645/5779 4371/4644/5778
f 4372/4645/5779 4373/4646/5780 4374/4647/5781
f 4375/4648/5782 4374/4647/5781 4373/4646/5780
f 4374/4647/5781 4375/4648/5782 4376/4649/5783
f 4377/4650/5784 4376/4649/5783 4375/4648/5782
f 4376/4649/5783 4377/4650/5784 4378/4651/5785
f 4379/4652/5786 4378/4651/5785 4377/4650/5784
f 4378/4651/5785 4379/4652/5786 4380/4653/5787
f 4381/4654/5788 4380/4653/5787 4379/4652/5786
f 4380/4653/5787 4381/4654/5788 4382/4655/5789
f 4383/4656/5790 4382/4655/5789 4381/4654/5788
f 4382/4655/5789 4383/4656/5790 4384/4657/5791
f 4385/4658/5792 4384/4657/5791 4383/4656/5790
f 4384/4657/5791 4385/4658/5792 4338/4611/5745
f 4339/4612/5746 4338/4611/5745 4385/4658/5792
f 4386/4659/5793 4338/4611/5745 4387/4660/5794
f 4340/4613/5747 4387/4660/5794 4338/4611/5745
f 4387/4660/5794 4340/4613/5747 4388/4661/5795
f 4342/4615/5749 4388/4661/5795 4340/4613/5747
f 4388/4661/5795 4342/4615/5749 4389/4662/5796
f 4344/4617/5751 4389/4662/5796 4342/4615/5749
f 4389/4662/5796 4344/4617/5751 4390/4663/5797
f 4346/4619/5753 4390/4663/5797 4344/4617/5751
f 4390/4663/5797 4346/4619/5753 4391/4664/5798
f 4348/4621/5755 4391/4664/5798 4346/4619/5753
f 4391/4664/5798 4348/4621/5755 4392/4665/5799
f 4350/4623/5757 4392/4665/5799 4348/4621/5755
f 4392/4665/5799 4350/4623/5757 4393/4666/5800
f 4352/4625/5759 4393/4666/5800 4350/4623/5757
f 4393/4666/5800 4352/4625/5759 4394/4667/5801
f 4354/4627/5761 4394/4667/5801 4352/4625/5759
f 4394/4667/5801 4354/4627/5761 4395/4668/5802
f 4356/4629/5763 4395/4668/5802 4354/4627/5761
f 4395/4668/5802 4356/4629/5763 4396/4669/5803
f 4358/4631/5765 4396/4669/5803 4356/4629/5763
f 4396/4669/5803 4358/4631/5765 4397/4670/5804
f 4360/4633/5767 4397/4670/5804 4358/4631/5765
f 4397/4670/5804 4360/4633/5767 4398/4671/5805
f 4362/4635/5769 4398/4671/5805 4360/4633/5767
f 4398/4671/5805 4362/4635/5769 4399/4672/5806
f 4364/4637/5771 4399/4672/5806 4362/4635/5769
f 4399/4672/5806 4364/4637/5771 4400/4673/5807
f 4366/4639/5773 4400/4673/5807 4364/4637/5771
f 4400/4673/5807 4366/4639/5773 4401/4674/5808
f 4368/4641/5775 4401/4674/5808 4366/4639/5773
f 4401/4674/5808 4368/4641/5775 4402/4675/5809
f 4370/4643/5777 4402/4675/5809 4368/4641/5775
f 4402/4675/5809 4370/4643/5777 4403/4676/5810
f 4372/4645/5779 4403/4676/5810 4370/4643/5777
f 4403/4676/5810 4372/4645/5779 4404/4677/5811
f 4374/4647/5781 4404/4677/5811 4372/4645/5779
f 4404/4677/5811 4374/4647/5781 4405/4678/5812
f 4376/4649/5783 4405/4678/5812 4374/4647/5781
f 4405/4678/5812 4376/4649/5783 4406/4679/5813
f 4378/4651/5785 4406/4679/5813 4376/4649/5783
f 4406/4679/5813 4378/4651/5785 4407/4680/5814
f 4380/4653/5787 4407/4680/5814 4378/4651/5785
f 4407/4680/5814 4380/4653/5787 4408/4681/5815
f 4382/4655/5789 4408/4681/5815 4380/4653/5787
f 4408/4681/5815 4382/4655/5789 4409/4682/5816
f 4384/4657/5791 4409/4682/5816 4382/4655/5789
f 4409/4682/5816 4384/4657/5791 4386/4659/5793
f 4338/4611/5745 4386/4659/5793 4384/4657/5791
f 4410/4683/5817 4386/4659/5793 4411/4684/5818
f 4387/4660/5794 4411/4684/5818 4386/4659/5793
f 4411/4684/5818 4387/4660/5794 4412/4685/5819
f 4388/4661/5795 4412/4685/5819 4387/4660/5794
f 4412/4685/5819 4388/4661/5795 4413/4686/5820
f 4389/4662/5796 4413/4686/5820 4388/4661/5795
f 4413/4686/5820 4389/4662/5796 4414/4687/5821
f 4390/4663/5797 4414/4687/5821 4389/4662/5796
f 4414/4687/5821 4390/4663/5797 4415/4688/5822
f 4391/4664/5798 4415/4688/5822 4390/4663/5797
f 4415/4688/5822 4391/4664/5798 4416/4689/5823
f 4392/4665/5799 4416/4689/5823 4391/4664/5798
f 4416/4689/5823 4392/4665/5799 4417/4690/5824
f 4393/4666/5800 4417/4690/5824 4392/4665/5799
f 4417/4690/5824 4393/4666/5800 4418/4691/5825
f 4394/4667/5801 4418/4691/5825 4393/4666/5800
f 4418/4691/5825 4394/4667/5801 4419/4692/5826
f 4395/4668/5802 4419/4692/5826 4394/4667/5801
f 4419/4692/5826 4395/4668/5802 4420/4693/5827
f 4396/4669/5803 4420/4693/5827 4395/4668/5802
f 4420/4693/5827 4396/4669/5803 4421/4694/5828
f 4397/4670/5804 4421/4694/5828 4396/4669/5803
f 4421/4694/5828 4397/4670/5804 4422/4695/5829
f 4398/4671/5805 4422/4695/5829 4397/4670/5804
f 4422/4695/5829 4398/4671/5805 4423/4696/5830
f 4399/4672/5806 4423/4696/5830 4398/4671/5805
f 4423/4696/5830 4399/4672/5806 4424/4697/5831
f 4400/4673/5807 4424/4697/5831 4399/4672/5806
f 4424/4697/5831 4400/4673/5807 4425/4698/5832
f 4401/4674/5808 4425/4698/5832 4400/4673/5807
f 4425/4698/5832 4401/4674/5808 4426/4699/5833
f 4402/4675/5809 4426/4699/5833 4401/4674/5808
f 4426/4699/5833 4402/4675/5809 4427/4700/5834
f 4403/4676/5810 4427/4700/5834 4402/4675/5809
f 4427/4700/5834 4403/4676/5810 4428/4701/5835
f 4404/4677/5811 4428/4701/5835 4403/4676/5810
f 4428/4701/5835 4404/4677/5811 4429/4702/5836
f 4405/4678/5812 4429/4702/5836 4404/4677/5811
f 4429/4702/5836 4405/4678/5812 4430/4703/5837
f 4406/4679/5813 4430/4703/5837 4405/4678/5812
f 4430/4703/5837 4406/4679/5813 4431/4704/5838
f 4407/4680/5814 4431/4704/5838 4406/4679/5813
f 4431/4704/5838 4407/4680/5814 4432/4705/5839
f 4408/4681/5815 4432/4705/5839 4407/4680/5814
f 4432/4705/5839 4408/4681/5815 4433/4706/5840
f 4409/4682/5816 4433/4706/5840 4408/4681/5815
f 4433/4706/5840 4409/4682/5816 4410/4683/5817
f 4386/4659/5793 4410/4683/5817 4409/4682/5816
f 4434/4707/5841 4410/4683/5817 4435/4708/5842
f 4411/4684/5818 4435/4708/5842 4410/4683/5817
f 4435/4708/5842 4411/4684/5818 4436/4709/5843
f 4412/4685/5819 4436/4709/5843 4411/4684/5818
f 4436/4709/5843 4412/4685/5819 4437/4710/5844
f 4413/4686/5820 4437/4710/5844 4412/4685/5819
f 4437/4710/5844 4413/4686/5820 4438/4711/5845
f 4414/4687/5821 4438/4711/5845 4413/4686/5820
f 4438/4711/5845 4414/4687/5821 4439/4712/5846
f 4415/4688/5822 4439/4712/5846 4414/4687/5821
f 4439/4712/5846 4415/4688/5822 4440/4713/5847
f 4416/4689/5823 4440/4713/5847 4415/4688/5822
f 4440/4713/5847 4416/4689/5823 4441/4714/5848
f 4417/4690/5824 4441/4714/5848 4416/4689/5823
f 4441/4714/5848 4417/4690/5824 4442/4715/5849
f 4418/4691/5825 4442/4715/5849 4417/4690/5824
f 4442/4715/5849 4418/4691/5825 4443/4716/5850
f 4419/4692/5826 4443/4716/5850 4418/4691/5825
f 4443/4716/5850 4419/4692/5826 4444/4717/5851
f 4420/4693/5827 4444/4717/5851 4419/4692/5826
f 4444/4717/5851 4420/4693/5827 4445/4718/5852
f 4421/4694/5828 4445/4718/5852 4420/4693/5827
f 4445/4718/5852 4421/4694/5828 4446/4719/5853
f 4422/4695/5829 4446/4719/5853 4421/4694/5828
f 4446/4719/5853 4422/4695/5829 4447/4720/5854
f 4423/4696/5830 4447/4720/5854 4422/4695/5829
f 4447/4720/5854 4423/4696/5830 4448/4721/5855
f 4424/4697/5831 4448/4721/5855 4423/4696/5830
f 4448/4721/5855 4424/4697/5831 4449/4722/5856
f 4425/4698/5832 4449/4722/5856 4424/4697/5831
f 4449/4722/5856 4425/4698/5832 4450/4723/5857
f 4426/4699/5833 4450/4723/5857 4425/4698/5832
f 4450/4723/5857 4426/4699/5833 4451/4724/5858
f 4427/4700/5834 4451/4724/5858 4426/4699/5833
f 4451/4724/5858 4427/4700/5834 4452/4725/5859
f 4428/4701/5835 4452/4725/5859 4427/4700/5834
f 4452/4725/5859 4428/4701/5835 4453/4726/5860
f 4429/4702/5836 4453/4726/5860 4428/4701/5835
f 4453/4726/5860 4429/4702/5836 4454/4727/5861
f 4430/4703/5837 4454/4727/5861 4429/4702/5836
f 4454/4727/5861 4430/4703/5837 4455/4728/5862
f 4431/4704/5838 4455/4728/5862 4430/4703/5837
f 4455/4728/5862 4431/4704/5838 4456/4729/5863
f 4432/4705/5839 4456/4729/5863 4431/4704/5838
f 4456/4729/5863 4432/4705/5839 4457/4730/5864
f 4433/4706/5840 4457/4730/5864 4432/4705/5839
f 4457/4730/5864 4433/4706/5840 4434/4707/5841
f 4410/4683/5817 4434/4707/5841 4433/4706/5840
f 4458/4731/5865 4434/4707/5841 4459/4732/5866
f 4435/4708/5842 4459/4732/5866 4434/4707/5841
f 4459/4732/5866 4435/4708/5842 4460/4733/5867
f 4436/4709/5843 4460/4733/5867 4435/4708/5842
f 4460/4733/5867 4436/4709/5843 4461/4734/5868
f 4437/4710/5844 4461/4734/5868 4436/4709/5843
f 4461/4734/5868 4437/4710/5844 4462/4735/5869
f 4438/4711/5845 4462/4735/5869 4437/4710/5844
f 4462/4735/5869 4438/4711/5845 4463/4736/5870
f 4439/4712/5846 4463/4736/5870 4438/4711/5845
f 4463/4736/5870 4439/4712/5846 4464/4737/5871
f 4440/4713/5847 4464/4737/5871 4439/4712/5846
f 4464/4737/5871 4440/4713/5847 4465/4738/5872
f 4441/4714/5848 4465/4738/5872 4440/4713/5847
f 4465/4738/5872 4441/4714/5848 4466/4739/5873
f 4442/4715/5849 4466/4739/5873 4441/4714/5848
f 4466/4739/5873 4442/4715/5849 4467/4740/5874
f 4443/4716/5850 4467/4740/5874 4442/4715/5849
f 4467/4740/5874 4443/4716/5850 4468/4741/5875
f 4444/4717/5851 4468/4741/5875 4443/4716/5850
f 4468/4741/5875 4444/4717/5851 4469/4742/5876
f 4445/4718/5852 4469/4742/5876 4444/4717/5851
f 4469/4742/5876 4445/4718/5852 4470/4743/5877
f 4446/4719/5853 4470/4743/5877 4445/4718/5852
f 4470/4743/5877 4446/4719/5853 4471/4744/5878
f 4447/4720/5854 4471/4744/5878 4446/4719/5853
f 4471/4744/5878 4447/4720/5854 4472/4745/5879
f 4448/4721/5855 4472/4745/5879 4447/4720/5854
f 4472/4745/5879 4448/4721/5855 4473/4746/5880
f 4449/4722/5856 4473/4746/5880 4448/4721/5855
f 4473/4746/5880 4449/4722/5856 4474/4747/5881
f 4450/4723/5857 4474/4747/5881 4449/4722/5856
f 4474/4747/5881 4450/4723/5857 4475/4748/5882
f 4451/4724/5858 4475/4748/5882 4450/4723/5857
f 4475/4748/5882 4451/4724/5858 4476/4749/5883
f 4452/4725/5859 4476/4749/5883 4451/4724/5858
f 4476/4749/5883 4452/4725/5859 4477/4750/5884
f 4453/4726/5860 4477/4750/5884 4452/4725/5859
f 4477/4750/5884 4453/4726/5860 4478/4751/5885
f 4454/4727/5861 4478/4751/5885 4453/4726/5860
f 4478/4751/5885 4454/4727/5861 4479/4752/5886
f 4455/4728/5862 4479/4752/5886 4454/4727/5861
f 4479/4752/5886 4455/4728/5862 4480/4753/5887
f 4456/4729/5863 4480/4753/5887 4455/4728/5862
f 4480/4753/5887 4456/4729/5863 4481/4754/5888
f 4457/4730/5864 4481/4754/5888 4456/4729/5863
f 4481/4754/5888 4457/4730/5864 4458/4731/5865
f 4434/4707/5841 4458/4731/5865 4457/4730/5864
f 4482/4755/5889 4458/4731/5865 4483/4756/5890
f 4459/4732/5866 4483/4756/5890 4458/4731/5865
f 4483/4756/5890 4459/4732/5866 4484/4757/5891
f 4460/4733/5867 4484/4757/5891 4459/4732/5866
f 4484/4757/5891 4460/4733/5867 4485/4758/5892
f 4461/4734/5868 4485/4758/5892 4460/4733/5867
f 4485/4758/5892 4461/4734/5868 4486/4759/5893
f 4462/4735/5869 4486/4759/5893 4461/4734/5868
f 4486/4759/5893 4462/4735/5869 4487/4760/5894
f 4463/4736/5870 4487/4760/5894 4462/4735/5869
f 4487/4760/5894 4463/4736/5870 4488/4761/5895
f 4464/4737/5871 4488/4761/5895 4463/4736/5870
f 4488/4761/5895 4464/4737/5871 4489/4762/5896
f 4465/4738/5872 4489/4762/5896 4464/4737/5871
f 4489/4762/5896 4465/4738/5872 4490/4763/5897
f 4466/4739/5873 4490/4763/5897 4465/4738/5872
f 4490/4763/5897 4466/4739/5873 4491/4764/5898
f 4467/4740/5874 4491/4764/5898 4466/4739/5873
f 4491/4764/5898 4467/4740/5874 4492/4765/5899
f 4468/4741/5875 4492/4765/5899 4467/4740/5874
f 4492/4765/5899 4468/4741/5875 4493/4766/5900
f 4469/4742/5876 4493/4766/5900 4468/4741/5875
f 4493/4766/5900 4469/4742/5876 4494/4767/5901
f 4470/4743/5877 4494/4767/5901 4469/4742/5876
f 4494/4767/5901 4470/4743/5877 4495/4768/5902
f 4471/4744/5878 4495/4768/5902 4470/4743/5877
f 4495/4768/5902 4471/4744/5878 4496/4769/5903
f 4472/4745/5879 4496/4769/5903 4471/4744/5878
f 4496/4769/5903 4472/4745/5879 4497/4770/5904
f 4473/4746/5880 4497/4770/5904 4472/4745/5879
f 4497/4770/5904 4473/4746/5880 4498/4771/5905
f 4474/4747/5881 4498/4771/5905 4473/4746/5880
f 4498/4771/5905 4474/4747/5881 4499/4772/5906
f 4475/4748/5882 4499/4772/5906 4474/4747/5881
f 4499/4772/5906 4475/4748/5882 4500/4773/5907
f 4476/4749/5883 4500/4773/5907 4475/4748/5882
f 4500/4773/5907 4476/4749/5883 4501/4774/5908
f 4477/4750/5884 4501/4774/5908 4476/4749/5883
f 4501/4774/5908 4477/4750/5884 4502/4775/5909
f 4478/4751/5885 4502/4775/5909 4477/4750/5884
f 4502/4775/5909 4478/4751/5885 4503/4776/5910
f 4479/4752/5886 4503/4776/5910 4478/4751/5885
f 4503/4776/5910 4479/4752/5886 4504/4777/5911
f 4480/4753/5887 4504/4777/5911 4479/4752/5886
f 4504/4777/5911 4480/4753/5887 4505/4778/5912
f 4481/4754/5888 4505/4778/5912 4480/4753/5887
f 4505/4778/5912 4481/4754/5888 4482/4755/5889
f 4458/4731/5865 4482/4755/5889 4481/4754/5888
f 4506/4779/5913 4482/4755/5913 4507/4780/5914
f 4483/4756/5914 4507/4780/5914 4482/4755/5913
f 4507/4780/5914 4483/4756/5914 4508/4781/5915
f 4484/4757/5915 4508/4781/5915 4483/4756/5914
f 4508/4781/5915 4484/4757/5915 4509/4782/5916
f 4485/4758/5916 4509/4782/5916 4484/4757/5915
f 4509/4782/5916 4485/4758/5916 4510/4783/5917
f 4486/4759/5918 4510/4783/5917 4485/4758/5916
f 4510/4783/5917 4486/4759/5918 4511/4784/5919
f 4487/4760/5919 4511/4784/5919 4486/4759/5918
f 4511/4784/5919 4487/4760/5919 4512/4785/5920
f 4488/4761/5921 4512/4785/5920 4487/4760/5919
f 4512/4785/5920 4488/4761/5921 4513/4786/5922
f 4489/4762/5922 4513/4786/5922 4488/4761/5921
f 4513/4786/5922 4489/4762/5922 4514/4787/5923
f 4490/4763/5924 4514/4787/5923 4489/4762/5922
f 4514/4787/5923 4490/4763/5924 4515/4788/5925
f 4491/4764/5925 4515/4788/5925 4490/4763/5924
f 4515/4788/5925 4491/4764/5925 4516/4789/5926
f 4492/4765/5926 4516/4789/5926 4491/4764/5925
f 4516/4789/5926 4492/4765/5926 4517/4790/5927
f 4493/4766/5927 4517/4790/5927 4492/4765/5926
f 4517/4790/5927 4493/4766/5927 4518/4791/5928
f 4494/4767/5928 4518/4791/5928 4493/4766/5927
f 4518/4791/5928 4494/4767/5928 4519/4792/5929
f 4495/4768/5929 4519/4792/5929 4494/4767/5928
f 4519/4792/5929 4495/4768/5929 4520/4793/5930
f 4496/4769/5930 4520/4793/5930 4495/4768/5929
f 4520/4793/5930 4496/4769/5930 4521/4794/5931
f 4497/4770/5931 4521/4794/5931 4496/4769/5930
f 4521/4794/5931 4497/4770/5931 4522/4795/5932
f 4498/4771/5932 4522/4795/5932 4497/4770/5931
f 4522/4795/5932 4498/4771/5932 4523/4796/5933
f 4499/4772/5933 4523/4796/5933 4498/4771/5932
f 4523/4796/5933 4499/4772/5933 4524/4797/5934
f 4500/4773/5934 4524/4797/5934 4499/4772/5933
f 4524/4797/5934 4500/4773/5934 4525/4798/5935
f 4501/4774/5935 4525/4798/5935 4500/4773/5934
f 4525/4798/5935 4501/4774/5935 4526/4799/5936
f 4502/4775/5936 4526/4799/5936 4501/4774/5935
f 4526/4799/5936 4502/4775/5936 4527/4800/5937
f 4503/4776/5937 4527/4800/5937 4502/4775/5936
f 4527/4800/5937 4503/4776/5937 4528/4801/5938
f 4504/4777/5938 4528/4801/5938 4503/4776/5937
f 4528/4801/5938 4504/4777/5938 4529/4802/5939
f 4505/4778/5939 4529/4802/5939 4504/4777/5938
f 4529/4802/5939 4505/4778/5939 4506/4779/5913
f 4482/4755/5913 4506/4779/5913 4505/4778/5939
f 4530/4803/5940 4531/4804/5941 4507/4780/5942
f 4506/4779/5943 4507/4780/5942 4531/4804/5941
f 4532/4805/5944 4530/4803/5940 4508/4781/5945
f 4507/4780/5942 4508/4781/5945 4530/4803/5940
f 4533/4806/5946 4532/4805/5944 4509/4782/5947
f 4508/4781/5945 4509/4782/5947 4532/4805/5944
f 4534/4807/5948 4533/4806/5946 4510/4783/5949
f 4509/4782/5947 4510/4783/5949 4533/4806/5946
f 4535/4808/5950 4534/4807/5948 4511/4784/5951
f 4510/4783/5949 4511/4784/5951 4534/4807/5948
f 4536/4809/5952 4535/4808/5950 4512/4785/5953
f 4511/4784/5951 4512/4785/5953 4535/4808/5950
f 4537/4810/5954 4536/4809/5952 4513/4786/5955
f 4512/4785/5953 4513/4786/5955 4536/4809/5952
f 4538/4811/5956 4537/4810/5954 4514/4787/5957
f 4513/4786/5955 4514/4787/5957 4537/4810/5954
f 4539/4812/5958 4538/4811/5956 4515/4788/5959
f 4514/4787/5957 4515/4788/5959 4538/4811/5956
f 4540/4813/5960 4539/4812/5958 4516/4789/5961
f 4515/4788/5959 4516/4789/5961 4539/4812/5958
f 4541/4814/5962 4540/4813/5960 4517/4790/5963
f 4516/4789/5961 4517/4790/5963 4540/4813/5960
f 4542/4815/5964 4541/4814/5962 4518/4791/5965
f 4517/4790/5963 4518/4791/5965 4541/4814/5962
f 4543/4816/5966 4542/4815/5964 4519/4792/5967
f 4518/4791/5965 4519/4792/5967 4542/4815/5964
f 4544/4817/5968 4543/4816/5966 4520/4793/5969
f 4519/4792/5967 4520/4793/5969 4543/4816/5966
f 4545/4818/5970 4544/4817/5968 4521/4794/5971
f 4520/4793/5969 4521/4794/5971 4544/4817/5968
f 4546/4819/5972 4545/4818/5970 4522/4795/5973
f 4521/4794/5971 4522/4795/5973 4545/4818/5970
f 4547/4820/5974 4546/4819/5972 4523/4796/5975
f 4522/4795/5973 4523/4796/5975 4546/4819/5972
f 4548/4821/5976 4547/4820/5974 4524/4797/5977
f 4523/4796/5975 4524/4797/5977 4547/4820/5974
f 4549/4822/5978 4548/4821/5976 4525/4798/5979
f 4524/4797/5977 4525/4798/5979 4548/4821/5976
f 4550/4823/5980 4549/4822/5978 4526/4799/5981
f 4525/4798/5979 4526/4799/5981 4549/4822/5978
f 4551/4824/5982 4550/4823/5980 4527/4800/5983
f 4526/4799/5981 4527/4800/5983 4550/4823/5980
f 4552/4825/5984 4551/4824/5982 4528/4801/5985
f 4527/4800/5983 4528/4801/5985 4551/4824/5982
f 4553/4826/5986 4552/4825/5984 4529/4802/5987
f 4528/4801/5985 4529/4802/5987 4552/4825/5984
f 4531/4804/5941 4553/4826/5986 4506/4779/5943
f 4529/4802/5987 4506/4779/5943 4553/4826/5986
f 4554/4827/5988 4555/4828/5989 4339/4612/5746
f 4341/4614/5748 4339/4612/5746 4555/4828/5989
f 4555/4828/5989 4556/4829/5990 4341/4614/5748
f 4343/4616/5750 4341/4614/5748 4556/4829/5990
f 4556/4829/5990 4557/4830/5991 4343/4616/5750
f 4345/4618/5752 4343/4616/5750 4557/4830/5991
f 4557/4830/5991 4558/4831/5992 4345/4618/5752
f 4347/4620/5754 4345/4618/5752 4558/4831/5992
f 4558/4831/5992 4559/4832/5993 4347/4620/5754
f 4349/4622/5756 4347/4620/5754 4559/4832/5993
f 4559/4832/5993 4560/4833/5994 4349/4622/5756
f 4351/4624/5758 4349/4622/5756 4560/4833/5994
f 4560/4833/5994 4561/4834/5995 4351/4624/5758
f 4353/4626/5760 4351/4624/5758 4561/4834/5995
f 4561/4834/5995 4562/4835/5996 4353/4626/5760
f 4355/4628/5762 4353/4626/5760 4562/4835/5996
f 4562/4835/5996 4563/4836/5997 4355/4628/5762
f 4357/4630/5764 4355/4628/5762 4563/4836/5997
f 4563/4836/5997 4564/4837/5998 4357/4630/5764
f 4359/4632/5766 4357/4630/5764 4564/4837/5998
f 4564/4837/5998 4565/4838/5999 4359/4632/5766
f 4361/4634/5768 4359/4632/5766 4565/4838/5999
f 4565/4838/5999 4566/4839/6000 4361/4634/5768
f 4363/4636/5770 4361/4634/5768 4566/4839/6000
f 4566/4839/6000 4567/4840/6001 4363/4636/5770
f 4365/4638/5772 4363/4636/5770 4567/4840/6001
f 4567/4840/6001 4568/4841/6002 4365/4638/5772
f 4367/4640/5774 4365/4638/5772 4568/4841/6002
f 4568/4841/6002 4569/4842/6003 4367/4640/5774
f 4369/4642/5776 4367/4640/5774 4569/4842/6003
f 4569/4842/6003 4570/4843/6004 4369/4642/5776
f 4371/4644/5778 4369/4642/5776 4570/4843/6004
f 4570/4843/6004 4571/4844/6005 4371/4644/5778
f 4373/4646/5780 4371/4644/5778 4571/4844/6005
f 4571/4844/6005 4572/4845/6006 4373/4646/5780
f 4375/4648/5782 4373/4646/5780 4572/4845/6006
f 4572/4845/6006 4573/4846/6007 4375/4648/5782
f 4377/4650/5784 4375/4648/5782 4573/4846/6007
f 4573/4846/6007 4574/4847/6008 4377/4650/5784
f 4379/4652/5786 4377/4650/5784 4574/4847/6008
f 4574/4847/6008 4575/4848/6009 4379/4652/5786
f 4381/4654/5788 4379/4652/5786 4575/4848/6009
f 4575/4848/6009 4576/4849/6010 4381/4654/5788
f 4383/4656/5790 4381/4654/5788 4576/4849/6010
f 4576/4849/6010 4577/4850/6011 4383/4656/5790
f 4385/4658/5792 4383/4656/5790 4577/4850/6011
f 4577/4850/6011 4554/4827/5988 4385/4658/5792
f 4339/4612/5746 4385/4658/5792 4554/4827/5988
f 4555/4828/5989 4554/4827/5988 4578/4851/554
f 4556/4829/5990 4555/4828/5989 4578/4851/554
f 4557/4830/5991 4556/4829/5990 4578/4851/554
f 4558/4831/5992 4557/4830/5991 4578/4851/554
f 4559/4832/5993 4558/4831/5992 4578/4851/554
f 4560/4833/5994 4559/4832/5993 4578/4851/554
f 4561/4834/5995 4560/4833/5994 4578/4851/554
f 4562/4835/5996 4561/4834/5995 4578/4851/554
f 4563/4836/5997 4562/4835/5996 4578/4851/554
f 4564/4837/5998 4563/4836/5997 4578/4851/554
f 4565/4838/5999 4564/4837/5998 4578/4851/554
f 4566/4839/6000 4565/4838/5999 4578/4851/554
f 4567/4840/6001 4566/4839/6000 4578/4851/554
f 4568/4841/6002 4567/4840/6001 4578/4851/554
f 4569/4842/6003 4568/4841/6002 4578/4851/554
f 4570/4843/6004 4569/4842/6003 4578/4851/554
f 4571/4844/6005 4570/4843/6004 4578/4851/554
f 4572/4845/6006 4571/4844/6005 4578/4851/554
f 4573/4846/6007 4572/4845/6006 4578/4851/554
f 4574/4847/6008 4573/4846/6007 4578/4851/554
f 4575/4848/6009 4574/4847/6008 4578/4851/554
f 4576/4849/6010 4575/4848/6009 4578/4851/554
f 4577/4850/6011 4576/4849/6010 4578/4851/554
f 4554/4827/5988 4577/4850/6011 4578/4851/554
f 4531/4804/5941 4530/4803/5940 4579/4852/6012
f 4580/4853/6013 4579/4852/6012 4530/4803/5940
f 4530/4803/5940 4532/4805/5944 4580/4853/6013
f 4581/4854/6014 4580/4853/6013 4532/4805/5944
f 4532/4805/5944 4533/4806/5946 4581/4854/6014
f 4582/4855/6015 4581/4854/6014 4533/4806/5946
f 4533/4806/5946 4534/4807/5948 4582/4855/6015
f 4583/4856/6016 4582/4855/6015 4534/4807/5948
f 4534/4807/5948 4535/4808/5950 4583/4856/6016
f 4584/4857/6017 4583/4856/6016 4535/4808/5950
f 4535/4808/5950 4536/4809/5952 4584/4857/6017
f 4585/4858/6018 4584/4857/6017 4536/4809/5952
f 4536/4809/5952 4537/4810/5954 4585/4858/6018
f 4586/4859/6019 4585/4858/6018 4537/4810/5954
f 4537/4810/5954 4538/4811/5956 4586/4859/6019
f 4587/4860/6020 4586/4859/6019 4538/4811/5956
f 4538/4811/5956 4539/4812/5958 4587/4860/6020
f 4588/4861/6021 4587/4860/6020 4539/4812/5958
f 4539/4812/5958 4540/4813/5960 4588/4861/6021
f 4589/4862/6022 4588/4861/6021 4540/4813/5960
f 4540/4813/5960 4541/4814/5962 4589/4862/6022
f 4590/4863/6023 4589/4862/6022 4541/4814/5962
f 4541/4814/5962 4542/4815/5964 4590/4863/6023
f 4591/4864/6024 4590/4863/6023 4542/4815/5964
f 4542/4815/5964 4543/4816/5966 4591/4864/6024
f 4592/4865/6025 4591/4864/6024 4543/4816/5966
f 4543/4816/5966 4544/4817/5968 4592/4865/6025
f 4593/4866/6026 4592/4865/6025 4544/4817/5968
f 4544/4817/5968 4545/4818/5970 4593/4866/6026
f 4594/4867/6027 4593/4866/6026 4545/4818/5970
f 4545/4818/5970 4546/4819/5972 4594/4867/6027
f 4595/4868/6028 4594/4867/6027 4546/4819/5972
f 4546/4819/5972 4547/4820/5974 4595/4868/6028
f 4596/4869/6029 4595/4868/6028 4547/4820/5974
f 4547/4820/5974 4548/4821/5976 4596/4869/6029
f 4597/4870/6030 4596/4869/6029 4548/4821/5976
f 4548/4821/5976 4549/4822/5978 4597/4870/6030
f 4598/4871/6031 4597/4870/6030 4549/4822/5978
f 4549/4822/5978 4550/4823/5980 4598/4871/6031
f 4599/4872/6032 4598/4871/6031 4550/4823/5980
f 4550/4823/5980 4551/4824/5982 4599/4872/6032
f 4600/4873/6033 4599/4872/6032 4551/4824/5982
f 4551/4824/5982 4552/4825/5984 4600/4873/6033
f 4601/4874/6034 4600/4873/6033 4552/4825/5984
f 4552/4825/5984 4553/4826/5986 4601/4874/6034
f 4602/4875/6035 4601/4874/6034 4553/4826/5986
f 4553/4826/5986 4531/4804/5941 4602/4875/6035
f 4579/4852/6012 4602/4875/6035 4531/4804/5941
f 4603/4876/6036 4604/4877/6037 4605/4878/6038
f 4604/4877/6037 4606/4879/6039 4605/4878/6038
f 4606/4879/6039 4607/4880/6040 4605/4878/6038
f 4605/4878/6038 4608/4881/6041 4603/4876/6036
f 4609/4882/6042 4610/4883/6043 4611/4884/6044
f 4609/4882/6042 4612/4885/6045 4613/4886/6046
f 4609/4882/6042 4613/4886/6046 4614/4887/6047
f 4615/4888/6048 4610/4883/6043 4614/4887/6047
f 4614/4887/6047 4610/4883/6043 4609/4882/6042
f 4616/4889/6049 4611/4884/6044 4617/4890/6050
f 4616/4889/6049 4609/4882/6042 4611/4884/6044
f 4616/4889/6049 4617/4890/6050 4618/4891/6051
f 4618/4891/6051 4617/4890/6050 4619/4892/6052
f 4620/4893/6053 4619/4892/6052 4621/4894/6054
f 4618/4891/6051 4619/4892/6052 4620/4893/6053
f 4620/4893/6053 4621/4894/6054 4622/4895/6055
f 4622/4895/6055 4621/4894/6054 4623/4896/6056
f 4622/4895/6055 4623/4896/6056 4624/4897/6057
f 4624/4897/6057 4623/4896/6056 4625/4898/6058
f 4624/4897/6057 4625/4898/6058 4626/4899/6059
f 4626/4899/6059 4625/4898/6058 4608/4881/6041
f 4626/4899/6059 4608/4881/6041 4605/4878/6038
f 4605/4878/6038 4607/4880/6040 4627/4900/6060
f 4605/4878/6038 4627/4900/6060 4626/4899/6059
f 4626/4899/6059 4627/4900/6060 4628/4901/6061
f 4626/4899/6059 4628/4901/6061 4624/4897/6057
f 4628/4901/6061 4629/4902/6062 4624/4897/6057
f 4629/4902/6062 4630/4903/6063 4624/4897/6057
f 4624/4897/6057 4630/4903/6063 4622/4895/6055
f 4630/4903/6063 4631/4904/6064 4622/4895/6055
f 4622/4895/6055 4631/4904/6064 4620/4893/6053
f 4620/4893/6053 4631/4904/6064 4632/4905/6065
f 4618/4891/6051 4620/4893/6053 4632/4905/6065
f 4616/4889/6049 4632/4905/6065 4633/4906/6066
f 4618/4891/6051 4632/4905/6065 4616/4889/6049
f 4609/4882/6042 4633/4906/6066 4612/4885/6045
f 4616/4889/6049 4633/4906/6066 4609/4882/6042
f 4607/4880/6067 4606/4879/6068 4634/4907/6069
f 4635/4908/6070 4634/4907/6069 4606/4879/6068
f 4607/4880/6067 4634/4907/6069 4636/4909/6071
f 4607/4880/6067 4636/4909/6071 4627/4900/6072
f 4627/4900/6072 4636/4909/6071 4628/4901/6073
f 4637/4910/6074 4628/4901/6073 4636/4909/6071
f 4628/4901/6073 4637/4910/6074 4629/4902/6075
f 4638/4911/6076 4629/4902/6075 4637/4910/6074
f 4629/4902/6075 4638/4911/6076 4630/4903/6077
f 4639/4912/6078 4630/4903/6077 4638/4911/6076
f 4630/4903/6077 4639/4912/6078 4631/4904/6079
f 4631/4904/6079 4639/4912/6078 4640/4913/6080
f 4631/4904/6079 4640/4913/6080 4632/4905/6081
f 4640/4913/6080 4641/4914/6082 4632/4905/6081
f 4632/4905/6081 4641/4914/6082 4633/4906/6083
f 4633/4906/6083 4641/4914/6082 4642/4915/6084
f 4642/4915/6084 4643/4916/6085 4612/4885/6086
f 4642/4915/6084 4612/4885/6086 4633/4906/6083
f 4612/4885/6086 4644/4917/6087 4613/4886/6088
f 4644/4917/6087 4612/4885/6086 4643/4916/6085
f 4645/4918/6089 4646/4919/6090 4647/4920/6091
f 4648/4921/6092 4645/4918/6089 4647/4920/6091
f 4649/4922/6093 4648/4921/6092 4647/4920/6091
f 4650/4923/6094 4647/4920/6091 4646/4919/6090
f 4651/4924/6095 4652/4925/6096 4653/4926/6097
f 4654/4927/6098 4652/4925/6096 4613/4886/6046
f 4613/4886/6046 4652/4925/6096 4614/4887/6047
f 4651/4924/6095 4615/4888/6048 4614/4887/6047
f 4651/4924/6095 4614/4887/6047 4652/4925/6096
f 4653/4926/6097 4655/4928/6099 4656/4929/6100
f 4652/4925/6096 4655/4928/6099 4653/4926/6097
f 4656/4929/6100 4655/4928/6099 4657/4930/6101
f 4656/4929/6100 4657/4930/6101 4658/4931/6102
f 4658/4931/6102 4659/4932/6103 4660/4933/6104
f 4658/4931/6102 4661/4934/6105 4659/4932/6103
f 4660/4933/6104 4659/4932/6103 4662/4935/6106
f 4660/4933/6104 4662/4935/6106 4663/4936/6107
f 4663/4936/6107 4662/4935/6106 4664/4937/6108
f 4663/4936/6107 4664/4937/6108 4665/4938/6109
f 4665/4938/6109 4664/4937/6108 4666/4939/6110
f 4665/4938/6109 4666/4939/6110 4650/4923/6094
f 4650/4923/6094 4666/4939/6110 4647/4920/6091
f 4649/4922/6093 4647/4920/6091 4667/4940/6111
f 4667/4940/6111 4647/4920/6091 4666/4939/6110
f 4667/4940/6111 4666/4939/6110 4668/4941/6112
f 4668/4941/6112 4666/4939/6110 4664/4937/6108
f 4669/4942/6113 4668/4941/6112 4664/4937/6108
f 4670/4943/6114 4669/4942/6113 4664/4937/6108
f 4670/4943/6114 4664/4937/6108 4662/4935/6106
f 4671/4944/6115 4670/4943/6114 4662/4935/6106
f 4671/4944/6115 4662/4935/6106 4659/4932/6103
f 4671/4944/6115 4661/4934/6105 4672/4945/6116
f 4659/4932/6103 4661/4934/6105 4671/4944/6115
f 4672/4945/6116 4655/4928/6099 4673/4946/6117
f 4672/4945/6116 4657/4930/6101 4655/4928/6099
f 4673/4946/6117 4652/4925/6096 4654/4927/6098
f 4673/4946/6117 4655/4928/6099 4652/4925/6096
f 4649/4922/6118 4674/4947/6119 4648/4921/6120
f 4675/4948/6121 4648/4921/6120 4674/4947/6119
f 4674/4947/6119 4649/4922/6118 4676/4949/6122
f 4676/4949/6122 4649/4922/6118 4667/4940/6123
f 4667/4940/6123 4668/4941/6124 4676/4949/6122
f 4677/4950/6125 4676/4949/6122 4668/4941/6124
f 4668/4941/6124 4669/4942/6126 4677/4950/6125
f 4678/4951/6127 4677/4950/6125 4669/4942/6126
f 4679/4952/6128 4678/4951/6127 4670/4943/6129
f 4669/4942/6126 4670/4943/6129 4678/4951/6127
f 4679/4952/6128 4670/4943/6129 4671/4944/6130
f 4679/4952/6128 4671/4944/6130 4680/4953/6131
f 4680/4953/6131 4671/4944/6130 4672/4945/6132
f 4681/4954/6133 4680/4953/6131 4672/4945/6132
f 4681/4954/6133 4672/4945/6132 4673/4946/6134
f 4681/4954/6133 4673/4946/6134 4682/4955/6135
f 4683/4956/6136 4682/4955/6135 4654/4927/6137
f 4654/4927/6137 4682/4955/6135 4673/4946/6134
f 4644/4917/6087 4654/4927/6137 4613/4886/6088
f 4654/4927/6137 4644/4917/6087 4683/4956/6136
f 4634/4907/6138 4635/4908/6139 4684/4957/6140
f 4685/4958/6141 4684/4957/6140 4635/4908/6139
f 4636/4909/6142 4634/4907/6138 4686/4959/6143
f 4684/4957/6140 4686/4959/6143 4634/4907/6138
f 4637/4910/6144 4636/4909/6142 4687/4960/6145
f 4686/4959/6143 4687/4960/6145 4636/4909/6142
f 4638/4911/6146 4637/4910/6144 4688/4961/6147
f 4687/4960/6145 4688/4961/6147 4637/4910/6144
f 4639/4912/6148 4638/4911/6146 4689/4962/6149
f 4688/4961/6147 4689/4962/6149 4638/4911/6146
f 4640/4913/6150 4689/4962/6149 4690/4963/6151
f 4689/4962/6149 4640/4913/6150 4639/4912/6148
f 4690/4963/6151 4641/4914/6152 4640/4913/6150
f 4642/4915/6084 4690/4963/6151 4691/4964/6153
f 4690/4963/6151 4642/4915/6084 4641/4914/6152
f 4691/4964/6153 4643/4916/6085 4642/4915/6084
f 4644/4917/6154 4643/4916/6085 4692/4965/6155
f 4691/4964/6153 4692/4965/6155 4643/4916/6085
f 4675/4948/6156 4674/4947/6157 4693/4966/6158
f 4694/4967/6159 4693/4966/6158 4674/4947/6157
f 4674/4947/6157 4676/4949/6160 4694/4967/6159
f 4695/4968/6161 4694/4967/6159 4676/4949/6160
f 4676/4949/6160 4677/4950/6162 4695/4968/6161
f 4696/4969/6163 4695/4968/6161 4677/4950/6162
f 4677/4950/6162 4678/4951/6164 4696/4969/6163
f 4697/4970/6165 4696/4969/6163 4678/4951/6164
f 4678/4951/6164 4679/4952/6166 4697/4970/6165
f 4698/4971/6167 4697/4970/6165 4681/4954/6168
f 4679/4952/6166 4680/4953/6169 4697/4970/6165
f 4681/4954/6168 4697/4970/6165 4680/4953/6169
f 4681/4954/6168 4682/4955/6170 4698/4971/6167
f 4699/4972/6171 4698/4971/6167 4683/4956/6172
f 4682/4955/6170 4683/4956/6172 4698/4971/6167
f 4683/4956/6172 4644/4917/6154 4699/4972/6171
f 4692/4965/6155 4699/4972/6171 4644/4917/6154
f 4684/4957/6140 4700/4973/6173 4701/4974/6174
f 4700/4973/6173 4684/4957/6140 4685/4958/6141
f 4686/4959/6143 4684/4957/6140 4701/4974/6174
f 4687/4960/6145 4701/4974/6174 4688/4961/6147
f 4701/4974/6174 4687/4960/6145 4686/4959/6143
f 4688/4961/6147 4701/4974/6174 4702/4975/6175
f 4689/4962/6149 4688/4961/6147 4702/4975/6175
f 4689/4962/6149 4702/4975/6175 4690/4963/6151
f 4703/4976/6176 4691/4964/6153 4702/4975/6175
f 4702/4975/6175 4691/4964/6153 4690/4963/6151
f 4692/4965/6155 4691/4964/6153 4704/4977/6177
f 4703/4976/6176 4704/4977/6177 4691/4964/6153
f 4705/4978/6178 4706/4979/6179 4707/4980/6180
f 4708/4981/6181 4707/4980/6180 4706/4979/6179
f 4705/4978/6178 4709/4982/6182 4706/4979/6179
f 4697/4970/6165 4698/4971/6167 4710/4983/6183
f 4698/4971/6167 4699/4972/6171 4709/4982/6182
f 4709/4982/6182 4711/4984/6184 4706/4979/6179
f 4699/4972/6171 4692/4965/6155 4704/4977/6177
f 4712/4985/6185 4702/4975/6175 4701/4974/6174
f 4712/4985/6185 4703/4976/6176 4702/4975/6175
f 4712/4985/6185 4713/4986/6186 4711/4984/6184
f 4701/4974/6174 4700/4973/6173 4712/4985/6185
f 4706/4979/6179 4711/4984/6184 4708/4981/6181
f 4711/4984/6184 4714/4987/6187 4708/4981/6181
f 4704/4977/6177 4703/4976/6176 4711/4984/6184
f 4709/4982/6182 4704/4977/6177 4711/4984/6184
f 4711/4984/6184 4713/4986/6186 4714/4987/6187
f 4700/4973/6173 4713/4986/6186 4712/4985/6185
f 4703/4976/6176 4712/4985/6185 4711/4984/6184
f 4704/4977/6177 4709/4982/6182 4699/4972/6171
f 4710/4983/6183 4698/4971/6167 4709/4982/6182
f 4693/4966/6158 4694/4967/6159 4707/4980/6180
f 4695/4968/6161 4696/4969/6163 4705/4978/6178
f 4707/4980/6180 4694/4967/6159 4705/4978/6178
f 4695/4968/6161 4705/4978/6178 4694/4967/6159
f 4697/4970/6165 4710/4983/6183 4696/4969/6163
f 4710/4983/6183 4705/4978/6178 4696/4969/6163
f 4710/4983/6183 4709/4982/6182 4705/4978/6178
f 4661/4934/6105 4657/4930/6101 4672/4945/6116
f 4658/4931/6102 4657/4930/6101 4661/4934/6105
f 4604/4877/6037 4603/4876/6036 4715/4988/6188
f 4606/4879/6039 4604/4877/6037 4715/4988/6188
f 4716/4989/6189 4606/4879/6039 4715/4988/6188
f 4717/4990/6190 4715/4988/6188 4603/4876/6036
f 4718/4991/6191 4719/4992/6192 4720/4993/6193
f 4721/4994/6194 4719/4992/6192 4722/4995/6195
f 4722/4995/6195 4719/4992/6192 4723/4996/6196
f 4718/4991/6191 4724/4997/6197 4723/4996/6196
f 4718/4991/6191 4723/4996/6196 4719/4992/6192
f 4720/4993/6193 4725/4998/6198 4726/4999/6199
f 4719/4992/6192 4725/4998/6198 4720/4993/6193
f 4726/4999/6199 4725/4998/6198 4727/5000/6200
f 4726/4999/6199 4727/5000/6200 4728/5001/6201
f 4728/5001/6201 4729/5002/6202 4730/5003/6203
f 4728/5001/6201 4727/5000/6200 4729/5002/6202
f 4730/5003/6203 4729/5002/6202 4731/5004/6204
f 4730/5003/6203 4731/5004/6204 4732/5005/6205
f 4732/5005/6205 4731/5004/6204 4733/5006/6206
f 4732/5005/6205 4733/5006/6206 4734/5007/6207
f 4734/5007/6207 4733/5006/6206 4735/5008/6208
f 4734/5007/6207 4735/5008/6208 4717/4990/6190
f 4717/4990/6190 4735/5008/6208 4715/4988/6188
f 4716/4989/6189 4715/4988/6188 4736/5009/6209
f 4736/5009/6209 4715/4988/6188 4735/5008/6208
f 4736/5009/6209 4735/5008/6208 4737/5010/6210
f 4737/5010/6210 4735/5008/6208 4733/5006/6206
f 4738/5011/6211 4737/5010/6210 4733/5006/6206
f 4739/5012/6212 4738/5011/6211 4733/5006/6206
f 4739/5012/6212 4733/5006/6206 4731/5004/6204
f 4740/5013/6213 4739/5012/6212 4731/5004/6204
f 4740/5013/6213 4731/5004/6204 4729/5002/6202
f 4740/5013/6213 4729/5002/6202 4741/5014/6214
f 4729/5002/6202 4727/5000/6200 4741/5014/6214
f 4741/5014/6214 4725/4998/6198 4742/5015/6215
f 4741/5014/6214 4727/5000/6200 4725/4998/6198
f 4742/5015/6215 4719/4992/6192 4721/4994/6194
f 4742/5015/6215 4725/4998/6198 4719/4992/6192
f 4606/4879/6068 4716/4989/6216 4743/5016/6217
f 4743/5016/6217 4635/4908/6070 4606/4879/6068
f 4743/5016/6217 4716/4989/6216 4744/5017/6218
f 4744/5017/6218 4716/4989/6216 4736/5009/6219
f 4744/5017/6218 4736/5009/6219 4737/5010/6220
f 4737/5010/6220 4745/5018/6221 4744/5017/6218
f 4745/5018/6221 4737/5010/6220 4738/5011/6222
f 4738/5011/6222 4746/5019/6223 4745/5018/6221
f 4746/5019/6223 4738/5011/6222 4739/5012/6224
f 4739/5012/6224 4747/5020/6225 4746/5019/6223
f 4747/5020/6225 4739/5012/6224 4740/5013/6226
f 4747/5020/6225 4740/5013/6226 4748/5021/6227
f 4748/5021/6227 4740/5013/6226 4741/5014/6228
f 4749/5022/6229 4748/5021/6227 4741/5014/6228
f 4749/5022/6229 4741/5014/6228 4742/5015/6230
f 4749/5022/6229 4742/5015/6230 4750/5023/6231
f 4751/5024/6232 4750/5023/6231 4721/4994/6233
f 4721/4994/6233 4750/5023/6231 4742/5015/6230
f 4752/5025/6234 4721/4994/6233 4722/4995/6235
f 4721/4994/6233 4752/5025/6234 4751/5024/6232
f 4646/4919/6090 4645/4918/6089 4753/5026/6236
f 4645/4918/6089 4648/4921/6092 4753/5026/6236
f 4648/4921/6092 4754/5027/6237 4753/5026/6236
f 4753/5026/6236 4755/5028/6238 4646/4919/6090
f 4756/5029/6239 4757/5030/6240 4758/5031/6241
f 4756/5029/6239 4759/5032/6242 4722/4995/6195
f 4756/5029/6239 4722/4995/6195 4723/4996/6196
f 4724/4997/6197 4757/5030/6240 4723/4996/6196
f 4723/4996/6196 4757/5030/6240 4756/5029/6239
f 4760/5033/6243 4758/5031/6241 4761/5034/6244
f 4760/5033/6243 4756/5029/6239 4758/5031/6241
f 4760/5033/6243 4761/5034/6244 4762/5035/6245
f 4762/5035/6245 4761/5034/6244 4763/5036/6246
f 4764/5037/6247 4763/5036/6246 4765/5038/6248
f 4766/5039/6249 4763/5036/6246 4764/5037/6247
f 4764/5037/6247 4765/5038/6248 4767/5040/6250
f 4767/5040/6250 4765/5038/6248 4768/5041/6251
f 4767/5040/6250 4768/5041/6251 4769/5042/6252
f 4769/5042/6252 4768/5041/6251 4770/5043/6253
f 4769/5042/6252 4770/5043/6253 4771/5044/6254
f 4771/5044/6254 4770/5043/6253 4755/5028/6238
f 4771/5044/6254 4755/5028/6238 4753/5026/6236
f 4753/5026/6236 4754/5027/6237 4772/5045/6255
f 4753/5026/6236 4772/5045/6255 4771/5044/6254
f 4771/5044/6254 4772/5045/6255 4773/5046/6256
f 4771/5044/6254 4773/5046/6256 4769/5042/6252
f 4773/5046/6256 4774/5047/6257 4769/5042/6252
f 4774/5047/6257 4775/5048/6258 4769/5042/6252
f 4769/5042/6252 4775/5048/6258 4767/5040/6250
f 4775/5048/6258 4776/5049/6259 4767/5040/6250
f 4767/5040/6250 4776/5049/6259 4764/5037/6247
f 4766/5039/6249 4776/5049/6259 4777/5050/6260
f 4766/5039/6249 4764/5037/6247 4776/5049/6259
f 4760/5033/6243 4777/5050/6260 4778/5051/6261
f 4762/5035/6245 4777/5050/6260 4760/5033/6243
f 4756/5029/6239 4778/5051/6261 4759/5032/6242
f 4760/5033/6243 4778/5051/6261 4756/5029/6239
f 4779/5052/6262 4754/5027/6263 4648/4921/6120
f 4648/4921/6120 4675/4948/6121 4779/5052/6262
f 4754/5027/6263 4779/5052/6262 4780/5053/6264
f 4754/5027/6263 4780/5053/6264 4772/5045/6265
f 4773/5046/6266 4772/5045/6265 4780/5053/6264
f 4780/5053/6264 4781/5054/6267 4773/5046/6266
f 4774/5047/6268 4773/5046/6266 4781/5054/6267
f 4781/5054/6267 4782/5055/6269 4774/5047/6268
f 4782/5055/6269 4783/5056/6270 4775/5048/6271
f 4775/5048/6271 4774/5047/6268 4782/5055/6269
f 4775/5048/6271 4783/5056/6270 4776/5049/6272
f 4776/5049/6272 4783/5056/6270 4784/5057/6273
f 4776/5049/6272 4784/5057/6273 4777/5050/6274
f 4784/5057/6273 4785/5058/6275 4777/5050/6274
f 4777/5050/6274 4785/5058/6275 4778/5051/6276
f 4778/5051/6276 4785/5058/6275 4786/5059/6277
f 4786/5059/6277 4787/5060/6278 4759/5032/6279
f 4786/5059/6277 4759/5032/6279 4778/5051/6276
f 4759/5032/6279 4752/5025/6234 4722/4995/6235
f 4752/5025/6234 4759/5032/6279 4787/5060/6278
f 4635/4908/6139 4743/5016/6280 4788/5061/6281
f 4788/5061/6281 4685/4958/6141 4635/4908/6139
f 4743/5016/6280 4744/5017/6282 4789/5062/6283
f 4789/5062/6283 4788/5061/6281 4743/5016/6280
f 4744/5017/6282 4745/5018/6284 4790/5063/6285
f 4790/5063/6285 4789/5062/6283 4744/5017/6282
f 4745/5018/6284 4746/5019/6286 4791/5064/6287
f 4791/5064/6287 4790/5063/6285 4745/5018/6284
f 4746/5019/6286 4747/5020/6288 4792/5065/6289
f 4792/5065/6289 4791/5064/6287 4746/5019/6286
f 4792/5065/6289 4748/5021/6290 4793/5066/6291
f 4748/5021/6290 4792/5065/6289 4747/5020/6288
f 4749/5022/6292 4793/5066/6291 4748/5021/6290
f 4793/5066/6291 4750/5023/6231 4794/5067/6293
f 4750/5023/6231 4793/5066/6291 4749/5022/6292
f 4751/5024/6232 4794/5067/6293 4750/5023/6231
f 4751/5024/6232 4752/5025/6294 4795/5068/6295
f 4795/5068/6295 4794/5067/6293 4751/5024/6232
f 4779/5052/6296 4675/4948/6156 4693/4966/6158
f 4693/4966/6158 4796/5069/6297 4779/5052/6296
f 4780/5053/6298 4779/5052/6296 4796/5069/6297
f 4796/5069/6297 4797/5070/6299 4780/5053/6298
f 4781/5054/6300 4780/5053/6298 4797/5070/6299
f 4797/5070/6299 4798/5071/6301 4781/5054/6300
f 4782/5055/6302 4781/5054/6300 4798/5071/6301
f 4798/5071/6301 4799/5072/6303 4782/5055/6302
f 4783/5056/6304 4782/5055/6302 4799/5072/6303
f 4799/5072/6303 4784/5057/6305 4783/5056/6304
f 4784/5057/6305 4799/5072/6303 4785/5058/6306
f 4800/5073/6307 4785/5058/6306 4799/5072/6303
f 4786/5059/6308 4785/5058/6306 4800/5073/6307
f 4800/5073/6307 4801/5074/6309 4787/5060/6310
f 4787/5060/6310 4786/5059/6308 4800/5073/6307
f 4752/5025/6294 4787/5060/6310 4801/5074/6309
f 4801/5074/6309 4795/5068/6295 4752/5025/6294
f 4685/4958/6141 4788/5061/6281 4700/4973/6173
f 4802/5075/6311 4700/4973/6173 4788/5061/6281
f 4788/5061/6281 4789/5062/6283 4802/5075/6311
f 4802/5075/6311 4790/5063/6285 4791/5064/6287
f 4790/5063/6285 4802/5075/6311 4789/5062/6283
f 4802/5075/6311 4791/5064/6287 4803/5076/6312
f 4791/5064/6287 4792/5065/6289 4803/5076/6312
f 4803/5076/6312 4792/5065/6289 4793/5066/6291
f 4794/5067/6293 4803/5076/6312 4793/5066/6291
f 4804/5077/6313 4803/5076/6312 4794/5067/6293
f 4794/5067/6293 4795/5068/6295 4805/5078/6314
f 4805/5078/6314 4804/5077/6313 4794/5067/6293
f 4806/5079/6315 4807/5080/6316 4707/4980/6180
f 4707/4980/6180 4708/4981/6181 4806/5079/6315
f 4808/5081/6317 4807/5080/6316 4806/5079/6315
f 4800/5073/6307 4799/5072/6303 4809/5082/6318
f 4801/5074/6309 4800/5073/6307 4808/5081/6317
f 4810/5083/6319 4808/5081/6317 4806/5079/6315
f 4795/5068/6295 4801/5074/6309 4805/5078/6314
f 4804/5077/6313 4811/5084/6320 4803/5076/6312
f 4811/5084/6320 4802/5075/6311 4803/5076/6312
f 4713/4986/6186 4811/5084/6320 4810/5083/6319
f 4700/4973/6173 4802/5075/6311 4811/5084/6320
f 4810/5083/6319 4806/5079/6315 4708/4981/6181
f 4714/4987/6187 4810/5083/6319 4708/4981/6181
f 4804/5077/6313 4805/5078/6314 4810/5083/6319
f 4805/5078/6314 4808/5081/6317 4810/5083/6319
f 4713/4986/6186 4810/5083/6319 4714/4987/6187
f 4713/4986/6186 4700/4973/6173 4811/5084/6320
f 4811/5084/6320 4804/5077/6313 4810/5083/6319
f 4808/5081/6317 4805/5078/6314 4801/5074/6309
f 4800/5073/6307 4809/5082/6318 4808/5081/6317
f 4796/5069/6297 4693/4966/6158 4707/4980/6180
f 4798/5071/6301 4797/5070/6299 4807/5080/6316
f 4796/5069/6297 4707/4980/6180 4807/5080/6316
f 4807/5080/6316 4797/5070/6299 4796/5069/6297
f 4809/5082/6318 4798/5071/6301 4807/5080/6316
f 4809/5082/6318 4799/5072/6303 4798/5071/6301
f 4808/5081/6317 4809/5082/6318 4807/5080/6316
f 4762/5035/6245 4766/5039/6249 4777/5050/6260
f 4762/5035/6245 4763/5036/6246 4766/5039/6249
f 4812/5085/6321 4813/5086/6322 4814/5087/6323
f 4814/5087/6323 4815/5088/6324 4812/5085/6321
f 4814/5087/6323 4816/5089/6325 4817/5090/6326
f 4817/5090/6326 4815/5088/6324 4814/5087/6323
f 4818/5091/6327 4817/5090/6326 4816/5089/6325
f 4816/5089/6325 4819/5092/6328 4818/5091/6327
f 4820/5093/6329 4821/5094/6330 4822/5095/6331
f 4822/5095/6331 4823/5096/6332 4820/5093/6329
f 4821/5094/6333 4824/5097/6334 4825/5098/6335
f 4825/5098/6335 4822/5095/6336 4821/5094/6333
f 4826/5099/6337 4827/5100/6338 4828/5101/6339
f 4828/5101/6339 4829/5102/6340 4826/5099/6337
f 4827/5100/6338 4830/5103/6341 4831/5104/6342
f 4831/5104/6342 4828/5101/6339 4827/5100/6338
f 4832/5105/6343 4826/5099/6337 4829/5102/6340
f 4829/5102/6340 4833/5106/6344 4832/5105/6343
f 4830/5103/6341 4834/5107/6345 4835/5108/6346
f 4835/5108/6346 4831/5104/6342 4830/5103/6341
f 4824/5097/6334 4832/5105/6343 4833/5106/6344
f 4833/5106/6344 4825/5098/6335 4824/5097/6334
f 4813/5086/6322 4812/5085/6321 4836/5109/6347
f 4836/5109/6347 4837/5110/6348 4813/5086/6322
f 4837/5110/6349 4836/5109/6350 4838/5111/6351
f 4838/5111/6351 4839/5112/6352 4837/5110/6349
f 4839/5112/6353 4838/5111/6354 4840/5113/6355
f 4840/5113/6355 4841/5114/6356 4839/5112/6353
f 4842/5115/6357 4813/5086/6322 4837/5110/6348
f 4837/5110/6348 4843/5116/6358 4842/5115/6357
f 4844/5117/6359 4845/5118/6360 4842/5115/6357
f 4842/5115/6357 4843/5116/6358 4844/5117/6359
f 4846/5119/6361 4847/5120/6362 4845/5118/6360
f 4845/5118/6360 4844/5117/6359 4846/5119/6361
f 4848/5121/6363 4849/5122/6364 4847/5120/6362
f 4847/5120/6362 4846/5119/6361 4848/5121/6363
f 4821/5094/6330 4820/5093/6329 4850/5123/6365
f 4850/5123/6365 4851/5124/6366 4821/5094/6330
f 4851/5124/6366 4850/5123/6365 4852/5125/6367
f 4852/5125/6367 4853/5126/6368 4851/5124/6366
f 4853/5126/6368 4852/5125/6367 4854/5127/6369
f 4854/5127/6369 4855/5128/6370 4853/5126/6368
f 4855/5128/6370 4854/5127/6369 4856/5129/6371
f 4856/5129/6371 4857/5130/6372 4855/5128/6370
f 4857/5130/6372 4856/5129/6371 4858/5131/6373
f 4858/5131/6373 4859/5132/6374 4857/5130/6372
f 4859/5132/6374 4858/5131/6373 4860/5133/6375
f 4860/5133/6375 4861/5134/6376 4859/5132/6374
f 4861/5134/6376 4860/5133/6375 4862/5135/6377
f 4862/5135/6377 4863/5136/6378 4861/5134/6376
f 4863/5136/6378 4862/5135/6377 4864/5137/6379
f 4864/5137/6379 4865/5138/6380 4863/5136/6378
f 4865/5138/6380 4864/5137/6379 4866/5139/6381
f 4866/5139/6381 4867/5140/6382 4865/5138/6380
f 4842/5115/6357 4868/5141/6383 4814/5087/6323
f 4814/5087/6323 4813/5086/6322 4842/5115/6357
f 4845/5118/6360 4869/5142/6384 4868/5141/6383
f 4868/5141/6383 4842/5115/6357 4845/5118/6360
f 4847/5120/6362 4870/5143/6385 4869/5142/6384
f 4869/5142/6384 4845/5118/6360 4847/5120/6362
f 4849/5122/6364 4870/5143/6385 4847/5120/6362
f 4868/5141/6383 4871/5144/6386 4816/5089/6325
f 4816/5089/6325 4814/5087/6323 4868/5141/6383
f 4868/5141/6383 4869/5142/6384 4872/5145/6387
f 4872/5145/6387 4871/5144/6386 4868/5141/6383
f 4870/5143/6385 4872/5145/6387 4869/5142/6384
f 4850/5123/6388 4873/5146/6389 4874/5147/6390
f 4874/5147/6390 4852/5125/6391 4850/5123/6388
f 4854/5127/6392 4875/5148/6393 4876/5149/6394
f 4876/5149/6394 4856/5129/6395 4854/5127/6392
f 4858/5131/6396 4877/5150/6397 4878/5151/6398
f 4878/5151/6398 4860/5133/6399 4858/5131/6396
f 4872/5145/6387 4870/5143/6385 4877/5150/6397
f 4820/5093/6400 4819/5092/6328 4873/5146/6389
f 4873/5146/6389 4850/5123/6388 4820/5093/6400
f 4852/5125/6391 4874/5147/6390 4875/5148/6393
f 4875/5148/6393 4854/5127/6392 4852/5125/6391
f 4856/5129/6395 4876/5149/6394 4877/5150/6397
f 4877/5150/6397 4858/5131/6396 4856/5129/6395
f 4816/5089/6325 4871/5144/6386 4873/5146/6389
f 4873/5146/6389 4819/5092/6328 4816/5089/6325
f 4871/5144/6386 4872/5145/6387 4874/5147/6390
f 4872/5145/6387 4875/5148/6393 4874/5147/6390
f 4876/5149/6394 4875/5148/6393 4872/5145/6387
f 4872/5145/6387 4877/5150/6397 4876/5149/6394
f 4874/5147/6390 4873/5146/6389 4871/5144/6386
f 4870/5143/6385 4849/5122/6364 4879/5152/6401
f 4862/5135/6402 4879/5152/6401 4880/5153/6403
f 4880/5153/6403 4864/5137/6404 4862/5135/6402
f 4860/5133/6399 4878/5151/6398 4879/5152/6401
f 4879/5152/6401 4862/5135/6402 4860/5133/6399
f 4870/5143/6385 4879/5152/6401 4878/5151/6398
f 4870/5143/6385 4878/5151/6398 4877/5150/6397
f 4881/5154/6405 4882/5155/6406 4883/5156/6407
f 4883/5156/6407 4884/5157/6408 4881/5154/6405
f 4885/5158/6409 4886/5159/6410 4887/5160/6411
f 4887/5160/6411 4888/5161/6412 4885/5158/6409
f 4889/5162/6413 4887/5160/6411 4886/5159/6410
f 4886/5159/6410 4890/5163/6414 4889/5162/6413
f 4888/5161/6412 4881/5154/6405 4884/5157/6408
f 4884/5157/6408 4885/5158/6409 4888/5161/6412
f 4891/5164/6415 4889/5162/6413 4890/5163/6414
f 4890/5163/6414 4892/5165/6416 4891/5164/6415
f 4882/5155/6406 4881/5154/6405 4832/5105/6343
f 4832/5105/6343 4824/5097/6334 4882/5155/6406
f 4827/5100/6338 4826/5099/6337 4888/5161/6412
f 4888/5161/6412 4887/5160/6411 4827/5100/6338
f 4891/5164/6415 4834/5107/6345 4830/5103/6341
f 4830/5103/6341 4889/5162/6413 4891/5164/6415
f 4882/5155/6406 4851/5124/6417 4853/5126/6418
f 4853/5126/6418 4883/5156/6407 4882/5155/6406
f 4824/5097/6334 4821/5094/6333 4851/5124/6417
f 4851/5124/6417 4882/5155/6406 4824/5097/6334
f 4826/5099/6337 4832/5105/6343 4881/5154/6405
f 4881/5154/6405 4888/5161/6412 4826/5099/6337
f 4887/5160/6411 4889/5162/6413 4830/5103/6341
f 4830/5103/6341 4827/5100/6338 4887/5160/6411
f 4892/5165/6416 4890/5163/6414 4893/5166/6419
f 4893/5166/6419 4894/5167/6420 4892/5165/6416
f 4894/5167/6420 4893/5166/6419 4895/5168/6421
f 4895/5168/6421 4896/5169/6422 4894/5167/6420
f 4896/5169/6422 4895/5168/6421 4897/5170/6423
f 4897/5170/6423 4898/5171/6424 4896/5169/6422
f 4857/5130/6425 4899/5172/6426 4900/5173/6427
f 4900/5173/6427 4855/5128/6428 4857/5130/6425
f 4899/5172/6426 4901/5174/6429 4902/5175/6430
f 4902/5175/6430 4900/5173/6427 4899/5172/6426
f 4900/5173/6427 4902/5175/6430 4884/5157/6408
f 4884/5157/6408 4883/5156/6407 4900/5173/6427
f 4855/5128/6428 4900/5173/6427 4883/5156/6407
f 4883/5156/6407 4853/5126/6418 4855/5128/6428
f 4898/5171/6424 4897/5170/6423 4903/5176/6431
f 4903/5176/6431 4904/5177/6432 4898/5171/6424
f 4904/5177/6432 4903/5176/6431 4905/5178/6433
f 4905/5178/6433 4906/5179/6434 4904/5177/6432
f 4893/5166/6419 4907/5180/6435 4908/5181/6436
f 4908/5181/6436 4895/5168/6421 4893/5166/6419
f 4897/5170/6423 4909/5182/6437 4910/5183/6438
f 4910/5183/6438 4903/5176/6431 4897/5170/6423
f 4907/5180/6435 4901/5174/6429 4911/5184/6439
f 4911/5184/6439 4908/5181/6436 4907/5180/6435
f 4901/5174/6429 4907/5180/6435 4912/5185/6440
f 4912/5185/6440 4913/5186/6441 4901/5174/6429
f 4886/5159/6410 4885/5158/6409 4913/5186/6441
f 4913/5186/6441 4912/5185/6440 4886/5159/6410
f 4890/5163/6414 4912/5185/6440 4907/5180/6435
f 4907/5180/6435 4893/5166/6419 4890/5163/6414
f 4886/5159/6410 4912/5185/6440 4890/5163/6414
f 4895/5168/6421 4908/5181/6436 4909/5182/6437
f 4909/5182/6437 4897/5170/6423 4895/5168/6421
f 4861/5134/6442 4914/5187/6443 4915/5188/6444
f 4915/5188/6444 4859/5132/6445 4861/5134/6442
f 4859/5132/6445 4915/5188/6444 4899/5172/6426
f 4899/5172/6426 4857/5130/6425 4859/5132/6445
f 4911/5184/6439 4915/5188/6444 4914/5187/6443
f 4914/5187/6443 4909/5182/6437 4911/5184/6439
f 4901/5174/6429 4899/5172/6426 4915/5188/6444
f 4915/5188/6444 4911/5184/6439 4901/5174/6429
f 4911/5184/6439 4909/5182/6437 4908/5181/6436
f 4885/5158/6409 4884/5157/6408 4902/5175/6430
f 4902/5175/6430 4913/5186/6441 4885/5158/6409
f 4916/5189/6446 4910/5183/6438 4909/5182/6437
f 4909/5182/6437 4914/5187/6443 4916/5189/6446
f 4914/5187/6443 4861/5134/6442 4863/5136/6447
f 4863/5136/6447 4916/5189/6446 4914/5187/6443
f 4917/5190/6448 4905/5178/6433 4910/5183/6438
f 4910/5183/6438 4916/5189/6446 4917/5190/6448
f 4910/5183/6438 4905/5178/6433 4903/5176/6431
f 4867/5140/6449 4918/5191/6450 4917/5190/6448
f 4917/5190/6448 4865/5138/6451 4867/5140/6449
f 4905/5178/6433 4917/5190/6448 4918/5191/6450
f 4918/5191/6450 4906/5179/6434 4905/5178/6433
f 4865/5138/6451 4917/5190/6448 4916/5189/6446
f 4916/5189/6446 4863/5136/6447 4865/5138/6451
f 4879/5152/6401 4849/5122/6364 4880/5153/6403
f 4864/5137/6404 4880/5153/6403 4919/5192/6452
f 4919/5192/6452 4866/5139/6453 4864/5137/6404
f 4849/5122/6364 4919/5192/6452 4880/5153/6403
f 4849/5122/6364 4848/5121/6363 4919/5192/6452
f 4902/5175/6430 4901/5174/6429 4913/5186/6441
f 4844/5117/6454 4843/5116/6455 4920/5193/6456
f 4920/5193/6456 4921/5194/6457 4844/5117/6454
f 4846/5119/6458 4922/5195/6459 4923/5196/6460
f 4923/5196/6460 4848/5121/6461 4846/5119/6458
f 4921/5194/6462 4920/5193/6463 4924/5197/6464
f 4924/5197/6464 4925/5198/6465 4921/5194/6462
f 4922/5195/6466 4926/5199/6467 4927/5200/6468
f 4927/5200/6468 4923/5196/6469 4922/5195/6466
f 4924/5197/6464 4920/5193/6463 4839/5112/6353
f 4839/5112/6353 4841/5114/6356 4924/5197/6464
f 4920/5193/6456 4843/5116/6455 4837/5110/6349
f 4837/5110/6349 4839/5112/6352 4920/5193/6456
f 4846/5119/6458 4844/5117/6454 4921/5194/6457
f 4921/5194/6457 4922/5195/6459 4846/5119/6458
f 4926/5199/6467 4922/5195/6466 4921/5194/6462
f 4921/5194/6462 4925/5198/6465 4926/5199/6467
f 4919/5192/6470 4928/5201/6471 4929/5202/6472
f 4929/5202/6472 4866/5139/6381 4919/5192/6470
f 4928/5201/6471 4919/5192/6470 4848/5121/6461
f 4848/5121/6461 4923/5196/6460 4928/5201/6471
f 4867/5140/6382 4866/5139/6381 4929/5202/6472
f 4928/5201/6473 4923/5196/6469 4927/5200/6468
f 4819/5092/6328 4820/5093/6400 4823/5096/6474
f 4823/5096/6474 4818/5091/6327 4819/5092/6328
f 4812/5085/6321 4815/5088/6324 4930/5203/6475
f 4930/5203/6475 4931/5204/6476 4812/5085/6321
f 4930/5203/6475 4815/5088/6324 4817/5090/6326
f 4817/5090/6326 4932/5205/6477 4930/5203/6475
f 4818/5091/6327 4933/5206/6478 4932/5205/6477
f 4932/5205/6477 4817/5090/6326 4818/5091/6327
f 4822/5095/6331 4934/5207/6479 4935/5208/6480
f 4935/5208/6480 4823/5096/6332 4822/5095/6331
f 4825/5098/6335 4936/5209/6481 4934/5207/6482
f 4934/5207/6482 4822/5095/6336 4825/5098/6335
f 4828/5101/6339 4937/5210/6483 4938/5211/6484
f 4938/5211/6484 4829/5102/6340 4828/5101/6339
f 4831/5104/6342 4939/5212/6485 4937/5210/6483
f 4937/5210/6483 4828/5101/6339 4831/5104/6342
f 4829/5102/6340 4938/5211/6484 4940/5213/6486
f 4940/5213/6486 4833/5106/6344 4829/5102/6340
f 4835/5108/6346 4941/5214/6487 4939/5212/6485
f 4939/5212/6485 4831/5104/6342 4835/5108/6346
f 4833/5106/6344 4940/5213/6486 4936/5209/6481
f 4936/5209/6481 4825/5098/6335 4833/5106/6344
f 4836/5109/6347 4812/5085/6321 4931/5204/6476
f 4931/5204/6476 4942/5215/6488 4836/5109/6347
f 4838/5111/6351 4836/5109/6350 4942/5215/6489
f 4942/5215/6489 4943/5216/6490 4838/5111/6351
f 4840/5113/6355 4838/5111/6354 4943/5216/6491
f 4943/5216/6491 4944/5217/6492 4840/5113/6355
f 4942/5215/6488 4931/5204/6476 4945/5218/6493
f 4945/5218/6493 4946/5219/6494 4942/5215/6488
f 4946/5219/6494 4945/5218/6493 4947/5220/6495
f 4947/5220/6495 4948/5221/6496 4946/5219/6494
f 4949/5222/6497 4948/5221/6496 4947/5220/6495
f 4947/5220/6495 4950/5223/6498 4949/5222/6497
f 4949/5222/6497 4950/5223/6498 4951/5224/6499
f 4951/5224/6499 4952/5225/6500 4949/5222/6497
f 4953/5226/6501 4935/5208/6480 4934/5207/6479
f 4934/5207/6479 4954/5227/6502 4953/5226/6501
f 4955/5228/6503 4953/5226/6501 4954/5227/6502
f 4954/5227/6502 4956/5229/6504 4955/5228/6503
f 4957/5230/6505 4955/5228/6503 4956/5229/6504
f 4956/5229/6504 4958/5231/6506 4957/5230/6505
f 4959/5232/6507 4957/5230/6505 4958/5231/6506
f 4958/5231/6506 4960/5233/6508 4959/5232/6507
f 4961/5234/6509 4959/5232/6507 4960/5233/6508
f 4960/5233/6508 4962/5235/6510 4961/5234/6509
f 4963/5236/6511 4961/5234/6509 4962/5235/6510
f 4962/5235/6510 4964/5237/6512 4963/5236/6511
f 4965/5238/6513 4963/5236/6511 4964/5237/6512
f 4964/5237/6512 4966/5239/6514 4965/5238/6513
f 4967/5240/6515 4965/5238/6513 4966/5239/6514
f 4966/5239/6514 4968/5241/6516 4967/5240/6515
f 4969/5242/6517 4967/5240/6515 4968/5241/6516
f 4968/5241/6516 4970/5243/6518 4969/5242/6517
f 4971/5244/6519 4945/5218/6493 4931/5204/6476
f 4931/5204/6476 4930/5203/6475 4971/5244/6519
f 4972/5245/6520 4947/5220/6495 4945/5218/6493
f 4945/5218/6493 4971/5244/6519 4972/5245/6520
f 4950/5223/6498 4947/5220/6495 4972/5245/6520
f 4972/5245/6520 4973/5246/6521 4950/5223/6498
f 4973/5246/6521 4974/5247/6522 4951/5224/6499
f 4971/5244/6519 4930/5203/6475 4932/5205/6477
f 4932/5205/6477 4975/5248/6523 4971/5244/6519
f 4976/5249/6524 4972/5245/6520 4971/5244/6519
f 4971/5244/6519 4975/5248/6523 4976/5249/6524
f 4976/5249/6524 4977/5250/6525 4973/5246/6521
f 4955/5228/6526 4978/5251/6527 4979/5252/6528
f 4979/5252/6528 4953/5226/6529 4955/5228/6526
f 4959/5232/6530 4980/5253/6531 4981/5254/6532
f 4981/5254/6532 4957/5230/6533 4959/5232/6530
f 4963/5236/6534 4982/5255/6535 4977/5250/6525
f 4977/5250/6525 4961/5234/6536 4963/5236/6534
f 4973/5246/6521 4972/5245/6520 4976/5249/6524
f 4935/5208/6537 4953/5226/6529 4979/5252/6528
f 4979/5252/6528 4933/5206/6478 4935/5208/6537
f 4957/5230/6533 4981/5254/6532 4978/5251/6527
f 4978/5251/6527 4955/5228/6526 4957/5230/6533
f 4961/5234/6536 4977/5250/6525 4980/5253/6531
f 4980/5253/6531 4959/5232/6530 4961/5234/6536
f 4979/5252/6528 4975/5248/6523 4932/5205/6477
f 4933/5206/6478 4979/5252/6528 4932/5205/6477
f 4981/5254/6532 4976/5249/6524 4975/5248/6523
f 4978/5251/6527 4981/5254/6532 4975/5248/6523
f 4977/5250/6525 4976/5249/6524 4980/5253/6531
f 4980/5253/6531 4976/5249/6524 4981/5254/6532
f 4979/5252/6528 4978/5251/6527 4975/5248/6523
f 4951/5224/6499 4950/5223/6498 4973/5246/6521
f 4974/5247/6522 4965/5238/6538 4967/5240/6539
f 4967/5240/6539 4983/5256/6540 4974/5247/6522
f 4965/5238/6538 4974/5247/6522 4982/5255/6535
f 4982/5255/6535 4963/5236/6534 4965/5238/6538
f 4974/5247/6522 4973/5246/6521 4982/5255/6535
f 4982/5255/6535 4973/5246/6521 4977/5250/6525
f 4984/5257/6541 4985/5258/6542 4986/5259/6543
f 4986/5259/6543 4987/5260/6544 4984/5257/6541
f 4988/5261/6545 4989/5262/6546 4990/5263/6547
f 4990/5263/6547 4991/5264/6548 4988/5261/6545
f 4989/5262/6546 4988/5261/6545 4992/5265/6549
f 4992/5265/6549 4993/5266/6550 4989/5262/6546
f 4987/5260/6544 4986/5259/6543 4991/5264/6548
f 4991/5264/6548 4990/5263/6547 4987/5260/6544
f 4993/5266/6550 4992/5265/6549 4994/5267/6551
f 4994/5267/6551 4995/5268/6552 4993/5266/6550
f 4940/5213/6486 4986/5259/6543 4985/5258/6542
f 4985/5258/6542 4936/5209/6481 4940/5213/6486
f 4991/5264/6548 4938/5211/6484 4937/5210/6483
f 4937/5210/6483 4988/5261/6545 4991/5264/6548
f 4941/5214/6487 4994/5267/6551 4992/5265/6549
f 4992/5265/6549 4939/5212/6485 4941/5214/6487
f 4956/5229/6553 4954/5227/6554 4985/5258/6542
f 4985/5258/6542 4984/5257/6541 4956/5229/6553
f 4954/5227/6554 4934/5207/6482 4936/5209/6481
f 4936/5209/6481 4985/5258/6542 4954/5227/6554
f 4986/5259/6543 4940/5213/6486 4938/5211/6484
f 4938/5211/6484 4991/5264/6548 4986/5259/6543
f 4939/5212/6485 4992/5265/6549 4988/5261/6545
f 4988/5261/6545 4937/5210/6483 4939/5212/6485
f 4996/5269/6555 4993/5266/6550 4995/5268/6552
f 4995/5268/6552 4997/5270/6556 4996/5269/6555
f 4998/5271/6557 4996/5269/6555 4997/5270/6556
f 4997/5270/6556 4999/5272/6558 4998/5271/6557
f 5000/5273/6559 4998/5271/6557 4999/5272/6558
f 4999/5272/6558 5001/5274/6560 5000/5273/6559
f 5002/5275/6561 5003/5276/6562 4960/5233/6563
f 4960/5233/6563 4958/5231/6564 5002/5275/6561
f 5004/5277/6565 5003/5276/6562 5002/5275/6561
f 4987/5260/6544 5004/5277/6565 5002/5275/6561
f 5002/5275/6561 4984/5257/6541 4987/5260/6544
f 4984/5257/6541 5002/5275/6561 4958/5231/6564
f 4958/5231/6564 4956/5229/6553 4984/5257/6541
f 5005/5278/6566 5000/5273/6559 5001/5274/6560
f 5001/5274/6560 5006/5279/6567 5005/5278/6566
f 5007/5280/6568 5005/5278/6566 5006/5279/6567
f 5006/5279/6567 5008/5281/6569 5007/5280/6568
f 5009/5282/6570 5010/5283/6571 4996/5269/6555
f 4996/5269/6555 4998/5271/6557 5009/5282/6570
f 5011/5284/6572 5012/5285/6573 5000/5273/6559
f 5000/5273/6559 5005/5278/6566 5011/5284/6572
f 5013/5286/6574 5014/5287/6575 5010/5283/6571
f 5010/5283/6571 5009/5282/6570 5013/5286/6574
f 5015/5288/6576 5010/5283/6571 5014/5287/6575
f 5014/5287/6575 5016/5289/6577 5015/5288/6576
f 5016/5289/6577 4990/5263/6547 4989/5262/6546
f 4989/5262/6546 5015/5288/6576 5016/5289/6577
f 5010/5283/6571 5015/5288/6576 4993/5266/6550
f 4993/5266/6550 4996/5269/6555 5010/5283/6571
f 5015/5288/6576 4989/5262/6546 4993/5266/6550
f 5012/5285/6573 5009/5282/6570 4998/5271/6557
f 4998/5271/6557 5000/5273/6559 5012/5285/6573
f 5017/5290/6578 5018/5291/6579 4964/5237/6580
f 4964/5237/6580 4962/5235/6581 5017/5290/6578
f 5003/5276/6562 5017/5290/6578 4962/5235/6581
f 4962/5235/6581 4960/5233/6563 5003/5276/6562
f 5018/5291/6579 5017/5290/6578 5013/5286/6574
f 5013/5286/6574 5012/5285/6573 5018/5291/6579
f 5017/5290/6578 5003/5276/6562 5014/5287/6575
f 5014/5287/6575 5013/5286/6574 5017/5290/6578
f 5012/5285/6573 5013/5286/6574 5009/5282/6570
f 5016/5289/6577 5014/5287/6575 5003/5276/6562
f 5003/5276/6562 5004/5277/6565 5016/5289/6577
f 5004/5277/6565 4987/5260/6544 4990/5263/6547
f 4990/5263/6547 5016/5289/6577 5004/5277/6565
f 5012/5285/6573 5011/5284/6572 5019/5292/6582
f 5019/5292/6582 5018/5291/6579 5012/5285/6573
f 4966/5239/6583 4964/5237/6580 5018/5291/6579
f 5018/5291/6579 5019/5292/6582 4966/5239/6583
f 5011/5284/6572 5007/5280/6568 5020/5293/6584
f 5020/5293/6584 5019/5292/6582 5011/5284/6572
f 5007/5280/6568 5011/5284/6572 5005/5278/6566
f 5020/5293/6584 5021/5294/6585 4970/5243/6586
f 4970/5243/6586 4968/5241/6587 5020/5293/6584
f 5021/5294/6585 5020/5293/6584 5007/5280/6568
f 5007/5280/6568 5008/5281/6569 5021/5294/6585
f 5019/5292/6582 5020/5293/6584 4968/5241/6587
f 4968/5241/6587 4966/5239/6583 5019/5292/6582
f 4951/5224/6499 4974/5247/6522 4983/5256/6540
f 4969/5242/6588 5022/5295/6589 4983/5256/6540
f 4983/5256/6540 4967/5240/6539 4969/5242/6588
f 5022/5295/6589 4951/5224/6499 4983/5256/6540
f 4952/5225/6500 4951/5224/6499 5022/5295/6589
f 5023/5296/6590 4946/5219/6591 4948/5221/6592
f 4948/5221/6592 5024/5297/6593 5023/5296/6590
f 5025/5298/6594 4949/5222/6595 4952/5225/6596
f 4952/5225/6596 5026/5299/6597 5025/5298/6594
f 5027/5300/6598 5023/5296/6599 5024/5297/6600
f 5024/5297/6600 5028/5301/6601 5027/5300/6598
f 5029/5302/6602 5025/5298/6603 5026/5299/6604
f 5026/5299/6604 5030/5303/6605 5029/5302/6602
f 4943/5216/6491 5023/5296/6599 5027/5300/6598
f 5027/5300/6598 4944/5217/6492 4943/5216/6491
f 4942/5215/6489 4946/5219/6591 5023/5296/6590
f 5023/5296/6590 4943/5216/6490 4942/5215/6489
f 5024/5297/6593 4948/5221/6592 4949/5222/6595
f 4949/5222/6595 5025/5298/6594 5024/5297/6593
f 5024/5297/6600 5025/5298/6603 5029/5302/6602
f 5029/5302/6602 5028/5301/6601 5024/5297/6600
f 5022/5295/6606 4969/5242/6517 5031/5304/6607
f 5031/5304/6607 5032/5305/6608 5022/5295/6606
f 5022/5295/6606 5032/5305/6608 5026/5299/6597
f 5026/5299/6597 4952/5225/6596 5022/5295/6606
f 4969/5242/6517 4970/5243/6518 5031/5304/6607
f 5026/5299/6604 5032/5305/6609 5030/5303/6605
f 4823/5096/6474 4935/5208/6537 4933/5206/6478
f 4933/5206/6478 4818/5091/6327 4823/5096/6474
